# .PCD v0.7 - Point Cloud Data file format
VERSION 0.7
FIELDS x y z
SIZE 4 4 4
TYPE F F F
COUNT 1 1 1
WIDTH 7671
HEIGHT 1
VIEWPOINT 0 0 0 1 0 0 0
POINTS 7671
DATA ascii
0.19494998 0.17923 0.70363998
0.22498 0.17859 0.70398998
0.22536999 0.17904 0.70292002
0.22463998 0.17904 0.70292002
-0.14001 0.14297 0.74673998
-0.13422 0.16583 0.71192998
-0.14018002 0.14466999 0.74353999
-0.14070001 0.14289001 0.74633998
-0.12972 0.16649 0.71156001
-0.13179001 0.17443 0.69902998
-0.11952 0.17452 0.69938999
-0.059784003 0.17734 0.69622999
-0.085313998 0.17209999 0.70434999
-0.059934005 0.17634 0.69797999
-0.10443 0.16438 0.71521997
-0.13093001 0.1769 0.69449002
-0.089205004 0.17699 0.69484001
-0.087044008 0.17699 0.69484001
-0.13603002 0.15909 0.72153997
-0.13260999 0.16364001 0.71521997
0.20809999 0.1761 0.70866001
0.20883998 0.1761 0.70866001
0.20830998 0.17711 0.70686001
0.22246 0.17904 0.70292002
-0.18528 -0.009543106 0.98280001
-0.18568 -0.012627006 0.98488998
-0.18502 -0.0085120052 0.98141003
-0.18555 -0.010577001 0.98418999
-0.097223006 0.16001 0.72228998
0.076958999 0.045524999 0.71228999
0.00013802201 0.019057997 0.69001001
0.00013801828 0.019773994 0.69001001
-0.19536999 -0.047674 1.0362999
-0.19363999 -0.039795004 1.0271
-0.19566 -0.049897 1.0378
-0.19436002 -0.042080998 1.0309
-0.19321001 -0.038644999 1.0247999
-0.18999001 -0.026505001 1.0077
-0.19407001 -0.040950999 1.0294
-0.19208002 -0.035248004 1.0188
-0.15446001 -0.038787998 1.0286
-0.18971002 -0.025423005 1.0063
-0.19492999 -0.044351004 1.034
-0.19507998 -0.045457006 1.0348001
-0.19464001 -0.043214001 1.0325
-0.18846002 -0.053525999 1.0457
-0.072276004 -0.046914004 1.0433
-0.15064001 -0.041042 1.0317
-0.14086002 0.14227 0.74713999
-0.14033002 0.14405 0.74434
-0.13477001 0.16355 0.71486002
0.19413 0.17914 0.70327997
0.20798999 0.17758 0.70578003
0.20767 0.17804 0.70471001
0.20984998 0.17885999 0.70221001
0.21276 0.17885999 0.70221001
0.22307 0.17895 0.70257002
0.2238 0.17895 0.70257002
0.20807999 0.17859 0.70115
0.2159 0.17832001 0.70292002
0.21908 0.1762 0.70613998
0.22308999 0.17174 0.71192998
0.22577 0.17061 0.71338999
0.22689998 0.17183 0.71228999
0.23049998 0.16672 0.71891999
0.22735998 0.1707 0.71375
-0.18371999 -0.004410103 0.97452998
-0.18463001 -0.0074784011 0.97934002
-0.18424001 -0.0064493045 0.97727001
-0.14139 0.13891999 0.74996001
-0.13884002 0.14787 0.73645002
-0.13906002 0.14734 0.73762
-0.14162001 0.13759001 0.75117999
-0.13259 0.17111 0.70327997
-0.13106 0.17635 0.69519001
-0.13126001 0.1759 0.69622999
-0.13161001 0.15918 0.72191
-0.1132 0.15538999 0.72873002
-0.13367 0.14359 0.74594003
0.31946 -0.056545004 1.0616
0.31505999 -0.056545004 1.0616
0.32080999 -0.055487007 1.0624
0.26532 -0.058702007 1.0608
0.17809001 0.17840999 0.70043999
0.17827 0.17787001 0.70115
0.17882 0.17840999 0.70043999
0.17972 0.17859 0.70115
0.18199998 0.17868 0.7015
0.17664 0.17840999 0.70043999
0.12126 0.052176997 0.74394
0.076958999 0.046264 0.71228999
0.18044999 0.17859 0.70115
0.18118 0.17859 0.70115
0.13527 0.058294997 0.75321001
0.22378001 0.17005 0.71411997
0.23073998 0.16615 0.71967
0.22599998 0.17005 0.71411997
-0.11301 0.17129 0.70398998
-0.097730003 0.17137 0.70434999
-0.11204001 0.17663001 0.69344997
-0.12864 0.17671999 0.69379997
-0.12432001 0.17671999 0.69379997
0.16445 0.058988996 0.88010001
0.17377999 0.068035997 0.86747003
0.13316 0.051656991 0.75897002
0.17648 0.068035997 0.86747003
0.059696995 0.015506998 0.95642
0.12378 0.033185996 0.92399001
0.12252 0.030473996 0.92892998
-0.19551998 -0.048785001 1.0371
-0.19521999 -0.046564005 1.0355
-0.17015001 -0.043246001 1.0332
-0.16207001 -0.051240996 1.0433
-0.13995001 0.14521 0.74234998
-0.14146 0.13822 0.75037003
-0.13602 0.13744 0.75037003
-0.13846999 0.14901 0.73449999
-0.13616002 0.13681 0.75117999
-0.13936001 0.14689 0.73918998
-0.13660002 0.15674999 0.72455001
-0.13753 0.15328 0.72948998
0.32167 -0.054343 1.0616
0.32142001 -0.053202003 1.0608
0.32277 -0.054343 1.0616
-0.1886 -0.054651007 1.0464
-0.087523006 -0.059620008 1.0576
0.26402 -0.056458995 1.0599999
0.1125 -0.060948998 1.0616
0.1934 0.17914 0.70327997
0.18417999 0.17868 0.7015
0.19277 0.17923 0.70363998
0.20745999 0.17868 0.7015
0.21735001 0.17904 0.70292002
0.21495 0.17885999 0.70221001
0.21651998 0.17895 0.70257002
0.21568 0.17885999 0.70221001
0.21193001 0.17877001 0.70186001
0.21991 0.1723 0.7112
0.22713 0.17127 0.71302003
-0.19292 -0.037527002 1.0233001
-0.19158 -0.036412001 1.0218
-0.14200002 0.1364 0.75321001
-0.14177001 0.13696 0.75199002
-0.14215001 0.13576999 0.75402999
-0.12837002 0.1759 0.69622999
-0.12926 0.1681 0.70902002
-0.14131001 0.13962001 0.74956
-0.14116001 0.14025 0.74874997
-0.14108002 0.14094999 0.74835002
-0.13253 0.16832 0.70686001
-0.059062004 0.17734 0.69622999
-0.12998 0.15976 0.72115999
-0.12922999 0.15976 0.72115999
-0.13617 0.15851 0.72228998
-0.17857 0.0026178956 0.95774001
-0.18571001 -0.017835006 0.99050999
-0.1816 -0.017835006 0.99050999
0.029153001 0.013399996 0.77679002
0.026691997 0.014985997 0.77548999
0.011103 0.01145 0.75444001
0.011879001 0.010661997 0.75402999
0.32301 -0.055487007 1.0624
0.32190999 -0.055487007 1.0624
-0.17714 0.013285995 0.93961
-0.17581001 0.014230996 0.93770999
0.0022960007 0.014119998 0.69344997
0.0044599026 0.014140993 0.69449002
-0.18398002 -0.056736007 1.0448999
-0.17534 -0.055319995 1.0386
0.12126 0.049090996 0.74394
0.20611 0.17554 0.70937997
0.20892 0.16327 0.72681999
0.20719001 0.16551 0.72341001
0.21851 0.1595 0.73373002
0.22281998 0.16692001 0.72303998
0.22990999 0.16852 0.71706998
0.22920001 0.17022 0.71486002
-0.11844001 0.17544 0.69727999
-0.11916 0.17544 0.69727999
-0.12655002 0.17681 0.69414997
-0.076803006 0.17663001 0.69344997
-0.078240998 0.17663001 0.69344997
-0.079679005 0.17663001 0.69344997
0.21706998 -0.0096248016 0.99120998
0.22213998 -0.012763001 0.99546999
0.24002999 -0.010668002 0.99263
0.23719999 -0.027894005 1.0203
0.11864 0.017264999 0.94408
0.12299 0.031310994 0.92522001
0.11555 0.019196998 0.94278997
0.12415 0.024826996 0.93392003
0.11579 0.017276999 0.94471997
0.076452002 0.012514994 0.95511001
0.11727 0.023059998 0.94088
0.061850995 0.014555998 0.95906001
0.12421 0.038473997 0.91306001
0.072391003 0.013486996 0.95380002
0.12725 0.012445994 0.94988
0.13929 0.0046392977 0.96506
0.13342001 -0.0064720064 0.98071998
0.12498 0.0095434934 0.95511001
0.1241 0.042841997 0.90533
0.1248 0.043695997 0.90355998
0.076591998 0.010166995 0.77591997
0.30884999 -0.056416005 1.0592
0.31702 -0.056501999 1.0608
0.33250999 -0.040181004 1.0371
0.16466001 0.058149997 0.88121998
0.09186399 0.016456999 0.76905
0.16486999 0.057308998 0.88234001
0.089670002 0.014894996 0.77076
0.17487 0.064842992 0.87291002
0.17631 0.059900995 0.88010001
0.19415998 0.071189992 0.86207998
0.21122998 0.076827995 0.85518998
0.19182998 0.069532 0.86369002
-0.13843 0.13751 0.75076997
-0.13980001 0.14582001 0.74155998
-0.13491002 0.16298001 0.71559
-0.13666999 0.15607999 0.72491997
-0.13598999 0.15541001 0.72530001
-0.18714002 -0.018902004 0.99263
-0.18808001 -0.021066003 0.99761999
-0.18889001 -0.023235001 1.0019
0.30625001 -0.056545004 1.0616
0.29832 -0.055401996 1.0608
0.29370001 -0.055360004 1.0599999
0.043482997 -0.044750005 1.0433
-0.075296007 -0.044615999 1.0402
0.043353003 -0.042459004 1.0402
-0.025697999 -0.044650003 1.041
-0.017012 -0.042364001 1.0378
-0.0038825981 -0.0054705068 0.9835
-0.0040699057 -0.037804998 1.0309
0.19193998 0.17914 0.70327997
0.18728 0.17885999 0.70221001
0.18801001 0.17885999 0.70221001
0.18965998 0.17904 0.70292002
0.18882999 0.17895 0.70257002
0.18654999 0.17885999 0.70221001
0.2112 0.17877001 0.70186001
0.21046999 0.17877001 0.70186001
0.21421999 0.17885999 0.70221001
0.20683998 0.17877001 0.70186001
0.20901999 0.17877001 0.70186001
0.21954 0.17904 0.70292002
0.21880999 0.17904 0.70292002
0.22172999 0.17904 0.70292002
0.22099999 0.17904 0.70292002
0.22026998 0.17904 0.70292002
0.22059 0.17061 0.71338999
0.22132999 0.17061 0.71338999
0.027908998 0.17511 0.70471001
-0.057778001 0.11964999 0.78691
-0.1925 -0.036385 1.0211
-0.12915 0.13681 0.75117999
-0.13368002 0.13744 0.75037003
-0.12901002 0.13744 0.75037003
-0.14301002 0.13343 0.75856
-0.14324 0.13287 0.75980002
-0.11964 0.17397 0.70008999
-0.12152001 0.17498 0.69832999
-0.14093 0.14157 0.74754
-0.13319001 0.16897 0.70649999
-0.13456002 0.16404 0.71375
-0.12943 0.17681 0.69414997
-0.13014001 0.17681 0.69414997
-0.13375002 0.16395999 0.71338999
-0.12985 0.16592 0.71228999
-0.17818001 -0.0023690015 0.96640003
-0.18442002 -0.016784005 0.98909998
-0.15736002 -0.0033759028 0.96774
-0.17401001 -0.054161996 1.0371
-0.14668 -0.052928001 1.034
0.034889001 0.010206997 0.77897
0.037992999 0.0077573955 0.77635998
0.037229002 0.0085720941 0.77723002
-0.18657002 -0.056864008 1.0472
-0.15717 -0.042144001 1.0325
0.0015706047 0.019792996 0.69069999
-0.097324006 0.15943 0.72303998
-0.095767997 0.14781 0.73997998
-0.10027001 0.14842001 0.73918998
-0.16903001 0.042427998 0.89657003
-0.16914001 0.041524991 0.89714998
-0.16957 0.039767001 0.89946997
-0.16935 0.040646996 0.89831001
-0.18270001 -0.002375707 0.96908998
-0.18621001 -0.015736006 0.98768997
-0.18232 -0.0013679042 0.96706998
-0.18767002 -0.019989006 0.99546999
-0.11096 0.012428999 0.94858998
-0.090429001 0.012445994 0.94988
-0.10818001 0.017217997 0.94151998
-0.11513 0.011468999 0.95052999
-0.16219002 -0.011606 0.98488998
-0.16196001 -0.010570005 0.9835
0.2676 -0.058478996 1.0568
0.24458998 -0.059575006 1.0568
0.26732999 -0.021249004 1.0063
0.25178 -0.026698999 1.0151
0.22553998 0.17117999 0.71266001
0.22667 0.17239 0.71156001
0.22617 0.17749 0.70542002
0.2256 0.1785 0.70363998
0.085528001 0.039422996 0.72228998
0.13463999 0.056793995 0.75402999
0.13406999 0.055319995 0.75525999
0.13350999 0.053842001 0.75648999
0.12146 0.055350997 0.74514002
0.20943999 0.16551 0.72341001
0.22149998 0.16799 0.72115999
0.22645 0.12983 0.77941
0.22321999 0.12983 0.77941
0.22975999 0.13378 0.77419001
0.23056 0.13378 0.77419001
0.23686001 0.15497001 0.74115998
0.17900001 0.17787001 0.70115
0.2033 0.17885999 0.70221001
0.20464998 0.17877001 0.70186001
0.19828999 0.17053001 0.71302003
0.17745 0.1785 0.7008
0.176 0.1785 0.7008
0.21487999 0.088711001 0.84171999
0.23422 0.10047999 0.82375997
0.24932998 0.099868 0.82572001
0.21028998 0.11598 0.80097002
0.22523999 0.17479999 0.70937997
0.22663 0.17637999 0.70686001
0.22639999 0.17693 0.70613998
-0.10567 0.17681 0.69414997
-0.11719001 0.17681 0.69414997
-0.11422 0.17489 0.69797999
-0.11826 0.1759 0.69622999
-0.10994 0.17671999 0.69379997
-0.11137 0.17671999 0.69379997
-0.078960009 0.17663001 0.69344997
-0.097656004 0.17663001 0.69344997
-0.0027403012 0.032848999 0.69414997
-0.079000004 0.176 0.69379997
-0.1077 0.12053 0.78204
-0.09757001 -0.0074996054 0.98211002
-0.10858 0.0036284998 0.96237999
0.12451 0.041098997 0.90829003
0.15648 -0.0054435059 0.97864997
0.16949999 0.054876998 0.88740999
0.18133998 0.055761993 0.88683999
0.18709999 0.054911993 0.88796997
0.090943009 0.0066177994 0.96171999
0.11889 0.015337996 0.94599998
0.27695999 -0.019107006 1.0034
0.30208001 -0.025627002 1.0144
0.21737999 0.059900995 0.88010001
0.22694001 0.059100993 0.88178003
0.18901998 0.057417996 0.88401997
0.19218999 0.068764001 0.8653
0.25968 0.077618994 0.85413998
0.26703 0.085426003 0.84376001
0.26089001 0.076827995 0.85518998
0.0019495003 0.071683995 0.85729998
0.0010597967 0.07252799 0.85676998
0.11041 0.084550999 0.84376001
0.0019470006 0.072483003 0.85623997
0.036807001 -0.0054551065 0.98071998
0.039567001 -0.015917003 0.99905002
0.046089996 -0.0064903051 0.9835
0.025601998 -0.0054512024 0.98003
-0.0018430017 -0.0054705068 0.9835
0.071451001 0.012505993 0.95445001
-0.19008002 -0.042080998 1.0309
-0.18979999 -0.040950999 1.0294
-0.13593 0.14726999 0.73723
-0.13868999 0.14848 0.73566997
-0.13824999 0.15029 0.73334002
-0.13958001 0.14636 0.74036998
-0.13479 0.16001 0.71891999
-0.13833001 0.14961 0.73373002
-0.13663 0.15312 0.72873002
-0.13771001 0.14901 0.73449999
-0.13547 0.16067 0.71855003
-0.13523 0.15541001 0.72530001
-0.12771001 0.15541001 0.72530001
0.23266998 0.16377001 0.72567999
0.22733 0.17472 0.70902002
0.22872999 0.17135 0.71338999
0.22806999 0.16617 0.72303998
0.22755998 0.17416 0.70973998
0.22955 0.16974001 0.71596003
0.22779 0.1736 0.71047002
0.32653999 -0.040241003 1.0386
0.32545999 -0.040241003 1.0386
0.32927999 -0.039106004 1.0371
0.31729999 -0.046005003 1.0472
0.31839001 -0.046005003 1.0472
-0.089791007 -0.040031999 1.0332
-0.089658 -0.038903005 1.0317
0.30382001 -0.056501999 1.0608
0.11558 -0.048286006 1.0496
0.23453999 -0.052958995 1.056
0.21548998 -0.058613002 1.0592
0.041257001 -0.043603003 1.0417
-0.025737002 -0.045798004 1.0425
0.044665996 -0.047020003 1.0457
0.11123 -0.048286006 1.0496
-0.086193003 -0.036654003 1.0286
0.12524 0.0026581958 0.97248
0.081910998 0.011595994 0.96104997
0.11071999 -0.044817001 1.0448999
0.091412 -0.037946001 1.0348001
0.18344998 0.17868 0.7015
0.21348998 0.17885999 0.70221001
0.21807998 0.17904 0.70292002
0.22059998 0.17859 0.70398998
0.21792001 0.17174 0.71192998
0.21695998 0.1723 0.7112
0.22281 0.17061 0.71338999
0.22354999 0.17061 0.71338999
0.22088 0.17174 0.71192998
0.0065626986 0.13188 0.77247
-0.058495 0.023698997 0.92769003
-0.13539001 0.13681 0.75117999
-0.14254001 0.13457 0.75607997
-0.13524002 0.13744 0.75037003
-0.12079 0.17498 0.69832999
-0.12133 0.17544 0.69727999
-0.13353002 0.16793001 0.70829999
-0.13339999 0.16848999 0.70757997
-0.13192001 0.17120001 0.70363998
-0.12881002 0.17094 0.70257002
-0.1245 0.17030001 0.70292002
-0.12438 0.17084999 0.70221001
-0.13644999 0.15734001 0.72378999
-0.11382001 0.14734 0.73762
-0.09774401 0.15073 0.73180002
-0.10875001 0.1462 0.73957998
-0.087613009 0.17452 0.69938999
-0.099243008 0.1769 0.69449002
-0.12864 0.15061 0.73488998
-0.11332 0.1548 0.72948998
-0.12830001 0.15173 0.73294997
-0.13378 0.14666 0.73800999
-0.18006 -0.023169003 0.99905002
-0.19096002 -0.031892002 1.0129
-0.18990999 -0.031892002 1.0129
-0.17851999 -0.017835006 0.99050999
-0.061080001 -0.012627006 0.98488998
-0.026838005 -0.057732999 1.0433
-0.072475009 -0.023219004 1.0012
0.077353999 0.010160998 0.77548999
0.12918 0.027564995 0.92830998
0.12899999 0.028489996 0.92707002
0.1339 0.027546998 0.92769003
0.12331 0.012445994 0.94988
0.020989995 0.0085530952 0.95511001
0.011002 0.012420997 0.94793999
-0.18818 -0.052363008 1.0441
-0.18535 -0.056821004 1.0464
-0.084978007 0.15249 0.73294997
0.0044554025 0.017005 0.69379997
-0.0020194985 0.032831997 0.69379997
-0.020777002 0.17715999 0.69554001
-0.020056002 0.17715999 0.69554001
0.0037285015 0.032048997 0.69242001
-0.048856005 0.17699 0.69484001
0.067322001 0.052145995 0.71192998
-0.0034652986 0.029293999 0.69519001
-0.17956001 -0.00036356598 0.96305001
-0.17994002 -0.001365006 0.96506
-0.18647 -0.016784005 0.98909998
-0.11111001 0.017217997 0.94151998
-0.17666 0.015193991 0.93707001
-0.17557001 0.015183002 0.93643999
0.017286994 0.010621995 0.75117999
0.0037396997 0.014140993 0.69449002
0.018794 0.011369996 0.74914998
0.31237999 -0.056458995 1.0599999
0.12126 0.051404998 0.74394
0.12126 0.050633997 0.74394
0.12126 0.049862001 0.74394
0.22428998 0.17061 0.71338999
0.22582999 0.17794999 0.70434999
0.084647 0.040109999 0.72115999
0.077037998 0.044832997 0.71302003
0.067357004 0.052910995 0.71228999
0.060063004 0.057430997 0.71338999
0.17527001 0.1785 0.7008
0.22224998 0.16799 0.72115999
0.18125999 0.14725 0.75281
0.18572998 0.17877001 0.70186001
0.20392001 0.17877001 0.70186001
0.082532004 0.057399001 0.72228998
0.082575008 0.058177993 0.72266001
0.085616998 0.052209999 0.72303998
0.206 0.17868 0.7015
0.14590999 0.0036537945 0.96908998
0.14642 0.0016496927 0.97248
0.14359 0.00064219534 0.97385001
0.27647001 -0.032388002 1.0286
0.26879999 -0.032364003 1.0279
0.27478999 -0.031252004 1.0264
0.27814999 -0.033528998 1.0309
0.25461 0.11828 0.79409999
0.25533 0.11695999 0.79637998
0.27035999 0.086249001 0.84324998
0.26890001 0.089258999 0.83867002
0.27068999 0.085478 0.84428
0.31940001 -0.010706 0.99619001
0.32563999 -0.029102005 1.0256
0.31801999 -0.011764005 0.99833
0.31986001 -0.011756003 0.99761999
0.21862999 0.15079001 0.74713999
0.23725998 0.11112 0.80795002
0.21897 0.070514992 0.86477
0.21774998 0.073688991 0.85995001
0.21478 0.076828003 0.85518998
0.24094 0.072173998 0.86316001
0.22593999 0.061570995 0.87787998
0.082309 0.002639696 0.96573001
0.088134006 0.0046328977 0.96372002
0.079801001 -0.0064949021 0.98418999
0.076577 -0.0054628029 0.98211002
-0.11439001 0.17443 0.69902998
-0.11791001 0.17681 0.69414997
-0.11863 0.17681 0.69414997
-0.063987002 0.17699 0.69484001
-0.065396003 0.1769 0.69449002
-0.049577005 0.17699 0.69484001
-0.064675003 0.1769 0.69449002
-0.071769007 0.17663001 0.69344997
-0.10212 0.1769 0.69449002
-0.11497001 0.17671999 0.69379997
-0.11425 0.17671999 0.69379997
-0.1106 0.17663001 0.69344997
-0.10634 0.17671999 0.69379997
-0.041714005 0.17725 0.69588
-0.044578001 0.17715999 0.69554001
-0.043857001 0.17715999 0.69554001
-0.045997001 0.17707001 0.69519001
0.13093001 0.049157999 0.90063
0.12642001 0.047350995 0.90179998
0.0010585003 0.073325999 0.85571003
-0.074720003 0.17681 0.69414997
-0.082996003 0.17257001 0.70327997
-0.14003 0.0026214942 0.95906001
-0.15334001 -0.0033759028 0.96774
-0.13705 0.0026214942 0.95906001
-0.11775 0.0055856928 0.95576
-0.12237 0.0075470954 0.95314002
-0.11397 0.17016999 0.70542002
0.31329 -0.050577 1.052
0.23762 -0.012763001 0.99546999
0.23668 -0.026776999 1.0181
0.21599001 -0.015940003 1.0005
0.21768999 -0.011714004 0.99405003
0.094539002 0.010562994 0.95774001
0.088317998 0.002639696 0.96573001
0.091132 0.0046328977 0.96372002
0.12935001 0.026638001 0.92954999
0.12952 0.025708999 0.93080002
0.12970001 0.024776999 0.93204999
0.13418999 0.021980997 0.93643999
0.13322 0.021981001 0.93643999
0.13031 0.021981001 0.93643999
0.17242999 -0.0054666027 0.98280001
0.16967 -0.0034139007 0.97864997
0.14934 0.0016485974 0.97180003
0.17146 -0.0023957044 0.97727001
0.18248001 -0.00036867708 0.97658002
0.16926999 0.041930996 0.90592003
0.17365 0.056572996 0.88515002
0.18801999 0.054911997 0.88796997
0.19145998 0.055762 0.88683999
0.084311999 0.002639696 0.96573001
0.085313998 0.002639696 0.96573001
0.24807 0.064138994 0.87566
0.25150001 0.066569991 0.87181997
0.25421 0.066569991 0.87181997
0.26633 0.061647996 0.87898999
0.24884999 0.062519997 0.87843001
0.23319 0.059976995 0.88121998
0.24904999 0.049061991 0.89889002
0.25874999 0.11099999 0.80700999
0.26600999 0.096042991 0.82966
0.25830001 0.11163999 0.80561
0.2234 0.041098997 0.90829003
0.24181998 0.022054996 0.93961
0.24831 0.022998001 0.93834001
0.23953998 0.0095697939 0.95774001
0.08732 0.013303995 0.77118999
0.29550999 0.013467997 0.95248997
0.30331001 0.010569997 0.95840001
0.29166001 0.029470999 0.92769003
0.29701999 0.019236002 0.94471997
0.26039001 0.010562994 0.95774001
0.27526 -0.0013794005 0.97521001
0.088169001 0.014110997 0.77161998
0.28859001 0.029450998 0.92707002
0.29012999 0.028546993 0.92892998
0.18627 0.057417996 0.88401997
0.17654 0.059062995 0.88121998
0.18717998 0.057418 0.88401997
0.24563998 0.048192993 0.90004998
0.24471 0.048192997 0.90004998
0.27241999 0.030432995 0.92769003
0.27347001 0.025812995 0.93454999
0.27056 0.025812998 0.93454999
0.27131999 0.010562994 0.95774001
0.23306 0.049030997 0.89831001
0.20995 0.059862994 0.87954003
0.22101 0.098600999 0.82230002
0.21875998 0.095700003 0.82669997
0.21871001 0.097864002 0.82327002
0.11028 0.085322998 0.84274
0.23883 -0.0075422004 0.98768997
0.23187 -0.0054744035 0.98418999
0.23218998 -0.0065042004 0.98558998
0.27102 0.084706001 0.84530002
-0.0028627962 -0.0054705068 0.9835
0.0044007003 -0.025571004 1.0121
0.0080150999 0.016274992 0.94343001
-0.004466299 0.043329991 0.89599001
0.028973 0.0085707977 0.95708001
0.028952999 0.009556599 0.95642
0.053587999 0.011848994 0.78072
0.026988 0.0095632002 0.95708001
0.02798 0.0095632002 0.95708001
0.0080042966 0.018207002 0.94216001
-0.19385999 -0.044351004 1.034
-0.18461999 -0.046599001 1.0362999
-0.13639 0.13625 0.75239998
-0.13561001 0.13624999 0.75239998
-0.13306001 0.16953 0.70578003
-0.13279 0.17064001 0.70434999
-0.13811001 0.15088999 0.73256999
-0.13717002 0.15439001 0.72758001
-0.13429001 0.16518 0.71228999
-0.13582 0.15959001 0.72040999
-0.1893 -0.024327002 1.0041
-0.19012001 -0.027570002 1.0085
-0.19068 -0.030797005 1.0114
-0.18963 -0.030797005 1.0114
-0.19165 -0.034116998 1.0166
0.22496 0.16684 0.72266001
0.22825998 0.17248 0.71192998
0.30083999 -0.048322007 1.0504
0.29919001 -0.054260999 1.0599999
0.11232 -0.048286006 1.0496
0.19205999 -0.050539002 1.0512
-0.058564 -0.054816008 1.0496
0.045510001 -0.042459004 1.0402
0.045647003 -0.044750005 1.0433
-0.087259002 -0.036654003 1.0286
0.13979 -0.024522007 1.0121
0.13026001 -0.019107006 1.0034
0.13774 -0.020176999 1.0048
0.14357001 -0.026738003 1.0166
0.14326 -0.025627002 1.0144
0.044431999 -0.042459004 1.0402
0.19681001 -0.042523004 1.0417
0.21825001 -0.041411005 1.041
0.22632 -0.042585999 1.0433
0.19385999 -0.043668002 1.0433
0.18851998 0.17105 0.71521997
0.19295999 0.17868 0.70434999
0.18272999 0.17868 0.7015
0.22205999 0.17859 0.70398998
0.22051001 0.16293 0.72530001
0.20905 0.17554 0.70937997
0.22257999 0.17117999 0.71266001
0.22013998 0.17174 0.71192998
0.2211 0.17117999 0.71266001
-0.025256 0.17606001 0.69973999
-0.07147 0.011421993 0.94665003
-0.051522002 0.0036159977 0.95906001
-0.060446002 0.042564996 0.89946997
-0.061014004 0.027383 0.92215002
-0.15276 0.10137 0.81031001
-0.13923001 0.14297 0.74673998
-0.13938001 0.14235 0.74754
-0.13381001 0.14297 0.74673998
-0.13613001 0.14297 0.74673998
-0.12799001 0.17681 0.69414997
-0.11934001 0.17498 0.69832999
-0.13106 0.17103 0.70292002
-0.13028002 0.17626999 0.69484001
-0.13219002 0.17278001 0.70115
-0.12361 0.17671999 0.69379997
-0.12295001 0.17681 0.69414997
-0.10076001 0.14956 0.73723
-0.13287002 0.14726999 0.73723
-0.12408001 0.15482 0.72605997
-0.13273001 0.14787 0.73645002
-0.12473 0.15261 0.72987002
-0.12276001 0.14644 0.74076998
-0.16677999 0.039766997 0.89946997
-0.17054 0.019903999 0.93017
-0.17127001 0.020841002 0.92892998
-0.17270002 0.018964998 0.93142003
-0.1751 0.017078996 0.93392003
-0.11096 0.020910997 0.93204999
-0.097114004 0.016186997 0.93834001
-0.12087 0.019015998 0.93392003
-0.12006 0.022736996 0.92769003
-0.14296001 0.022706997 0.92645001
-0.11990001 0.023668002 0.92645001
-0.13203001 0.030091997 0.91728002
-0.16202 -0.034092002 1.0158
-0.17544001 -0.017835006 0.99050999
-0.040171005 -0.0054130033 0.97316003
-0.019568004 -0.024309002 1.0034
-0.059164003 -0.013678007 0.98698997
0.16265 0.028489999 0.92707002
0.15193 0.018244002 0.94408
0.15214001 0.017288998 0.94536
0.12827 0.040156998 0.90829003
0.12921999 0.040156998 0.90829003
0.12630001 -0.0064720064 0.98071998
0.1243 0.012445994 0.94988
-0.16709 0.051130995 0.88628
-0.18735 -0.024345003 1.0048
-0.14111 -0.049638003 1.0325
-0.10741001 -0.048821002 1.0378
-0.079023011 0.15197 0.73411
-0.07910601 0.15137 0.73488998
0.0015713982 0.018369999 0.69103998
0.004457701 0.015574001 0.69414997
-0.020066001 0.17653 0.69588
0.00013871118 0.033535 0.69344997
-0.10103 0.14842001 0.73918998
-0.13383001 0.13681 0.75117999
-0.14851999 0.11325 0.78780001
-0.14835 0.11393999 0.78691
0.00085736439 0.015549995 0.69310999
-0.16816002 0.047759999 0.89196002
-0.17068002 0.037209995 0.90533
-0.17293 0.018024001 0.93267
0.23947001 -0.057470009 1.0584
0.26637 -0.019092999 1.0027
0.26532999 -0.019092999 1.0027
0.25474 -0.010637 0.98979998
-0.10144001 0.15474001 0.72567999
-0.11520001 0.15149 0.73180002
-0.18545002 -0.016784005 0.98909998
-0.18594 -0.013668001 0.98628998
-0.18674001 -0.017835006 0.99050999
-0.1769 0.014240995 0.93834001
-0.086002 -0.035509005 1.0264
-0.027961999 -0.057819009 1.0448999
0.01867 -0.057950005 1.0472
-0.085135005 -0.060578004 1.0552
0.26671001 -0.058522999 1.0576
0.26581001 -0.058568001 1.0584
0.31371999 -0.056501999 1.0608
0.26469001 -0.024522007 1.0121
0.26249999 -0.026718006 1.0158
0.22406 0.17117999 0.71266001
0.22503 0.17061 0.71338999
0.22551 0.17518 0.70793998
0.11221 0.17761 0.69727999
0.15584999 0.16741 0.72191
0.059971005 0.17631 0.70363998
0.11201 0.17342 0.70973998
0.12285 0.16658001 0.72153997
0.14308 0.14499 0.75321001
0.12161 0.10487999 0.82473999
0.15767001 0.14632 0.75199002
0.2638 0.10207 0.82278001
0.26177999 0.084238991 0.84943998
0.19340998 0.064382993 0.87898999
0.17852999 0.079537995 0.85571003
0.16446 0.098096997 0.82523
0.16426 0.11215 0.80328
0.16703001 0.098096989 0.82523
0.22154999 0.1595 0.73373002
0.23225001 0.16227999 0.72911
0.22079 0.1595 0.73373002
0.25220001 0.12326999 0.78913999
0.23284 0.15790001 0.73334002
0.22979999 0.15790001 0.73334002
0.23109999 0.16565999 0.72079003
0.185 0.17877001 0.70186001
0.20528001 0.17868 0.7015
0.20104998 0.17109001 0.71228999
0.18186998 0.16192999 0.72417003
0.20675001 0.16931 0.71411997
0.27309 -0.024522007 1.0121
0.14379001 -0.00036815554 0.97521001
0.13792001 -0.0013813004 0.97658002
0.26471001 -0.027894005 1.0203
0.32786 -0.029016003 1.0226001
0.32714 -0.027894005 1.0203
0.32124001 -0.014924005 1.0019
0.32883 -0.031229004 1.0256
0.32078001 -0.013865001 1.0005
0.23192 0.1424 0.76021999
0.22948 0.1362 0.76524001
0.22134998 0.12413 0.78424001
0.21412 0.1054 0.81554002
0.22843999 0.080765001 0.84996003
0.22922999 0.083053999 0.84632999
0.24006 0.11040999 0.80888999
0.24089 0.11040999 0.80888999
0.25224 0.10977 0.81031001
0.23949999 0.11398999 0.79866999
0.22733998 0.10783999 0.80842
0.23444 0.10503 0.81268001
0.22319999 0.061570995 0.87787998
0.21682999 0.061570998 0.87787998
0.21656001 0.062401991 0.87677002
0.22621998 0.060736995 0.87898999
0.19439998 0.070383996 0.86316001
0.20668998 0.061531991 0.87731999
0.22426999 0.073779993 0.86102003
0.22863999 0.077906996 0.85729998
0.23396999 0.077907003 0.85729998
0.12549999 0.0075939968 0.95906001
0.12325 -0.0064720064 0.98071998
0.13029 0.0046392977 0.96506
-0.094108008 0.17671999 0.69379997
-0.088441007 0.1769 0.69449002
-0.12511 0.17681 0.69414997
-0.062578 0.17707001 0.69519001
-0.055396006 0.17715999 0.69554001
-0.080439009 0.17671999 0.69379997
-0.077560998 0.17671999 0.69379997
-0.10140001 0.1769 0.69449002
-0.11281001 0.17671999 0.69379997
-0.086280011 0.1769 0.69449002
-0.080119006 0.17399 0.69727999
-0.074297003 0.17389999 0.69692999
-0.07907901 0.17546 0.69449002
-0.076122008 0.17671999 0.69379997
-0.036663003 0.17725 0.69588
-0.037365004 0.17715999 0.69554001
-0.039549001 0.17725 0.69588
-0.008415997 0.033097997 0.92154002
-0.033668004 0.0076044947 0.96038997
-0.044999003 0.048528999 0.88911003
-0.062311999 0.042564996 0.89946997
-0.078713007 0.031021997 0.91667998
-0.094169997 0.029197998 0.91909999
-0.095040001 0.017136998 0.93707001
-0.078938998 0.15256999 0.73334002
-0.14682001 0.018990997 0.93267
-0.096271001 0.015234996 0.93961
-0.11856001 0.0016325936 0.96237999
-0.083040006 -0.0023707002 0.96706998
-0.08987201 -0.001365006 0.96506
-0.092321999 -0.0043885037 0.96977001
-0.10454 0.1638 0.71596003
-0.11313001 0.17072999 0.70471001
-0.10495 0.17681 0.69414997
0.22810999 -0.016953006 0.99905002
0.23795 -0.018028006 1.0012
0.23690999 -0.018028006 1.0012
0.22773001 -0.019080006 1.0019
0.25165999 -0.010637 0.98979998
0.22329998 -0.0034115016 0.97795999
0.22025999 -0.0034115016 0.97795999
0.15798999 -0.023370005 1.0077
0.15997 -0.0074943006 0.98141003
0.16711 -0.018002003 0.99976999
0.16627 -0.014817007 0.99475998
0.23137999 -0.041441999 1.0417
0.2491 -0.033504002 1.0302
0.23648998 -0.028995 1.0218
0.23280001 -0.027874 1.0196
0.22472998 -0.041411005 1.041
0.23683998 -0.030098006 1.0233001
0.19852999 -0.026757002 1.0173
0.20620999 -0.014870003 0.99833
0.21318999 -0.017002001 1.0019
0.21212 -0.013815001 0.99690002
0.2211 -0.019135006 1.0048
0.11921 0.013412997 0.94858998
0.11905 0.014376998 0.94729
0.11594 0.016318996 0.94599998
0.15172 0.019196998 0.94278997
0.15152 0.020146992 0.94151998
0.16399001 0.0006390661 0.96908998
0.1567 -0.0064675063 0.98003
0.14184999 0.019183997 0.94216001
0.089697003 0.011571996 0.95906001
0.10177 0.010591999 0.96038997
0.10602 0.014475994 0.95380002
0.10586001 -0.0003663525 0.97044998
0.10657001 0.0016416982 0.96774
0.11066 0.016409002 0.95117998
0.17786001 -0.020119004 1.0019
0.17761 -0.019052006 1.0005
0.26673001 0.042982996 0.90829003
0.26679999 0.044720002 0.90533
0.27013999 0.043866999 0.90710002
0.25066999 0.056971997 0.89139003
0.25490001 0.063350998 0.87731999
0.24965999 0.049929995 0.89772999
0.25799999 0.11234 0.80467999
0.25622001 0.11570999 0.79913002
0.22637999 0.041125994 0.90888
0.22573 0.040235993 0.91007
0.22646999 0.038473997 0.91306001
0.25804999 0.038525 0.91426003
0.23675999 0.017311998 0.94665003
0.23413998 0.016353 0.94793999
0.22882 0.011515997 0.95445001
0.23793 0.022054996 0.93961
0.24732998 0.022997998 0.93834001
0.22615999 0.010540999 0.95576
0.21386001 0.0095763952 0.95840001
0.21550998 0.013467997 0.95248997
0.21713001 0.017311998 0.94665003
0.29337001 0.0095763952 0.95840001
0.29477 -0.0096111 0.98979998
0.27443999 0.025812995 0.93454999
0.27789 0.011539996 0.95642
0.29510999 0.014435999 0.95117998
0.2947 0.015400995 0.94988
0.26932999 0.010562994 0.95774001
0.17309999 0.058223002 0.88234001
0.18785998 0.058260001 0.8829
0.1886 0.068764001 0.8653
0.23789001 0.055868998 0.88854003
0.24625999 0.049061999 0.89889002
0.21961999 0.059100993 0.88178003
0.20967999 0.060698994 0.87843001
0.20603999 0.060698997 0.87843001
0.20830998 0.077619001 0.85413998
0.21096998 0.077619001 0.85413998
0.21184999 0.077618994 0.85413998
0.22964999 0.10430999 0.81362998
0.21412998 0.094209999 0.82867002
0.24748999 0.12621 0.78204
0.24680001 0.12747 0.77983999
0.22725999 0.12983 0.77941
0.23027 0.13247 0.77591997
0.21388999 0.15294001 0.73879999
0.11354999 0.043690998 0.74394
0.0044863038 0.088670991 0.83314002
0.005324699 0.091687001 0.82915998
0.10665001 0.093294993 0.82818002
0.005331099 0.090934992 0.83016002
0.0053184032 0.092435993 0.82818002
0.19707 -0.0044287071 0.97864997
0.19619 -0.014817007 0.99475998
0.19665998 -0.012717001 0.99191999
0.19646999 -0.015871003 0.99619001
0.22680998 -0.011706002 0.99334002
0.20539999 0.073159993 0.86422998
0.20745 0.072352991 0.8653
0.20807999 0.073159993 0.86422998
0.27551001 0.073872 0.86207998
0.27572 0.075472996 0.85995001
0.27847001 0.069922991 0.86855
0.24796 0.11279 0.80189002
0.22022998 0.076876 0.85571003
0.27335 0.080128998 0.85255998
0.26752999 0.07453499 0.85942
0.16711999 0.083154991 0.84737003
0.15598001 0.082427002 0.84891999
0.15646 0.080913991 0.85152
0.15694 0.079390995 0.85413998
0.15741999 0.077858999 0.85676998
0.15200999 0.057637997 0.88740999
0.15696999 0.065830991 0.87401003
0.16039 0.066652998 0.87291002
0.16150001 0.065830991 0.87401003
0.027383998 0.0006404072 0.97112
0.036574997 -0.0013784021 0.97452998
0.068777002 0.011007994 0.77853
0.045926999 -0.0044350028 0.98003
0.037585005 -0.0013784021 0.97452998
0.043044999 0.0056165978 0.96104997
-0.066678002 -0.024415001 1.0077
-0.091492005 -0.022261001 1.0048
-0.086449005 -0.015848003 0.99475998
-0.15041 -0.039912999 1.0302
-0.17178002 -0.040982001 1.0302
-0.11719001 0.1462 0.73957998
-0.12032 0.14916 0.73527998
-0.11663001 0.14856 0.73606002
-0.13093001 0.14612 0.73918998
-0.13404 0.13625 0.75239998
-0.13782001 0.15209 0.73102999
-0.13688001 0.15558 0.72605997
-0.13374001 0.16745 0.70937997
-0.13533002 0.16125 0.71780998
-0.13561001 0.16009 0.71929997
-0.12936002 0.15918 0.72191
-0.1904 -0.028657004 1.0099
-0.18848002 -0.022149004 0.99976999
-0.16848001 -0.024327002 1.0041
0.23488 0.15849 0.73256999
0.22849 0.17192 0.71266001
0.22801998 0.17304 0.7112
0.32659999 -0.031321004 1.0286
0.32376999 -0.035746001 1.0332
0.29942 -0.055401996 1.0608
0.30162001 -0.055401996 1.0608
0.30272001 -0.055401996 1.0608
0.30138999 -0.054260999 1.0599999
0.29978999 -0.050692007 1.0544
0.11432 -0.047126003 1.048
0.11541 -0.047126003 1.048
0.19161999 -0.048249006 1.0488
0.19444999 -0.04597 1.0464
0.1714 -0.045901 1.0448999
0.1429 -0.051589996 1.0504
0.21673998 -0.043701001 1.0441
0.23348001 -0.048359007 1.0512
-0.010626003 -0.049151003 1.0448999
0.0045600981 -0.054775 1.0488
0.091548003 -0.039076999 1.0362999
0.11106001 -0.047126003 1.048
-0.089392997 -0.036654003 1.0286
-0.088588007 -0.038903005 1.0317
-0.086320005 -0.037776999 1.0302
-0.086449005 -0.038903005 1.0317
0.016016003 -0.028846003 1.0166
0.014961999 -0.028846003 1.0166
0.013906997 -0.028846003 1.0166
0.013776001 -0.022309005 1.007
0.011688001 -0.022309005 1.007
0.011705004 -0.023387 1.0085
0.13744999 -0.027833 1.0181
0.044565 -0.044750005 1.0433
0.19711 -0.043668002 1.0433
0.19415 -0.044817001 1.0448999
0.19588 0.17868 0.70434999
0.19514999 0.17868 0.70434999
0.19554999 0.17758 0.70578003
0.21092001 0.17758 0.70578003
0.22332001 0.17117999 0.71266001
0.16723 0.097356997 0.82621002
0.16637 0.09735699 0.82621002
0.17900001 0.092989996 0.83314002
0.16466001 0.09735699 0.82621002
0.025824999 0.15909 0.72834003
0.044495996 0.16135 0.72491997
-0.015936002 0.17292 0.70471001
-0.064691998 0.12779999 0.77204001
-0.075232007 0.13144 0.76524001
-0.088025011 0.13079 0.76608998
-0.080614008 0.12766001 0.77118999
-0.059597 0.13651 0.75814003
-0.062572002 0.14374 0.74673998
-0.062638998 0.14312001 0.74754
-0.058922 0.14196 0.74956
-0.07469701 0.13444 0.75980002
-0.038588002 0.14537001 0.74713999
-0.062410004 0.15725 0.72681999
-0.055330001 0.11964999 0.78691
-0.059502006 0.16835999 0.71011001
-0.041390002 0.16512001 0.71521997
-0.056317002 0.14436001 0.74594003
-0.032161005 0.013366997 0.94536
-0.023290999 0.014317997 0.94343001
-0.031222999 0.012403995 0.94665003
-0.031614006 0.041740999 0.90179998
-0.036172003 0.043469995 0.89889002
-0.040798001 0.031103998 0.91909999
-0.055535004 0.024627998 0.92645001
0.0061759017 0.0056204945 0.96171999
0.0051787049 0.0056204945 0.96171999
-0.0038743988 -0.0044412017 0.98141003
-0.0047972016 0.0046263933 0.96237999
-0.0047674999 0.0085648969 0.95642
0.0071731955 0.0056204945 0.96171999
0.092559002 0.017235 0.76819998
0.085063003 0.012525 0.77247
0.082797997 0.012545995 0.77376002
0.13968 0.015358996 0.94729
0.14861999 0.01537 0.94793999
0.16196001 0.0095632002 0.95708001
0.18535 0.029392999 0.92522001
0.086617 0.013317995 0.77204001
-0.14277002 0.13237 0.76147002
-0.14387 0.13108 0.76314002
-0.14579001 0.12481 0.77332997
-0.15117002 0.10141999 0.81077999
-0.16773 0.049481995 0.88968003
-0.13691002 0.14297 0.74673998
-0.12727001 0.17681 0.69414997
-0.11809 0.17635 0.69519001
-0.11898 0.1759 0.69622999
-0.11989 0.17544 0.69727999
-0.12187 0.1759 0.69622999
-0.14239001 0.13519999 0.75525999
-0.12966001 0.16767 0.70722002
-0.13442001 0.16461 0.71302003
-0.10836 0.161 0.71670002
-0.12395 0.15541001 0.72530001
-0.11828 0.16329999 0.71375
-0.12729001 0.16272999 0.71449
-0.13139001 0.17535 0.69692999
-0.13192001 0.17388 0.69973999
-0.11641001 0.17671999 0.69379997
-0.11010001 0.17554 0.69484001
-0.11596001 0.15149 0.73180002
-0.045299001 0.17715999 0.69554001
-0.053206004 0.17707001 0.69519001
-0.094255008 0.16493 0.7112
-0.092326008 0.16322 0.71338999
-0.094351999 0.16436 0.71192998
-0.094485007 0.17454 0.69657999
-0.087148003 0.16322 0.71338999
-0.071090005 0.14297 0.74673998
-0.12664002 0.14351 0.74554002
-0.13072002 0.15113001 0.73373002
-0.11291001 0.15649 0.72681999
-0.11963 0.16191 0.71744001
-0.10465 0.16323 0.71670002
-0.12075 0.047667995 0.89025003
-0.12696999 0.048497997 0.88854003
-0.11983 0.047667995 0.89025003
-0.12037001 0.049355999 0.88740999
-0.16710001 0.038909998 0.90122002
-0.10985 0.021847997 0.93080002
-0.15676001 0.029139992 0.91728002
-0.15241 0.027309999 0.91970998
-0.15655002 0.030052003 0.91606998
-0.17916 -0.019960001 0.99405003
-0.18045002 -0.024257004 1.0012
-0.029973 -0.023269005 1.0034
-0.048701003 -0.023269005 1.0034
-0.093208008 -0.030819006 1.0121
-0.09635701 -0.030819006 1.0121
-0.096638002 -0.033015005 1.0151
-0.093479998 -0.033015005 1.0151
-0.10634 -0.048821002 1.0378
-0.17749 -0.017835006 0.99050999
-0.17566001 -0.022101 0.99761999
-0.049533002 0.0036159977 0.95906001
-0.020721003 0.0026250929 0.96038997
-0.051636003 -0.021112002 0.99976999
0.12811001 0.041044991 0.90710002
0.12289 0.014366999 0.94665003
0.12887 0.014376998 0.94729
-0.16642001 0.047789995 0.89253998
-0.16794002 0.048621994 0.89082003
-0.17259002 0.032880001 0.91547
-0.18169001 0.00063551962 0.96372002
-0.14752001 0.11897999 0.78248
-0.15312001 -0.043278001 1.034
-0.15097001 -0.043278001 1.034
0.15892 -0.027711004 1.0136
0.12764999 -0.060304001 1.0504
0.14358 -0.020119004 1.0019
0.18123999 -0.021188006 1.0034
0.16372 -0.029922001 1.0173
-0.10797001 0.14259 0.74474001
-0.10951 0.14259 0.74474001
0.0015705973 0.020509996 0.69069999
0.041970998 0.17715999 0.69554001
0.00085994229 0.17707001 0.69519001
-0.033087999 0.17743 0.69657999
-0.051018 0.17699 0.69484001
-0.050323002 0.17707001 0.69519001
-0.066803001 0.17681 0.69414997
-0.0013001002 0.033551998 0.69379997
-0.00058095157 0.034287997 0.69414997
-0.021508999 0.17725 0.69588
-0.047726005 0.17524 0.69938999
-0.047678001 0.17579 0.69867998
-0.046906002 0.17634 0.69797999
-0.059270002 0.17579 0.69867998
-0.033137001 0.17697001 0.69762999
-0.026600003 0.17752001 0.69692999
-0.025863998 0.17743 0.69657999
-0.025155 0.17752001 0.69692999
-0.027309 0.17743 0.69657999
0.027866999 0.17557999 0.70363998
-0.1095 0.13891999 0.74996001
-0.11707 0.13647 0.75362003
-0.15099999 0.10518 0.80097002
-0.15475002 0.092467993 0.82084
-0.15127 0.10452999 0.80236
-0.14954001 0.10992 0.79320002
-0.14494002 0.10583 0.79958999
-0.078527011 0.16663 0.70902002
-0.079262011 0.16663 0.70902002
-0.16837001 0.046894997 0.89310998
-0.17363 0.015182998 0.93643999
-0.1715 0.019903995 0.93017
-0.17173001 0.018965002 0.93142003
0.21313 -0.058568001 1.0584
0.23471999 -0.054095 1.0568
0.27384001 -0.019107006 1.0034
0.25268999 -0.010637 0.98979998
0.22500998 -0.0023940057 0.97658002
0.26278001 -0.020176999 1.0048
0.24807999 -0.025590003 1.0129
0.25073001 -0.026698999 1.0151
0.24862 -0.026698999 1.0151
0.25746 -0.033479005 1.0294
0.26607999 -0.031229004 1.0256
-0.098535009 0.15414999 0.72644001
-0.097232006 0.15296 0.72795999
-0.18044001 0.000634633 0.96237999
-0.18492001 -0.014691003 0.98628998
-0.18518001 -0.015736006 0.98768997
-0.17358002 -0.010532007 0.98003
-0.18607 -0.014701001 0.98698997
-0.18568 -0.011606 0.98488998
-0.17757002 -0.00036356598 0.96305001
-0.17592999 -0.001365006 0.96506
-0.11589 0.037404995 0.91007
-0.13521001 0.034686998 0.91306001
-0.12977999 0.029275995 0.92154002
-0.092362009 0.040261991 0.91066998
-0.13386002 0.011468999 0.95052999
-0.13189 0.011468999 0.95052999
-0.1309 0.011468999 0.95052999
-0.036655001 0.0076044947 0.96038997
-0.13447002 0.029256001 0.92093003
-0.13539001 0.033784997 0.91426003
-0.12230001 -0.04445 1.0362999
-0.096294008 -0.055693999 1.0457
0.059323002 0.057430997 0.71338999
0.059232 0.053649999 0.71228999
0.28424999 -0.055233002 1.0576
0.29212001 -0.050501004 1.0504
0.30774999 -0.056416005 1.0592
0.26958001 -0.057338998 1.056
0.29168001 -0.049337 1.0488
0.29124001 -0.048177004 1.0472
0.31592 -0.056501999 1.0608
0.31018001 -0.056458995 1.0599999
0.31391001 -0.049410999 1.0504
0.12043 0.049835995 0.74353999
0.22709 0.17527001 0.70829999
0.22573999 0.17463 0.70866001
0.26848 0.078746989 0.85676998
0.26936999 0.078746997 0.85676998
0.26530001 0.070911996 0.86963999
0.26758999 0.078746997 0.85676998
0.070239998 0.17752001 0.69692999
0.062573001 0.1776 0.70008999
0.044222999 0.17752001 0.69692999
0.040980004 0.17549001 0.70327997
0.078268006 0.1777 0.69762999
0.16664 0.17859 0.70115
0.16881999 0.17859 0.70115
0.086277001 0.049159992 0.72228998
0.059353001 0.058200996 0.71375
0.060093995 0.058201 0.71375
0.21055999 0.16940001 0.71449
0.21763 0.17061 0.71338999
0.16445 0.11144 0.80421001
0.15934999 0.10861 0.80795002
0.17868 0.13341001 0.77204001
0.18144998 0.14663 0.75362003
0.19343001 0.12828 0.77983999
0.18289 0.13275 0.77289999
0.18601 0.15651999 0.73762
0.18109998 0.17257001 0.71228999
0.18359998 0.17208999 0.71338999
0.12128 0.14429 0.75362003
0.061255999 0.14823 0.74594003
0.071177997 0.13861001 0.76104999
0.17833 0.14663 0.75362003
0.17891 0.14725 0.75281
0.15797 0.15447 0.73879999
0.15617999 0.16626 0.72341001
0.15843999 0.11759 0.79500997
0.15597001 0.11759 0.79500997
0.27871001 -0.0086277053 0.99475998
0.25543001 -0.023489006 1.0129
0.26690999 -0.025684007 1.0166
0.2419 -0.0044507012 0.9835
0.23826 -0.027894005 1.0203
0.25358 -0.019149005 1.0056
0.27129999 -0.0096523017 0.99405003
0.25461999 -0.019149005 1.0056
0.23413998 0.16102 0.73026001
0.20183 0.16542 0.72303998
0.17595001 0.16201 0.72455001
0.18559 0.17491999 0.70686001
0.18357 0.17436001 0.70757997
0.17005999 0.17622 0.70327997
0.19891 0.16883001 0.71521997
0.26888999 -0.024522007 1.0121
0.29324001 -0.02454 1.0129
0.29429001 -0.02454 1.0129
0.30726001 -0.030032001 1.0211
0.13952 -0.0044381022 0.98071998
0.13811 -0.0023974031 0.97795999
0.13831 -0.0034163073 0.97934002
0.18551999 -0.00036867708 0.97658002
0.18524998 0.00064310431 0.97521001
0.32146999 -0.015974 1.0027
0.32032001 -0.012809001 0.99905002
0.32300001 -0.023437999 1.0107
0.32194999 -0.023437999 1.0107
0.32523 -0.025627002 1.0144
0.26835001 0.089366995 0.83969003
0.27113 0.083256997 0.8484
0.31158 0.0026562959 0.97180003
0.31645 -0.0054899007 0.98698997
0.31498 -0.0044601038 0.98558998
0.31093001 0.0036562979 0.96977001
0.30704001 -0.00036867708 0.97658002
0.30601999 0.014486 0.95445001
0.30644 0.013513997 0.95576
0.30835 0.0096094981 0.96171999
0.30706999 0.012548998 0.95774001
0.30559999 0.015453998 0.95314002
0.28819999 0.017394997 0.95117998
0.29304999 0.0036716983 0.97385001
0.28011999 0.018368997 0.95052999
0.28918999 0.017394997 0.95117998
0.17907999 0.13209999 0.77376002
0.18272999 0.12359 0.78601998
0.21798 0.15891001 0.73449999
0.19599 0.15747 0.73488998
0.15561 0.1679 0.72079003
0.16405 0.17031001 0.71521997
0.23019999 0.11883 0.79228997
0.23045999 0.11814 0.79320002
0.23157999 0.083828993 0.84530002
0.23069999 0.083828993 0.84530002
0.22351998 0.094548002 0.83165002
0.21449 0.089420997 0.84018999
0.2491 0.093573995 0.83064997
0.24965999 0.094321996 0.82966
0.24879998 0.094321996 0.82966
0.25560001 0.10977 0.81031001
0.24498999 0.12128999 0.79228997
0.24945998 0.10834 0.81220001
0.21776 0.10468 0.81650001
0.23754001 0.11040999 0.80888999
0.23152 0.10043 0.82327002
0.21800998 0.10394999 0.81746
0.23782 0.10969999 0.80984002
0.23416001 0.10575 0.81173003
0.22939 0.059939001 0.88066
0.24168998 0.070602991 0.86584002
0.23506001 0.08325699 0.8484
0.24342999 0.082527995 0.84996003
0.23752999 0.077907003 0.85729998
0.23289999 0.060814001 0.88010001
-0.059652001 -0.054816008 1.0496
0.043710999 -0.015917003 0.99905002
0.045782998 -0.015917003 0.99905002
0.042675 -0.015917003 0.99905002
0.071718998 -0.045901 1.0448999
0.12524 0.0085707977 0.95708001
0.026193 -0.054527998 1.0441
0.031666003 -0.028699003 1.0114
0.14176001 -0.036573 1.0264
0.14196 -0.037693001 1.0279
-0.08259701 0.17671999 0.69379997
-0.10050001 0.17184 0.70327997
-0.12582999 0.17681 0.69414997
-0.060474999 0.17725 0.69588
-0.061197005 0.17725 0.69588
-0.057589002 0.17725 0.69588
-0.056867003 0.17725 0.69588
-0.075402997 0.17671999 0.69379997
-0.069751002 0.17554 0.69484001
-0.069890998 0.17445 0.69622999
-0.099863 0.17671999 0.69379997
-0.098425008 0.17671999 0.69379997
-0.10063001 0.17681 0.69414997
-0.11353 0.17671999 0.69379997
-0.10706001 0.17671999 0.69379997
-0.10778 0.17671999 0.69379997
-0.1085 0.17671999 0.69379997
-0.08988101 0.1769 0.69449002
-0.090601005 0.1769 0.69449002
-0.091275997 0.17681 0.69414997
-0.068276003 0.1769 0.69449002
-0.073964007 0.17671999 0.69379997
-0.087720998 0.1769 0.69449002
-0.038846999 0.17734 0.69622999
-0.040291004 0.17734 0.69622999
-0.040991999 0.17725 0.69588
-0.034515001 0.17734 0.69622999
-0.035236999 0.17734 0.69622999
-0.035941005 0.17725 0.69588
-0.026886001 0.042592999 0.90004998
-0.0086987019 0.011492997 0.95248997
-0.0017811991 0.012454994 0.95052999
-0.037836999 0.020119999 0.94024003
-0.034676999 0.023857992 0.93392003
-0.033822 0.021994997 0.93707001
-0.037633002 0.022920996 0.93518001
-0.034664005 0.0076044947 0.96038997
0.12458 0.034098998 0.92276001
0.12512 0.035893001 0.91970998
0.0087327957 0.012978993 0.75239998
-0.15125 0.028225996 0.91848999
-0.17316002 0.017078996 0.93392003
-0.16308001 0.053478997 0.87954003
-0.16655999 0.040646996 0.89831001
-0.14597002 0.042482994 0.89772999
-0.14199001 0.047667995 0.89025003
-0.16449001 0.055162996 0.87731999
-0.16305 0.060090996 0.86963999
-0.16426 0.059299998 0.87127
-0.16213 0.063340992 0.86477
-0.15965 0.07520099 0.84684998
-0.15897 0.074414 0.84788001
-0.086283006 0.043357994 0.89657003
-0.087213002 0.043357998 0.89657003
-0.10006001 0.024711002 0.92954999
-0.10019001 0.023778994 0.93080002
-0.10584 0.024710998 0.92954999
-0.0042787008 0.073553003 0.85835999
-0.0042840019 0.072751991 0.85942
-0.00071883574 0.071817003 0.85889
-0.0042707957 0.074304998 0.85676998
0.00017148629 0.072572991 0.85729998
-0.081464998 0.15538999 0.72873002
-0.0034601055 0.031408999 0.69414997
-0.10134 0.15533 0.72491997
-0.097130008 0.15356 0.72719997
-0.097029008 0.15414999 0.72644001
-0.11764001 0.134 0.75731999
-0.10619 0.16767 0.70722002
-0.10352 0.16982999 0.70398998
-0.10425001 0.16982999 0.70398998
-0.11032001 0.17445 0.69622999
-0.096125998 0.14606 0.74274999
-0.00069769844 0.088724002 0.83363998
-0.10821 0.0056049973 0.95906001
-0.11529001 0.010497995 0.95183998
-0.171 0.018023994 0.93267
-0.17123002 0.017078996 0.93392003
-0.095297001 0.015234996 0.93961
-0.07000301 -0.0003650859 0.96706998
-0.054544002 0.0036184937 0.95972002
-0.068325996 -0.012645006 0.98628998
-0.072163008 -0.020017006 0.99690002
-0.059930004 -0.021112002 0.99976999
-0.054944001 -0.023269005 1.0034
-0.11974 0.024594996 0.92522001
-0.079172008 0.023841996 0.93330002
-0.076371007 0.022904996 0.93454999
-0.12457 0.021891993 0.93267
-0.096011005 0.017136995 0.93707001
0.0063338988 0.019818999 0.74554002
0.0063236952 0.020558998 0.74434
0.0063441023 0.019076996 0.74673998
-0.075373001 0.10292999 0.80936003
-0.076668002 0.094449997 0.82327002
-0.086197011 0.098752998 0.81650001
-0.1174 0.16191 0.71744001
-0.10351 0.17681 0.69414997
-0.10423001 0.17681 0.69414997
-0.098195009 0.17399 0.69727999
-0.077358 0.17155001 0.70506001
-0.075779997 0.17202 0.70398998
-0.074320011 0.17202 0.70398998
0.30473 -0.049337 1.0488
0.29769 -0.042427003 1.0394
0.30631 -0.042427003 1.0394
0.23760998 -0.016965002 0.99976999
0.23881 -0.020176999 1.0048
0.22975001 -0.034394003 1.0247999
0.25128001 -0.027812004 1.0173
0.18528 -0.036763005 1.0317
0.19705001 -0.036763005 1.0317
0.19779 -0.039048001 1.0355
0.19889 -0.0095906034 0.98768997
0.1954 -0.0085482001 0.98558998
0.24640998 -0.013825007 0.99761999
0.23795998 -0.013815001 0.99690002
0.2383 -0.014870003 0.99833
0.23864999 -0.015928 0.99976999
0.21349999 -0.018067002 1.0034
0.20547 -0.015928 0.99976999
0.21524 -0.036763005 1.0317
0.21065 -0.035640001 1.0302
0.22244999 -0.013815001 0.99690002
0.14857 0.033895992 0.91728002
0.13688 0.027565002 0.92830998
0.16885 0.0076202974 0.96237999
0.15635 0.012488998 0.95314002
0.16009 0.013458997 0.95183998
0.17783999 0.0095632002 0.95708001
0.17099001 0.017311998 0.94665003
0.14842001 0.016329996 0.94665003
0.14918999 0.017288998 0.94536
0.16665 0.016385995 0.94988
0.16491 0.015421994 0.95117998
0.16468 0.016386002 0.94988
0.15802 -0.011722006 0.99475998
0.17584001 -0.028952003 1.0203
0.17519 -0.026738003 1.0166
0.15825 -0.012772001 0.99619001
0.15700001 -0.034520999 1.0286
0.17944001 -0.0044444054 0.98211002
0.18197998 -0.0024008006 0.97934002
0.17789 -0.010645002 0.99050999
0.18327001 -0.0075315014 0.98628998
0.17016 -0.020191006 1.0056
0.17304 -0.0075315014 0.98628998
0.18324998 -0.0034211054 0.98071998
0.18351001 -0.0044444054 0.98211002
0.18248999 -0.0044444054 0.98211002
0.18274999 -0.0054705068 0.9835
0.16123 -0.012763001 0.99546999
0.14724 -0.0023974031 0.97795999
0.18147001 -0.0044444054 0.98211002
0.17329 -0.0085664019 0.98768997
0.14174999 -0.0054628029 0.98211002
0.17112 0.055725995 0.88628
0.10967 0.016409002 0.95117998
0.11645 0.022114996 0.94216001
0.10556 0.0016416982 0.96774
0.10541999 0.002641499 0.96640003
0.10571 0.0006390661 0.96908998
0.15927 -0.024451002 1.0092
0.20192 -0.014859006 0.99761999
0.19016001 -0.0064995065 0.98488998
0.18125001 -0.027751006 1.0151
0.18162999 -0.022277005 1.0056
0.10671 -0.0095906034 0.98768997
0.10652 -0.013795003 0.99546999
0.11565 -0.012745 0.99405003
0.12028 0.0016508996 0.97316003
0.18777999 0.050058998 0.90004998
0.19257 0.050091997 0.90063
0.18162999 0.032120991 0.92093003
0.21094999 0.033985995 0.91970998
0.20892999 0.029471003 0.92769003
0.22494999 0.022997998 0.93834001
0.16983999 0.015422001 0.95117998
0.16711 0.014455996 0.95248997
0.17007001 0.014455996 0.95248997
0.19257998 0.028508998 0.92769003
0.27206001 0.031353001 0.92645001
0.26363999 0.07444299 0.85835999
0.27691999 0.073113993 0.86369002
0.28617001 0.053342998 0.89253998
0.28156 0.055018 0.88968003
0.29585999 0.035055995 0.92276001
0.29743999 0.031394999 0.92769003
0.29944 0.027731996 0.93392003
0.27203 0.078746989 0.85676998
0.27452999 0.078698993 0.85623997
0.26442999 0.10059999 0.82473999
0.25650999 0.11500999 0.80005002
0.25775999 0.11093 0.80655003
0.25725001 0.11367999 0.80236
0.25577 0.11633999 0.79775
0.25694999 0.11438 0.80142999
0.26824999 0.090778999 0.83665001
0.26938 0.088550001 0.84018999
0.26857001 0.090019993 0.83766001
0.25953001 0.042095996 0.90947998
0.25738001 0.040314991 0.91185999
0.23938 0.018268999 0.94536
0.23565999 0.022997994 0.93834001
0.23144999 0.023938999 0.93707001
0.23242998 0.023939002 0.93707001
0.22849998 0.012488998 0.95314002
0.22819 0.013458997 0.95183998
0.22553998 0.012488998 0.95314002
0.23216999 0.016352996 0.94793999
0.22040001 -0.0075422004 0.98768997
0.28819999 -0.018054001 1.0027
0.29385999 -0.023455001 1.0114
0.28444999 -0.019121006 1.0041
0.29374 -0.0096111 0.98979998
0.29333001 -0.0085725039 0.98839003
0.29271999 -0.0096111 0.98979998
0.27827001 0.010562994 0.95774001
0.27849001 -0.0013804063 0.97589999
0.29644001 0.018280998 0.94599998
0.26598999 0.011539996 0.95642
0.27487001 -0.000367634 0.97385001
0.092196003 0.149 0.74594003
0.11893 0.14429 0.75362003
0.10698 0.15188999 0.74115998
0.11406 0.14483 0.75239998
0.083461002 0.011723995 0.77247
0.17605001 0.001643993 0.96908998
0.18895999 0.067993999 0.86691999
0.19093999 0.069531992 0.86369002
0.18680999 0.068764001 0.8653
0.24531999 0.049061999 0.89889002
0.24686998 0.049929999 0.89772999
0.23683 0.058371995 0.88458002
0.23181999 0.049897995 0.89714998
0.23275998 0.049897999 0.89714998
0.21574 0.064883992 0.87345999
0.20747 0.059025995 0.88066
0.22310999 0.041986 0.90710002
0.22057998 0.041098997 0.90829003
0.23301998 0.10431 0.81362998
0.23052999 0.13180999 0.77679002
0.23883 0.12190999 0.79093999
0.22760999 0.11508 0.80050999
0.23392999 0.11240999 0.80514002
0.22691998 0.12487 0.78380001
0.21684 0.15363 0.73841
0.21660998 0.15423 0.73762
0.21320999 0.15475 0.73645002
0.21298 0.15535 0.73566997
0.20513999 0.073964 0.86316001
0.22871 0.066779003 0.87456
0.15417001 0.10292999 0.81602001
0.15404999 0.056790002 0.88854003
0.17938 0.047258995 0.90004998
0.19801 0.044661991 0.90415001
0.16642 0.055690996 0.88571
0.1617 0.065006003 0.87510997
0.15601 0.059250996 0.88401997
0.16191 0.064180002 0.87621999
0.21032998 -0.011706002 0.99334002
0.21280998 -0.0096179023 0.99050999
0.19702998 -0.017989002 0.99905002
0.19674999 -0.016928002 0.99761999
0.20591 -0.011689 0.99191999
0.2234 -0.011689 0.99191999
0.21737999 -0.010668002 0.99263
0.23120999 -0.0034235045 0.98141003
0.20833999 0.072352991 0.8653
0.19088998 0.051757991 0.89714998
0.24932998 0.11349 0.80097002
0.25321999 0.10244 0.81889999
0.26084 0.095183 0.82966
0.23677999 0.10047999 0.82375997
0.23975 0.072977997 0.86207998
0.26032001 0.076034993 0.85623997
0.26064 0.075239994 0.85729998
0.25290999 0.076828003 0.85518998
0.27300999 0.080913991 0.85152
0.27268001 0.081697002 0.85048002
0.27004001 0.087017998 0.84223002
0.27487001 0.077906996 0.85729998
0.26971 0.087784998 0.84121001
0.1168 0.078312993 0.85203999
0.11768 0.078312993 0.85203999
0.11694 0.077523991 0.85308999
0.13541999 0.050026998 0.89946997
0.11716001 0.075894997 0.85465997
0.12597001 0.080616996 0.8484
0.17786001 0.078746997 0.85676998
0.063486002 -0.016977005 1.0005
0.10691 -0.015917003 0.99905002
0.065844998 -0.019135006 1.0048
0.084904 -0.0064949021 0.98418999
0.071069002 -0.014754005 0.99050999
0.079228997 -0.013717003 0.98979998
0.082595997 -0.00036584586 0.96908998
0.081398003 -0.014764003 0.99120998
0.036936998 -0.028720006 1.0121
0.067521997 -0.028783001 1.0144
0.078651004 -0.017924003 0.99546999
0.050193999 0.0076361969 0.96438998
0.032878004 -0.0085421056 0.98488998
0.022909004 -0.015860006 0.99546999
0.013746999 -0.021219 1.0048
0.013795998 -0.023387 1.0085
-0.095533006 -0.0074996054 0.98211002
0.012506001 -0.014733002 0.98909998
0.0090056993 0.015316997 0.94471997
0.0070703961 0.011437997 0.94793999
0.082480997 0.00063817948 0.96774
0.055424999 0.00063861907 0.96842003
0.088440999 0.0016404986 0.96706998
0.064039998 0.011836 0.77983999
0.071845002 0.010178 0.77679002
-0.091624998 -0.023336001 1.0063
-0.086572997 -0.016904004 0.99619001
-0.17966002 -0.043214001 1.0325
-0.18826002 -0.035326004 1.0211
-0.17203 -0.042112 1.0317
-0.17096001 -0.042112 1.0317
-0.17992002 -0.039825 1.0279
-0.13001999 0.14673001 0.73841
-0.13731 0.1538 0.72834003
-0.13519001 0.16182999 0.71706998
-0.12861001 0.15918 0.72191
-0.13514 0.15020999 0.73294997
-0.18762001 -0.025423005 1.0063
-0.19054002 -0.029726006 1.0107
-0.19123 -0.032990001 1.0144
-0.16242 -0.012645006 0.98628998
0.22896001 0.17079 0.71411997
0.23157999 0.16525 0.72228998
0.23038 0.16738001 0.71855003
0.22979 0.16918001 0.71670002
0.23194 0.16475999 0.72341001
0.24267998 0.14178 0.75691003
0.23058999 0.1453 0.75076997
0.23005998 0.14467999 0.75158
0.23422 0.15679 0.73527998
0.24891999 0.13093001 0.77635998
0.24739999 0.13333 0.77161998
0.25060001 0.12695 0.7816
0.24974999 0.12895 0.77897
0.24697998 0.13391 0.77033001
0.24603 0.12426999 0.78513002
0.32611999 -0.030210003 1.0271
0.32315999 -0.031298004 1.0279
0.33151999 -0.037917003 1.034
0.30504 -0.032364003 1.0279
0.29923001 -0.029016003 1.0226001
0.30184001 -0.032364003 1.0279
-0.10188001 -0.04445 1.0362999
-0.11646 -0.050083995 1.0417
0.29034999 -0.038001999 1.0362999
0.29078001 -0.039135002 1.0378
0.29982999 -0.053080007 1.0584
0.24002001 -0.048359007 1.0512
0.30028999 -0.054260999 1.0599999
0.28907001 -0.043668002 1.0433
0.11215 -0.047126003 1.048
0.15075 -0.053849995 1.052
0.2274 -0.042585999 1.0433
0.23064998 -0.042585999 1.0433
0.23172998 -0.042585999 1.0433
0.22773999 -0.043733999 1.0448999
0.22665998 -0.043733999 1.0448999
0.22768998 -0.047196999 1.0496
0.22733998 -0.046039 1.048
0.23565999 -0.048359007 1.0512
0.23457 -0.048359007 1.0512
0.23207998 -0.043733999 1.0448999
0.2353 -0.047196999 1.0496
0.22551 -0.047196999 1.0496
0.23892999 -0.048359007 1.0512
0.23894 -0.044885002 1.0464
0.24947 -0.034624003 1.0317
0.24983999 -0.035746001 1.0332
-0.08353401 -0.059125006 1.0488
0.081105001 -0.042459004 1.0402
0.080983996 -0.041317999 1.0386
0.079608999 -0.039019004 1.0348001
0.079314001 -0.036736004 1.0309
0.091208003 -0.036789998 1.0325
-0.088326 -0.036654003 1.0286
-0.089525007 -0.037776999 1.0302
-0.087517999 -0.038903005 1.0317
0.15113001 -0.013815001 0.99690002
0.14657 -0.012745 0.99405003
0.11506 -0.044817001 1.0448999
0.13150001 -0.035613999 1.0294
0.11912 -0.043636002 1.0425
0.12057 -0.045936003 1.0457
0.17114 -0.044750005 1.0433
0.16068999 -0.047020003 1.0457
0.14167 -0.027833 1.0181
0.19608 0.17813 0.70506001
0.19441998 0.17868 0.70434999
0.19027001 0.17445 0.70793998
0.20831999 0.17554 0.70937997
0.21717998 0.17174 0.71192998
0.22035998 0.17117999 0.71266001
0.059384003 0.058972001 0.71411997
0.060123999 0.058972001 0.71411997
0.20743999 0.11861999 0.79637998
0.19606 0.11508 0.80050999
0.16829 0.096614994 0.82718998
0.16809 0.09735699 0.82621002
0.16743 0.096614994 0.82718998
0.19463 0.11438 0.80142999
0.18704 0.11432 0.80097002
0.19545999 0.11438 0.80142999
0.19681999 0.10310999 0.81746
0.19650999 0.11368 0.80236
-0.068584003 0.16599999 0.71266001
0.1303 0.14545999 0.75158
0.14050999 0.14554 0.75199002
-0.051154003 0.1498 0.73841
-0.039300002 0.14590999 0.74594003
-0.048726998 0.15093 0.73645002
-0.083122008 0.17209999 0.70434999
-0.083207004 0.17155001 0.70506001
-0.082475998 0.17155001 0.70506001
-0.053366005 0.13665999 0.75897002
-0.052636005 0.13602 0.75980002
-0.056589998 0.14196 0.74956
-0.037939005 0.031103998 0.91909999
-0.051451005 0.0046040937 0.95774001
-0.14421001 -0.011557005 0.98071998
-0.09892901 -0.023336001 1.0063
-0.10184 -0.022245005 1.0041
-0.11516001 -0.027650006 1.0114
-0.10731 -0.017950006 0.99690002
0.1494 0.016329996 0.94665003
0.17411999 0.022966996 0.93707001
0.12905 0.041044995 0.90710002
0.12887999 0.041931 0.90592003
-0.14348 0.13229001 0.76104999
-0.12043 0.1759 0.69622999
-0.11971001 0.1759 0.69622999
-0.12061001 0.17544 0.69727999
-0.12115001 0.1759 0.69622999
-0.12079 0.17681 0.69414997
-0.12097 0.17635 0.69519001
-0.12241001 0.17635 0.69519001
-0.14277002 0.134 0.75731999
-0.13159001 0.17489 0.69797999
-0.13232002 0.17222001 0.70186001
-0.13292 0.17009 0.70506001
-0.11569 0.17671999 0.69379997
-0.12151001 0.17681 0.69414997
-0.11935001 0.17681 0.69414997
-0.12007 0.17681 0.69414997
-0.11927 0.16632 0.71082997
-0.052510999 0.17715999 0.69554001
-0.054675005 0.17715999 0.69554001
-0.10369001 0.16438 0.71521997
-0.085400008 0.17155001 0.70506001
-0.098447002 0.16429 0.71486002
-0.097851999 0.17554 0.69484001
-0.094249003 0.17554 0.69484001
-0.094159 0.1655 0.71047002
-0.082082011 0.175 0.69554001
-0.077064998 0.14956 0.73723
-0.077147 0.14895 0.73800999
-0.091026999 0.14421 0.74514002
-0.079424001 0.13444 0.75980002
-0.091963999 0.13867 0.75281
-0.11912001 0.15088999 0.73256999
-0.12321001 0.14466999 0.74353999
-0.13767001 0.15268999 0.73026001
-0.13796002 0.15149 0.73180002
-0.13011 0.15918 0.72191
-0.13631001 0.15793 0.72303998
-0.13174 0.15859 0.72266001
-0.092421003 0.16264001 0.71411997
-0.10864001 0.15993001 0.71855003
-0.12112 0.16191 0.71744001
-0.10797001 0.15471999 0.72911
-0.17348 -0.033015005 1.0151
-0.082233004 -0.026467003 1.0063
-0.083277009 -0.026467003 1.0063
-0.09334401 -0.031915002 1.0136
-0.082916997 -0.023235001 1.0019
-0.10053001 -0.015792005 0.99120998
-0.11039 -0.046564005 1.0355
-0.15019 -0.038787998 1.0286
-0.14763001 -0.018984005 0.99690002
-0.058705002 -0.0084940046 0.97934002
-0.051628999 0.0026268959 0.96104997
-0.061751999 -0.0084940046 0.97934002
-0.037039004 -0.0033853054 0.97044998
-0.038098998 -0.0043977052 0.97180003
-0.020764001 0.0016325936 0.96237999
0.013436001 0.010655999 0.75362003
-0.16969001 0.030190993 0.92031997
-0.16435 0.048652999 0.89139003
-0.16086 0.047789998 0.89253998
-0.15973002 0.048652999 0.89139003
-0.18321002 -0.0033900067 0.97180003
-0.17982 0.0075522959 0.95380002
-0.18131 0.0016314983 0.96171999
-0.15175 0.10208999 0.80936003
-0.15871 -0.051202998 1.0425
0.16456001 -0.033257 1.0226001
0.18395999 -0.020104006 1.0012
0.042714 0.17725 0.69588
-0.023697004 0.17743 0.69657999
-0.028030999 0.17743 0.69657999
-0.028754003 0.17743 0.69657999
-0.019334003 0.17715999 0.69554001
-0.038148001 0.16835999 0.71011001
-0.037412003 0.16835999 0.71011001
-0.039003 0.17588 0.69902998
-0.046999998 0.17524 0.69938999
-0.032365002 0.17743 0.69657999
-0.030198 0.17743 0.69657999
-0.030920997 0.17743 0.69657999
-0.049753003 0.16282 0.71818
-0.048549004 0.17414001 0.7008
0.088932 0.17732 0.70186001
0.091022998 0.17787001 0.70115
0.087981999 0.17832001 0.70008999
-0.14768001 0.11829999 0.78336
-0.1525 0.10202999 0.80888999
-0.14518002 0.11055 0.79184002
-0.14911002 0.11124 0.79093999
-0.14500999 0.11123999 0.79093999
-0.13517001 0.11206 0.79093999
0.0063748993 0.016835 0.75037003
0.0063543022 0.018331993 0.74794
-0.064790003 0.14429 0.74554002
-0.1699 0.038909998 0.90122002
0.15692 -0.0074943006 0.98141003
0.24735999 -0.023421004 1.0099
0.24574998 -0.019107006 1.0034
-0.17827001 -0.016784005 0.98909998
-0.12193001 0.014298998 0.94216001
-0.10253001 0.013339996 0.94343001
-0.10155001 0.013339996 0.94343001
-0.12247 0.0036259964 0.96171999
-0.12669 0.034687001 0.91306001
-0.093026005 0.098811001 0.81698
-0.12906 0.023762994 0.93017
-0.15592 0.017206993 0.94088
-0.092604004 0.038473997 0.91306001
-0.10488 0.044286996 0.89657003
-0.12264001 0.038098991 0.90415001
-0.11958001 0.025520999 0.92399001
-0.16492 0.030190997 0.92031997
-0.073138006 -0.044615999 1.0402
-0.072168 -0.045763001 1.0417
0.11444 -0.060809001 1.0592
0.11838 -0.060578004 1.0552
0.12448 -0.060349002 1.0512
0.12656 -0.060304001 1.0504
0.0022936985 0.032783002 0.69275999
0.049988002 0.062964991 0.71744001
0.047086 0.064553 0.71855003
0.28994 -0.050501004 1.0504
0.31128001 -0.056458995 1.0599999
0.22685999 0.17583001 0.70757997
0.26210001 0.083459996 0.85048002
0.26071 0.072443999 0.86637998
0.13399 0.17868 0.7015
0.1116 0.17779 0.69797999
0.080479003 0.17779 0.69797999
0.093788996 0.17832001 0.70008999
0.058765996 0.17779 0.69797999
0.062446997 0.17795999 0.69867998
0.050753001 0.17761 0.69727999
0.038500004 0.17705999 0.69797999
0.012437999 0.1777 0.69762999
0.017527997 0.17724 0.69867998
0.060155001 0.059742995 0.71449
0.067391001 0.053677998 0.71266001
0.075438999 0.058623001 0.71891999
0.081284001 0.17795999 0.69867998
0.066726997 0.17779 0.69797999
0.067484997 0.17787001 0.69832999
0.11233 0.17705999 0.69797999
0.1101 0.1777 0.69762999
0.17872 0.17686 0.70292002
0.1759 0.17768 0.70327997
0.18254998 0.17777 0.70363998
0.18127999 0.17722 0.70434999
0.17464 0.17859 0.70115
0.16937999 0.17840999 0.70043999
0.16502 0.17840999 0.70043999
0.086322002 0.040192995 0.72266001
0.15584999 0.14686 0.75076997
0.20653999 0.16825999 0.71596003
0.20855001 0.16883001 0.71521997
0.20741999 0.15764999 0.73218
0.20719999 0.15824001 0.73141003
0.18208998 0.13275 0.77289999
0.15601 0.16684 0.72266001
0.15278 0.16733 0.72153997
0.15294001 0.16675 0.72228998
0.13253 0.15722001 0.73373002
0.11972 0.14429 0.75362003
0.080325007 0.16825999 0.71596003
0.16685 0.13955 0.76188999
0.1793 0.14601 0.75444001
0.18217999 0.15815 0.73449999
0.17333999 0.16467001 0.72303998
0.16586 0.11759 0.79500997
0.17136 0.11354999 0.80142999
0.17328 0.11759 0.79500997
0.16824999 0.12291999 0.78691
0.17658 0.11759 0.79500997
0.15927 0.11759 0.79500997
0.28014001 -0.0096731037 0.99619001
0.27974001 -0.0086277053 0.99475998
0.31538999 -0.0086154044 0.99334002
0.31435999 -0.0086154044 0.99334002
0.25764 -0.021311 1.0092
0.2545 -0.021311 1.0092
0.24847999 -0.013825007 0.99761999
0.27168 -0.010698006 0.99546999
0.17820001 0.080276996 0.85413998
0.16697 0.095126003 0.82915998
0.16677 0.095870994 0.82818002
0.23425999 0.16034 0.73063999
0.23449999 0.15976 0.73141003
0.23302999 0.16327 0.72681999
0.23389 0.16161001 0.72948998
0.24254999 0.14248 0.75648999
0.23339999 0.16278 0.72795999
0.22103 0.15891001 0.73449999
0.26793 0.091536999 0.83565003
0.2676 0.092291996 0.83464003
0.27555001 0.07631699 0.85942
0.25286999 0.1232 0.78868997
0.25316 0.12252 0.78959
0.25374001 0.12116 0.79139
0.25446001 0.11903 0.79364997
0.083007 0.067521997 0.72644001
0.19850001 0.16996001 0.71375
0.19924 0.16996001 0.71375
0.27204001 -0.024522007 1.0121
0.29387999 -0.025646001 1.0151
0.27483001 -0.021265 1.007
0.27206001 -0.030121006 1.0240999
0.13869999 -0.0054628029 0.98211002
0.1389 -0.0064903051 0.9835
0.20436999 -0.042523004 1.0417
0.20113 -0.042523004 1.0417
0.29865 -0.032364003 1.0279
0.29455 -0.027915001 1.0211
0.29651001 -0.032364003 1.0279
0.29881001 -0.015986003 1.0034
0.29967999 -0.018119 1.0063
0.32268 -0.030187003 1.0264
0.28713 -0.038001999 1.0362999
0.3224 -0.018106006 1.0056
0.31028 0.0046521947 0.96774
0.29655001 0.0095829964 0.95906001
0.29653001 0.011531994 0.95576
0.29538 -0.0085725039 0.98839003
0.31553999 -0.041288003 1.0378
0.32054999 -0.02454 1.0129
0.30963001 0.0066453964 0.96573001
0.32194 -0.017038003 1.0041
0.31871 -0.0096523017 0.99405003
0.31758001 -0.0075637028 0.99050999
0.30583999 -0.0075529069 0.98909998
0.30476001 -0.0054821 0.98558998
0.31690001 -0.0065227002 0.98839003
0.29335999 0.035941001 0.92093003
0.2951 0.034120992 0.92338002
0.30748999 0.011571996 0.95906001
0.29017001 0.017394997 0.95117998
0.14309999 0.11354999 0.80142999
0.14805999 0.1274 0.77941
0.12925 0.12800001 0.77810001
0.12549999 0.12667 0.77983999
0.1096 0.13612001 0.76481998
0.15019999 0.1313 0.77376002
0.14681999 0.13195001 0.77289999
0.17896999 0.17039999 0.71559
0.18476 0.15763 0.73566997
0.20282999 0.15403999 0.74036998
0.16114999 0.17538001 0.70578003
0.21232 0.081546992 0.84891999
0.20192999 0.087519996 0.83867002
0.21943998 0.083879992 0.84582001
0.23161998 0.098272003 0.82669997
0.23449001 0.099748991 0.82473999
0.24478999 0.093574002 0.83064997
0.24638999 0.092125989 0.83314002
0.24392998 0.093574002 0.83064997
0.24737 0.093574002 0.83064997
0.24811998 0.092125989 0.83314002
0.24651 0.093573995 0.83064997
0.19029 0.17895 0.70257002
0.1797 0.14725 0.75281
0.25476 0.10976999 0.81031001
0.22678 0.11508 0.80050999
0.22595 0.11508 0.80050999
0.21028 0.11799 0.79775
0.21607 0.10467999 0.81650001
0.23172998 0.094379 0.83016002
0.23734 0.099010989 0.82572001
0.23504999 0.098271996 0.82669997
0.23563001 0.099010997 0.82572001
0.24605 0.099069998 0.82621002
0.22994 0.11950999 0.79139
0.20565 0.072352998 0.8653
0.21781 0.071322992 0.86369002
0.23073998 0.059137993 0.88234001
0.24184 0.07217399 0.86316001
0.24451998 0.072173998 0.86316001
0.23120999 0.071589999 0.86691999
0.22909999 0.060774993 0.87954003
0.00020652264 -0.038932003 1.0325
-0.0040758997 -0.038932003 1.0325
0.014984 -0.029944003 1.0181
0.081348002 -0.044750005 1.0433
0.011076998 -0.056906998 1.048
0.012154996 -0.056864008 1.0472
0.13361 -0.0074996054 0.98211002
0.11018 -0.0074996054 0.98211002
0.1098 -0.0054435059 0.97864997
0.10925999 -0.0023873001 0.97385001
0.067325003 -0.026602 1.0114
0.079104006 -0.021142006 1.0012
0.071373999 -0.016880006 0.99475998
0.067423001 -0.027690999 1.0129
0.061957002 -0.014785007 0.99263
0.036830001 -0.026544005 1.0092
0.063359998 -0.028804004 1.0151
0.10441 0.002641499 0.96640003
0.10141 0.002641499 0.96640003
-0.081877001 0.17671999 0.69379997
-0.093434997 0.17681 0.69414997
-0.092715003 0.17681 0.69414997
-0.063298002 0.17707001 0.69519001
-0.061888002 0.17715999 0.69554001
-0.058311 0.17725 0.69588
-0.10279001 0.17681 0.69414997
-0.10922001 0.17671999 0.69379997
-0.073243998 0.17671999 0.69379997
-0.072525002 0.17671999 0.69379997
-0.085516997 0.17681 0.69414997
-0.056146003 0.17725 0.69588
-0.042414002 0.17715999 0.69554001
-0.038125001 0.17734 0.69622999
-0.036049001 0.17489 0.69797999
-0.036102004 0.044315994 0.89714998
-0.011260003 0.033985998 0.91970998
-0.010306999 0.033985998 0.91970998
-0.048923001 0.039317995 0.91066998
-0.038534999 0.039317995 0.91066998
-0.035659999 0.0076044947 0.96038997
-0.033714004 0.0066177994 0.96171999
0.0011654012 0.019183997 0.94216001
-0.0056657046 0.019157998 0.94088
-0.001746498 0.024777003 0.93204999
0.017005 0.010518998 0.95380002
0.009117201 0.0085648969 0.95642
-0.0059181042 -0.0054666027 0.98280001
-0.0079507977 -0.0054628029 0.98211002
-0.035904005 -0.014817007 0.99475998
-0.025281005 -0.0075049028 0.98280001
-0.033769004 -0.013756007 0.99263
-0.035827003 -0.013756007 0.99263
-0.0081458986 0.052383997 0.89196002
-0.0090591982 0.053241 0.89082003
-0.0044461973 0.051458992 0.89196002
-0.0036501996 0.028413996 0.92460001
-0.008262597 0.038123995 0.90473998
-0.0065048002 0.032141995 0.92154002
-0.0083993003 0.033985995 0.91970998
-0.0035325997 0.048840992 0.89484
0.0079482943 0.013751999 0.75199002
-0.15105 0.029139999 0.91728002
-0.17219999 0.017078996 0.93392003
-0.17460001 0.015182998 0.93643999
-0.17534 0.016132995 0.93518001
-0.17340001 0.016132995 0.93518001
-0.15881002 0.048652999 0.89139003
-0.15696001 0.048652995 0.89139003
-0.16677001 0.051950999 0.88458002
-0.16192001 0.069145001 0.85889
-0.15558001 0.090394996 0.82523
-0.15512002 0.091834001 0.82278001
-0.15595001 0.088894993 0.82718998
-0.16497999 0.056838993 0.87510997
-0.13192001 0.095366001 0.81650001
-0.13448 0.091724999 0.82181001
-0.12654001 0.096831992 0.81458002
-0.15083 0.10588999 0.80005002
-0.15074 0.10666 0.79958999
-0.15014002 0.10870999 0.79637998
-0.074910007 0.031021997 0.91667998
-0.061217003 0.025555 0.92522001
-0.063415997 0.065053992 0.86369002
-0.097438999 0.044286996 0.89657003
-0.088029005 0.044229992 0.89541
-0.088444002 0.047667995 0.89025003
-0.088558011 0.046804994 0.89139003
0.0010611005 0.071727991 0.85782999
0.00017169863 0.071771994 0.85835999
-0.013163 0.074350998 0.85729998
-0.025736004 0.052418001 0.89253998
-0.089646004 0.039368998 0.91185999
-0.012213998 0.033985995 0.91970998
-0.073928006 0.15016 0.73645002
-0.076058008 0.15137 0.73488998
-0.085773997 0.15649 0.72681999
-0.082558997 0.17099001 0.70578003
-0.064806998 0.15606 0.72834003
-0.070626996 0.15707999 0.72605997
-0.078909002 0.15707999 0.72605997
-0.11516001 0.13463998 0.75648999
-0.1124 0.12971 0.76440001
-0.0034636036 0.030000001 0.69484001
-0.076463006 0.14835 0.73879999
-0.076544009 0.14774001 0.73957998
-0.077558003 0.1459 0.74194998
-0.10012 0.0065903962 0.95774001
-0.090553008 0.011476994 0.95117998
-0.089747004 -0.00036381185 0.96372002
-0.17496002 0.0016280934 0.95972002
-0.16887 0.0026214942 0.95906001
-0.15714002 -0.0023690015 0.96640003
-0.16003001 -0.0074679032 0.97795999
-0.16285002 -0.0064447001 0.97658002
-0.16643 -0.0044070035 0.97385001
-0.16666001 -0.0054244027 0.97521001
-0.17196 0.018023998 0.93267
-0.14584002 0.022706997 0.92645001
-0.096141003 0.016186997 0.93834001
-0.11759 0.0065677986 0.95445001
-0.14843002 -0.003378205 0.96842003
-0.14401001 -0.010525003 0.97934002
-0.071293004 -0.011606 0.98488998
-0.078704007 -0.023219004 1.0012
-0.075589009 -0.023219004 1.0012
-0.082532011 -0.028657004 1.0099
-0.071333997 -0.022149004 0.99976999
-0.052863002 -0.023269005 1.0034
-0.097981997 0.029197998 0.91909999
-0.099229001 0.023778997 0.93080002
-0.099096008 0.024710998 0.92954999
-0.098264001 0.023779001 0.93080002
-0.098396011 0.022844002 0.93204999
-0.095316999 0.15125 0.73063999
-0.11514 0.15918 0.72191
-0.11082 0.17554 0.69484001
-0.098917998 0.17399 0.69727999
-0.069940008 0.17202 0.70398998
0.29401001 -0.041288003 1.0378
0.29445001 -0.042427003 1.0394
0.30675 -0.051668003 1.052
0.23727 -0.015905 0.99833
0.24666998 -0.024504006 1.0114
0.25261 -0.013825007 0.99761999
0.24917001 -0.027812004 1.0173
0.14188001 -0.028930999 1.0196
0.13765 -0.028930999 1.0196
0.24197999 -0.032340005 1.0271
0.24223998 -0.0054783002 0.98488998
0.24326 -0.0054783002 0.98488998
0.24914998 -0.012772001 0.99619001
0.24037999 -0.027894005 1.0203
0.21662 -0.018067002 1.0034
0.20682999 -0.036789998 1.0325
0.20392999 -0.037917003 1.034
0.17814 -0.011689 0.99191999
0.21491 -0.012763001 0.99546999
0.18223 -0.0034211054 0.98071998
0.18298998 -0.0024008006 0.97934002
0.16241001 0.0075991973 0.95972002
0.15104 0.0095632002 0.95708001
0.17809001 0.0085825995 0.95840001
0.12905 0.013412997 0.94858998
0.13367 0.020105999 0.93961
0.15749 -0.0054435059 0.97864997
0.16932 0.0056400001 0.96506
0.17353 -0.009604305 0.98909998
0.15011001 0.013449997 0.95117998
0.21961999 -0.0054744035 0.98418999
0.23100001 0.0056556985 0.96774
0.18272999 -0.0013833046 0.97795999
0.19494 -0.025646001 1.0151
0.19599 -0.025646001 1.0151
0.14662001 0.00064219534 0.97385001
0.14683001 -0.00036815554 0.97521001
0.18044999 -0.0044444054 0.98211002
0.17713 -0.0075315014 0.98628998
0.18303999 0.039446995 0.91365999
0.18430999 0.026781999 0.93454999
0.19281998 0.049221992 0.90179998
0.19652 0.035869997 0.91909999
0.18961999 0.043010991 0.90888
0.10884 0.015442997 0.95248997
0.1047 0.0006390661 0.96908998
0.16704001 -0.020191006 1.0056
0.16599 -0.020191006 1.0056
0.15848 -0.013825007 0.99761999
0.16391 -0.020191006 1.0056
0.16287 -0.020191006 1.0056
0.16181999 -0.020191006 1.0056
0.14695001 -0.027833 1.0181
0.15177999 -0.016989 1.0012
0.16348 -0.028825 1.0158
0.10876 -0.0095906034 0.98768997
0.10634001 -0.007515505 0.98418999
0.13288 0.049189992 0.90122002
0.12806 0.035916999 0.92031997
0.12557 0.046445999 0.90239
0.18474001 0.031207997 0.92215002
0.18197998 0.033918995 0.91789001
0.21370998 0.032205991 0.92338002
0.18184 0.0016508996 0.97316003
0.16983999 0.0076202974 0.96237999
0.16513 0.014455996 0.95248997
0.1637 0.016385999 0.94988
0.19678998 -0.0034091026 0.97727001
0.19213 0.015390996 0.94923002
0.2103 0.011531994 0.95576
0.18630999 0.029392999 0.92522001
0.26697001 0.073734991 0.86048001
0.26835999 0.07297799 0.86207998
0.28488001 0.055868991 0.88854003
0.26097 0.074442998 0.85835999
0.24868998 0.07297799 0.86207998
0.25999999 0.076828003 0.85518998
0.26275 0.074442998 0.85835999
0.29628 0.031373996 0.92707002
0.29666999 0.030452993 0.92830998
0.29549 0.033207998 0.92460001
0.27743 0.072352998 0.8653
0.27778 0.071544997 0.86637998
0.26411 0.10134 0.82375997
0.28147 0.065211989 0.87787998
0.31461999 -0.0054938048 0.98768997
0.29907 0.0056714937 0.97044998
0.30148 -0.0054783002 0.98488998
0.29008999 0.044983998 0.91066998
0.29874 0.024035998 0.94088
0.29249999 0.023107 0.94278997
0.25940999 0.10743 0.81173003
0.25503999 0.11766 0.79547
0.26357999 0.095238991 0.83016002
0.26631999 0.095295995 0.83064997
0.25918999 0.042982996 0.90829003
0.25986999 0.041206997 0.91066998
0.25771001 0.039420996 0.91306001
0.25375 0.026746001 0.93330002
0.2516 0.029509999 0.92892998
0.24796999 0.023938999 0.93707001
0.23662999 0.022997998 0.93834001
0.23631001 0.023938995 0.93707001
0.22105998 0.017311994 0.94665003
0.22461 0.015390992 0.94923002
0.22492 0.014426 0.95052999
0.2256 0.015390996 0.94923002
0.22757 0.015390992 0.94923002
0.22788 0.014426 0.95052999
0.23315001 0.016352996 0.94793999
0.22988999 0.017312001 0.94665003
0.23920998 0.010547996 0.95642
0.23887998 0.011523999 0.95511001
0.24914998 0.021122996 0.94151998
0.26003 0.011539996 0.95642
0.23047999 -0.007536903 0.98698997
0.21684 0.0095763952 0.95840001
0.22584999 0.011515997 0.95445001
0.22860998 0.0095697939 0.95774001
0.22714999 0.010540999 0.95576
0.18131998 0.0075991973 0.95972002
0.16377001 0.0016416982 0.96774
0.18404999 0.0085825995 0.95840001
0.20519 -0.0064903051 0.9835
0.30072001 -0.018119 1.0063
0.30298001 -0.015986003 1.0034
0.28174001 -0.020191006 1.0056
0.29282001 -0.023455001 1.0114
0.30496001 -0.022374004 1.0099
0.30285999 -0.022374004 1.0099
0.29911 -0.023455001 1.0114
0.30077001 -0.022374004 1.0099
0.30015999 -0.023455001 1.0114
0.29435 -0.0085725039 0.98839003
0.29925999 -0.0075422004 0.98768997
0.30289 0.011547998 0.95708001
0.29429999 0.016364001 0.94858998
0.27693999 0.024893995 0.93643999
0.28916001 0.028546996 0.92892998
0.29604 0.019235998 0.94471997
0.29082 0.0036691949 0.97316003
0.29144001 0.0026655942 0.97521001
0.27094001 0.011539996 0.95642
0.18322 0.11003 0.80607998
0.18684998 0.11220999 0.80374998
0.18092 0.11215 0.80328
0.17155001 0.11285 0.80236
0.11448 0.15242 0.73997998
0.11282 0.15301999 0.73918998
0.18825001 0.069531992 0.86369002
0.18590999 0.068764001 0.8653
0.18603 0.058260001 0.8829
0.18693998 0.058260001 0.8829
0.24594 0.049929991 0.89772999
0.24934 0.050794996 0.89657003
0.24840999 0.050794996 0.89657003
0.24873 0.049929999 0.89772999
0.20721 0.059862997 0.87954003
0.22 0.042869993 0.90592003
0.21004 0.047228996 0.89946997
0.21906 0.04287 0.90592003
0.20602998 0.081496999 0.8484
0.21258 0.080765001 0.84996003
0.23387 0.10431 0.81362998
0.24191999 0.094321996 0.82966
0.23556 0.10431 0.81362998
0.23460999 0.11105999 0.80747998
0.22968999 0.12983 0.77941
0.23855999 0.12258999 0.79004002
0.22718 0.1242 0.78469002
0.24732998 0.12814 0.77897
0.24392 0.13318001 0.77076
0.24298 0.13505998 0.76778001
0.24153 0.13318001 0.77076
0.24781001 0.13275 0.77289999
0.16046 0.11349 0.80097002
0.20412999 0.076269999 0.85889
0.20387 0.074719995 0.86154997
0.19303998 0.065171003 0.87731999
0.20449999 0.073159993 0.86422998
0.18910998 0.088496 0.83969003
0.19101998 0.085477993 0.84428
0.15628 0.14568999 0.75281
0.1145 0.075007997 0.85465997
0.011748005 0.11557999 0.79821002
0.11665 0.079098992 0.85100001
0.18801999 0.049189996 0.90122002
0.16517 0.036846995 0.91970998
0.17786001 0.047350992 0.90179998
0.16982 0.049061991 0.89889002
0.18825999 0.048317995 0.90239
0.16982999 0.036823001 0.91909999
0.18232 0.042122994 0.91007
0.18160999 0.041233998 0.91127002
0.18226001 0.055761993 0.88683999
0.16079 0.065005995 0.87510997
0.19591001 -0.013766006 0.99334002
0.23153999 -0.0044475049 0.98280001
0.20743999 0.074719995 0.86154997
0.27406001 0.073068991 0.86316001
0.26975 0.072218999 0.86369002
0.25317001 0.078408994 0.85308999
0.24983999 0.092125997 0.83314002
0.25861999 0.088442996 0.83917999
0.24996001 0.093574002 0.83064997
0.23528001 0.10503 0.81268001
0.23697001 0.10502999 0.81268001
0.24414 0.10437 0.81410998
0.24849999 0.095068991 0.82867002
0.24897999 0.092125997 0.83314002
0.24627 0.077858992 0.85676998
0.24329999 0.078649998 0.85571003
0.25924 0.071635 0.86747003
0.25516 0.07239899 0.86584002
0.27235001 0.082476996 0.84943998
0.26412001 0.073688991 0.85995001
0.26243001 0.070867993 0.86909002
0.1293 0.0085766986 0.95774001
0.15462001 0.016363997 0.94858998
0.14946 0.022084992 0.94088
0.15954 0.021151997 0.94278997
0.16536 0.013486996 0.95380002
0.12033 0.078312993 0.85203999
0.12107 0.079099 0.85100001
0.11945 0.078312993 0.85203999
0.071244001 0.0036385953 0.96506
0.071343005 0.002641499 0.96640003
0.079276003 -0.022228003 1.0034
0.068472996 -0.027690999 1.0129
0.052873004 -0.026718006 1.0158
0.062719002 -0.019135006 1.0048
0.063761003 -0.019135006 1.0048
0.10745 -0.019121006 1.0041
0.06594 -0.020206004 1.0063
0.090007 -0.0064949021 0.98418999
0.085023999 -0.007526204 0.98558998
0.056729998 -0.013736002 0.99120998
0.061825 -0.013726003 0.99050999
0.09371601 -0.00036609173 0.96977001
0.088688001 -0.00036609173 0.96977001
0.079342 -0.014764003 0.99120998
0.088873997 -0.0013746023 0.97180003
0.056996997 0.011595994 0.96104997
0.058949001 0.012583993 0.96038997
0.031064 0.0076044947 0.96038997
0.026618 -0.0054512024 0.98003
0.027421998 -0.00036711991 0.97248
0.042582996 -0.014849 0.99690002
-0.037169002 -0.0054168031 0.97385001
0.020578999 -0.0075049028 0.98280001
0.016503002 -0.0075049028 0.98280001
0.0091676973 0.0056204945 0.96171999
0.014173996 0.0046296939 0.96305001
-0.029378004 -0.029966004 1.0188
-0.0093941018 -0.036654003 1.0286
-0.0050490014 -0.026640005 1.0129
0.00020172447 -0.023387 1.0085
-0.075049005 -0.015837006 0.99405003
-0.045318 -0.016928002 0.99761999
-0.036706001 0.0066177994 0.96171999
-0.043125004 -0.014817007 0.99475998
-0.076400004 -0.0095634013 0.98488998
-0.023799002 -0.025423005 1.0063
-0.015863001 -0.0013688058 0.96774
-0.019483998 -0.021097004 0.99905002
-0.014858998 -0.0013688058 0.96774
-0.013172999 -0.015803002 0.99191999
-0.020693004 0.0036159977 0.95906001
-0.013836004 -0.00036482513 0.96640003
0.056793999 0.011841998 0.78027999
0.074261002 0.010178 0.77679002
0.041051999 0.0056165978 0.96104997
0.040054999 0.0056165978 0.96104997
-0.094618 -0.022261001 1.0048
-0.17163 -0.034116998 1.0166
-0.16989002 -0.042112 1.0317
-0.16964 -0.040982001 1.0302
-0.13505 0.16240001 0.71632999
-0.18483999 -0.020017006 0.99690002
-0.18551001 -0.022164002 1.0005
-0.18031001 -0.0023707002 0.96706998
-0.15957001 -0.017898999 0.99405003
-0.16060001 -0.017898999 0.99405003
0.24293998 0.14115 0.75773001
0.33102 -0.036789998 1.0325
0.32618001 -0.026757002 1.0173
0.32995 -0.036789998 1.0325
0.33045 -0.037917003 1.034
0.33201 -0.039048001 1.0355
0.25887999 -0.040272005 1.0394
0.24037999 -0.046039 1.048
0.24164999 -0.043701001 1.0441
0.30092999 -0.053080007 1.0584
0.28538999 -0.042523004 1.0417
0.28797999 -0.043668002 1.0433
0.29806 -0.051863998 1.056
0.30689001 -0.056458995 1.0599999
0.19924 -0.048249006 1.0488
0.19488999 -0.048249006 1.0488
0.16105001 -0.0493 1.048
0.14040001 -0.0493 1.048
0.14996 -0.048140004 1.0464
0.18950999 -0.034419 1.0256
0.17168 -0.035535 1.0271
0.20995 -0.047126003 1.048
0.21989998 -0.047162004 1.0488
0.23422 -0.047196999 1.0496
0.23495001 -0.046039 1.048
0.22459 -0.048322007 1.0504
0.24056998 -0.050654009 1.0536
0.23747998 -0.047196999 1.0496
0.23912001 -0.042555004 1.0425
-0.082260005 -0.057906002 1.0464
-0.074551009 -0.023219004 1.0012
-0.073513009 -0.023219004 1.0012
-0.010609999 -0.046914004 1.0433
-0.014926001 -0.045798004 1.0425
-0.014904 -0.044650003 1.041
-0.025756001 -0.046914004 1.0433
-0.025775 -0.048032001 1.0441
-0.010633998 -0.051357001 1.0457
0.042337995 -0.043603003 1.0417
0.073775001 -0.044750005 1.0433
0.069343999 -0.043603003 1.0417
0.11048001 -0.043636002 1.0425
0.11762001 -0.035613999 1.0294
-0.088130005 -0.035509005 1.0264
-0.088457011 -0.037776999 1.0302
0.15155999 -0.015928 0.99976999
0.046048 -0.019135006 1.0048
-0.012419 -0.029835001 1.0144
-0.012373999 -0.027630001 1.0107
-0.0019120015 -0.033183999 1.0203
-0.012483001 -0.033160001 1.0196
0.0023236014 -0.034293003 1.0218
0.008890301 -0.055736005 1.0464
0.0097765997 -0.036545999 1.0256
0.12039 -0.044784002 1.0441
0.14377999 -0.027833 1.0181
0.14822 -0.028930999 1.0196
0.14715999 -0.028930999 1.0196
0.18179998 -0.035640001 1.0302
0.10844 -0.032221004 1.0233001
0.11719 -0.033356003 1.0256
0.11353 -0.018054001 1.0027
0.11281 -0.020191006 1.0056
0.109 -0.035588004 1.0286
0.22593999 0.16626 0.72341001
0.20785999 0.15646 0.73373002
0.059413999 0.059742995 0.71449
0.21836999 0.12983 0.77941
0.21678999 0.13857999 0.76524001
0.22586998 0.13304999 0.77463001
0.19624999 0.1045 0.81506002
0.18212 0.096671999 0.82767999
0.19597 0.096729994 0.82818002
0.21026999 0.088602997 0.84069997
0.19628 0.085478 0.84428
0.19654998 0.095295995 0.83064997
0.018397 0.15561 0.73334002
-0.0020755008 0.16756999 0.71302003
0.020679001 0.15561 0.73334002
-0.039124005 0.16569 0.71449
0.0065772943 0.13056999 0.77419001
0.0073718987 0.13122 0.77332997
0.0065700002 0.13122 0.77332997
-0.073847003 0.11925 0.78424001
-0.077476002 0.12181 0.77983999
-0.065085001 0.11877 0.78645998
-0.062706999 0.1425 0.74835002
-0.083852999 0.17209999 0.70434999
-0.037813 0.14537001 0.74713999
-0.020157002 0.14187001 0.75321001
-0.051792003 0.13665999 0.75897002
-0.038630001 0.14475 0.74794
-0.037597999 0.15673999 0.72795999
-0.028644003 0.15504 0.73063999
-0.029433005 0.15445 0.73141003
-0.022917002 0.025639992 0.92830998
-0.021954998 0.02564 0.92830998
-0.039740004 0.032923002 0.91667998
-0.055461004 0.025554992 0.92522001
-0.055387005 0.026478998 0.92399001
-0.050563 0.027418997 0.92338002
-0.053640001 0.04513 0.89484
-0.054568 0.045129992 0.89484
-0.050528005 0.0036159977 0.95906001
-0.082924001 -0.0013660043 0.96573001
-0.082809009 -0.00036406517 0.96438998
-0.052050002 0.013439998 0.95052999
-0.064451002 0.0075939968 0.95906001
-0.063456997 0.0075939968 0.95906001
-0.076926999 0.026637997 0.92954999
-0.075962998 0.026637997 0.92954999
-0.063988 0.021037996 0.93770999
-0.046553001 -0.022196002 1.0019
-0.032007001 -0.022196002 1.0019
-0.041598 -0.025460005 1.0077
-0.10346001 -0.0043916032 0.97044998
-0.15535 -0.0033759028 0.96774
-0.13445002 -0.018875003 0.99120998
-0.13342002 -0.018875003 0.99120998
-0.12977001 -0.021006003 0.99475998
-0.12006 -0.009543106 0.98280001
-0.12023 -0.010577001 0.98418999
-0.11836001 -0.011614002 0.98558998
0.17315 0.022966992 0.93707001
0.13203999 0.040156998 0.90829003
-0.14169002 0.1206 0.77723002
-0.14596 0.12414 0.77419001
-0.14475 0.12789001 0.76778001
-0.14507002 0.12658 0.76947999
-0.14491001 0.12724 0.76863003
-0.12868002 0.12774999 0.76692998
-0.13958001 0.12992001 0.76565999
-0.14403 0.13042998 0.76397997
-0.13221002 0.13444 0.75980002
-0.11976 0.17342 0.7008
-0.12223 0.17681 0.69414997
-0.12169 0.17635 0.69519001
-0.11881001 0.17635 0.69519001
-0.12025001 0.17635 0.69519001
-0.13401002 0.16632 0.71082997
-0.046742 0.17715999 0.69554001
-0.048160002 0.17707001 0.69519001
-0.047439002 0.17707001 0.69519001
-0.053954005 0.17715999 0.69554001
-0.084669001 0.17155001 0.70506001
-0.090933003 0.16866 0.70829999
-0.091124006 0.14359 0.74594003
-0.077061005 0.13444 0.75980002
-0.11988 0.15088999 0.73256999
-0.12038001 0.16191 0.71744001
-0.11076001 0.16051 0.71780998
-0.13091001 0.028358001 0.92276001
-0.17454001 0.024611998 0.92584002
-0.17431 0.025537997 0.92460001
-0.17347002 0.024594996 0.92522001
-0.15486002 0.029139999 0.91728002
-0.15391001 0.029139996 0.91728002
-0.13835999 0.037356 0.90888
-0.069830999 -0.038588002 1.0233001
-0.062259004 -0.048858002 1.0386
-0.094395004 -0.031915002 1.0136
-0.17318001 -0.024257004 1.0012
-0.073215999 -0.0023773015 0.96977001
-0.035758004 0.0056282952 0.96305001
-0.034759998 0.0056282952 0.96305001
-0.039107002 -0.0043977052 0.97180003
-0.033597998 0.0085825995 0.95840001
-0.014614999 0.011484995 0.95183998
-0.014665 0.0095434934 0.95511001
0.038732998 0.0077443942 0.77506
-0.17548001 0.020883001 0.93080002
-0.17524999 0.021818992 0.92954999
-0.17607 0.018047996 0.93392003
-0.17397001 0.027400997 0.92276001
-0.17478001 0.023682997 0.92707002
-0.17225 0.033762991 0.91365999
-0.17191002 0.034642 0.91185999
-0.17282 0.031972997 0.91667998
-0.17750001 0.012336999 0.94151998
-0.18194002 -0.00036431104 0.96506
-0.17631 0.017101999 0.93518001
-0.17908001 0.0094912946 0.94988
-0.17798001 0.011390999 0.94408
-0.16456002 0.047789991 0.89253998
-0.15325999 0.094631001 0.81746
-0.15375 0.096099995 0.81554002
-0.17691001 -0.028678 1.0107
-0.18658 -0.025423005 1.0063
-0.15437999 -0.052284002 1.0425
0.15807 -0.034520999 1.0286
0.18610999 -0.012699001 0.99050999
0.18779999 -0.014806002 0.99405003
0.19731998 -0.019052006 1.0005
0.21357 -0.027711004 1.0136
0.2128 -0.024468005 1.0099
0.1837 -0.019037999 0.99976999
0.18331999 -0.021188006 1.0034
0.0015760995 0.014831994 0.69310999
0.040589996 0.17743 0.69657999
-0.022229999 0.17725 0.69588
-0.025192998 0.17705999 0.69797999
-0.046953 0.17579 0.69867998
-0.031643003 0.17743 0.69657999
-0.029476002 0.17743 0.69657999
-0.047774002 0.17468999 0.70008999
-0.033793002 0.17734 0.69622999
-0.076641999 0.13684 0.75567001
-0.096643008 0.14297 0.74673998
-0.097438999 0.13428999 0.75897002
-0.093534 0.13071001 0.76565999
-0.10369001 0.12512 0.77033001
-0.096891008 0.11550999 0.78645998
-0.096075006 0.11551 0.78645998
-0.099337004 0.11551 0.78645998
-0.10975001 0.11612999 0.78513002
-0.13693002 0.12066999 0.77766001
-0.13298002 0.12073 0.77810001
-0.13502002 0.11275999 0.79004002
-0.10110001 0.10179 0.80700999
-0.078101002 0.14227 0.74713999
-0.084890999 0.14351 0.74554002
-0.064617001 0.14544 0.74353999
-0.077436008 0.17099001 0.70578003
-0.17643002 0.016142994 0.93581003
-0.17501 0.022751998 0.92830998
-0.17023 0.038049001 0.90298003
0.15975 -0.0064675063 0.98003
0.15873 -0.0064675063 0.98003
0.21625999 -0.058522999 1.0576
0.22308999 -0.057209 1.0536
0.15827 -0.058169007 1.0512
0.13131 -0.060487002 1.0536
0.13032 -0.060532004 1.0544
0.15425999 -0.058302 1.0536
0.16129 -0.056993008 1.0496
0.21436 -0.029922001 1.0173
0.16811 -0.034394003 1.0247999
0.27864 -0.018041 1.0019
0.24539998 -0.018041 1.0019
0.24772 -0.024504006 1.0114
0.26372999 -0.022341006 1.0085
-0.18057001 -0.013649002 0.98488998
-0.18083 -0.014691003 0.98628998
-0.18108001 -0.015736006 0.98768997
-0.12128001 0.017136998 0.93707001
-0.10449 0.013339996 0.94343001
-0.10288001 0.011421993 0.94665003
-0.13108 0.010497995 0.95183998
-0.12546 0.0036259964 0.96171999
-0.18398002 -0.0054282025 0.97589999
-0.18043 0.0055933967 0.95708001
-0.15431002 0.0085530952 0.95511001
-0.098599009 0.11245 0.79364997
-0.10948 0.10767 0.80097002
-0.093842007 0.043413997 0.89772999
-0.16513002 0.029275998 0.92154002
-0.15617999 0.022813 0.93080002
-0.14601001 0.032879997 0.91547
-0.083679996 -0.0064312071 0.97452998
-0.084391005 -0.010562003 0.98280001
-0.083504997 -0.0054092035 0.97248
-0.074336998 -0.021081001 0.99833
-0.11163 -0.039795004 1.0271
-0.10966001 -0.040921003 1.0286
-0.11453 -0.029857002 1.0151
-0.11559 -0.029857002 1.0151
-0.031537004 -0.031068005 1.0203
-0.041028999 -0.031045005 1.0196
-0.053637005 -0.031000003 1.0181
-0.053716004 -0.032103002 1.0196
-0.083053999 -0.037749 1.0294
0.12348 -0.060395002 1.052
0.11747 -0.060671002 1.0568
0.11545001 -0.060763001 1.0584
0.059969999 0.053649995 0.71228999
0.052910004 0.062156998 0.71670002
0.29102999 -0.050501004 1.0504
0.27897999 -0.055275008 1.0584
0.30785 -0.043570004 1.041
0.12665001 0.17859 0.70115
0.091750011 0.17787001 0.70115
0.079755001 0.17779 0.69797999
0.060213 0.17779 0.69797999
0.050004996 0.17752001 0.69692999
0.048560001 0.17752001 0.69692999
0.098820999 0.17823 0.69973999
0.12362 0.17840999 0.70043999
0.046391003 0.17752001 0.69692999
0.059849996 0.17668 0.70221001
0.018224999 0.1777 0.69762999
0.029724998 0.17725 0.69588
0.0044688024 0.17725 0.69588
0.0088426992 0.17669 0.69938999
0.0038258024 0.16918001 0.71047002
-0.0099932998 0.17705999 0.69797999
-0.022974998 0.17743 0.69657999
0.10938001 0.1777 0.69762999
0.073204003 0.1777 0.69762999
0.074651003 0.1777 0.69762999
0.076098002 0.1777 0.69762999
0.063299 0.1776 0.70008999
0.1749 0.17814 0.70221001
0.17382 0.1785 0.7008
0.17309 0.1785 0.7008
0.1701 0.17840999 0.70043999
0.1613 0.17832001 0.70008999
0.13581 0.16177 0.72681999
0.031615 0.13973001 0.75856
0.24956 0.084861003 0.84684998
0.24925998 0.085633993 0.84582001
0.23787999 0.090778999 0.83665001
0.23440999 0.090778999 0.83665001
0.17968 0.13275 0.77289999
0.1566 0.15387 0.73957998
0.14579999 0.14847 0.74713999
0.15325999 0.1656 0.72378999
0.13267 0.15662 0.73449999
0.12298 0.16599999 0.72228998
0.13979 0.13376001 0.76947999
0.09142299 0.149 0.74594003
0.063644998 0.14762001 0.74673998
0.10431 0.16384 0.72266001
0.11212 0.17286 0.71047002
0.18232 0.16926 0.71706998
0.26894 -0.027894005 1.0203
0.26789001 -0.027894005 1.0203
0.25775 -0.019149005 1.0056
0.25670999 -0.019149005 1.0056
0.16783001 0.095126003 0.82915998
0.23525 0.15798 0.73373002
0.23561999 0.15747 0.73488998
0.23462999 0.15908 0.73180002
0.23725 0.15549 0.73997998
0.23637 0.15644 0.73723
0.23776001 0.15428001 0.74155998
0.26743999 0.093101993 0.83414
0.26429999 0.091481999 0.83513999
0.27656999 0.073918 0.86262
0.25920001 0.11035 0.80842
0.25626999 0.11444999 0.80189002
0.25345001 0.12184 0.79048997
0.25277001 0.12190999 0.79093999
0.25417 0.11972 0.79273999
0.16733 0.16987 0.71338999
0.16807 0.16987 0.71338999
0.16728 0.1785 0.7008
0.21033999 0.16996001 0.71375
0.19435999 0.16948 0.71486002
0.27263001 -0.025627002 1.0144
0.29405999 0.0036716983 0.97385001
0.13850001 -0.0044381022 0.98071998
0.12644 -0.010637 0.98979998
0.20868999 -0.042523004 1.0417
0.20760998 -0.042523004 1.0417
0.29137999 -0.027915001 1.0211
0.29348999 -0.027915001 1.0211
0.30656001 -0.033479005 1.0294
0.28906 -0.034624003 1.0317
0.29118001 -0.032364003 1.0279
0.28992 -0.036873005 1.0348001
0.29376999 -0.035746001 1.0332
0.28968999 -0.032315999 1.0264
0.31893 -0.013875 1.0012
0.29914999 -0.0003689304 0.97727001
0.32253 -0.022358 1.0092
0.32833999 -0.030121006 1.0240999
0.32475001 -0.02454 1.0129
0.31024 -0.0086154044 0.99334002
0.31005999 0.0056517944 0.96706998
0.30877 0.0086241961 0.96305001
0.32427999 -0.023455001 1.0114
0.32357001 -0.021311 1.0092
0.31826001 -0.0086092055 0.99263
0.28856999 0.050058991 0.90004998
0.28988999 0.048411995 0.90415001
0.28913999 0.049221996 0.90179998
0.29429001 0.039629996 0.91789001
0.29159999 0.044924997 0.90947998
0.29370999 0.040500991 0.91606998
0.29293999 0.042289 0.91365999
0.29065001 0.046657994 0.90651
0.29255 0.043179996 0.91246003
0.29122001 0.045807995 0.90829003
0.29256999 0.040473994 0.91547
0.29927 0.025864996 0.93643999
0.29826999 0.027713992 0.93330002
0.29843 0.029569995 0.93080002
0.29802999 0.030494001 0.92954999
0.19771001 0.13593 0.76819998
0.19126999 0.12954 0.77766001
0.13439 0.12667 0.77983999
0.13891 0.12466 0.78248
0.11448 0.13547999 0.76565999
0.17445999 0.17035 0.71228999
0.17532 0.17418 0.70686001
0.16864 0.17409 0.70649999
0.1786 0.16926 0.71706998
0.17952999 0.16869 0.71780998
0.18551999 0.15763 0.73566997
0.19112998 0.16202 0.72795999
0.18342999 0.15704 0.73645002
0.16892 0.16018 0.72987002
0.18660998 0.15471999 0.73997998
0.18640998 0.15532 0.73918998
0.23852 0.15141 0.74633998
0.24688998 0.13232 0.77506
0.23541999 0.15141 0.74633998
0.22057998 0.083103992 0.84684998
0.22806999 0.083828993 0.84530002
0.21425 0.078409001 0.85308999
0.21450999 0.077618994 0.85413998
0.24564999 0.093574002 0.83064997
0.19534999 0.17813 0.70506001
0.19628999 0.11438 0.80142999
0.18009 0.14601 0.75444001
0.18066999 0.14663 0.75362003
0.26256001 0.10414 0.81889999
0.26209 0.1048 0.81746
0.2595 0.10964 0.80936003
0.26148 0.1054 0.81554002
0.24416998 0.12129 0.79228997
0.25283 0.10834 0.81220001
0.25198999 0.10834 0.81220001
0.25114 0.10834 0.81220001
0.22511998 0.11508 0.80050999
0.21691 0.10468 0.81650001
0.23918998 0.092878997 0.83214003
0.23295999 0.089152001 0.83766001
0.22499999 0.089097992 0.83715999
0.23267999 0.089911997 0.83665001
0.23534998 0.099748991 0.82473999
0.23888999 0.088550001 0.84018999
0.22073001 0.08860299 0.84069997
0.016062997 -0.031045005 1.0196
0.015005998 -0.031045005 1.0196
0.0034107044 -0.037776999 1.0302
0.00020745397 -0.042332001 1.0371
0.098732002 -0.045866005 1.0441
0.036963999 -0.044716999 1.0425
0.081748001 -0.017924003 0.99546999
0.081630997 -0.016868003 0.99405003
0.068727002 -0.056950003 1.0488
0.10675 -0.0054435059 0.97864997
0.071221001 -0.015814006 0.99263
0.038130999 -0.054569006 1.0448999
0.034212001 -0.036518998 1.0247999
0.021961 -0.058037996 1.0488
0.085688002 -0.058478996 1.0568
0.14844 -0.030032001 1.0211
0.29245001 0.0026655942 0.97521001
0.26938 -0.0013804063 0.97589999
0.27033001 -0.0034163073 0.97934002
0.27584001 -0.0023957044 0.97727001
-0.09559501 0.17681 0.69414997
-0.081158005 0.17671999 0.69379997
-0.083357997 0.17681 0.69414997
-0.091996007 0.17681 0.69414997
-0.066115998 0.1769 0.69449002
-0.067521997 0.17681 0.69414997
-0.068962 0.17681 0.69414997
-0.07187701 0.17546 0.69449002
-0.043135002 0.17715999 0.69554001
-0.045318 0.045159001 0.89541
-0.043237999 0.047697999 0.89082003
-0.0093529969 0.033985995 0.91970998
-0.012230001 0.033075996 0.92093003
-0.034712002 0.0066177994 0.96171999
-0.015079997 -0.0064812005 0.98211002
-0.028067999 0.020106003 0.93961
-0.034592003 0.0085825995 0.95840001
-0.0069471002 -0.0064949021 0.98418999
-0.013070002 -0.007515505 0.98418999
-0.012189999 0.034869995 0.91789001
-0.0090825036 0.051524997 0.89310998
-0.004615102 0.027491998 0.92584002
-0.009440504 0.02564 0.92830998
0.13015001 0.035008997 0.92154002
0.14923 0.027713995 0.93330002
-0.051904999 0.13538 0.76063001
-0.15042999 0.043357994 0.89657003
-0.15994 0.047789991 0.89253998
-0.15152001 0.064811997 0.86048001
-0.15199 0.063222989 0.86316001
-0.13772002 0.045938998 0.89253998
-0.15082002 0.041606002 0.89889002
-0.12971002 0.036366001 0.90768999
-0.15200999 0.029139999 0.91728002
-0.17243001 0.016132995 0.93518001
-0.13354 0.059299998 0.87127
-0.11735 0.059337996 0.87181997
-0.15611002 0.086026996 0.83263999
-0.15294001 0.10064 0.81124997
-0.15303001 0.099858999 0.81173003
-0.15330002 0.098347999 0.81314999
-0.15402001 0.095422 0.81698
-0.1584 0.080708995 0.84018999
-0.16102999 0.071419992 0.85413998
-0.16142002 0.070707999 0.85623997
-0.15859002 0.079934001 0.84121001
-0.16571 0.054356992 0.87898999
-0.16501001 0.053512998 0.88010001
-0.15457001 0.093208991 0.81987
-0.15632001 0.087387994 0.82915998
-0.16023999 0.073714003 0.84996003
-0.15995002 0.074458994 0.8484
-0.15745002 0.083687998 0.83513999
-0.15764001 0.082920998 0.83614999
-0.15726 0.084451996 0.83414
-0.15869001 0.079109997 0.84171999
-0.16162002 0.069905989 0.85729998
-0.15046 0.095310003 0.81602001
-0.14811 0.10382 0.80328
-0.14792001 0.095310003 0.81602001
-0.15090001 0.093892999 0.81841999
-0.15005001 0.093892992 0.81841999
-0.13997 0.096774995 0.81410998
-0.15057001 0.10735999 0.79866999
-0.0061732978 0.061337996 0.87456
-0.0082039014 0.042509995 0.89831001
-0.038594 0.048590995 0.89025003
-0.035126999 0.045187991 0.89599001
-0.053536005 0.045968994 0.89310998
-0.076247998 0.048466995 0.88796997
-0.046246 0.045158993 0.89541
-0.079112001 0.047606997 0.88911003
-0.086940996 0.057746995 0.87510997
-0.076700009 0.042786997 0.90415001
-0.089470007 0.040236 0.91007
-0.067146003 0.060621999 0.87731999
-0.076812007 0.031021997 0.91667998
-0.078869008 0.030130997 0.91848999
-0.07601101 0.030130997 0.91848999
-0.092063002 0.018096 0.93643999
-0.077660002 0.031930998 0.91547
-0.030363999 0.051491998 0.89253998
-0.027569003 0.052383997 0.89196002
-0.0099958032 0.052383997 0.89196002
-0.010935001 0.051524997 0.89310998
-0.010921001 0.052383993 0.89196002
-0.015997 0.034869995 0.91789001
-0.016018003 0.033963997 0.91909999
-0.084755011 0.17099001 0.70578003
-0.090341009 0.16051 0.72115999
-0.073909007 0.16486999 0.71411997
-0.077594005 0.16987 0.70722002
-0.081987999 0.16101 0.72004002
-0.10358001 0.12578 0.76947999
-0.10437001 0.12578 0.76947999
-0.1149 0.16493 0.7112
-0.10114 0.14781 0.73997998
-0.074006997 0.14956 0.73723
0.0044808984 0.089426994 0.83214003
-0.10210001 0.0065903962 0.95774001
-0.1019 0.011421993 0.94665003
-0.14805999 0.021789998 0.92830998
-0.17077002 0.018964998 0.93142003
-0.095168002 0.016187001 0.93834001
-0.13528001 -0.0023723021 0.96774
-0.070613004 0.0056204945 0.96171999
-0.076237999 -0.0085240006 0.98280001
-0.077257 -0.0085240006 0.98280001
-0.091150008 -0.014743 0.98979998
-0.083155997 -0.025387004 1.0048
-0.072266005 -0.021081001 0.99833
-0.078988008 -0.025387004 1.0048
-0.07237 -0.022149004 0.99976999
-0.064447999 -0.023319006 1.0056
-0.066532999 -0.023319006 1.0056
-0.053364001 -0.027690999 1.0129
-0.064681999 -0.025497004 1.0092
-0.086697005 -0.017963 0.99761999
-0.092447005 0.028300997 0.92093003
-0.10632 0.036412992 0.90888
-0.089398004 0.025656994 0.92892998
-0.09634801 0.1142 0.78868997
0.0063680001 0.017594002 0.74956
-0.085414 0.084401995 0.83363998
-0.092694007 0.086528003 0.82915998
-0.082578011 0.074504003 0.84891999
-0.0034619011 0.030704997 0.69449002
-0.09748701 0.15185 0.72987002
-0.11104 0.17445 0.69622999
-0.077514999 0.17043 0.70649999
0.29508999 -0.041288003 1.0378
0.31984001 -0.041288003 1.0378
0.30519 -0.050501004 1.0504
0.24122998 -0.009604305 0.98909998
0.24631 -0.023421004 1.0099
0.26598001 -0.018028006 1.0012
0.27616999 -0.016977005 1.0005
0.22907999 -0.032173 1.0218
0.23949 -0.034572005 1.0302
0.1442 -0.030032001 1.0211
0.15847 -0.019121006 1.0041
0.15508001 -0.024451002 1.0092
0.15821999 -0.024451002 1.0092
0.14703 -0.0013813004 0.97658002
0.22740999 -0.018015005 1.0005
0.20931998 -0.014870003 0.99833
0.23113999 -0.021280006 1.0077
0.24642 -0.032364003 1.0279
0.24355 -0.027894005 1.0203
0.24302 -0.026776999 1.0181
0.23934001 -0.011714004 0.99405003
0.26866001 -0.0086031035 0.99191999
0.27090999 -0.0086092055 0.99263
0.24811998 -0.012772001 0.99619001
0.24360999 -0.0065088049 0.98628998
0.23879001 -0.026776999 1.0181
0.24779999 -0.014881 0.99905002
0.25400999 -0.015917003 0.99905002
0.22005999 -0.019135006 1.0048
0.21557999 -0.018067002 1.0034
0.19788998 -0.042523004 1.0417
0.21682999 -0.022358 1.0092
0.21713999 -0.023437999 1.0107
0.22036999 -0.020206004 1.0063
0.22141999 -0.020206004 1.0063
0.20591 0.07154499 0.86637998
0.20501 0.07154499 0.86637998
0.11995 0.023986999 0.93897003
0.12268 0.029549997 0.93017
0.12011 0.023044996 0.94024003
0.13497999 0.011531994 0.95576
0.13544001 0.0095829964 0.95906001
0.13451999 0.013467997 0.95248997
0.13591 0.0076202974 0.96237999
0.12498 0.0036588982 0.97044998
0.14846 0.026782002 0.93454999
0.14789 0.024910994 0.93707001
0.16734 0.013486996 0.95380002
0.16756999 0.012514994 0.95511001
0.16559 0.012514994 0.95511001
0.16354001 0.002641499 0.96640003
0.17324001 -0.0023923069 0.97589999
0.16985001 -0.0013775006 0.97385001
0.18412998 0.015379995 0.94858998
0.15952 -0.0054435059 0.97864997
0.10212 -0.0023856014 0.97316003
0.21629998 -0.0075422004 0.98768997
0.19652 0.010598995 0.96104997
0.19678998 0.0096161962 0.96237999
0.16960999 0.016385999 0.94988
0.22894999 0.0026562959 0.97180003
0.18072 -0.013785005 0.99475998
0.17625 -0.026738003 1.0166
0.18300998 -0.0064995065 0.98488998
0.18019998 -0.0075315014 0.98628998
0.18311998 0.024943996 0.93834001
0.18544 0.024020001 0.94024003
0.18239 0.024003997 0.93961
0.16348 0.035940997 0.92093003
0.18603 0.024943996 0.93834001
0.18469 0.025864996 0.93643999
0.18371999 0.025864996 0.93643999
0.15537 0.055087999 0.89082003
0.17684001 0.054233998 0.89196002
0.18741 0.050893992 0.89831001
0.094130002 0.0046328977 0.96372002
0.1004 0.002641499 0.96640003
0.10981999 0.015443001 0.95248997
0.1595 -0.025534004 1.0107
0.18377 -0.0054705068 0.9835
0.18961999 -0.0044444054 0.98211002
0.18934998 -0.0034211054 0.98071998
0.18855 -0.00036867708 0.97658002
0.13504 -0.013756007 0.99263
0.13449 -0.015871003 0.99619001
0.13045999 -0.011656001 0.98909998
0.12537 0.035008997 0.92154002
0.17948 0.033031996 0.91970998
0.20400998 0.034892991 0.91848999
0.22757 0.023938995 0.93707001
0.16688 0.015421998 0.95117998
0.17083 0.015421994 0.95117998
0.18902999 0.0016519949 0.97385001
0.19760999 0.0066499934 0.96640003
0.19733998 0.0076414943 0.96506
0.19788 0.0056556985 0.96774
0.21337998 0.0016450956 0.96977001
0.25172001 0.031332001 0.92584002
0.25966999 0.033163995 0.92338002
0.24699998 0.023939002 0.93707001
0.23760998 0.025812998 0.93454999
0.22972 0.035845995 0.91848999
0.28525001 0.055017993 0.88968003
0.27900001 0.06915199 0.87018001
0.27952 0.068377994 0.87181997
0.28093001 0.06599699 0.87621999
0.28218001 0.063551992 0.88010001
0.30192 0.020215996 0.94471997
0.29703999 0.032313995 0.92645001
0.28398001 0.059364997 0.88571
0.28802001 0.050893996 0.89831001
0.28343001 0.061084997 0.88401997
0.28470001 0.056753993 0.88796997
0.28452 0.057637997 0.88740999
0.28690001 0.052552998 0.89484
0.28005001 0.067600995 0.87345999
0.27520999 0.077113003 0.85835999
0.27237001 0.077955 0.85782999
0.28272 0.062757999 0.88178003
0.28977999 0.018355995 0.94988
0.31323999 -0.0065319017 0.98979998
0.29844001 0.0066638961 0.96842003
0.30083001 0.0076520965 0.96640003
0.30188 0.0056675971 0.96977001
0.28913999 0.046718992 0.90768999
0.26102 0.10606 0.81410998
0.26071 0.10678 0.81314999
0.26295 0.096729994 0.82818002
0.26117 0.10256 0.81987
0.26537001 0.097530998 0.82767999
0.25760999 0.10249999 0.81939
0.25979999 0.10892999 0.81031001
0.26010001 0.10820999 0.81124997
0.26716 0.090128995 0.83867002
0.26508 0.094604999 0.83214003
0.22099999 0.035822 0.91789001
0.25881001 0.034962997 0.92031997
0.25593999 0.034962997 0.92031997
0.25885001 0.043866996 0.90710002
0.24149999 0.022997998 0.93834001
0.24116999 0.023938999 0.93707001
0.23793 0.024876997 0.93581003
0.23339999 0.023938995 0.93707001
0.23436999 0.023939002 0.93707001
0.23534 0.023938999 0.93707001
0.22590998 0.014426 0.95052999
0.23021001 0.016352996 0.94793999
0.22823998 0.016352993 0.94793999
0.23284 0.017311998 0.94665003
0.22683999 0.011515997 0.95445001
0.21386999 -0.0023940057 0.97658002
0.28779 -0.016989 1.0012
0.28841001 -0.015928 0.99976999
0.31406 -0.019149005 1.0056
0.31452 -0.020221002 1.007
0.30325001 -0.019190006 1.0077
0.28275999 -0.022358 1.0092
0.29848999 -0.02454 1.0129
0.30059001 -0.02454 1.0129
0.30164 -0.02454 1.0129
0.30225 -0.023455001 1.0114
0.30182001 -0.022374004 1.0099
0.30120999 -0.023455001 1.0114
0.29229999 -0.0085725039 0.98839003
0.30247 0.012522995 0.95576
0.28026 0.010562994 0.95774001
0.28125 0.010562994 0.95774001
0.28086001 0.011539996 0.95642
0.27735999 0.0036512986 0.96842003
0.28740999 0.019315001 0.94858998
0.26896 0.011539996 0.95642
0.27226001 0.0086062998 0.96104997
0.27588001 -0.000367634 0.97385001
0.25233001 -0.0095974058 0.98839003
0.25130001 -0.0095974058 0.98839003
0.26868999 0.0046619996 0.96977001
0.18641999 0.11362 0.80189002
0.18342999 0.10932 0.80700999
0.099211 0.14831001 0.74633998
0.19159999 0.070339993 0.86262
0.18555999 0.069532 0.86369002
0.25459999 0.024893999 0.93643999
0.24438998 0.049061999 0.89889002
0.24160001 0.049061995 0.89889002
0.24561998 0.050794996 0.89657003
0.25167 0.060245 0.88515002
0.22051999 0.052654997 0.89657003
0.21675 0.055193998 0.89253998
0.22799999 0.054303996 0.89310998
0.23912999 0.06351199 0.87954003
0.23640999 0.06599699 0.87621999
0.23943999 0.062678993 0.88066
0.2353 0.057527997 0.88571
0.20694998 0.060699001 0.87843001
0.18877998 0.058259994 0.8829
0.20817 0.047228992 0.89946997
0.20910999 0.047228996 0.89946997
0.20418 0.048098996 0.89831001
0.20392001 0.048966996 0.89714998
0.20484999 0.048966996 0.89714998
0.19909 0.078360997 0.85255998
0.21158999 0.078409001 0.85308999
0.21283999 0.079981998 0.85100001
0.21309999 0.079195991 0.85203999
0.20381001 0.093741998 0.83214003
0.21410999 0.090129003 0.83867002
0.23078999 0.13115001 0.77766001
0.23104998 0.13049001 0.77853
0.23159 0.13115001 0.77766001
0.22670999 0.12916 0.78027999
0.20920998 0.11867999 0.79683
0.2313 0.12983 0.77941
0.23210999 0.12983 0.77941
0.23185 0.13049001 0.77853
0.23133001 0.13180999 0.77679002
0.23284 0.1337 0.77376002
0.21934 0.14895 0.74956
0.22220999 0.14224 0.75939
0.22981 0.1453 0.75076997
0.22849998 0.14467999 0.75158
0.22747999 0.1453 0.75076997
0.21201998 0.14538001 0.75117999
0.23802999 0.12554 0.78292
0.23216999 0.14176001 0.76104999
0.24822 0.13217001 0.77419001
0.24849999 0.13151 0.77506
0.24947 0.12961 0.77810001
0.24919 0.13027 0.77723002
0.24796999 0.13165998 0.77591997
0.11766 0.1221 0.78691
0.20014 0.072307989 0.86477
0.16167 0.14074001 0.75980002
0.12837 0.14050999 0.75856
0.11429 0.076639995 0.85308999
0.075289004 0.13733 0.76271999
0.095524997 0.12659 0.77941
0.071255997 0.13797 0.76188999
0.071413003 0.13668999 0.76356
0.10745 0.094098002 0.82767999
0.10884 0.096385002 0.82523
0.11842 0.079099 0.85100001
0.16703001 0.049061991 0.89889002
0.16723999 0.048193 0.90004998
0.16539 0.035940997 0.92093003
0.16235 0.024893999 0.93643999
0.15922999 0.025829997 0.93518001
0.15299 0.027694996 0.93267
0.18256 0.041233998 0.91127002
0.15947001 0.047167994 0.89831001
0.15874 0.046296 0.89946997
0.15967 0.046295993 0.89946997
0.16739 0.041930996 0.90592003
0.16573 0.041044995 0.90710002
0.16479 0.041044991 0.90710002
0.16624001 0.042814996 0.90473998
0.15246999 0.033918992 0.91789001
0.15468 0.033032 0.91970998
0.16058999 0.065830998 0.87401003
0.17618001 0.057417996 0.88401997
0.19255 0.067993999 0.86691999
0.20297 -0.011697002 0.99263
0.20119998 -0.012745 0.99405003
0.19992 -0.0085664019 0.98768997
0.20473999 -0.010653004 0.99120998
0.20723 -0.0085725039 0.98839003
0.19711 0.08320599 0.84788001
0.19365001 0.063551992 0.88010001
0.26297 0.088443004 0.83917999
0.26122999 0.092182003 0.83363998
0.24033999 0.10969999 0.80984002
0.25887999 0.10672 0.81268001
0.24506998 0.095068991 0.82867002
0.24575999 0.099807993 0.82523
0.25613999 0.077619001 0.85413998
0.23049 0.07998199 0.85100001
0.23300999 0.071589991 0.86691999
0.23611 0.066820994 0.87510997
0.24065 0.069022 0.86855
0.15311 -0.0034067035 0.97658002
0.12804 0.0095500946 0.95576
0.15385 0.015400998 0.94988
0.1452 0.006636098 0.96438998
0.16582 0.011539996 0.95642
0.12555 0.078264989 0.85152
0.12004 0.079883993 0.84996003
0.17808001 0.077955 0.85782999
0.18952 0.064300992 0.87787998
0.062410999 0.0016416982 0.96774
0.065195002 0.004636094 0.96438998
0.062809996 -0.020206004 1.0063
0.063853003 -0.020206004 1.0063
0.064802997 -0.019135006 1.0048
0.063623004 -0.018054001 1.0027
0.11631 -0.015928 0.99976999
0.076103002 -0.027791999 1.0166
0.076214999 -0.028888002 1.0181
0.064897001 -0.020206004 1.0063
0.081841998 -0.0064949021 0.98418999
0.082863003 -0.0064949021 0.98418999
0.083883002 -0.0064949021 0.98418999
0.084002003 -0.007526204 0.98558998
0.094894998 -0.012726001 0.99263
0.079914004 -0.007526204 0.98558998
0.080027997 -0.0085602999 0.98698997
0.10255 0.0016416982 0.96774
0.10356 0.0016416982 0.96774
0.10456 0.0016416982 0.96774
0.1037 0.0006390661 0.96908998
0.075246997 0.0036385953 0.96506
0.050124999 0.0086241961 0.96305001
0.013175 0.0046296939 0.96305001
0.012176 0.0046296939 0.96305001
0.028429998 -0.00036711991 0.97248
0.026413999 -0.00036711991 0.97248
0.022275995 -0.029812999 1.0136
-0.003888201 -0.0064995065 0.98488998
-0.0050306953 -0.024451002 1.0092
0.028833998 -0.0095770061 0.98628998
-0.078590997 -0.022149004 0.99976999
-0.090060003 0.0075730979 0.95642
-0.031794004 -0.036654003 1.0286
-0.050782003 -0.023269005 1.0034
-0.051821999 -0.023269005 1.0034
-0.066969 -0.027671002 1.0121
-0.066872001 -0.026582003 1.0107
-0.0087106004 0.010518998 0.95380002
-0.010718003 0.0085648969 0.95642
-0.0067511015 0.0085648969 0.95642
-0.038998999 -0.014817007 0.99475998
-0.043187 -0.015871003 0.99619001
-0.019653 -0.026505001 1.0077
-0.023713 -0.023252003 1.0027
-0.020851001 -0.00036482513 0.96640003
-0.040255003 -0.0064357072 0.97521001
-0.017746001 0.0026268959 0.96104997
-0.0038150996 0.00063728541 0.96640003
0.081514001 -0.015814006 0.99263
0.079568997 -0.016868003 0.99405003
0.042048 0.0056165978 0.96104997
-0.087606005 -0.016904004 0.99619001
-0.089801006 -0.017963 0.99761999
-0.12212 -0.043311 1.0348001
-0.096492998 -0.021173 1.0027
-0.094755001 -0.023336001 1.0063
-0.097548001 -0.031915002 1.0136
-0.11625 -0.024292 1.0027
-0.13702002 0.15498 0.72681999
-0.16787001 -0.022164002 1.0005
-0.16703001 -0.018957004 0.99546999
-0.18144 -0.0023723021 0.96774
0.24333999 0.14059 0.75897002
0.27397001 -0.052958995 1.056
0.23965999 -0.047196999 1.0496
0.30096999 -0.043668002 1.0433
0.17179 -0.048177004 1.0472
0.16648 -0.0493 1.048
0.14301001 -0.052718997 1.0512
0.2511 -0.037917003 1.034
0.24127001 -0.037889004 1.0332
0.23203999 -0.047196999 1.0496
0.23312998 -0.047196999 1.0496
0.23277998 -0.046039 1.048
0.23385999 -0.046039 1.048
0.23098999 -0.043733999 1.0448999
0.22985998 -0.047196999 1.0496
0.22876999 -0.047196999 1.0496
0.24111 -0.052958995 1.056
0.23638999 -0.047196999 1.0496
-0.022494003 -0.045798004 1.0425
-0.019249998 -0.045798004 1.0425
-0.017088003 -0.045798004 1.0425
-0.013856001 -0.046914004 1.0433
-0.017113999 -0.048032001 1.0441
-0.0041188002 -0.046914004 1.0433
-0.017037004 -0.043505006 1.0394
-0.022459999 -0.044650003 1.041
0.073941998 -0.047020003 1.0457
0.11181 -0.044817001 1.0448999
-0.087389 -0.037776999 1.0302
-0.012303002 -0.024345003 1.0048
-0.014619 -0.034267001 1.0211
0.13689999 -0.011680007 0.99120998
0.13621999 -0.0085542053 0.98628998
0.14805 -0.021203004 1.0041
0.043805003 -0.016989 1.0012
-0.00085394084 -0.033183999 1.0203
0.12296 -0.035613999 1.0294
0.12598 -0.034495004 1.0279
0.13248 -0.041257001 1.0371
0.13268 -0.042395003 1.0386
0.13631999 -0.044683002 1.0417
0.14484 -0.027833 1.0181
0.17222001 -0.044750005 1.0433
0.18877 -0.037889004 1.0332
0.11274 -0.052838996 1.0536
0.19092 0.17885999 0.70221001
0.22206998 0.17535999 0.70866001
0.20688 0.15705 0.73294997
0.20308 0.15705 0.73294997
0.20578998 0.15586001 0.73449999
0.20763999 0.15705 0.73294997
0.17922001 0.092237003 0.83414
0.18417999 0.092989996 0.83314002
0.18331999 0.092989996 0.83314002
0.16789 0.098096989 0.82523
0.18158001 0.098096989 0.82523
0.18309999 0.093741998 0.83214003
0.18245998 0.092989996 0.83314002
-0.07613001 0.16486999 0.71411997
-0.025281005 0.17551 0.70043999
-0.023231 0.17283 0.70434999
-0.033817001 0.16731 0.71192998
-0.035203002 0.16835999 0.71011001
-0.038353004 0.15673999 0.72795999
-0.038423002 0.16512001 0.71521997
-0.0043024011 0.16643 0.71449
-0.0021157004 0.15800001 0.72681999
-0.018613003 0.17715999 0.69554001
-0.02668 0.12086999 0.78424001
-0.084583007 0.17209999 0.70434999
-0.0097339004 0.15401 0.73294997
-0.0095719025 0.075847998 0.85413998
-0.00069602951 0.090236001 0.83165002
-0.061468005 0.0075939968 0.95906001
-0.061553001 0.0066085979 0.96038997
-0.057286002 -0.0013755038 0.97248
-0.058674 0.034778997 0.91547
-0.062889002 0.021965999 0.93581003
-0.051045999 0.035703994 0.91486001
-0.036986001 0.031104002 0.91909999
-0.039792001 0.032014996 0.91789001
-0.044475004 0.044315998 0.89714998
-0.037035003 0.030191001 0.92031997
-0.032263003 0.030190997 0.92031997
-0.050630003 0.026496999 0.92460001
-0.030354999 0.030190997 0.92031997
-0.035337001 0.026531998 0.92584002
-0.063543998 0.0066085979 0.96038997
-0.050632998 0.0026268959 0.96104997
-0.067497 0.012394994 0.94599998
-0.059609003 0.013366997 0.94536
-0.051380999 0.0055895969 0.95642
-0.064318001 0.0085707977 0.95708001
-0.064161003 0.019144997 0.94024003
-0.090592004 0.039368995 0.91185999
-0.080890007 0.025708996 0.93080002
-0.079066001 0.024777003 0.93204999
-0.040339999 -0.0074627027 0.97727001
-0.029801004 -0.018997006 0.99761999
-0.030924 -0.021127 1.0005
-0.050976001 -0.012654006 0.98698997
-0.061211005 -0.013678007 0.98698997
-0.028030001 0.021051999 0.93834001
-0.027860999 0.024793997 0.93267
-0.032740004 0.023858 0.93392003
-0.1044 -0.0095095038 0.97934002
-0.12902001 -0.022085004 0.99690002
-0.12913001 -0.017822005 0.98979998
-0.10331 -0.0033806041 0.96908998
-0.15435001 -0.0033759028 0.96774
-0.15297002 -0.02747 1.0048
-0.11631001 -0.011614002 0.98558998
0.17139 0.019209996 0.94343001
0.13169999 0.041930996 0.90592003
-0.14451 0.12847 0.76651001
-0.14777002 0.11756 0.78380001
-0.14802 0.11612999 0.78513002
-0.14645001 0.12213999 0.77679002
-0.13971001 0.12518999 0.77076
-0.12373 0.12519 0.77076
-0.14355001 0.12585001 0.76990998
-0.14403 0.12133999 0.77679002
-0.14451 0.12266999 0.77506
-0.13615 0.11137 0.79184002
-0.13227001 0.11073999 0.79320002
-0.13009 0.10588999 0.80005002
-0.14937001 0.11060999 0.79228997
-0.13608 0.13437 0.75939
-0.10825 0.16158 0.71596003
-0.13205001 0.17332999 0.70043999
-0.11953 0.17635 0.69519001
-0.13086 0.15918 0.72191
-0.10518 0.15008 0.73606002
-0.10153001 0.14956 0.73723
-0.097950004 0.175 0.69554001
-0.096314006 0.17681 0.69414997
-0.092524 0.17193 0.70363998
-0.091798998 0.14421 0.74514002
-0.091898002 0.14359 0.74594003
-0.09344501 0.14359 0.74594003
-0.079815008 0.12766001 0.77118999
-0.15221 0.028225999 0.91848999
-0.15316001 0.028225992 0.91848999
-0.13477001 0.036460996 0.91007
-0.14469001 0.023635998 0.92522001
-0.17112002 -0.031915002 1.0136
-0.17137 -0.033015005 1.0151
-0.17218 -0.031915002 1.0136
-0.069728002 -0.037471004 1.0218
-0.17268002 -0.034116998 1.0166
-0.17373002 -0.034116998 1.0166
-0.096497007 -0.031915002 1.0136
-0.16097 -0.034092002 1.0158
-0.13898 -0.026544005 1.0092
-0.14783999 -0.020046003 0.99833
-0.13813999 -0.027630001 1.0107
-0.13919002 -0.027630001 1.0107
-0.17733002 -0.024257004 1.0012
-0.060993999 -0.011590004 0.9835
-0.061838999 -0.0095229 0.98071998
-0.060822003 -0.0095229 0.98071998
-0.083329998 -0.0043916032 0.97044998
-0.038046002 -0.0033853054 0.97044998
0.066551998 -0.056950003 1.0488
-0.17612001 0.010475993 0.94988
-0.17362002 0.029255997 0.92093003
-0.16385001 0.060953997 0.86909002
-0.16457 0.058506995 0.87291002
-0.17305002 0.031063002 0.91789001
-0.17146 0.035493996 0.90947998
-0.17101002 0.036341995 0.90710002
-0.18081 0.0036159977 0.95906001
-0.16478002 0.046925001 0.89367998
-0.1471 0.12026 0.78027999
-0.14629 0.12026 0.78027999
0.15869001 -0.026621006 1.0121
0.15554 -0.026621006 1.0121
0.18583998 -0.011656001 0.98909998
0.18344 -0.017976001 0.99833
-0.076300003 0.14956 0.73723
-0.11684 0.14227 0.74713999
-0.11276 0.15001 0.73566997
0.041042004 0.17502999 0.70434999
0.038423005 0.17743 0.69657999
0.036256 0.17743 0.69657999
0.043478996 0.17743 0.69657999
-0.093544997 0.14297 0.74673998
-0.094218008 0.14359 0.74594003
-0.11397 0.13428998 0.75897002
-0.11322 0.13733 0.75402999
-0.11696 0.14165001 0.74794
-0.11709001 0.14103 0.74874997
-0.10449 0.12512 0.77033001
-0.12168 0.12073 0.77810001
-0.12134 0.12200999 0.77591997
-0.13091999 0.096100003 0.81554002
-0.11871 0.11612999 0.78513002
-0.1213 0.11213 0.79139
-0.11627 0.11613 0.78513002
-0.12854001 0.11282 0.79048997
-0.13129002 0.11142999 0.79228997
-0.12979001 0.1073 0.79821002
-0.09183801 0.10089 0.80655003
-0.089432009 0.10016999 0.80747998
-0.057493001 0.14727999 0.74115998
-0.16881001 0.044229999 0.89541
-0.16870001 0.04513 0.89484
-0.17945001 0.0085237995 0.95183998
-0.17408001 0.026461001 0.92338002
0.10178 -0.032126002 1.0203
0.091983005 -0.030977003 1.0173
0.09606199 -0.057035998 1.0504
0.087150007 -0.053646997 1.048
0.095700003 -0.052480996 1.0464
0.15771 -0.0064675063 0.98003
0.12913001 -0.060487002 1.0536
0.19235 -0.052799001 1.0528001
0.15632001 -0.058256999 1.0528001
0.14879 -0.056116 1.0536
0.15425999 -0.057209 1.0536
0.1675 -0.03215 1.0211
0.24934998 -0.058568001 1.0584
0.24056998 -0.057470009 1.0584
0.24147999 -0.055233002 1.0576
0.24129999 -0.054095 1.0568
0.24037999 -0.055233002 1.0576
0.2349 -0.056329995 1.0576
0.27656001 -0.018041 1.0019
0.25979999 -0.030054003 1.0218
0.26707 -0.033479005 1.0294
0.25821999 -0.035719998 1.0325
0.26639 -0.034598 1.0309
0.25929001 -0.035719998 1.0325
0.10069 0.028552994 0.75158
-0.15448999 -0.011565 0.98141003
-0.15769002 -0.0043885037 0.96977001
-0.17519 -0.016784005 0.98909998
-0.17724001 -0.016784005 0.98909998
-0.17801002 -0.015736006 0.98768997
-0.18134001 -0.016784005 0.98909998
-0.13207 0.010497995 0.95183998
-0.15332001 0.0085530952 0.95511001
-0.13064 0.012428999 0.94858998
-0.13117 0.022828996 0.93142003
-0.13213 0.022828996 0.93142003
-0.13331002 0.013385996 0.94665003
-0.14449 0.031062998 0.91789001
-0.11635 0.034709997 0.91365999
-0.10677 0.030210998 0.92093003
-0.11243 0.030190997 0.92031997
-0.12554002 0.021891996 0.93267
-0.12843999 0.021891996 0.93267
-0.1157 0.042647991 0.90122002
-0.12602001 0.046057995 0.89484
-0.12675002 0.042592991 0.90004998
-0.12416 0.046057999 0.89484
-0.16873002 0.030190997 0.92031997
-0.16778001 0.030190993 0.92031997
-0.16896001 0.029275998 0.92154002
-0.16682002 0.030190993 0.92031997
-0.10092 -0.033039004 1.0158
-0.078502007 0.010461994 0.94858998
-0.086211003 0.0046040937 0.95774001
-0.12201 -0.038644999 1.0247999
-0.13309002 -0.028720006 1.0121
-0.12155 -0.028720006 1.0121
-0.11243 -0.029857002 1.0151
-0.10959 -0.032056004 1.0181
-0.097947009 -0.051088005 1.0402
-0.099880002 -0.048821002 1.0378
-0.053559005 -0.029899999 1.0166
-0.032476 -0.028846003 1.0166
-0.042153999 -0.015871003 0.99619001
-0.053795002 -0.033209004 1.0211
0.11655 -0.060763001 1.0584
-0.030725002 -0.014806002 0.99405003
0.055739 0.059032001 0.71486002
0.041924 0.0077400953 0.77463001
0.26183 -0.021311 1.0092
0.26317 -0.024576001 1.0144
0.25345001 -0.030054003 1.0218
0.25183001 -0.028930999 1.0196
0.31334001 -0.044817001 1.0448999
0.30739 -0.042427003 1.0394
0.31601 -0.042427003 1.0394
0.27026001 0.078746989 0.85676998
0.1433 0.17722 0.70434999
0.11522001 0.17779 0.69797999
0.12725 0.17840999 0.70043999
0.11305 0.17779 0.69797999
0.093064003 0.17832001 0.70008999
0.091611996 0.17832001 0.70008999
0.090885997 0.17832001 0.70008999
0.088707998 0.17832001 0.70008999
0.057232 0.17752001 0.69692999
0.059458997 0.1777 0.69762999
0.066003002 0.17779 0.69797999
0.057983998 0.17761 0.69727999
0.055035997 0.17743 0.69657999
0.051424 0.17743 0.69657999
0.044901002 0.17734 0.69622999
0.045646001 0.17743 0.69657999
0.049256999 0.17743 0.69657999
0.11099 0.17795999 0.69867998
0.096790999 0.17778 0.7008
0.034810998 0.17743 0.69657999
0.039827 0.17725 0.69588
0.028267996 0.17715999 0.69554001
0.012469005 0.17669 0.69938999
-0.0092554986 0.17752001 0.69692999
-0.0099781975 0.17752001 0.69692999
-0.0078061968 0.17743 0.69657999
0.005195599 0.17743 0.69657999
0.0088161007 0.17761 0.69727999
-0.010696001 0.17743 0.69657999
-0.0093446001 0.17339 0.70363998
-0.024432003 0.17752001 0.69692999
0.092290998 0.17823 0.69973999
0.068864003 0.1777 0.69762999
0.077545002 0.1777 0.69762999
0.17286 0.17465 0.70578003
0.15703 0.17840999 0.70043999
0.15848 0.17840999 0.70043999
0.15921 0.17840999 0.70043999
0.16066 0.17840999 0.70043999
0.16429 0.17840999 0.70043999
0.16283999 0.17840999 0.70043999
0.16211 0.17840999 0.70043999
0.17027 0.17787001 0.70115
0.17091 0.1785 0.7008
0.032402001 0.13973001 0.75856
0.051279996 0.13894001 0.75856
0.051336005 0.13831 0.75939
0.051449005 0.15209 0.73841
0.061322 0.14762001 0.74673998
0.061388001 0.147 0.74754
0.13695 0.14662001 0.74956
0.25529999 0.084135994 0.8484
0.25898001 0.084187992 0.84891999
0.14906 0.11551 0.79775
0.14949 0.11418 0.80005002
0.22209999 0.1285 0.78116
0.22240999 0.12983 0.77941
0.22266001 0.12916 0.78027999
0.22160998 0.12983 0.77941
0.17911001 0.14663 0.75362003
0.19973999 0.13462999 0.76990998
0.19894999 0.13462999 0.76990998
0.13044 0.14483 0.75239998
0.066574 0.15976 0.72795999
0.16763 0.095871001 0.82818002
0.23587 0.15686999 0.73566997
0.23877999 0.15185 0.74474001
0.23229998 0.16427 0.72455001
0.24228001 0.14311001 0.75567001
0.24728 0.1329 0.77376002
0.25066999 0.12455 0.78691
0.23589 0.13049001 0.77853
0.24428999 0.12259 0.79004002
0.24671 0.13456 0.76947999
0.24522001 0.13771001 0.76481998
0.26569 0.096787997 0.82867002
0.26712 0.093854003 0.83314002
0.27623001 0.074719995 0.86154997
0.23034 0.14591999 0.74996001
0.24201998 0.14452 0.75484997
0.24214998 0.14382 0.75525999
0.26041001 0.10749999 0.81220001
0.2577 0.11305 0.80374998
0.25244001 0.1238 0.78735
0.25200999 0.12441 0.78601998
0.25402001 0.12047 0.79228997
0.19415 0.16202 0.72795999
0.19490001 0.16202 0.72795999
0.19902998 0.17053001 0.71302003
0.19942001 0.16778 0.71706998
0.20113 0.16883001 0.71521997
0.20164999 0.16778 0.71706998
0.20186999 0.16883001 0.71521997
0.19207999 0.13771001 0.76481998
0.20221999 0.15942 0.72987002
0.20146999 0.15942 0.72987002
0.27052999 -0.025627002 1.0144
0.26298001 -0.030054003 1.0218
0.20405 -0.052718997 1.0512
0.20773998 -0.034445003 1.0264
0.19848999 -0.044817001 1.0448999
0.14224 -0.013756007 0.99263
0.13916001 -0.013756007 0.99263
0.1508 -0.012754001 0.99475998
0.29699001 -0.035746001 1.0332
0.32221001 -0.029080003 1.0247999
0.28329 -0.033504002 1.0302
0.27967 -0.032388002 1.0286
0.29545 -0.032364003 1.0279
0.26471001 -0.055275008 1.0584
0.26361999 -0.055275008 1.0584
0.32148001 -0.022358 1.0092
0.30540001 -0.023455001 1.0114
0.30585 -0.02454 1.0129
0.31589001 -0.023455001 1.0114
0.30524001 -0.025627002 1.0144
0.25248 0.12258999 0.79004002
0.31847 -0.012818001 0.99976999
0.30919999 0.0076361969 0.96438998
0.3231 -0.020235002 1.0077
0.32381001 -0.022374004 1.0099
0.30476001 0.017382998 0.95052999
0.29914001 0.023091994 0.94216001
0.29955 0.022144996 0.94343001
0.29903001 0.028661996 0.93267
0.29468 0.038728997 0.91909999
0.29216999 0.044067997 0.91127002
0.29332 0.041395996 0.91486001
0.17396 0.12291999 0.78691
0.17171 0.12223999 0.78780001
0.18228999 0.1321 0.77376002
0.15800001 0.12156 0.78868997
0.14248 0.12667 0.77983999
0.10168 0.14059 0.75897002
0.092294998 0.14839 0.74673998
0.09307 0.14839 0.74673998
0.11687 0.13548 0.76565999
0.17888001 0.13275 0.77289999
0.15036 0.13064 0.77463001
0.17990001 0.16982999 0.71632999
0.18063998 0.16982999 0.71632999
0.18621001 0.15592 0.73841
0.19661999 0.14452 0.75484997
0.19744 0.14632 0.75199002
0.19922 0.16260999 0.72719997
0.19422999 0.16534001 0.72266001
0.24096999 0.1478 0.75158
0.24019 0.1478 0.75158
0.21831998 0.14957 0.74874997
0.21886998 0.15018 0.74794
0.2191 0.14957 0.74874997
0.23940998 0.1478 0.75158
0.21996 0.13857999 0.76524001
0.21394998 0.08325699 0.8484
0.22610998 0.094548002 0.83165002
0.22696999 0.094548002 0.83165002
0.24634001 0.098329999 0.82718998
0.16989 0.17677 0.70257002
0.17045 0.17732 0.70186001
0.22369999 0.098659992 0.82278001
0.25148001 0.12455 0.78691
0.25044999 0.12769 0.78116
0.25130001 0.12568 0.78380001
0.24675 0.12258999 0.79004002
0.24801999 0.11992 0.79409999
0.24265 0.12259 0.79004002
0.25169 0.10904999 0.81124997
0.23705998 0.099748991 0.82473999
0.23359001 0.10503 0.81268001
0.24063998 0.072977997 0.86207998
0.25400001 0.070778996 0.86800998
0.23030999 0.071589991 0.86691999
0.22850999 0.071589991 0.86691999
0.23093998 0.090778992 0.83665001
0.24952999 0.087176003 0.84376001
0.24425998 0.08860299 0.84069997
0.23010999 0.093045995 0.83363998
0.24179 0.089204997 0.83816999
0.23795 0.069022 0.86855
0.031415001 -0.023269005 1.0034
0.061214004 -0.008506 0.98071998
0.039885998 -0.0074943006 0.98141003
0.040027 -0.0095634013 0.98488998
0.023736998 -0.011631005 0.98698997
0.069187999 -0.042427003 1.0394
0.053067002 -0.029988006 1.0196
0.062909 -0.044716999 1.0425
0.046833996 -0.047020003 1.0457
0.079682998 -0.017924003 0.99546999
0.091646999 -0.028762005 1.0136
0.12999 -0.0095702037 0.98558998
0.13407999 -0.0095702037 0.98558998
0.12369 -0.0085361004 0.98418999
0.12088 -0.0095770061 0.98628998
0.12131 -0.011664003 0.98979998
0.093999997 -0.013775006 0.99405003
0.090262003 -0.0085602999 0.98698997
0.020873997 -0.056950003 1.0488
0.044767 -0.051473007 1.048
0.041444 -0.049225003 1.0464
0.019786 -0.058037996 1.0488
0.014348 -0.055861995 1.0488
0.049077004 -0.049263 1.0472
0.090002 -0.058433995 1.056
0.082075 -0.0085602999 0.98698997
0.074180998 -0.020176999 1.0048
0.1296 -0.015905 0.99833
0.29185 0.0016566962 0.97658002
0.29286 0.0016566962 0.97658002
0.29346001 0.0026655942 0.97521001
0.2669 -0.0023974031 0.97795999
0.25944 -0.0013813004 0.97658002
0.25402001 -0.0085602999 0.98698997
0.26899999 -0.00036789477 0.97452998
0.27824 -0.016977005 1.0005
-0.094827004 0.17671999 0.69379997
-0.084078006 0.17681 0.69414997
-0.069646999 0.17671999 0.69379997
-0.070366003 0.17671999 0.69379997
-0.071085997 0.17671999 0.69379997
-0.013498001 0.015285999 0.94278997
-0.013452999 0.017182998 0.93961
-0.055094004 0.032056995 0.91909999
-0.038586006 0.038423996 0.91185999
-0.035709001 0.0066177994 0.96171999
-0.0099804997 -0.0054589063 0.98141003
-0.028106004 0.019158002 0.94088
-0.017140999 -0.0075102001 0.9835
-0.044302002 0.023825996 0.93267
-0.016039997 0.033053998 0.92031997
-0.0044519007 0.050598998 0.89310998
-0.037895001 0.14413001 0.74874997
-0.036539003 0.14101 0.75281
-0.15063 0.042482998 0.89772999
-0.15900999 0.047789991 0.89253998
-0.086668007 0.059374996 0.87237
-0.085763 0.059374996 0.87237
-0.078090005 0.048466995 0.88796997
-0.13642001 0.058469996 0.87237
-0.13083002 0.047637001 0.88968003
-0.14021 0.043357998 0.89657003
-0.15296 0.029139999 0.91728002
-0.17146 0.016132992 0.93518001
-0.16069001 0.011413999 0.94599998
-0.15753001 0.012378998 0.94471997
-0.14712 0.018060002 0.93454999
-0.12657002 0.10208999 0.80936003
-0.11625 0.10695999 0.80189002
-0.11398 0.10209 0.80936003
-0.11529001 0.10767 0.80097002
-0.11958001 0.11036 0.79637998
-0.11532 0.11105999 0.79547
-0.16529 0.056038 0.87677002
-0.16477001 0.057673998 0.87401003
-0.15547001 0.064077996 0.86262
-0.15400001 0.059523996 0.87456
-0.13344002 0.066927999 0.86477
-0.11049 0.10281 0.80842
-0.10992 0.10561 0.80421001
-0.12161001 0.096100003 0.81554002
-0.11711001 0.097561993 0.81362998
-0.15688002 0.085975997 0.83214003
-0.16073 0.072172001 0.85255998
-0.16273001 0.065012999 0.86316001
-0.16192999 0.064157993 0.86369002
-0.14341 0.079740994 0.83917999
-0.16044 0.072921991 0.85100001
-0.16153002 0.065785989 0.86154997
-0.15792 0.082202993 0.83766001
-0.16202 0.068296999 0.85942
-0.15357 0.096831992 0.81458002
-0.1469 0.096042991 0.81506002
-0.14328 0.10582999 0.79958999
-0.0042892992 0.071950004 0.86048001
-0.017519005 0.043442 0.89831001
-0.019357003 0.044315998 0.89714998
-0.0042945966 0.071145989 0.86154997
-0.069358997 0.052733995 0.88234001
-0.067893997 0.065053999 0.86369002
-0.086219005 0.068253994 0.85889
-0.081939004 0.061030991 0.87018001
-0.079264008 0.046774991 0.89082003
-0.079415999 0.045938995 0.89253998
-0.085079007 0.045071997 0.89367998
-0.091077007 0.060203992 0.87127
-0.095657997 0.065053999 0.86369002
-0.085992001 0.054667998 0.88401997
-0.10840001 0.066969991 0.8653
-0.10930001 0.066969991 0.8653
-0.10853001 0.066155002 0.86637998
-0.079558007 0.031931002 0.91547
-0.080402009 0.032836996 0.91426003
-0.080508001 0.031930994 0.91547
-0.075861 0.031021997 0.91667998
-0.074519001 0.075246997 0.84737003
-0.067447998 0.07520099 0.84684998
-0.11783 0.048528995 0.88911003
-0.078608997 0.031930998 0.91547
-0.011238001 0.034869995 0.91789001
-0.014094003 0.034869999 0.91789001
-0.031001002 0.038398996 0.91127002
-0.077706002 0.092961997 0.82523
-0.081877999 0.081727996 0.84171999
-0.075227998 0.092216 0.82621002
-0.081629999 0.083222002 0.83917999
-0.058945999 0.10791999 0.80282003
-0.057843 0.11896999 0.78780001
-0.091330998 0.098811001 0.81698
-0.091439001 0.098078996 0.81794
-0.00071794167 0.072618 0.85782999
-0.049804002 0.16225 0.71891999
-0.057163998 0.15657 0.72719997
-0.042904004 0.15606 0.72834003
-0.078262009 0.15197 0.73411
-0.076820008 0.15137 0.73488998
-0.07690201 0.15076999 0.73566997
-0.089593999 0.16051 0.72115999
-0.082673006 0.15707999 0.72605997
-0.091089003 0.16051 0.72115999
-0.11458 0.16329999 0.71375
-0.12275001 0.16870999 0.70542002
-0.0032063983 0.10328999 0.81220001
-0.0040018968 0.11125 0.80282003
-0.019299001 0.099541001 0.81602001
-0.031684004 0.1189 0.78735
-0.033355005 0.11822 0.78825003
-0.0081455037 0.11182 0.80097002
-0.0089863986 0.11112 0.80189002
-0.013129003 0.11099 0.80097002
-0.035884999 0.10448 0.80842
-0.035636 0.10791999 0.80282003
-0.0081128031 0.11386 0.79775
-0.0033250004 0.082650989 0.84223002
-0.13778999 0.017136998 0.93707001
-0.12863001 0.0026323944 0.96305001
-0.12763 0.0026323944 0.96305001
-0.092311002 0.016197998 0.93897003
-0.09218701 0.017148994 0.93770999
-0.095490001 0.014288999 0.94151998
-0.095684998 0.013339996 0.94343001
-0.14381 -0.0094961002 0.97795999
-0.13929 -0.0023723021 0.96774
-0.071461998 0.0066040978 0.95972002
-0.067387998 0.0075887963 0.95840001
-0.071231 -0.021081001 0.99833
-0.067785002 -0.015826002 0.99334002
-0.073407002 -0.022149004 0.99976999
-0.071314 0.007583499 0.95774001
-0.096467011 0.014288999 0.94151998
-0.055393003 0.11896999 0.78780001
-0.077780999 0.11985999 0.78292
-0.091998003 0.085822001 0.83064997
-0.092164002 0.085112989 0.83214003
-0.062674001 0.11884 0.78691
-0.071948998 0.17490999 0.69519001
0.27160999 -0.042395003 1.0386
0.25297999 -0.043603003 1.0417
0.31121001 -0.033404998 1.0271
0.30565 -0.051668003 1.052
0.24471 -0.019107006 1.0034
0.25158 -0.013825007 0.99761999
0.25055 -0.013825007 0.99761999
0.26493999 -0.018028006 1.0012
0.2656 -0.016965002 0.99976999
0.23269999 -0.023421004 1.0099
0.22255 -0.03215 1.0211
0.22940999 -0.033282004 1.0233001
0.24756998 -0.026698999 1.0151
0.21502998 -0.034419 1.0256
0.22158 -0.035509005 1.0264
0.24162999 -0.039019004 1.0348001
0.22795999 -0.035509005 1.0264
0.16205999 -0.021265 1.007
0.23313999 -0.028973006 1.0211
0.21540999 -0.029922001 1.0173
0.21614999 -0.028825 1.0158
0.22288001 -0.033257 1.0226001
0.22182 -0.033257 1.0226001
0.23721999 -0.025665 1.0158
0.24445 -0.030121006 1.0240999
0.24855 -0.032364003 1.0279
0.27914 -0.0075799003 0.99263
0.24195999 -0.026776999 1.0181
0.23773998 -0.026776999 1.0181
0.24882999 -0.014881 0.99905002
0.24987 -0.014881 0.99905002
0.21619999 -0.020206004 1.0063
0.1981 -0.025646001 1.0151
0.20005 -0.042523004 1.0417
0.20034999 -0.043668002 1.0433
0.19926998 -0.043668002 1.0433
0.20760998 -0.039076999 1.0362999
0.19819 -0.043668002 1.0433
0.21746001 -0.024522007 1.0121
0.21513999 -0.03215 1.0211
0.1397 0.044603992 0.90298003
0.13135 0.043695997 0.90355998
0.20859998 0.07154499 0.86637998
0.11496 0.0086181983 0.96237999
0.14943001 0.026781999 0.93454999
0.14866 0.025846995 0.93581003
0.14963 0.025846995 0.93581003
0.14983 0.024910998 0.93707001
0.15275 0.024910998 0.93707001
0.14885999 0.024910998 0.93707001
0.15494999 0.001643993 0.96908998
0.15661 -0.0013765022 0.97316003
0.15639 -0.00036686659 0.97180003
0.16856 0.012514994 0.95511001
0.16291 -0.0064720064 0.98071998
0.18107 0.0085825995 0.95840001
0.18379998 0.0095632002 0.95708001
0.10384 -0.0003663525 0.97044998
0.094720997 -0.00036609173 0.96977001
0.10371 -0.0054435059 0.97864997
0.10472 -0.0054435059 0.97864997
0.17872 0.015421998 0.95117998
0.17576 0.015421994 0.95117998
0.18594 0.022130001 0.94278997
0.19542 0.0036588982 0.97044998
0.19815999 0.004658699 0.96908998
0.19843999 0.0036588982 0.97044998
0.22825998 0.0016508996 0.97316003
0.2062 0.0076361969 0.96438998
0.22751001 0.0066453964 0.96573001
0.1769 -0.028952003 1.0203
0.19766 -0.02454 1.0129
0.17764001 -0.009604305 0.98909998
0.17686 -0.010645002 0.99050999
0.17994 -0.0064995065 0.98488998
0.18505999 0.024943992 0.93834001
0.18279999 0.040341996 0.91246003
0.17376 0.035892997 0.91970998
0.18640998 0.024019998 0.94024003
0.20341998 0.027713995 0.93330002
0.19213 0.024003994 0.93961
0.20341 0.024926994 0.93770999
0.21063998 0.024003997 0.93961
0.18665999 0.023075998 0.94151998
0.21184999 0.028642997 0.93204999
0.20497 0.042122997 0.91007
0.20205 0.028623998 0.93142003
0.20300999 0.028623998 0.93142003
0.16822 -0.012745 0.99405003
0.18989 -0.0054705068 0.9835
0.16899 -0.027812004 1.0173
0.14173999 -0.011656001 0.98909998
0.20727 0.034962997 0.92031997
0.20550001 0.040341999 0.91246003
0.15011001 0.054269001 0.89253998
0.14845 0.053411998 0.89367998
0.14307 0.049157999 0.90063
0.14214 0.049157996 0.90063
0.16495 0.049929995 0.89772999
0.16587999 0.049929999 0.89772999
0.16566999 0.050795 0.89657003
0.16681001 0.049929991 0.89772999
0.15557 0.054234002 0.89196002
0.14625999 0.043010995 0.90888
0.14646 0.042122997 0.91007
0.14607 0.043895997 0.90768999
0.16243 0.029411994 0.92584002
0.22562 0.023939002 0.93707001
0.18057001 0.010540999 0.95576
0.17059 0.016385999 0.94988
0.18801999 0.0016519949 0.97385001
0.18937999 0.0036588982 0.97044998
0.18662 0.0026562959 0.97180003
0.1893 0.00064310431 0.97521001
0.19496 0.0016508996 0.97316003
0.16661 0.020201996 0.94408
0.16368 0.020201992 0.94408
0.21917999 -0.00036738068 0.97316003
0.21219999 0.005636096 0.96438998
0.2119 0.0066268966 0.96305001
0.20409 0.018268999 0.94536
0.21684 0.018269002 0.94536
0.19694999 0.027621001 0.93017
0.19867998 0.022998001 0.93834001
0.19296998 0.027601995 0.92954999
0.19336 0.026691996 0.93142003
0.20016998 0.018268999 0.94536
0.29153001 0.023106996 0.94278997
0.25889999 0.036749996 0.91728002
0.28248 0.055017997 0.88968003
0.28415999 0.058483001 0.88628
0.30294999 0.018318996 0.94793999
0.30135 0.019261993 0.94599998
0.28746 0.051725 0.89657003
0.28058001 0.066820994 0.87510997
0.28182 0.064383 0.87898999
0.31222001 -0.0065319017 0.98979998
0.26390001 0.09449099 0.83115
0.23973 0.044748995 0.90592003
0.23203 0.042067997 0.90888
0.23695999 0.024876993 0.93581003
0.23664999 0.025813002 0.93454999
0.23826 0.023938999 0.93707001
0.22522998 0.013458997 0.95183998
0.22725999 0.016352996 0.94793999
0.22891 0.017311998 0.94665003
0.23119 0.016352993 0.94793999
0.26561999 0.012514994 0.95511001
0.21781999 0.018268999 0.94536
0.22703999 0.0076308995 0.96372002
0.23051998 0.0066453964 0.96573001
0.20025998 -0.0044318065 0.97934002
0.20591 -0.0085602999 0.98698997
0.28737 -0.015928 0.99976999
0.30506 -0.015986003 1.0034
0.31569001 -0.018080004 1.0041
0.28303999 -0.0096662045 0.99546999
0.30265 -0.010698006 0.99546999
0.29534 -0.02454 1.0129
0.27851999 0.00064130872 0.97248
0.27987 0.011539996 0.95642
0.28285 0.011539996 0.95642
0.28323999 0.010562994 0.95774001
0.29256001 0.011531994 0.95576
0.28878999 0.018355992 0.94988
0.26751 -0.0065180063 0.98768997
0.26808 -0.0075583011 0.98979998
0.26052999 -0.0075476021 0.98839003
0.23063999 0.0036588982 0.97044998
0.25255001 0.0056438968 0.96573001
0.27720001 0.0076361969 0.96438998
0.12457 0.13988 0.75939
0.18645999 0.069531992 0.86369002
0.27597001 0.024893999 0.93643999
0.26723 0.024893992 0.93643999
0.25716999 0.025829997 0.93518001
0.27811 -0.0075799003 0.99263
0.23381999 0.017311994 0.94665003
0.24529999 0.051657997 0.89541
0.23778 0.030554995 0.93142003
0.24289 0.0036614984 0.97112
0.21632999 0.056011997 0.89082003
0.21592 0.056826998 0.88911003
0.20877001 0.060699001 0.87843001
0.22217 0.041985996 0.90710002
0.22029001 0.041985996 0.90710002
0.21934998 0.041985996 0.90710002
0.20365 0.049832996 0.89599001
0.20339 0.050696991 0.89484
0.20670998 0.048967 0.89714998
0.20603999 0.048098996 0.89831001
0.20697001 0.048098996 0.89831001
0.20791 0.048098996 0.89831001
0.20976999 0.048098993 0.89831001
0.20578 0.048966996 0.89714998
0.20510998 0.048098996 0.89831001
0.21335998 0.078408994 0.85308999
0.22303998 0.10007 0.82034999
0.23514998 0.12252 0.78959
0.20861998 0.11799 0.79775
0.19929999 0.13593 0.76819998
0.21583 0.12975 0.77897
0.23001 0.13312 0.77506
0.23108 0.13247 0.77591997
0.23477998 0.12553999 0.78292
0.21136999 0.15354 0.73800999
0.22902998 0.1453 0.75076997
0.22927999 0.14467999 0.75158
0.22825998 0.1453 0.75076997
0.22984999 0.14715999 0.74835002
0.24188998 0.14523 0.75444001
0.12969001 0.126 0.78072
0.17508 0.078699 0.85623997
0.14282 0.13440999 0.76863003
0.15953 0.10789999 0.80888999
0.12018 0.079099 0.85100001
0.15899999 0.023028996 0.93961
0.16568001 0.026745994 0.93330002
0.14893 0.028623994 0.93142003
0.16061001 0.042815 0.90473998
0.16646001 0.041931 0.90592003
0.167 0.040182997 0.90888
0.15104 0.054268993 0.89253998
0.14559001 0.049994998 0.89889002
0.15786999 0.065830998 0.87401003
0.16211 0.06335099 0.87731999
0.17361 0.064138994 0.87566
0.23334998 -0.010645002 0.99050999
0.23232999 -0.010645002 0.99050999
0.23541 -0.010645002 0.99050999
0.21684998 0.082477003 0.84943998
0.21711999 0.081697002 0.85048002
0.21774 0.082476996 0.84943998
0.26407999 0.086196996 0.84274
0.24621999 0.094321996 0.82966
0.25878999 0.10533999 0.81506002
0.26093 0.098329991 0.82718998
0.25749001 0.098329991 0.82718998
0.23137 0.07998199 0.85100001
0.25260001 0.077619001 0.85413998
0.25347999 0.077618994 0.85413998
0.25437 0.077619001 0.85413998
0.25229001 0.078409001 0.85308999
0.25314 0.088656999 0.84121001
0.25437 0.097589001 0.82818002
0.25865999 0.084963992 0.84788001
0.14529 0.0085825995 0.95840001
0.14789 0.0076202974 0.96237999
0.15131 0.013467997 0.95248997
0.14489999 0.0076202974 0.96237999
0.11856 0.078312993 0.85203999
0.17874999 0.078746997 0.85676998
0.072245002 0.0036385953 0.96506
0.071442999 0.0016416982 0.96774
0.076325998 -0.029988006 1.0196
0.11665 -0.018054001 1.0027
0.11699 -0.020191006 1.0056
0.12614 -0.013795003 0.99546999
0.1076 -0.020191006 1.0056
0.10671 -0.021265 1.007
0.077270001 -0.028888002 1.0181
0.062900998 -0.021280006 1.0077
0.081958003 -0.007526204 0.98558998
0.064630002 -0.011622004 0.98628998
0.064401001 -0.009543106 0.98280001
0.078538999 -0.016868003 0.99405003
0.087191999 -0.0085602999 0.98698997
-0.002870895 -0.0075315014 0.98628998
-0.029248998 -0.027731001 1.0144
0.029019 -0.013756007 0.99263
0.011663005 -0.021219 1.0048
-0.074444003 -0.022149004 0.99976999
-0.075481005 -0.022149004 0.99976999
-0.10039001 0.0046168938 0.96038997
-0.037516005 -0.044583 1.0394
-0.043527 -0.037721001 1.0286
-0.029312998 -0.028846003 1.0166
-0.026188999 -0.029944003 1.0181
-0.030367002 -0.028846003 1.0166
-0.066775002 -0.025497004 1.0092
-0.064776003 -0.026582003 1.0107
-0.061342001 -0.037527002 1.0233001
-0.061432004 -0.038644999 1.0247999
-0.0087226033 0.0095434934 0.95511001
-0.053438999 -0.0034043044 0.97589999
-0.047217004 -0.014806002 0.99405003
-0.019540004 -0.023235001 1.0019
-0.013154 -0.014754005 0.99050999
-0.012144998 -0.015803002 0.99191999
-0.012126997 -0.014754005 0.99050999
-0.020808004 0.00063596666 0.96438998
-0.019698001 0.0036159977 0.95906001
-0.016808003 0.00063596666 0.96438998
0.0041214973 0.011437997 0.94793999
0.079456002 -0.015814006 0.99263
0.071542002 0.0006390661 0.96908998
0.039058 0.0056165978 0.96104997
-0.12175 -0.041042 1.0317
-0.13358 -0.030932002 1.0158
-0.16902 -0.038702004 1.0264
-0.16692001 -0.030864 1.0136
-0.18360001 -0.029791005 1.0129
-0.18126002 -0.040950999 1.0294
-0.11865 0.14320999 0.74394
-0.12319001 0.14681 0.73879999
0.23675001 0.15592 0.73841
0.23749998 0.15489 0.74076998
0.24748001 0.11924 0.79500997
0.24719 0.11991999 0.79409999
0.25016999 0.12836 0.78027999
-0.098582007 -0.043343 1.0355
0.26181999 -0.049448997 1.0512
0.27767 -0.054137006 1.0576
0.25148001 -0.039048001 1.0355
0.25007001 -0.041317999 1.0386
0.26679 -0.035719998 1.0325
0.26379001 -0.042523004 1.0417
0.16661 -0.050423995 1.0488
0.16866 -0.0493 1.048
0.15104 -0.048140004 1.0464
0.15081 -0.046984002 1.0448999
0.13931 -0.0493 1.048
0.13998 -0.046984002 1.0448999
0.14562 -0.048140004 1.0464
0.1454 -0.046984002 1.0448999
0.14105999 -0.046984002 1.0448999
0.14508 -0.058125004 1.0504
0.22906998 -0.054054007 1.056
0.23708999 -0.058522999 1.0576
0.21739998 -0.046005003 1.0472
0.20203999 -0.04597 1.0464
0.23095 -0.047196999 1.0496
0.24002001 -0.052958995 1.056
0.23690999 -0.054095 1.0568
0.23820999 -0.046039 1.048
0.23784998 -0.044885002 1.0464
0.23712 -0.046039 1.048
0.23929998 -0.046039 1.048
0.23857 -0.047196999 1.0496
-0.050753005 -0.055693999 1.0457
-0.056874 -0.048858002 1.0386
-0.022527002 -0.048032001 1.0441
-0.019221999 -0.044650003 1.041
-0.018183 -0.046914004 1.0433
-0.017100997 -0.046914004 1.0433
-0.010618001 -0.048032001 1.0441
0.033745997 -0.045832001 1.0433
0.014337 -0.054733008 1.048
0.044698995 -0.048140004 1.0464
0.0045258999 -0.045729004 1.041
0.0045326985 -0.046879001 1.0425
0.0045498013 -0.051395997 1.0464
0.062951997 -0.036545999 1.0256
0.063045003 -0.037665002 1.0271
0.067868002 -0.032103002 1.0196
0.069448002 -0.044750005 1.0433
0.071612 -0.044750005 1.0433
0.072692998 -0.044750005 1.0433
-0.029421002 -0.031068005 1.0203
-0.0050563999 -0.027731001 1.0144
-0.0061940998 -0.036654003 1.0286
0.042766996 -0.016989 1.0012
0.052375 -0.020206004 1.0063
0.016039003 -0.029944003 1.0181
0.013928 -0.029944003 1.0181
0.0044989996 -0.041165002 1.0348001
0.0045057014 -0.042300999 1.0362999
0.1251 -0.035613999 1.0294
0.12491 -0.034495004 1.0279
0.13977 -0.045832001 1.0433
0.14505 -0.028930999 1.0196
0.17248 -0.045901 1.0448999
0.19024998 -0.047091 1.0472
0.18048 -0.048177004 1.0472
0.18939 -0.043636002 1.0425
0.11386 -0.020191006 1.0056
0.1149 -0.020191006 1.0056
0.20611998 0.15705 0.73294997
0.20655 0.15586001 0.73449999
0.21272001 0.12902001 0.77941
0.21699998 0.12916 0.78027999
0.21886 0.1285 0.78116
0.22079998 0.12983 0.77941
0.21781 0.12916 0.78027999
0.19872999 0.13528 0.76905
0.19850999 0.13593 0.76819998
0.17086001 0.096615002 0.82718998
0.17942999 0.091481999 0.83513999
0.1803 0.091481991 0.83513999
0.19218999 0.097414993 0.82669997
0.18267998 0.092236996 0.83414
0.031684998 0.13846 0.76021999
0.0089806952 0.13049001 0.77376002
0.0089708045 0.13115001 0.77289999
0.029465001 0.13518 0.76397997
0.0049689002 0.13049001 0.77376002
-0.0089246035 0.11448999 0.79637998
0.094531998 0.11623 0.79139
-0.0075275004 0.094561994 0.82424998
0.038362 0.16234 0.72266001
0.029551003 0.17177001 0.70902002
0.028109001 0.17121001 0.70973998
-0.035939001 0.16835999 0.71011001
-0.040647998 0.16512001 0.71521997
-0.039906003 0.16512001 0.71521997
-0.039165005 0.16512001 0.71521997
-0.016181998 0.1652 0.71559
-0.016924001 0.1652 0.71559
-0.023074001 0.16076 0.72228998
-0.018408 0.1652 0.71559
0.013542 0.16497 0.71780998
-0.026785001 0.1189 0.78735
-0.073638998 0.12052999 0.78204
-0.052579001 0.13665998 0.75897002
-0.037854001 0.14475 0.74794
-0.010494001 0.15401 0.73294997
-0.004381299 0.15741 0.72758001
-0.003561601 0.16643 0.71449
-0.013180003 0.073552996 0.85835999
-0.014069997 0.073552996 0.85835999
-0.012304999 0.072751991 0.85942
-0.012289003 0.073552996 0.85835999
-0.00069686025 0.089480996 0.83263999
-0.071616001 0.010461994 0.94858998
-0.052120999 0.012471996 0.95183998
-0.029399998 0.030190993 0.92031997
-0.029361002 0.031103998 0.91909999
-0.016199999 0.024710998 0.92954999
-0.019817002 0.032035992 0.91848999
-0.053743005 0.044286996 0.89657003
-0.040743999 0.032014992 0.91789001
-0.039177001 0.026531994 0.92584002
-0.064539999 0.0066085979 0.96038997
-0.065627001 0.0056204945 0.96171999
-0.063631997 0.0056204945 0.96171999
-0.073333003 0.012387 0.94536
-0.072352998 0.012387 0.94536
-0.097029008 0.029197998 0.91909999
-0.071276002 0.013348997 0.94408
-0.089566 0.011476994 0.95117998
-0.061654001 0.012403995 0.94665003
-0.049465001 0.0046040937 0.95774001
-0.051943004 0.014396995 0.94858998
-0.049975999 0.014396995 0.94858998
-0.076165996 0.024776999 0.93204999
-0.065048002 0.020092998 0.93897003
-0.076063998 0.025708992 0.93080002
-0.091537006 0.039368995 0.91185999
-0.078960009 0.025708999 0.93080002
-0.077133007 0.024776999 0.93204999
-0.063101001 0.020092998 0.93897003
-0.063015997 0.021038 0.93770999
-0.046608999 0.031166002 0.92093003
-0.046486005 -0.021127 1.0005
-0.030015998 0.020105999 0.93961
-0.026892997 0.024793997 0.93267
-0.13172001 -0.0043947026 0.97112
-0.11790001 -0.022133 0.99905002
-0.14945 -0.029683001 1.0092
-0.13033 -0.023169003 0.99905002
-0.16443002 -0.026427999 1.0048
-0.16154 -0.027510002 1.0063
-0.13659 -0.025442004 1.007
-0.11351001 -0.018984005 0.99690002
-0.11049 -0.018997006 0.99761999
-0.12189 -0.025423005 1.0063
-0.13764 -0.025442004 1.007
0.15888999 0.018255997 0.94471997
-0.14531001 0.12599 0.77076
-0.14628002 0.12280999 0.77591997
-0.14364001 0.13165 0.76188999
-0.14435002 0.12913001 0.76565999
-0.14419001 0.12650999 0.76905
-0.14089 0.1206 0.77723002
-0.14140999 0.12774999 0.76692998
-0.12053 0.12519 0.77076
-0.121 0.12327 0.77376002
-0.13665 0.10583 0.79958999
-0.13649002 0.10653 0.79866999
-0.14894 0.11194 0.79004002
-0.14671001 0.11897999 0.78248
-0.14589 0.11897999 0.78248
-0.13300002 0.13444 0.75980002
-0.13969001 0.13244 0.76188999
-0.13315001 0.1338 0.76063001
-0.12655002 0.16272999 0.71449
-0.094063006 0.16606 0.70973998
-0.091302998 0.13014001 0.76692998
-0.096332006 0.14483 0.74434
-0.10142001 0.13064 0.76524001
-0.16743001 0.038048998 0.90298003
-0.11911001 0.028283 0.92031997
-0.15411001 0.028225996 0.91848999
-0.14430001 0.031973001 0.91667998
-0.17243001 -0.033015005 1.0151
-0.16938999 -0.039854005 1.0286
-0.17071 -0.040982001 1.0302
-0.10156 -0.015792005 0.99120998
-0.13794002 -0.026544005 1.0092
-0.17630002 -0.024257004 1.0012
-0.17323002 -0.031915002 1.0136
-0.16872001 -0.025405005 1.0056
-0.060736001 -0.0084940046 0.97934002
-0.060908005 -0.010555007 0.98211002
-0.040114 -0.0043977052 0.97180003
-0.042011999 -0.002375707 0.96908998
-0.037992999 -0.002375707 0.96908998
0.086652003 -0.058390006 1.0552
-0.17572001 0.019943997 0.93204999
-0.16344002 0.062600002 0.86691999
-0.16323 0.06341999 0.86584002
-0.16405001 0.060127996 0.87018001
-0.16741002 0.050307997 0.88796997
-0.16535002 0.028358001 0.92276001
-0.15723002 0.019079998 0.93707001
-0.16991001 0.029275998 0.92154002
-0.16918001 0.028357998 0.92276001
-0.17289001 0.028339002 0.92215002
-0.18106002 0.0026250929 0.96038997
-0.18055999 0.0046040937 0.95774001
-0.18006 0.0065722987 0.95511001
-0.15153 0.10388 0.80374998
-0.15017 0.10518 0.80097002
-0.14612001 0.12347999 0.77506
-0.14726999 0.11959 0.78116
0.17737 -0.012736 0.99334002
0.15772 -0.033380002 1.0264
0.1761 -0.030054003 1.0218
0.17715999 -0.030054003 1.0218
0.16697 -0.036736004 1.0309
0.16722 -0.037861004 1.0325
-0.074930005 0.14835 0.73879999
0.018252 0.17724 0.69867998
-0.046229005 0.17579 0.69867998
-0.032414004 0.17697001 0.69762999
0.087167993 0.17814 0.69938999
0.089388996 0.17823 0.69973999
-0.10125 0.1472 0.74076998
-0.10136 0.14658999 0.74155998
-0.10146 0.14598 0.74234998
-0.12394 0.14165001 0.74794
-0.11787001 0.14103 0.74874997
-0.10636001 0.13677 0.75525999
-0.10873001 0.13891999 0.74996001
-0.10356001 0.13773999 0.75199002
-0.096538998 0.14359 0.74594003
-0.094992004 0.14359 0.74594003
-0.10709 0.12999 0.76608998
-0.094320007 0.14297 0.74673998
-0.11834001 0.12933999 0.76692998
-0.11033001 0.13308001 0.76104999
-0.10797001 0.13308001 0.76104999
-0.11761 0.14227 0.74713999
-0.083906002 0.127 0.77204001
-0.11686001 0.12554 0.77289999
-0.12 0.134 0.75731999
-0.14979002 0.10927999 0.79456002
-0.1105 0.11281999 0.79048997
-0.12994 0.10659999 0.79913002
-0.090060003 0.10160999 0.80561
-0.10342 0.10741999 0.79913002
-0.11082 0.11149999 0.79273999
-0.082943998 0.1459 0.74194998
-0.16892001 0.043329999 0.89599001
-0.16859001 0.046027996 0.89425999
-0.17327002 0.030150998 0.91909999
0.095187999 -0.058256999 1.0528001
0.098963998 -0.034368001 1.0240999
0.12157 -0.060532004 1.0544
0.1573 -0.058212996 1.052
0.16443001 -0.050423995 1.0488
0.23582 -0.054095 1.0568
0.26086 -0.030054003 1.0218
-0.16402 -0.016796 0.98979998
-0.17776 -0.014691003 0.98628998
-0.11607001 0.016252998 0.94216001
-0.099936999 0.011421993 0.94665003
-0.11964 0.0026323944 0.96305001
-0.13404 0.010497995 0.95183998
-0.17011002 -0.0033900067 0.97180003
-0.16975001 -0.0023773015 0.96977001
-0.14909002 0.0046136975 0.95972002
-0.14603001 -0.0044008046 0.97248
-0.15428001 0.003623493 0.96104997
-0.10854001 0.11169 0.79409999
-0.10794001 0.11917999 0.78380001
-0.13359001 0.012428999 0.94858998
-0.1532 0.016252998 0.94216001
-0.14186001 0.014337994 0.94471997
-0.11182 0.043525998 0.90004998
-0.11620001 0.035610996 0.91246003
-0.12574002 0.034686998 0.91306001
-0.16587001 0.030190997 0.92031997
-0.09362901 -0.0085300058 0.9835
-0.097847007 -0.0095634013 0.98488998
-0.069386996 -0.002384007 0.97248
-0.085218005 0.0046040937 0.95774001
-0.12183001 -0.037527002 1.0233001
-0.062679999 -0.026582003 1.0107
-0.044283003 -0.016928002 0.99761999
-0.031422004 -0.028846003 1.0166
-0.054274 -0.039912999 1.0302
-0.053874001 -0.034318 1.0226001
-0.072974004 -0.043439999 1.0378
-0.006108202 -0.027731001 1.0144
-0.0083274022 -0.036654003 1.0286
-0.025316998 -0.0085361004 0.98418999
0.067639999 -0.056950003 1.0488
0.080923006 0.010904998 0.77118999
0.29552999 -0.042427003 1.0394
0.30142 -0.044817001 1.0448999
0.30954 -0.042427003 1.0394
0.31876001 -0.041288003 1.0378
0.14921001 0.17658 0.70471001
0.15045001 0.17704 0.70363998
0.14343999 0.17868 0.7015
0.15194 0.17840999 0.70043999
0.15629999 0.17840999 0.70043999
0.1258 0.17840999 0.70043999
0.12501 0.17832001 0.70008999
0.14831001 0.17840999 0.70043999
0.14686 0.17840999 0.70043999
0.1145 0.17779 0.69797999
0.052147001 0.17743 0.69657999
0.054341003 0.17752001 0.69692999
0.047812998 0.17743 0.69657999
0.094467998 0.17823 0.69973999
0.013148002 0.17752001 0.69692999
0.010974001 0.17743 0.69657999
0.010251999 0.17743 0.69657999
-0.0085285977 0.17743 0.69657999
-0.011418 0.17743 0.69657999
0.0023039952 0.17725 0.69588
0.021830998 0.17761 0.69727999
0.025420995 0.17743 0.69657999
0.026865 0.17743 0.69657999
0.024711004 0.17752001 0.69692999
0.041290995 0.17734 0.69622999
0.037700005 0.17743 0.69657999
0.039125003 0.17734 0.69622999
0.028989002 0.17715999 0.69554001
0.003024105 0.17715999 0.69554001
0.0088293999 0.17715 0.69832999
-0.002070196 0.16861001 0.7112
0.090113997 0.17823 0.69973999
0.086398996 0.17805 0.69902998
0.070997998 0.17761 0.69727999
0.063171998 0.17795999 0.69867998
0.17163999 0.1785 0.7008
0.15542001 0.17823 0.69973999
0.16356 0.17840999 0.70043999
0.15332 0.17832001 0.70008999
0.15259001 0.17832001 0.70008999
0.018723004 0.14676 0.74633998
0.017949 0.14676 0.74633998
0.076820999 0.1777 0.69762999
0.06814 0.1777 0.69762999
0.044380996 0.16243 0.72303998
0.062096 0.14762001 0.74673998
0.20666 0.15764999 0.73218
0.20644 0.15824001 0.73141003
0.20567998 0.15824001 0.73141003
0.15615 0.1169 0.79592001
0.22347 0.12916 0.78027999
0.17989001 0.14663 0.75362003
0.11484 0.14483 0.75239998
0.058701001 0.15561 0.73334002
0.051235002 0.16125999 0.72455001
0.071782999 0.16034 0.72719997
0.28444001 -0.021280006 1.0077
0.23800999 0.15368 0.74234998
0.23826998 0.15307 0.74313998
0.23852 0.15245999 0.74394
0.23615 0.12983 0.77941
0.24629998 0.13513 0.76819998
0.24495 0.13835 0.76397997
0.26287001 0.10341 0.81987
0.2649 0.099069998 0.82621002
0.26333001 0.10274 0.82132
0.26326999 0.095986001 0.82915998
0.26664001 0.094548002 0.83165002
0.26521 0.098329991 0.82718998
0.22957 0.14591999 0.74996001
0.23916 0.15132999 0.74594003
0.25159001 0.12501 0.78469002
0.15218 0.1716 0.70829999
0.16801 0.1785 0.7008
0.20168 0.15883 0.73063999
0.18224999 0.16076 0.72567999
0.20188999 0.15824001 0.73141003
0.27368 -0.025627002 1.0144
0.28863001 -0.032315999 1.0264
0.27158001 -0.025627002 1.0144
0.20249999 -0.048249006 1.0488
0.21296999 -0.057427004 1.0576
0.19957 -0.044817001 1.0448999
0.20174 -0.044817001 1.0448999
0.20142999 -0.043668002 1.0433
0.20468 -0.043668002 1.0433
0.29954001 -0.02454 1.0129
0.30548999 -0.033479005 1.0294
0.29032001 -0.027915001 1.0211
0.29091999 -0.02025 1.0085
0.28652 -0.025646001 1.0151
0.20468 0.033097997 0.92154002
0.19264001 0.031248994 0.92338002
0.19149998 0.034869995 0.91789001
0.18844 0.032141995 0.92154002
0.3048 -0.02454 1.0129
0.30269 -0.02454 1.0129
0.30965999 -0.0096593052 0.99475998
0.31068999 -0.0096593052 0.99475998
0.3123 -0.0086154044 0.99334002
0.32264 -0.019161999 1.0063
0.32181999 -0.020221002 1.007
0.30518001 0.016419992 0.95183998
0.31213 -0.0044633001 0.98628998
0.29527 0.036895994 0.92093003
0.30004001 0.026817996 0.93581003
0.30146 0.024019994 0.94024003
0.29218 0.041368995 0.91426003
0.18309 0.1321 0.77376002
0.15552001 0.1189 0.79273999
0.14839 0.12606999 0.78116
0.14856 0.12540001 0.78204
0.095537998 0.13924 0.76021999
0.10179 0.13996001 0.75980002
0.10201 0.13868 0.76147002
0.1019 0.13932 0.76063001
0.17916 0.16982999 0.71632999
0.17934 0.16926 0.71706998
0.21785 0.15079001 0.74713999
0.21708 0.15079001 0.74713999
0.21676999 0.14957 0.74874997
0.21552998 0.15079001 0.74713999
0.21757999 0.13857999 0.76524001
0.16340999 0.15379 0.73918998
0.21461999 0.10395 0.81746
0.22724 0.093797997 0.83263999
0.23038998 0.092291996 0.83464003
0.16971999 0.17732 0.70186001
0.24829999 0.11924 0.79500997
0.24361998 0.12061 0.79320002
0.24118 0.1097 0.80984002
0.21002001 0.10461999 0.81602001
0.21061 0.10534 0.81506002
0.14903 0.12673999 0.78027999
0.21710998 0.060736999 0.87898999
0.22760999 0.071589999 0.86691999
0.24153998 0.07297799 0.86207998
0.25457999 0.071589991 0.86691999
0.23210999 0.071589999 0.86691999
0.23113999 0.067600995 0.87345999
0.22799 0.068377994 0.87181997
0.24596 0.033251993 0.92584002
0.24482 0.035964996 0.92154002
0.25154001 0.043122996 0.91127002
0.26565999 0.036895998 0.92093003
0.25920999 0.049222 0.90179998
0.25887999 0.050091997 0.90063
-0.067644 -0.044550002 1.0386
0.047513001 -0.013746001 0.99191999
0.033715002 -0.027610004 1.0099
0.031620003 -0.027610004 1.0099
0.041072998 -0.041257001 1.0371
0.045306999 -0.040122002 1.0355
0.00020682812 -0.040062003 1.034
0.062858999 -0.035429999 1.0240999
0.080146 -0.043603003 1.0417
0.041350003 -0.045866005 1.0441
0.0045191981 -0.044583 1.0394
0.12720001 -0.010615006 0.98768997
0.11274999 -0.028783001 1.0144
0.089544997 -0.028762005 1.0136
0.081923999 -0.018997006 0.99761999
0.12167 -0.019066006 1.0012
0.12202 -0.021203004 1.0041
0.10638 -0.0034019053 0.97521001
0.086221002 -0.034368001 1.0240999
0.034880996 -0.054569006 1.0448999
0.046939999 -0.050385997 1.048
0.047991 -0.049263 1.0472
0.10284 -0.016965002 0.99976999
0.10336 -0.020176999 1.0048
0.15133999 -0.014870003 0.99833
0.29387 0.0016566962 0.97658002
0.29429001 0.00064491481 0.97795999
0.29488 0.0016566962 0.97658002
0.29225999 0.00064491481 0.97795999
0.26491001 0.0095895976 0.95972002
0.29530001 0.00064491481 0.97795999
0.30572 -0.002407603 0.98211002
0.29572001 -0.00036971271 0.97934002
-0.096986003 0.17671999 0.69379997
-0.084798001 0.17681 0.69414997
-0.016179003 0.02564 0.92830998
-0.012461998 0.018132996 0.93834001
-0.076710008 0.031930998 0.91547
-0.086450003 0.042509995 0.89831001
-0.048987001 0.038424 0.91185999
-0.044698998 0.031165995 0.92093003
-0.039055005 -0.015871003 0.99619001
-0.0059349053 -0.007526204 0.98558998
-0.0090709031 0.052383997 0.89196002
0.12902001 0.035916995 0.92031997
-0.037119001 0.14413001 0.74874997
-0.060449004 0.13586998 0.75897002
-0.15156001 0.042482994 0.89772999
-0.15322 0.043357998 0.89657003
-0.079011001 0.048466992 0.88796997
-0.13267002 0.047637001 0.88968003
-0.13817 0.044229999 0.89541
-0.13444 0.059299998 0.87127
-0.13150001 0.045100998 0.89425999
-0.13158 0.048497997 0.88854003
-0.13249999 0.048497997 0.88854003
-0.15221 0.020868998 0.93017
-0.16963002 0.016143002 0.93581003
-0.11363 0.10766999 0.80097002
-0.12740999 0.10209 0.80936003
-0.10867 0.065337993 0.86747003
-0.10957 0.065338001 0.86747003
-0.10636001 0.052934997 0.88571
-0.10650001 0.052083001 0.88683999
-0.11349001 0.053750992 0.88401997
-0.11610001 0.054597992 0.8829
-0.12209 0.062600002 0.86691999
-0.12915 0.073578991 0.8484
-0.12621 0.07515499 0.84632999
-0.11047 0.070490994 0.85360998
-0.12690002 0.072039992 0.85100001
-0.089395009 0.070620991 0.85518998
-0.15623 0.047789991 0.89253998
-0.15716001 0.047789991 0.89253998
-0.15942001 0.046057999 0.89484
-0.15662 0.059486993 0.87401003
-0.11999 0.057929002 0.87787998
-0.10006001 0.077930003 0.84788001
-0.099939011 0.078713991 0.84684998
-0.12628001 0.058802001 0.87731999
-0.13361001 0.066113994 0.86584002
-0.13181001 0.066114001 0.86584002
-0.14653 0.08683899 0.83214003
-0.14566001 0.08683899 0.83214003
-0.14739001 0.08683899 0.83214003
-0.15994 0.069948994 0.85782999
-0.15296 0.072260998 0.85360998
-0.11992001 0.096100003 0.81554002
-0.12077 0.096099995 0.81554002
-0.12411001 0.092468001 0.82084
-0.11739 0.096099995 0.81554002
-0.11894 0.096831992 0.81458002
-0.12172001 0.10666 0.79958999
-0.15538999 0.09114299 0.82424998
-0.1566 0.086682998 0.83064997
-0.15849 0.075939998 0.84530002
-0.14664 0.077458002 0.84274
-0.15829 0.076724 0.84428
-0.12971002 0.071244001 0.85203999
-0.13429001 0.07044699 0.85308999
-0.15810001 0.077505 0.84324998
-0.15888 0.078331999 0.84274
-0.13976002 0.080513991 0.83816999
-0.14307001 0.081284992 0.83715999
-0.14402002 0.077457994 0.84274
-0.13783002 0.070446998 0.85308999
-0.15420002 0.094686002 0.81794
-0.16173002 0.064972997 0.86262
-0.15707001 0.085214995 0.83314002
-0.15810999 0.081431992 0.83867002
-0.16222 0.067488998 0.86048001
-0.16242 0.066679001 0.86154997
-0.15339002 0.097562 0.81362998
-0.14774001 0.096042991 0.81506002
-0.14038 0.095366001 0.81650001
-0.13883001 0.10100999 0.80747998
-0.14013001 0.10512 0.80050999
-0.028341003 0.10447999 0.80842
-0.026223004 0.078858003 0.8484
-0.031463005 0.079639994 0.84737003
-0.015366003 0.088563994 0.83214003
-0.0098069981 0.061376996 0.87510997
-0.010714002 0.061376996 0.87510997
-0.0069661997 0.071949996 0.86048001
-0.082042001 0.060203999 0.87127
-0.091980003 0.060203992 0.87127
-0.094572 0.061030999 0.87018001
-0.088923998 0.056946993 0.87677002
-0.10764001 0.066155002 0.86637998
-0.074534006 0.044487994 0.90063
-0.065701999 0.047912993 0.89484
-0.063846998 0.047912993 0.89484
-0.059310004 0.038373996 0.91066998
-0.079453997 0.032836996 0.91426003
-0.11237001 0.048559997 0.88968003
-0.11039 0.049419001 0.88854003
-0.078910001 0.049325 0.88683999
-0.10392001 0.061221994 0.87291002
-0.069343999 0.030130994 0.91848999
-0.06735 0.031043001 0.91728002
-0.014913999 0.075100996 0.85571003
-0.031579003 0.078169003 0.85048002
-0.014959998 0.073553003 0.85835999
-0.015965998 0.035750996 0.91606998
-0.076759003 0.093706995 0.82424998
-0.075050004 0.093707003 0.82424998
-0.047750004 0.085935995 0.84018999
-0.047521003 0.088123992 0.83614999
-0.075139008 0.092961989 0.82523
-0.046879001 0.085936002 0.84018999
-0.092178009 0.098811001 0.81698
-0.046007998 0.085935995 0.84018999
-0.019322 0.098811001 0.81698
-0.017825998 0.092216 0.82621002
-0.07613901 0.15076999 0.73566997
-0.076982997 0.15016 0.73645002
-0.083291002 0.17099001 0.70578003
-0.081167005 0.15707999 0.72605997
-0.10188001 0.13471 0.75691003
-0.10346001 0.12644 0.76863003
-0.11449001 0.16654 0.70866001
-0.11523 0.16654 0.70866001
-0.017627001 0.098811001 0.81698
-0.0081643015 0.11042 0.80282003
-0.12693 0.018083997 0.93581003
-0.13522002 0.0095238984 0.95314002
-0.13440999 0.0085471943 0.95445001
-0.11743001 0.0075470954 0.95314002
-0.13628 -0.0023723021 0.96774
-0.065814003 -0.0064629018 0.97934002
-0.065582998 -0.0044163018 0.97589999
-0.057365999 -0.0023873001 0.97385001
-0.064076997 -0.020075001 0.99976999
-0.10086001 0.035540998 0.91066998
-0.096773006 0.031021997 0.91667998
-0.10667 0.034641996 0.91185999
-0.097166009 0.1142 0.78868997
-0.072305001 0.11333999 0.79409999
-0.069835 0.11333999 0.79409999
-0.084802009 0.11652 0.78780001
0.27423 -0.040151 1.0362999
0.27429 -0.026738003 1.0166
0.26521999 -0.015905 0.99833
0.21561998 -0.033282004 1.0233001
0.19845998 -0.035561003 1.0279
0.22215 -0.034368001 1.0240999
0.12723 -0.035613999 1.0294
0.12868001 -0.037861004 1.0325
0.13679001 -0.030032001 1.0211
0.14781 -0.032245003 1.0240999
0.15486 -0.023370005 1.0077
0.23198998 -0.023455001 1.0114
0.24675998 -0.014881 0.99905002
0.24711999 -0.015940003 1.0005
0.24906 -0.031229004 1.0256
0.24708998 -0.028995 1.0218
0.24572 -0.033479005 1.0294
0.21724001 -0.020206004 1.0063
0.19896999 -0.042523004 1.0417
0.17586 -0.025627002 1.0144
0.21787998 -0.022358 1.0092
0.19911 -0.028952003 1.0203
0.15781 0.046295993 0.89946997
0.13187 0.041044995 0.90710002
0.13153 0.042814996 0.90473998
0.13846999 0.013467997 0.95248997
0.14162 0.012497999 0.95380002
0.15024 0.023028992 0.93961
0.14467999 0.025829997 0.93518001
0.16908 0.0066314936 0.96372002
0.17327 0.013486996 0.95380002
0.17129999 0.013486996 0.95380002
0.176 0.014455996 0.95248997
0.17304 0.014455996 0.95248997
0.17385 -0.0044318065 0.97934002
0.16218001 0.0085825995 0.95840001
0.16446 0.017348003 0.94858998
0.18667999 0.028489999 0.92707002
0.18551999 0.010540999 0.95576
0.19279 0.013467997 0.95248997
0.10600999 -0.0013746023 0.97180003
0.099437997 -0.0044194013 0.97658002
0.22566998 0.0046456978 0.96640003
0.22468999 -0.0013794005 0.97521001
0.22762001 0.0095697939 0.95774001
0.18096998 -0.014838003 0.99619001
0.17738 -0.0085664019 0.98768997
0.17969 -0.0054705068 0.9835
0.19705999 0.0086301938 0.96372002
0.17028999 0.027675997 0.93204999
0.20523998 0.041233998 0.91127002
0.13456 -0.011656001 0.98909998
0.21142 0.029550001 0.93017
0.19845998 0.038549997 0.91486001
0.14578 0.049125992 0.90004998
0.1696 0.049929991 0.89772999
0.17707001 0.053377997 0.89310998
0.1661 0.049061995 0.89889002
0.16631 0.048192993 0.90004998
0.16538 0.048192997 0.90004998
0.21291998 0.029491 0.92830998
0.22465 0.023938995 0.93707001
0.22435001 0.024876997 0.93581003
0.21768001 0.032227997 0.92399001
0.22454 0.032248992 0.92460001
0.22531998 0.024876993 0.93581003
0.18081999 0.0095632002 0.95708001
0.18568999 0.023076002 0.94151998
0.18829 0.00064310431 0.97521001
0.21449998 0.004642494 0.96573001
0.21649998 0.004642494 0.96573001
0.21309 0.0026469976 0.96842003
0.21412998 -0.00036738068 0.97316003
0.21487999 -0.0023940057 0.97658002
0.21709999 0.0026469976 0.96842003
0.2062 0.0026488975 0.96908998
0.20901 0.015401002 0.94988
0.19141999 0.023059998 0.94088
0.28228 -0.026797004 1.0188
0.29049999 -0.019176006 1.007
0.29565999 0.035988998 0.92215002
0.25795001 0.03675 0.91728002
0.25345001 0.056971997 0.89139003
0.27210999 0.056084 0.89196002
0.27293 0.066039003 0.87677002
0.27996999 0.062757991 0.88178003
0.25215 0.059439994 0.88683999
0.28211999 0.055868998 0.88854003
0.28119999 0.055868998 0.88854003
0.28362 0.060205996 0.88458002
0.27812999 0.070734993 0.86747003
0.27568999 0.067644 0.87401003
0.26458001 0.099807993 0.82523
0.31099001 -0.012809001 0.99905002
0.29027 0.047535993 0.90533
0.26115999 0.094434999 0.83064997
0.26146999 0.093685992 0.83165002
0.25380999 0.037650995 0.91606998
0.21893999 0.051791996 0.89772999
0.20469999 0.043010991 0.90888
0.23727998 0.023938999 0.93707001
0.2376 0.022997994 0.93834001
0.23857999 0.022997994 0.93834001
0.23405001 0.024876997 0.93581003
0.22529 0.016352996 0.94793999
0.22694999 0.017311998 0.94665003
0.22437 0.020201996 0.94408
0.22424001 0.014445998 0.95183998
0.22097999 0.015411999 0.95052999
0.22766998 0.022099998 0.94151998
0.22474 0.022099994 0.94151998
0.22792998 0.017312001 0.94665003
0.23153999 0.018268999 0.94536
0.23056 0.018268999 0.94536
0.23086998 0.017311994 0.94665003
0.26526001 0.013486996 0.95380002
0.26488999 0.014455996 0.95248997
0.30281001 -0.018119 1.0063
0.31672999 -0.018080004 1.0041
0.31523001 -0.017014004 1.0027
0.29642999 -0.01066 0.99191999
0.29613 -0.0013872012 0.98071998
0.29655001 -0.002407603 0.98211002
0.28119999 -0.0075799003 0.99263
0.2947 -0.00036971271 0.97934002
0.29368001 -0.00036971271 0.97934002
0.30329999 -0.023455001 1.0114
0.30375001 -0.02454 1.0129
0.29806 -0.023455001 1.0114
0.31542999 -0.022374004 1.0099
0.29216 0.012505993 0.95445001
0.25968 0.012514994 0.95511001
0.26323 -0.0065134019 0.98698997
0.23918998 0.0026581958 0.97248
0.27612001 0.0016473979 0.97112
0.27711999 0.0016473979 0.97112
0.27649999 0.00064130872 0.97248
0.17749 0.11488 0.79913002
0.11369 0.13548 0.76565999
0.10775 0.15188999 0.74115998
0.26453 0.015421994 0.95117998
0.25615999 0.021138001 0.94216001
0.27915999 0.020271 0.94729
0.27008 0.018355995 0.94988
0.27045 0.017394997 0.95117998
0.24666998 0.024876993 0.93581003
0.24500999 0.049929995 0.89772999
0.24408001 0.049929999 0.89772999
0.24019998 0.031457998 0.92954999
0.19389999 0.062719002 0.88121998
0.20949998 0.048966996 0.89714998
0.24533999 0.12554 0.78292
0.24289998 0.12554 0.78292
0.23203 0.12379999 0.78735
0.23400998 0.13115001 0.77766001
0.23835 0.13978 0.76314002
0.23008999 0.14654 0.74914998
0.24059001 0.13506 0.76778001
0.23343 0.13506 0.76778001
0.23964998 0.12554 0.78292
0.24046999 0.12554 0.78292
0.24127999 0.12554 0.78292
0.12873 0.12667 0.77983999
0.10274 0.12651999 0.77897
0.10994 0.12331 0.78424001
0.14285 0.11418 0.80005002
0.20475 0.072352998 0.8653
0.18353999 0.092237003 0.83414
0.18441001 0.092236996 0.83414
0.12929 0.13988 0.75939
0.12718999 0.13548 0.76565999
0.15056001 0.14067 0.75939
0.10758001 0.13418999 0.76735002
0.10690001 0.13354 0.76819998
0.10609 0.12586001 0.77983999
0.071335003 0.13733 0.76271999
0.075372003 0.13669001 0.76356
0.1193 0.079099 0.85100001
0.16552 0.041930996 0.90592003
0.22924 -0.010645002 0.99050999
0.23027 -0.010645002 0.99050999
0.21513999 0.087944001 0.84274
0.20175999 0.082427002 0.84891999
0.25722 0.091426991 0.83464003
0.24278 0.094321996 0.82966
0.24364001 0.094321996 0.82966
0.23723999 0.10430999 0.81362998
0.24449998 0.094322003 0.82966
0.24537998 0.077858992 0.85676998
0.24963 0.099128999 0.82669997
0.26041999 0.084964 0.84788001
0.27928999 0.066039003 0.87677002
0.27656001 0.066038996 0.87677002
0.27746999 0.066039003 0.87677002
0.27026001 0.056083996 0.89196002
0.15282001 0.010540999 0.95576
0.12627999 0.079050995 0.85048002
0.17552 0.077113003 0.85835999
0.11668 -0.012745 0.99405003
0.10789 -0.028888002 1.0181
0.078326002 -0.028888002 1.0181
0.079382002 -0.028888002 1.0181
0.082979999 -0.007526204 0.98558998
0.093068004 -0.0064949021 0.98418999
0.11701 0.002654396 0.97112
0.062497996 0.0006390661 0.96908998
0.064173996 -0.0074784011 0.97934002
0.042105999 0.0046263933 0.96237999
0.043104004 0.0046263933 0.96237999
0.042222999 0.002637893 0.96506
0.0023202002 -0.033183999 1.0203
0.002316799 -0.032079004 1.0188
0.00020409748 -0.033183999 1.0203
-0.0008526817 -0.032079004 1.0188
-0.0028669015 -0.0064995065 0.98488998
0.029123003 -0.015871003 0.99619001
0.019587997 -0.0085361004 0.98418999
0.019614995 -0.0095702037 0.98558998
0.018592998 -0.0095702037 0.98558998
-0.10025 0.0056049973 0.95906001
-0.031841002 -0.037776999 1.0302
-0.068317004 -0.033063002 1.0166
-0.06927 -0.031962 1.0151
-0.051077001 -0.026544005 1.0092
-0.046891004 -0.026544005 1.0092
-0.044798002 -0.026544005 1.0092
-0.036311999 -0.0074679032 0.97795999
-0.044739999 -0.0095634013 0.98488998
-0.056276999 -0.0013755038 0.97248
-0.019611001 -0.025405005 1.0056
-0.031264 -0.0074732006 0.97864997
0.0070607997 0.012403995 0.94665003
-0.0046366975 0.024726998 0.93017
-0.0027203001 0.021935996 0.93454999
-0.0027239993 0.020994999 0.93581003
0.021047 0.0065903962 0.95774001
0.020137999 0.0036259964 0.96171999
0.039113 0.0046263933 0.96237999
-0.13417 -0.034242004 1.0203
-0.13503 -0.033136003 1.0188
-0.13397002 -0.033136003 1.0188
-0.13483 -0.032032005 1.0173
-0.10165001 -0.042206004 1.034
-0.17756 -0.030887 1.0144
0.245 0.11924 0.79500997
0.30647001 -0.040151 1.0362999
0.27888 -0.045936003 1.0457
0.27779001 -0.045936003 1.0457
0.27996001 -0.045936003 1.0457
0.27682999 -0.051786005 1.0544
0.27671 -0.045936003 1.0457
0.28431001 -0.043603003 1.0417
0.15465 -0.050423995 1.0488
0.14973 -0.046984002 1.0448999
0.14865001 -0.046984002 1.0448999
0.11966 -0.047091 1.0472
0.14669999 -0.048140004 1.0464
0.14127 -0.048140004 1.0464
0.11352 -0.060901999 1.0608
0.21706998 -0.044851005 1.0457
0.23168999 -0.046039 1.048
0.24019998 -0.054095 1.0568
0.23604 -0.046039 1.048
-0.089452006 -0.053324997 1.0417
-0.089653008 -0.055610999 1.0441
-0.02251 -0.046914004 1.0433
-0.017062999 -0.044650003 1.041
-0.014936998 -0.046914004 1.0433
-0.0019491985 -0.044615999 1.0402
-0.0041063949 -0.044615999 1.0402
0.00020838529 -0.045763001 1.0417
0.060825001 -0.036545999 1.0256
0.11156 -0.043636002 1.0425
-0.012276001 -0.023252003 1.0027
0.0023133978 -0.030977003 1.0173
0.0023100004 -0.029878005 1.0158
0.046114005 -0.020206004 1.0063
0.049387999 -0.022358 1.0092
0.052526999 -0.022358 1.0092
0.042952999 -0.020191006 1.0056
0.0044200048 -0.028846003 1.0166
-0.0040820017 -0.040062003 1.034
-0.0040941983 -0.042332001 1.0371
0.12403 -0.035613999 1.0294
0.12251 -0.033356003 1.0256
0.11594 -0.020191006 1.0056
0.14625999 -0.045832001 1.0433
0.13761 -0.045832001 1.0433
0.14526001 -0.030032001 1.0211
0.14399 -0.028930999 1.0196
0.11561 -0.018054001 1.0027
0.11544 -0.016989 1.0012
0.13659 -0.028930999 1.0196
0.10957 -0.038989998 1.034
0.21344 0.15414999 0.73723
0.21366 0.15354 0.73800999
0.22128999 0.1285 0.78116
0.19951999 0.13528 0.76905
0.18289998 0.091481999 0.83513999
0.18008 0.092236996 0.83414
0.18223998 0.093741998 0.83214003
0.031649999 0.13909 0.75939
0.031718999 0.13782001 0.76104999
0.097103998 0.11635999 0.79228997
-0.034694001 0.12289999 0.7816
-0.035505004 0.12289999 0.7816
-0.037830003 0.12416999 0.77941
0.0018468983 0.10412999 0.81220001
0.0018832013 0.092436001 0.82818002
0.044543002 0.16076 0.72567999
0.038869001 0.16506 0.71818
-0.026556998 0.16512001 0.71521997
-0.023254998 0.17228 0.70506001
-0.023277998 0.17172 0.70578003
-0.032456003 0.16569 0.71449
-0.022164002 0.16406 0.71706998
0.061492998 0.17576 0.70434999
-0.017666005 0.1652 0.71559
-0.016273998 0.16241001 0.71967
-0.016592003 0.15341 0.73373002
-0.033973001 0.16512001 0.71521997
-0.026652999 0.16348 0.71780998
-0.013956003 0.1652 0.71559
-0.0063584 0.17734 0.69622999
-0.0034688003 0.17725 0.69588
-0.018622003 0.17653 0.69588
-0.035544999 0.12223 0.78248
0.0043331049 0.10983999 0.80467999
0.0035189986 0.10628 0.80936003
-0.026816003 0.11822 0.78825003
-0.0050484985 0.16586 0.71521997
-0.005053699 0.16529 0.71596003
-0.0060388036 0.14590999 0.74594003
0.015628003 0.14676 0.74633998
-0.004306905 0.16586 0.71521997
-0.033971004 0.10792 0.80282003
-0.036011003 0.10231999 0.81124997
-0.038761005 0.098694995 0.81602001
-0.035969004 0.10304999 0.81031001
-0.014812998 0.078120992 0.84996003
-0.045653999 0.031165998 0.92093003
-0.025953002 0.042592995 0.90004998
-0.046336003 0.044315998 0.89714998
-0.040690005 0.032922998 0.91667998
-0.064629003 0.0056204945 0.96171999
-0.050457999 0.0046040937 0.95774001
-0.050388999 0.0055895969 0.95642
-0.049396999 0.0055895969 0.95642
-0.077237003 0.023841996 0.93330002
-0.064075001 0.020092998 0.93897003
-0.077030011 0.025708996 0.93080002
-0.074333005 0.023841996 0.93330002
-0.074233003 0.024776995 0.93204999
-0.092483006 0.039368995 0.91185999
-0.061154 0.020092998 0.93897003
-0.023369998 0.012403995 0.94665003
-0.026803002 0.026637997 0.92954999
-0.12304 -0.030932002 1.0158
-0.13183001 -0.015725002 0.98698997
-0.11228 -0.0023740008 0.96842003
-0.11501 0.0046040937 0.95774001
-0.093068011 -0.0023707002 0.96706998
-0.13005 -0.022085004 0.99690002
-0.1275 -0.024257004 1.0012
-0.12716001 -0.031962 1.0151
-0.15253001 -0.025313005 1.0019
-0.13365 -0.026524 1.0085
-0.13868001 -0.025442004 1.007
-0.12454001 -0.0084820017 0.97795999
-0.12436 -0.0074574053 0.97658002
-0.10144001 -0.0043916032 0.97044998
-0.14442 -0.018970005 0.99619001
-0.1204 -0.011614002 0.98558998
0.15538999 0.016341999 0.94729
0.14505 0.033009995 0.91909999
0.146 0.033009991 0.91909999
-0.13819 0.12605999 0.77118999
-0.14555001 0.12540001 0.77204001
-0.14419001 0.12977999 0.76481998
-0.14785001 0.11681 0.78424001
-0.14686 0.12086999 0.77897
-0.13517001 0.12134 0.77679002
-0.14485002 0.11194 0.79004002
-0.13236001 0.1338 0.76063001
-0.13249999 0.13316 0.76147002
-0.11609001 0.14521 0.74234998
-0.10202 0.15069 0.73527998
-0.080801003 0.12114 0.78072
-0.089163996 0.12889999 0.76905
-0.088366009 0.12890001 0.76905
-0.10407 0.048559994 0.88968003
-0.10731 0.056143999 0.87843001
-0.16554001 0.031083997 0.91848999
-0.16529 0.034641992 0.91185999
-0.17197999 0.031993996 0.91728002
-0.11879001 0.030110992 0.91789001
-0.11895 0.029197998 0.91909999
-0.11001001 0.031951997 0.91606998
-0.14410999 0.032879997 0.91547
-0.14392 0.033785 0.91426003
-0.15398002 0.038197994 0.90651
-0.15644002 0.046924993 0.89367998
-0.15809 0.047789998 0.89253998
-0.10129001 -0.035273999 1.0196
-0.15751001 -0.017898999 0.99405003
-0.13462999 -0.030932002 1.0158
-0.13694 -0.032032005 1.0173
-0.051235005 -0.0013755038 0.97248
-0.042697005 -0.0095634013 0.98488998
-0.052244 -0.0013755038 0.97248
-0.040058002 -0.0033853054 0.97044998
-0.040003002 -0.002375707 0.96908998
-0.037940003 -0.0013688058 0.96774
-0.036988005 -0.002375707 0.96908998
-0.014684997 0.0085648969 0.95642
-0.033761002 0.0056282952 0.96305001
0.13552 -0.015871003 0.99619001
0.13620999 -0.019066006 1.0012
0.092053004 -0.058346003 1.0544
0.08884 -0.058390006 1.0552
0.087746002 -0.058390006 1.0552
-0.16293001 0.064197995 0.86422998
-0.16263002 0.065866992 0.86262
-0.17981002 0.0026214942 0.95906001
-0.16508999 0.0055779964 0.95445001
-0.15312001 0.09907499 0.81220001
-0.15214002 0.10262999 0.80700999
0.17839999 -0.012736 0.99334002
0.17711 -0.011689 0.99191999
0.18059999 -0.031160004 1.0233001
0.19240999 -0.020119004 1.0019
0.18436 -0.021188006 1.0034
0.18539998 -0.021188006 1.0034
-0.074850999 0.14895 0.73800999
0.075167 0.16760001 0.71632999
0.06848 0.16192999 0.72417003
0.060153998 0.17465 0.70578003
-0.046275005 0.17524 0.69938999
-0.037078999 0.14475 0.74794
-0.036342002 0.14413001 0.74874997
-0.10558001 0.13677 0.75525999
-0.10062001 0.13064 0.76524001
-0.096435003 0.14421 0.74514002
-0.088819005 0.13079 0.76608998
-0.10488 0.14259 0.74474001
-0.11774 0.14165001 0.74794
-0.11606001 0.12554 0.77289999
-0.11007 0.12047 0.7816
-0.15031001 0.108 0.79729003
-0.1122 0.11612999 0.78513002
-0.10278001 0.12578 0.76947999
-0.10118001 0.11174999 0.79456002
-0.064874999 0.15547 0.72911
-0.062671997 0.15488 0.72987002
-0.068654001 0.16543999 0.71338999
-0.061225004 0.16609 0.71302003
-0.16663 0.046924993 0.89367998
-0.17373002 0.02832 0.92154002
-0.17317 0.010475993 0.94988
-0.17341 0.0095042959 0.95117998
0.11948 -0.060578004 1.0552
0.14966001 -0.058212996 1.052
0.1348 -0.059484005 1.0552
0.15316001 -0.057209 1.0536
0.18210998 -0.053768009 1.0504
0.17287 -0.048177004 1.0472
0.15305001 -0.054982007 1.0528001
0.16552 -0.050423995 1.0488
0.15212999 -0.048140004 1.0464
0.15189999 -0.046984002 1.0448999
0.095747992 0.020253997 0.76188999
0.096432 0.021020994 0.76104999
0.098260999 0.024045996 0.75691003
-0.16686001 -0.015747003 0.98839003
-0.16379002 -0.015747003 0.98839003
-0.11396001 0.017206997 0.94088
-0.10873001 0.0026341975 0.96372002
-0.1302 0.022828992 0.93142003
-0.17636001 0.0095042959 0.95117998
-0.15784001 0.0095172971 0.95248997
-0.10283 0.088090003 0.82767999
-0.10313001 0.086631 0.83016002
-0.093552999 0.086528003 0.82915998
-0.10234001 0.090235002 0.82375997
-0.14313 0.013385996 0.94665003
-0.14284 0.014337994 0.94471997
-0.11495001 0.037404999 0.91007
-0.1151 0.036508996 0.91127002
-0.11605 0.036508996 0.91127002
-0.13494 0.022812992 0.93080002
-0.09386801 -0.038874 1.0309
-0.097708009 -0.0085300058 0.9835
-0.096826009 -0.0095634013 0.98488998
-0.11154 -0.030954003 1.0166
-0.11259001 -0.030954003 1.0166
-0.063727997 -0.026582003 1.0107
-0.031353004 -0.027731001 1.0144
0.25896001 -0.024576001 1.0144
0.30693001 -0.041288003 1.0378
0.30006999 -0.041380003 1.0402
0.27401999 0.07943999 0.85465997
0.27114001 0.078746997 0.85676998
0.14293 0.17823 0.70257002
0.15057001 0.1785 0.7008
0.13586999 0.17031001 0.71521997
0.13021 0.17117999 0.71266001
0.13601001 0.16974001 0.71596003
0.12434 0.17840999 0.70043999
0.11383 0.17787001 0.69832999
0.055785995 0.17752001 0.69692999
0.052896004 0.17752001 0.69692999
0.047091 0.17743 0.69657999
0.11612 0.17805 0.69902998
0.11841 0.17823 0.69973999
0.10602 0.17814 0.69938999
0.11757 0.17805 0.69902998
0.033349995 0.17734 0.69622999
0.031184003 0.17734 0.69622999
0.035514995 0.17734 0.69622999
0.015324 0.17761 0.69727999
0.0095344 0.17752001 0.69692999
-0.012134001 0.17734 0.69622999
-0.00058211014 0.17715999 0.69554001
0.00013913214 0.17715999 0.69554001
0.031922005 0.17743 0.69657999
0.030462002 0.17734 0.69622999
0.027574005 0.17734 0.69622999
0.036977999 0.17743 0.69657999
0.0016033016 0.17228 0.70506001
0.084140003 0.17787001 0.69832999
0.083416 0.17787001 0.69832999
0.082732998 0.17795999 0.69867998
0.098045997 0.17814 0.69938999
0.095918998 0.17823 0.69973999
0.096644998 0.17823 0.69973999
0.069551997 0.17761 0.69727999
0.072444998 0.17761 0.69727999
0.082009003 0.17795999 0.69867998
0.094456002 0.1752 0.70506001
0.065311998 0.17787001 0.69832999
0.064588003 0.17787001 0.69832999
0.079071 0.17787001 0.69832999
0.17237 0.1785 0.7008
0.15767001 0.17832001 0.70008999
0.15477 0.17832001 0.70008999
0.12277 0.17823 0.69973999
0.034714997 0.17113 0.70937997
0.041166995 0.17336001 0.70649999
0.16656999 0.096615002 0.82718998
0.13991 0.14724 0.74874997
0.20492998 0.15824001 0.73141003
0.20547 0.15883 0.73063999
0.20589998 0.15764999 0.73218
0.14984 0.11279 0.80189002
0.13634001 0.15722001 0.73373002
0.14303 0.15781 0.73294997
0.12247 0.13861001 0.76104999
0.12234 0.13924 0.76021999
0.072008997 0.15858001 0.72948998
0.074326001 0.14806999 0.74514002
0.076644003 0.14806999 0.74514002
0.11607 0.11807 0.79273999
0.22202 0.15831 0.73527998
0.22226 0.15772 0.73606002
0.23481998 0.13115001 0.77766001
0.23453999 0.12983 0.77941
0.24350998 0.13569999 0.76692998
0.24561998 0.13714001 0.76608998
0.24454001 0.13891 0.76271999
0.23954999 0.15079001 0.74713999
0.24057999 0.14833 0.75037003
0.24032 0.14895 0.74956
0.23773998 0.15141 0.74633998
0.25088 0.12627998 0.78248
0.20622998 0.15883 0.73063999
0.20471001 0.15883 0.73063999
0.19828999 0.13657001 0.76735002
0.13429999 0.16177 0.72681999
0.13595 0.17151 0.70793998
0.13581 0.17207 0.70722002
0.15202001 0.17216 0.70757997
0.17806 0.17248 0.71192998
0.16583 0.1785 0.7008
0.18206 0.16135 0.72491997
0.30533999 -0.019190006 1.0077
0.20032001 -0.048249006 1.0488
0.2053 -0.04597 1.0464
0.28799 -0.034624003 1.0317
0.28692001 -0.034624003 1.0317
0.28378999 -0.02454 1.0129
0.28670001 -0.036873005 1.0348001
0.20115 0.034892995 0.91848999
0.32032001 -0.019149005 1.0056
0.30862001 -0.040151 1.0362999
0.28263 -0.0086216033 0.99405003
0.31009999 -0.010706 0.99619001
0.31127 -0.0086154044 0.99334002
0.29664001 0.033229992 0.92522001
0.29587999 0.032291997 0.92584002
0.29447001 0.0026655942 0.97521001
0.29548001 0.0026655942 0.97521001
0.29949 0.0046716928 0.97180003
0.30419001 0.016419999 0.95183998
0.30105001 0.024960998 0.93897003
0.30044001 0.025881998 0.93707001
0.30186999 0.023075998 0.94151998
0.14822 0.12673999 0.78027999
0.092395 0.14778 0.74754
0.095642999 0.13861001 0.76104999
0.18009 0.16926 0.71706998
0.21131998 0.15132999 0.74594003
0.19716999 0.16202 0.72795999
0.19819 0.14452 0.75484997
0.1974 0.14452 0.75484997
0.24175999 0.14593001 0.75402999
0.21809 0.15018 0.74794
0.21730998 0.15018 0.74794
0.21456999 0.14161 0.76021999
0.21700999 0.14895 0.74956
0.21630999 0.15079001 0.74713999
0.21243 0.15079001 0.74713999
0.16509999 0.15550999 0.73645002
0.16236 0.17723 0.7015
0.23065999 0.091536991 0.83565003
0.22751999 0.093045995 0.83363998
0.18663999 0.11291999 0.80282003
0.24443999 0.12061 0.79320002
0.25253001 0.10904999 0.81124997
0.21353 0.10467999 0.81650001
0.21436998 0.10467999 0.81650001
0.034116998 -0.013736002 0.99120998
0.033666 -0.026524 1.0085
0.061693002 -0.012672 0.98839003
0.053569995 -0.01269 0.98979998
0.033696 -0.044683002 1.0417
0.0045566969 -0.053646997 1.048
0.11017999 -0.012708001 0.99120998
0.099941 -0.020119004 1.0019
0.091366 -0.019025005 0.99905002
0.12271 -0.019066006 1.0012
0.12306 -0.021203004 1.0041
0.091027997 -0.058390006 1.0552
0.1014 -0.029899999 1.0166
0.12291 -0.026602 1.0114
0.14650001 -0.023370005 1.0077
0.12064 -0.025516003 1.0099
0.12169 -0.025516003 1.0099
0.090333 -0.024486005 1.0107
0.079265997 -0.027791999 1.0166
0.090005003 -0.022309005 1.007
0.14737999 -0.030032001 1.0211
0.27812999 0.0016473979 0.97112
0.27449 0.00064130872 0.97248
0.26201999 0.0036614984 0.97112
0.26238999 0.0026581958 0.97248
0.26275 0.0016519949 0.97385001
0.27957001 0.021209996 0.94536
0.27858999 0.021209996 0.94536
-0.038964003 0.17643 0.69832999
-0.013434999 0.018133 0.93834001
-0.0065834001 0.022858996 0.93267
-0.020663999 0.0046040937 0.95774001
-0.075760998 0.031931002 0.91547
-0.088969 0.052969001 0.88628
-0.091725998 0.052968994 0.88628
-0.013273001 0.026567001 0.92707002
-0.050306998 0.019067995 0.93643999
-0.037939005 0.018218998 0.94278997
0.13733 0.036798 0.91848999
0.13752 0.035892997 0.91970998
-0.14880002 0.050243996 0.88683999
-0.14603999 0.050243996 0.88683999
-0.15175 0.041606002 0.89889002
-0.16603002 0.053546995 0.88066
-0.16644999 0.052767001 0.8829
-0.11194 0.085924 0.83165002
-0.11679 0.079109989 0.84171999
-0.11352 0.10418 0.80607998
-0.08565601 0.060203996 0.87127
-0.084752001 0.060203996 0.87127
-0.10640001 0.056143999 0.87843001
-0.093059011 0.059411995 0.87291002
-0.14030001 0.057673994 0.87401003
-0.13066 0.048497997 0.88854003
-0.12974 0.048497997 0.88854003
-0.12957001 0.049355991 0.88740999
-0.11446 0.10767 0.80097002
-0.11228 0.084452003 0.83414
-0.12441001 0.054632999 0.88345999
-0.13916001 0.053750996 0.88401997
-0.15363002 0.053682998 0.8829
-0.15603 0.048652999 0.89139003
-0.15161002 0.047789998 0.89253998
-0.11200001 0.059374996 0.87237
-0.15922001 0.046924993 0.89367998
-0.15832999 0.059448995 0.87345999
-0.15455002 0.053682998 0.8829
-0.14641002 0.073849998 0.85152
-0.13036001 0.082351997 0.83917999
-0.12147 0.096831992 0.81458002
-0.12217001 0.097562 0.81362998
-0.12056 0.093208991 0.81987
-0.12207001 0.10529999 0.80189002
-0.12865001 0.10524 0.80142999
-0.15505999 0.086786993 0.83165002
-0.15481001 0.090448998 0.82572001
-0.15927002 0.07677 0.84478998
-0.15060002 0.075939998 0.84530002
-0.13694 0.070446998 0.85308999
-0.12448 0.091035001 0.82327002
-0.12884 0.07515499 0.84632999
-0.13530999 0.073578991 0.8484
-0.14835 0.093892992 0.81841999
-0.14879 0.092467993 0.82084
-0.14324 0.080513991 0.83816999
-0.15135002 0.092468001 0.82084
-0.0039971992 0.11195 0.80189002
-0.0039902963 0.11259 0.80050999
-0.00067189708 0.11125 0.80282003
0.0026611052 0.11055 0.80374998
0.003494598 0.11055 0.80374998
-0.003169395 0.11125 0.80282003
-0.034843005 0.067010991 0.86584002
-0.0051815994 0.071950004 0.86048001
-0.083049007 0.059374996 0.87237
-0.083223008 0.066927999 0.86477
-0.10321001 0.065297 0.86691999
-0.076549999 0.043639001 0.90239
-0.067764997 0.038347993 0.91007
-0.067325003 0.075939991 0.84530002
-0.083242007 0.054667998 0.88401997
-0.072195999 0.051885001 0.88345999
-0.015045002 0.034869999 0.91789001
-0.014066003 0.035750993 0.91606998
-0.083844997 0.09141399 0.82669997
-0.076850004 0.092961997 0.82523
-0.099394001 0.081777997 0.84223002
-0.099696003 0.080274001 0.84478998
-0.10612 0.082451001 0.84018999
-0.12049001 0.08759699 0.83115
-0.075531997 0.071817003 0.85889
-0.092744999 0.079445995 0.84530002
-0.084597997 0.080952995 0.84274
-0.011621997 0.061376996 0.87510997
-0.048599005 0.15205 0.73449999
-0.076739006 0.15197 0.73411
-0.076219 0.15016 0.73645002
-0.08393801 0.17155001 0.70506001
-0.084109001 0.17043 0.70649999
-0.083546005 0.16931 0.70793998
-0.079662003 0.15707999 0.72605997
-0.10426001 0.12643999 0.76863003
-0.094117008 0.14421 0.74514002
-0.016780004 0.098811001 0.81698
0.096332997 0.12658998 0.77941
0.10666 0.13483 0.76651001
-0.0068183988 0.082650989 0.84223002
-0.13984001 0.0036109984 0.95774001
-0.15353 0.0075730979 0.95642
-0.14978001 0.022722002 0.92707002
-0.13849002 0.018071998 0.93518001
-0.13423002 0.0095238984 0.95314002
-0.13390002 0.00063640624 0.96506
-0.13280001 0.006585896 0.95708001
-0.10485 0.011421993 0.94665003
-0.075218998 -0.0085240006 0.98280001
-0.065907001 -0.0074890032 0.98071998
-0.095803998 -0.0095634013 0.98488998
-0.094074003 -0.019025005 0.99905002
-0.07711 -0.015837006 0.99405003
-0.094046004 0.030110992 0.91789001
-0.10194 0.034642 0.91185999
-0.10787001 0.029294997 0.92215002
-0.065030999 0.09875299 0.81650001
-0.064259 0.098021001 0.81746
-0.065107003 0.098021001 0.81746
-0.059014 0.10721 0.80374998
0.30958 -0.0075691044 0.99120998
0.28406999 -0.049337 1.0488
0.24950999 -0.013825007 0.99761999
0.19018999 -0.042491004 1.041
0.18206999 -0.036763005 1.0317
0.18261999 -0.039019004 1.0348001
0.12654001 -0.037861004 1.0325
0.12616 -0.035613999 1.0294
0.12761 -0.037861004 1.0325
0.14763001 -0.019066006 1.0012
0.22582999 -0.035509005 1.0264
0.22689998 -0.035509005 1.0264
0.20128 -0.024468005 1.0099
0.19283 -0.021203004 1.0041
0.25437999 -0.0095974058 0.98839003
0.20958 -0.035640001 1.0302
0.18476 -0.022277005 1.0056
0.18724999 -0.023370005 1.0077
0.21818998 -0.023437999 1.0107
0.20576999 -0.028846003 1.0166
0.19881999 -0.027853005 1.0188
0.15988 0.045421999 0.90063
0.10997 0.0086181983 0.96237999
0.11096 0.0086181983 0.96237999
0.11081 0.0096028969 0.96104997
0.1128 0.0096028969 0.96104997
0.15003 0.023970999 0.93834001
0.14736 0.012479998 0.95248997
0.17573 0.011539996 0.95642
0.17648 0.012514994 0.95511001
0.1745 0.012514994 0.95511001
0.17351 0.012514994 0.95511001
0.17524999 0.013486996 0.95380002
0.17054 0.012514994 0.95511001
0.17031001 0.013486996 0.95380002
0.17921001 0.013486996 0.95380002
0.17378999 0.015421998 0.95117998
0.17106 0.014455996 0.95248997
0.18388 0.016341995 0.94729
0.18460998 0.017299999 0.94599998
0.18436 0.018255994 0.94471997
0.18485999 0.016341995 0.94729
0.18706 0.027583994 0.92892998
0.18801999 0.027583994 0.92892998
0.16132 -0.00036661327 0.97112
0.10197 -0.0013746023 0.97180003
0.22296998 0.0036486983 0.96774
0.20591 0.0086241961 0.96305001
0.17660999 -0.009604305 0.98909998
0.18274 0.025864996 0.93643999
0.17027999 0.035008997 0.92154002
0.17005999 0.035916995 0.92031997
0.17004 0.048192993 0.90004998
0.14534 0.032120995 0.92093003
0.11946 0.012454994 0.95052999
0.15665001 -0.033380002 1.0264
0.12095 0.0036588982 0.97044998
0.11716999 0.0016496927 0.97248
0.13474999 0.04919 0.90122002
0.211 0.030452993 0.92830998
0.16516 0.049061999 0.89889002
0.22092 0.030494001 0.92954999
0.21379 0.0036461949 0.96706998
0.21349999 0.004642494 0.96573001
0.21278998 0.0036461949 0.96706998
0.2148 0.0036461949 0.96706998
0.21509001 0.0026469976 0.96842003
0.21438998 0.0016450956 0.96977001
0.21816999 -0.00036738068 0.97316003
0.21408999 0.0026469976 0.96842003
0.21063998 0.0056478977 0.96640003
0.20115 0.018268999 0.94536
0.20633999 0.010591999 0.96038997
0.21998999 0.015411999 0.95052999
0.19718999 0.015400998 0.94988
0.20897999 0.023059998 0.94088
0.21092999 0.023059994 0.94088
0.22150999 0.023044992 0.94024003
0.27607 0.022144999 0.94343001
0.29506999 0.037825998 0.92031997
0.27526 0.039629996 0.91789001
0.27540001 0.03692 0.92154002
0.27480999 0.036013 0.92276001
0.27443999 0.03692 0.92154002
0.27575999 0.036012996 0.92276001
0.28015 0.020270996 0.94729
0.27636001 0.045688998 0.90592003
0.25900999 0.060245 0.88515002
0.26394001 0.059401996 0.88628
0.25251999 0.056971997 0.89139003
0.24987 0.058632992 0.88854003
0.24318999 0.042205993 0.91185999
0.24539 0.043981999 0.90947998
0.22599 0.047443997 0.90355998
0.23501 0.043038994 0.90947998
0.28088999 0.062757999 0.88178003
0.28259 0.050156996 0.90179998
0.26506999 0.049093992 0.89946997
0.26565999 0.049961999 0.89831001
0.30335999 0.0026636943 0.97452998
0.31332999 -0.0086154044 0.99334002
0.29225001 0.028565995 0.92954999
0.21866998 0.036700998 0.91606998
0.21419999 0.035799 0.91728002
0.22990999 0.037625991 0.91547
0.23387 0.037650991 0.91606998
0.2331 0.039420996 0.91306001
0.22711998 0.039368995 0.91185999
0.24956 0.036773995 0.91789001
0.22244999 0.050091997 0.90063
0.21638 0.053480994 0.89484
0.20874 0.042122994 0.91007
0.20967999 0.042123001 0.91007
0.27399001 0.042288993 0.91365999
0.26014999 0.049222 0.90179998
0.26506001 0.035988998 0.92215002
0.23501998 0.024876997 0.93581003
0.23308 0.024877001 0.93581003
0.23374 0.025812998 0.93454999
0.22725999 0.024876997 0.93581003
0.23051998 0.026746001 0.93330002
0.22498 0.017311998 0.94665003
0.22430998 0.016352996 0.94793999
0.22150999 0.028643001 0.93204999
0.22217998 0.029570002 0.93080002
0.22121999 0.029569995 0.93080002
0.22277999 0.027713999 0.93330002
0.22735998 0.023044996 0.94024003
0.2306 0.022099998 0.94151998
0.22174001 0.018269002 0.94536
0.22369999 0.018269002 0.94536
0.22505 0.021151993 0.94278997
0.22957999 0.018269002 0.94536
0.23185998 0.017311998 0.94665003
0.22718999 -0.010645002 0.99050999
0.30594 -0.018119 1.0063
0.30385 -0.018119 1.0063
0.31626999 -0.017014004 1.0027
0.29326999 0.00064491481 0.97795999
0.30434999 -0.023455001 1.0114
0.29491001 -0.023455001 1.0114
0.29295999 0.010555997 0.95708001
0.27948999 0.012514994 0.95511001
0.28433001 -0.002407603 0.98211002
0.24853998 0.0056438968 0.96573001
0.25343001 0.0036537945 0.96908998
0.25264999 0.0016519949 0.97385001
0.23852 0.0016519949 0.97385001
0.18956998 0.11150999 0.80467999
0.12155 0.13924 0.76021999
0.12169 0.13861001 0.76104999
0.12031 0.13418999 0.76735002
0.12367 0.12726 0.77853
0.11461 0.13483 0.76651001
0.11382 0.13483 0.76651001
0.091521002 0.14839 0.74673998
0.27384999 0.036012992 0.92276001
0.25942001 0.017383002 0.95052999
0.26210999 0.024960998 0.93897003
0.26909 0.018355995 0.94988
0.26763001 0.021195002 0.94471997
0.24504 0.028681003 0.93330002
0.26776001 0.0066499934 0.96640003
0.24816999 0.021122996 0.94151998
0.24263999 0.020174999 0.94278997
0.24379998 0.017323997 0.94729
0.2335 0.018268999 0.94536
0.24315 0.049929999 0.89772999
0.23152 0.0066453964 0.96573001
0.23251998 0.0066453964 0.96573001
0.243 0.015432999 0.95183998
0.24276 0.034166995 0.92460001
0.23284 0.056680992 0.88683999
0.20763999 0.048966996 0.89714998
0.22751999 0.12916 0.78027999
0.23082 0.13312 0.77506
0.24140999 0.12681 0.78072
0.22931999 0.14654 0.74914998
0.12954 0.12667 0.77983999
0.12887999 0.126 0.78072
0.13455001 0.126 0.78072
0.15879001 0.14507 0.75362003
0.15784 0.14568999 0.75281
0.12851 0.13988 0.75939
0.12772 0.13988 0.75939
0.156 0.14382 0.75525999
0.098939002 0.024802994 0.75607997
0.1121 0.079001993 0.84996003
0.10746001 0.13483 0.76651001
0.10678 0.13418999 0.76735002
0.031824 0.13511001 0.76356
0.029512998 0.13382 0.76524001
0.075454995 0.13604999 0.76440001
0.14791 0.033009991 0.91909999
0.14885999 0.033009999 0.91909999
0.17783999 0.042897996 0.90651
0.14982 0.033009991 0.91909999
0.18382999 0.064219996 0.87677002
0.24899998 -0.0034163073 0.97934002
0.23576 -0.0085664019 0.98768997
0.24087998 -0.0085664019 0.98768997
0.24535999 0.094322003 0.82966
0.25525001 0.077619001 0.85413998
0.24034998 0.07378 0.86102003
0.27303001 0.056083996 0.89196002
0.26932999 0.056083996 0.89196002
0.27327001 0.065211996 0.87787998
0.27362001 0.064382993 0.87898999
0.10791 -0.022341006 1.0085
0.043343998 0.00063817948 0.96774
0.061128005 -0.0074784011 0.97934002
0.083098002 -0.0085602999 0.98698997
0.093199998 -0.007526204 0.98558998
0.090134002 -0.007526204 0.98558998
0.041108001 0.0046263933 0.96237999
0.024621001 -0.0064766034 0.98141003
0.022616994 -0.0075049028 0.98280001
0.027431002 -0.027610004 1.0099
0.027391002 -0.026524 1.0085
0.029525999 -0.027610004 1.0099
0.00020379946 -0.032079004 1.0188
0.0064296015 -0.021142006 1.0012
0.029568002 -0.028699003 1.0114
0.027471002 -0.028699003 1.0114
-0.00083253533 -0.017911002 0.99475998
-0.0080301985 -0.015803002 0.99191999
0.020192996 0.0016359985 0.96438998
0.016226999 0.00063728541 0.96640003
0.042282 0.001639396 0.96640003
-0.0029441006 -0.025553003 1.0114
0.020608 -0.0085361004 0.98418999
-0.087204002 0.0046040937 0.95774001
-0.022376001 -0.042332001 1.0371
-0.043591 -0.038845003 1.0302
-0.047062002 -0.028741002 1.0129
-0.043718003 -0.0095634013 0.98488998
-0.043311 -0.017989002 0.99905002
-0.041062005 -0.014817007 0.99475998
-0.041120999 -0.015871003 0.99619001
0.0041299947 0.010475993 0.94988
0.0042104945 -0.00036558509 0.96842003
0.0062189996 -0.00036558509 0.96842003
0.0072232001 -0.00036558509 0.96842003
0.024010003 0.0075782984 0.95708001
0.024042998 0.0065948963 0.95840001
0.038061999 0.0056165978 0.96104997
0.021017995 0.0075730979 0.95642
-0.13377002 -0.032032005 1.0173
-0.12428 -0.032032005 1.0173
-0.097905003 -0.034142002 1.0173
-0.15769002 -0.031962 1.0151
0.24555001 0.11991999 0.79409999
-0.096149005 -0.054527998 1.0441
0.27654001 -0.042491004 1.041
0.27877 -0.054137006 1.0576
0.27987 -0.054137006 1.0576
0.27574 -0.051786005 1.0544
0.27061 -0.047091 1.0472
0.27495 -0.047091 1.0472
0.27616 -0.052958995 1.056
0.18967998 -0.044784002 1.0441
0.16610999 -0.047020003 1.0457
0.1503 -0.050423995 1.0488
0.1389 -0.046984002 1.0448999
0.13693 -0.048140004 1.0464
0.13673 -0.046984002 1.0448999
0.13652 -0.045832001 1.0433
0.14756 -0.046984002 1.0448999
0.14734 -0.045832001 1.0433
0.15098 -0.056116 1.0536
0.22847 -0.036654003 1.0286
0.19986999 -0.04597 1.0464
0.2306 -0.046039 1.048
0.23929 -0.055233002 1.0576
-0.029067002 -0.056778997 1.0457
-0.043163002 -0.056778997 1.0457
-0.019265004 -0.046914004 1.0433
0.00020806864 -0.044615999 1.0402
0.068218999 -0.035456002 1.0247999
0.070423998 -0.043603003 1.0417
0.058717001 -0.046984002 1.0448999
0.059801001 -0.046984002 1.0448999
0.071503997 -0.043603003 1.0417
-0.016911 -0.038903005 1.0317
-0.0072607994 -0.036654003 1.0286
0.046181001 -0.021280006 1.0077
0.014009997 -0.034368001 1.0240999
0.013947997 -0.031045005 1.0196
0.0044134967 -0.027751006 1.0151
0.13063 -0.031137004 1.0226001
0.13015001 -0.028910004 1.0188
0.14496 -0.044683002 1.0417
0.13209 -0.038989998 1.034
0.19092 -0.038961001 1.0332
0.12523 -0.042427003 1.0394
0.12751 -0.021249004 1.0063
0.22024 0.12916 0.78027999
0.18526998 0.092236996 0.83414
-0.051999003 0.066237003 0.86747003
-0.040155001 0.067782991 0.86422998
0.032437 0.13909 0.75939
0.092731997 0.11685 0.79004002
-0.033073001 0.12289999 0.7816
-0.030575 0.13680001 0.75980002
-0.030542001 0.13744 0.75897002
-0.034655005 0.12357 0.78072
-0.019588001 0.13552999 0.76147002
0.0018404946 0.10627999 0.80936003
0.029580999 0.17121001 0.70973998
-0.028782003 0.16512001 0.71521997
-0.033938006 0.16569 0.71449
0.0017221048 0.13871001 0.75731999
0.00093679875 0.13871001 0.75731999
0.063813001 0.17465 0.70578003
-0.014697999 0.1652 0.71559
-0.0041904002 0.17725 0.69588
-0.0020236038 0.17707001 0.69519001
0.0037490986 0.17734 0.69622999
-0.0089093 0.11511 0.79500997
-0.0087295026 0.1241 0.77897
-0.024700001 0.11073999 0.79913002
-0.051018 0.15093 0.73645002
-0.011756003 0.1331 0.76565999
-0.020179003 0.14124 0.75402999
-0.049856 0.16167 0.71967
-0.011253998 0.15401 0.73294997
-0.014309004 0.15341 0.73373002
-0.0051169991 0.15909 0.72491997
0.0055105053 0.15064 0.73879999
0.00091486052 0.15004 0.73957998
-0.015478998 0.14116 0.75362003
-0.017852001 0.14060999 0.75484997
-0.018133 0.15281001 0.73449999
0.02372 0.15561 0.73334002
0.057139996 0.17511 0.70471001
-0.026742004 0.10311 0.81077999
-0.024361998 0.099481992 0.81554002
-0.032488003 0.090772994 0.82867002
-0.013144001 0.11028999 0.80189002
-0.031521 0.078906 0.84891999
-0.032189004 0.066195995 0.86691999
-0.031328999 0.065378994 0.86800998
-0.030313998 0.031103998 0.91909999
-0.030274004 0.032014992 0.91789001
-0.031267002 0.031103998 0.91909999
-0.032219999 0.031103998 0.91909999
-0.032178 0.032014992 0.91789001
-0.031226002 0.032014992 0.91789001
-0.047913 0.024661001 0.92769003
-0.048234999 0.020953 0.93392003
-0.054433003 -0.015837006 0.99405003
-0.061638005 0.0056204945 0.96171999
-0.071373008 0.012387 0.94536
-0.076269008 0.023841992 0.93330002
-0.051837005 0.015348997 0.94665003
-0.037138 0.012411997 0.94729
-0.0057951994 0.0046263933 0.96237999
-0.13202 -0.016772002 0.98839003
-0.1293 -0.023169003 0.99905002
-0.14656001 -0.012600005 0.98280001
-0.13371 -0.019946001 0.99334002
-0.17230999 -0.021036007 0.99619001
-0.11913001 -0.0044132024 0.97521001
-0.13932002 -0.010555007 0.98211002
-0.14731002 -0.017911002 0.99475998
-0.14699 -0.016844004 0.99263
-0.14668 -0.015781 0.99050999
-0.11232 -0.017924003 0.99546999
-0.10746 -0.019011006 0.99833
-0.10762001 -0.020075001 0.99976999
-0.12675002 -0.0095095038 0.97934002
-0.12692001 -0.010540001 0.98071998
-0.10730001 -0.0084820017 0.97795999
-0.10030001 -0.0033806041 0.96908998
-0.10044 -0.0043916032 0.97044998
-0.1363 -0.024345003 1.0048
-0.11989 -0.0085120052 0.98141003
-0.12225 -0.0054282025 0.97589999
0.051392999 0.13767 0.76021999
0.17024 0.022966996 0.93707001
-0.14877 0.11262999 0.78913999
-0.13296002 0.12481 0.77332997
-0.13358 0.13187 0.76314002
-0.095446996 0.17353 0.69832999
-0.096829005 0.12175 0.77941
-0.097638004 0.12175 0.77941
-0.10006001 0.12175 0.77941
-0.10278001 0.12047 0.7816
0.0088515989 0.17614999 0.70008999
-0.10441 0.046865001 0.89253998
-0.1019 0.052082993 0.88683999
-0.14373001 0.038222995 0.90710002
-0.13791001 0.039113 0.90592003
-0.11544 0.029275998 0.92154002
-0.1165 0.033806991 0.91486001
-0.14742002 0.034663998 0.91246003
-0.14977002 0.036437001 0.90947998
-0.14506 0.032879997 0.91547
-0.070322998 -0.031962 1.0151
-0.11376 -0.039795004 1.0271
-0.13587999 -0.032032005 1.0173
-0.13714001 -0.033136003 1.0188
-0.14805001 -0.021112002 0.99976999
-0.038998 -0.002375707 0.96908998
-0.039052002 -0.0033853054 0.97044998
-0.027693003 0.0066085979 0.96038997
0.070955999 -0.056993008 1.0496
0.064424999 -0.056993008 1.0496
0.061207 -0.055947006 1.0504
0.059028 -0.054857999 1.0504
-0.16364002 0.061777998 0.86800998
-0.16609001 0.029275995 0.92154002
-0.16800001 0.029275998 0.92154002
-0.16727 0.028358001 0.92276001
-0.16631001 0.028357994 0.92276001
-0.17388001 0.0075522959 0.95380002
-0.17364001 0.008529596 0.95248997
-0.17463002 0.008529596 0.95248997
0.17865001 -0.013785005 0.99475998
0.19417 -0.026738003 1.0166
0.19393 -0.017989002 0.99905002
0.06168 0.17409 0.70649999
0.056230001 0.1635 0.72115999
-0.047821999 0.17414001 0.7008
-0.023302004 0.17116 0.70649999
-0.041432001 0.16455001 0.71596003
-0.12459 0.14227 0.74713999
-0.11082 0.13428999 0.75897002
-0.10789 0.12999 0.76608998
-0.11446 0.12554 0.77289999
-0.11529001 0.12869 0.76778001
-0.1059 0.12114 0.78072
-0.10232001 0.12999 0.76608998
-0.13014001 0.13625 0.75239998
-0.11526 0.12554 0.77289999
-0.14957002 0.10807 0.79775
-0.10036 0.11174999 0.79456002
-0.062476002 0.15666001 0.72758001
-0.062606998 0.15547 0.72911
-0.061965004 0.16609 0.71302003
-0.17439002 0.0095042959 0.95117998
0.092005 -0.015848003 0.99475998
0.092137009 -0.016904004 0.99619001
0.12057 -0.060578004 1.0552
0.15523 -0.058256999 1.0528001
0.15316001 -0.058302 1.0536
0.15207 -0.057209 1.0536
0.14951 -0.045832001 1.0433
0.15321 -0.048140004 1.0464
0.17158 -0.042427003 1.0394
0.24037001 -0.0003689304 0.97727001
-0.12924001 0.022828996 0.93142003
-0.13260999 0.0075678974 0.95576
-0.12875 0.033785 0.91426003
-0.15498 0.0095238984 0.95314002
-0.15613002 0.016252998 0.94216001
-0.13503 0.010497995 0.95183998
-0.11327001 0.10136999 0.81031001
-0.11314001 0.10209 0.80936003
-0.093135007 0.098078996 0.81794
-0.11365 0.091250993 0.82523
-0.14410999 0.013385996 0.94665003
-0.11540001 0.034709997 0.91365999
-0.12248 0.038986001 0.90298003
-0.1338 0.023746997 0.92954999
-0.094649009 -0.0085300058 0.9835
-0.095669009 -0.0085300058 0.9835
-0.09668801 -0.0085300058 0.9835
-0.12050001 -0.034267001 1.0211
-0.11698001 -0.032056004 1.0181
-0.11715 -0.033160001 1.0196
-0.11732001 -0.034267001 1.0211
-0.089251004 -0.051050007 1.0394
0.30908 -0.041288003 1.0378
0.3064 -0.035719998 1.0325
0.3215 -0.027956001 1.0226001
0.30443001 -0.033479005 1.0294
0.13828 0.17859 0.70115
0.13617 0.17868 0.7015
0.15121999 0.17840999 0.70043999
0.14975999 0.17840999 0.70043999
0.14904 0.17840999 0.70043999
0.13629 0.16861001 0.71744001
0.13749 0.1785 0.7008
0.13101 0.17859 0.70115
0.13028 0.17859 0.70115
0.13319001 0.17859 0.70115
0.12809999 0.17859 0.70115
0.062858 0.17622 0.70327997
0.063864 0.17787001 0.69832999
0.061691999 0.17787001 0.69832999
0.056508999 0.17752001 0.69692999
0.053617999 0.17752001 0.69692999
0.10882 0.17795999 0.69867998
0.11275 0.17342 0.70973998
0.11679 0.17795999 0.69867998
0.034072004 0.17734 0.69622999
0.017500997 0.1777 0.69762999
0.018939003 0.17761 0.69727999
0.011707999 0.17761 0.69727999
0.013877001 0.17761 0.69727999
0.0080890022 0.17752001 0.69692999
-0.016457997 0.17725 0.69588
0.0015815981 0.17715999 0.69554001
0.032644 0.17743 0.69657999
0.016769998 0.17761 0.69727999
0.00014189631 0.16966 0.70937997
0.097369999 0.17823 0.69973999
0.095192999 0.17823 0.69973999
0.071721002 0.17761 0.69727999
0.084907003 0.17795999 0.69867998
0.15403999 0.17832001 0.70008999
0.11974 0.17805 0.69902998
0.11908 0.17814 0.69938999
0.020700999 0.15502 0.73411
0.041125998 0.17392001 0.70578003
0.16486 0.096615002 0.82718998
0.20513999 0.15764999 0.73218
0.23431 0.094378993 0.83016002
0.14966001 0.11348999 0.80097002
0.13344 0.15662 0.73449999
0.14319 0.15722001 0.73373002
0.14014 0.15722001 0.73373002
0.18138999 0.16982999 0.71632999
0.18046001 0.17039999 0.71559
0.18175998 0.17095999 0.71486002
0.072688997 0.15917 0.72873002
0.071933001 0.15917 0.72873002
0.065862 0.14815 0.74554002
0.22178999 0.15891001 0.73449999
0.23508 0.13049001 0.77853
0.24603 0.13578001 0.76735002
0.24373999 0.14003 0.76021999
0.24006 0.14957 0.74874997
0.20341 0.15824001 0.73141003
0.20264998 0.15824001 0.73141003
0.1354 0.17374 0.70506001
0.17842001 0.16982999 0.71632999
0.18562999 0.17265999 0.71266001
0.18515998 0.17369001 0.71082997
0.17990001 0.1736 0.71047002
0.30314001 -0.025627002 1.0144
0.13978 0.0026469976 0.96842003
0.28801 0.031310998 0.92522001
0.29624999 0.034143999 0.92399001
0.13372 0.12925 0.77591997
0.19422999 0.14272 0.75773001
0.24122998 0.14717001 0.75239998
0.21344 0.15018 0.74794
0.21460998 0.13978 0.76314002
0.21855998 0.14895 0.74956
0.21599999 0.14957 0.74874997
0.23477 0.099010989 0.82572001
0.21377999 0.10394999 0.81746
0.22983 0.093797997 0.83263999
0.26047 0.042095993 0.90947998
0.029666997 -0.0064675063 0.98003
0.045407999 -0.041288003 1.0378
0.041588999 -0.035404004 1.0233001
0.0045532025 -0.052520007 1.0472
0.11194 -0.029899999 1.0166
0.10083 -0.019052006 1.0005
0.10071 -0.011656001 0.98909998
0.12732001 -0.020176999 1.0048
0.12836 -0.020176999 1.0048
0.091753997 -0.041317999 1.0386
0.11154 -0.027690999 1.0129
0.1202 -0.028804004 1.0151
0.11976 -0.026602 1.0114
0.12238 -0.023353003 1.007
0.12273 -0.025516003 1.0099
0.080320001 -0.027791999 1.0166
0.07821101 -0.027791999 1.0166
0.1476 -0.031137004 1.0226001
0.27774 0.0026506931 0.96977001
0.27750999 0.00064130872 0.97248
0.26392001 0.0095895976 0.95972002
0.27634999 0.0036512986 0.96842003
0.27548999 0.00064130872 0.97248
0.28644001 0.023091998 0.94216001
-0.074812002 0.031931002 0.91547
-0.076394998 0.047636993 0.88968003
-0.094183005 0.054632995 0.88345999
-0.093001001 0.048559994 0.88968003
-0.049270004 0.020011999 0.93518001
-0.037888005 0.019170996 0.94151998
-0.029843003 -0.020061001 0.99905002
0.14703 0.039446995 0.91365999
-0.07285101 0.13144 0.76524001
-0.14972001 0.050243996 0.88683999
-0.16550002 0.055197991 0.87787998
-0.11870001 0.08668299 0.83064997
-0.12544 0.087439999 0.82966
-0.11833001 0.084452003 0.83414
-0.12756002 0.10136999 0.81031001
-0.13666999 0.091196992 0.82473999
-0.14036 0.093374997 0.82132
-0.10979 0.069733992 0.85518998
-0.11068001 0.069733992 0.85518998
-0.11156001 0.069734 0.85518998
-0.082679011 0.073714003 0.84996003
-0.087622009 0.070620991 0.85518998
-0.14724001 0.064891994 0.86154997
-0.13192001 0.043385994 0.89714998
-0.10945 0.071287997 0.85255998
-0.09372101 0.085822001 0.83064997
-0.093889005 0.085112989 0.83214003
-0.13603002 0.039112996 0.90592003
-0.11624 0.053750996 0.88401997
-0.11639 0.052901994 0.88515002
-0.11364 0.052901991 0.88515002
-0.093027003 0.085112989 0.83214003
-0.15419 0.058690995 0.87566
-0.10943001 0.066154994 0.86637998
-0.12902001 0.10388 0.80374998
-0.11161 0.087387994 0.82915998
-0.10978001 0.097790994 0.81554002
-0.11146001 0.10208999 0.80936003
-0.1123 0.10209 0.80936003
-0.11411 0.10136999 0.81031001
-0.11725 0.096831992 0.81458002
-0.12063 0.096831992 0.81458002
-0.11964 0.097562 0.81362998
-0.12243 0.10394 0.80421001
-0.11979001 0.10464999 0.80328
-0.15275002 0.086079001 0.83314002
-0.15946001 0.075986996 0.84582001
-0.15907001 0.077551991 0.84376001
-0.14358002 0.075939991 0.84530002
-0.14647001 0.07823699 0.84171999
-0.13620999 0.081333995 0.83766001
-0.12900001 0.074368 0.84737003
-0.14053002 0.077457994 0.84274
-0.13355002 0.073578991 0.8484
-0.15049002 0.092468001 0.82084
-0.1539 0.092468001 0.82084
-0.14254001 0.079740994 0.83917999
-0.14237002 0.080513999 0.83816999
-0.15753001 0.080708995 0.84018999
-0.15312001 0.084553994 0.83513999
-0.15576002 0.089645997 0.82621002
-0.13748002 0.10583 0.79958999
-0.0031656958 0.11195 0.80189002
-0.046936005 0.085167989 0.84121001
-0.0096191987 0.073552996 0.85835999
-0.061047003 0.054493994 0.88121998
-0.082944997 0.060203996 0.87127
-0.042535 0.033828996 0.91547
-0.064199999 0.036580998 0.91306001
-0.063336998 0.035680998 0.91426003
-0.064285003 0.035680998 0.91426003
-0.083347999 0.053819999 0.88515002
-0.084265999 0.053819992 0.88515002
-0.015015997 0.035750996 0.91606998
-0.10382 0.080952995 0.84274
-0.10239 0.079445995 0.84530002
-0.099817999 0.07949499 0.84582001
-0.07562501 0.071014002 0.85995001
-0.075978003 0.15197 0.73411
-0.084228002 0.16101 0.72004002
-0.084023006 0.17099001 0.70578003
-0.08264301 0.17043 0.70649999
-0.12319001 0.16711 0.70793998
-0.037778005 0.089373991 0.83165002
-0.0094671026 0.081149995 0.84478998
-0.0059450008 0.082650997 0.84223002
-0.00069852546 0.087964997 0.83464003
-0.15150002 0.023652002 0.92584002
-0.13243002 0.0085471943 0.95445001
-0.13054001 -0.0033829063 0.96977001
-0.12198 -0.00036457181 0.96573001
-0.13897002 -0.0044008046 0.97248
-0.13796002 -0.0044008046 0.97248
-0.13946 -0.0064401999 0.97589999
-0.13844001 -0.0064401999 0.97589999
-0.12779 -0.0033900067 0.97180003
-0.076079004 -0.015837006 0.99405003
-0.095949002 0.030110996 0.91789001
-0.12086 0.029197995 0.91909999
-0.053490005 0.10447999 0.80842
-0.065716997 0.11333999 0.79409999
-0.075858004 0.12180999 0.77983999
-0.092858009 0.078666002 0.84632999
-0.069797002 0.094393998 0.82278001
-0.068171002 0.093650997 0.82375997
0.13381 -0.031137004 1.0226001
0.20605999 -0.018054001 1.0027
0.23967999 -0.022341006 1.0085
0.24333 -0.020206004 1.0063
0.20455 -0.034445003 1.0264
0.1997 -0.031160004 1.0233001
0.19940999 -0.030054003 1.0218
0.18684998 -0.022277005 1.0056
0.11066 0.010584995 0.95972002
0.14849 0.022084996 0.94088
0.14809 0.023970999 0.93834001
0.14926 0.023028996 0.93961
0.14828999 0.023028996 0.93961
0.14628001 0.0085825995 0.95840001
0.17549001 0.012514994 0.95511001
0.17426001 0.013486996 0.95380002
0.17252 0.012514994 0.95511001
0.16955 0.012514994 0.95511001
0.17896 0.014455996 0.95248997
0.17624 0.013486996 0.95380002
0.17477 0.015421998 0.95117998
0.18935999 0.011523999 0.95511001
0.19284999 0.016352993 0.94793999
0.19652 0.017311998 0.94665003
0.19259 0.017311998 0.94665003
0.10485 -0.0003663525 0.97044998
0.24102998 0.0085943937 0.95972002
0.14916 0.032120995 0.92093003
0.12011 0.0026562959 0.97180003
0.11296 0.0086181983 0.96237999
0.11181 0.0096028969 0.96104997
0.21050999 0.039446995 0.91365999
0.21024001 0.040341992 0.91246003
0.20306998 0.037576992 0.91426003
0.21066999 0.034892991 0.91848999
0.15162 0.043866996 0.90710002
0.21162999 0.034892995 0.91848999
0.22187999 0.030493997 0.92954999
0.22380999 0.030493997 0.92954999
0.23341998 0.026745994 0.93330002
0.22736999 0.036725998 0.91667998
0.21248999 0.004642494 0.96573001
0.2168 0.0036461949 0.96706998
0.21513999 -0.00036738068 0.97316003
0.20690998 0.0086241961 0.96305001
0.208 0.023059998 0.94088
0.28726 0.048443995 0.90473998
0.28670001 0.049285993 0.90298003
0.27562001 0.038728997 0.91909999
0.27599001 0.037825998 0.92031997
0.27421001 0.035101991 0.92399001
0.27671999 0.036012992 0.92276001
0.28476 0.036895994 0.92093003
0.27181 0.038728997 0.91909999
0.27276 0.038728997 0.91909999
0.2516 0.056971997 0.89139003
0.25285 0.056119993 0.89253998
0.24774 0.056936 0.89082003
0.24939001 0.059439994 0.88683999
0.25264001 0.058632996 0.88854003
0.27792001 0.069109 0.86963999
0.26438999 0.050827999 0.89714998
0.26403999 0.051691994 0.89599001
0.26473001 0.049961999 0.89831001
0.30331001 0.0046684965 0.97112
0.31055 -0.011756003 0.99761999
0.26177999 0.092934996 0.83263999
0.25084001 0.035869997 0.91909999
0.23795 0.032378998 0.92830998
0.21923 0.050926995 0.89889002
0.20591 0.042122994 0.91007
0.20712999 0.041233998 0.91127002
0.25852001 0.044748995 0.90592003
0.24471 0.029608998 0.93204999
0.23470998 0.025812998 0.93454999
0.22468001 0.018269002 0.94536
0.22400001 0.017311998 0.94665003
0.21256 0.026799999 0.93518001
0.22084001 0.027713992 0.93330002
0.22248 0.028642997 0.93204999
0.22797999 0.021151997 0.94278997
0.22406998 0.021152001 0.94278997
0.2286 0.018268999 0.94536
0.22075999 0.018268999 0.94536
0.30803001 -0.018119 1.0063
0.25703001 0.019248996 0.94536
0.24943 0.014475994 0.95380002
0.26308 0.024960998 0.93897003
0.2723 0.035101995 0.92399001
0.25128999 0.0026581958 0.97248
0.25163999 0.0016519949 0.97385001
0.25099 0.00064310431 0.97521001
0.25134 -0.00036867708 0.97658002
0.25229999 0.0026581958 0.97248
0.12129 0.14050999 0.75856
0.098332003 0.14892 0.74554002
0.075001001 0.13916999 0.75980002
0.26416999 0.016385999 0.94988
0.26820001 0.024893995 0.93643999
0.25259 0.020187996 0.94343001
0.27349001 0.036919992 0.92154002
0.27252999 0.036919996 0.92154002
0.27311999 0.037825998 0.92031997
0.27289 0.036013 0.92276001
0.24972999 0.016408999 0.95117998
0.25802001 0.0086301938 0.96372002
0.25007999 0.015442997 0.95248997
0.25838 0.0076414943 0.96506
0.24403 0.0076308995 0.96372002
0.24827 0.0026581958 0.97248
0.24862 0.0016519949 0.97385001
0.24928001 0.0026581958 0.97248
0.23251998 0.018268995 0.94536
0.23025 0.019222997 0.94408
0.26592001 0.060851999 0.88066
0.23091 0.021151997 0.94278997
0.22073999 0.054338992 0.89367998
0.21522 0.10468 0.81650001
0.24427998 0.13955 0.76188999
0.1294 0.12733001 0.77897
0.12564 0.126 0.78072
0.15151 0.14003 0.76021999
0.15291999 0.14067 0.75939
0.15309 0.14003 0.76021999
0.16147999 0.14382 0.75525999
0.15706 0.14568999 0.75281
0.15723 0.14507 0.75362003
0.15801001 0.14507 0.75362003
0.1574 0.14444999 0.75444001
0.16407 0.13578001 0.76735002
0.10971999 0.13548 0.76565999
0.08422 0.13533001 0.76481998
0.085901 0.13468 0.76565999
0.24546 -0.0034235045 0.98141003
0.25228 -0.0054744035 0.98418999
0.24594998 -0.0034163073 0.97934002
0.25466999 0.00064219534 0.97385001
0.24864998 -0.0023974031 0.97795999
0.24153 0.007615 0.96171999
0.24561 -0.0023974031 0.97795999
0.24526 -0.0013813004 0.97658002
0.24553999 0.0056438968 0.96573001
0.25808001 0.091426998 0.83464003
0.23944998 0.073779993 0.86102003
0.25376999 0.056120001 0.89253998
0.26323 0.073688991 0.85995001
0.26390001 0.071679004 0.86800998
0.046291001 0.001639396 0.96640003
0.042341005 0.00063817948 0.96774
0.063158996 -0.0074784011 0.97934002
0.085144997 -0.0085602999 0.98698997
0.0062275976 -0.001371704 0.96977001
0.0062494949 -0.0033948049 0.97316003
0.012559 -0.016856 0.99334002
0.022242997 -0.028720006 1.0121
0.0084391013 -0.016856 0.99334002
-0.0080417022 -0.016856 0.99334002
0.020165 0.0026323944 0.96305001
0.020235997 0.00063728541 0.96640003
0.018566996 -0.0085361004 0.98418999
-0.0049373992 -0.014754005 0.99050999
-0.0028873011 -0.015803002 0.99191999
-0.0018587001 -0.015803002 0.99191999
-0.0049445033 -0.015803002 0.99191999
-0.046011999 -0.028741002 1.0129
-0.040088005 -0.015871003 0.99619001
-0.043249004 -0.016928002 0.99761999
-0.036857001 -0.013756007 0.99263
-0.040030003 -0.014817007 0.99475998
-0.024575002 -0.017924003 0.99546999
-0.02454 -0.016868003 0.99405003
0.0041158982 0.012403995 0.94665003
-0.11718 -0.028678 1.0107
-0.098363005 -0.041103005 1.0332
-0.12239001 -0.045558006 1.0371
-0.18072 -0.030887 1.0144
-0.17808002 -0.033087 1.0173
0.24526998 0.12061 0.79320002
0.27737001 -0.044784002 1.0441
0.27629 -0.044784002 1.0441
0.27943999 -0.052958995 1.056
0.28206 -0.054137006 1.0576
0.28316 -0.054137006 1.0576
0.28273001 -0.052958995 1.056
0.26143 -0.048286006 1.0496
0.26025 -0.044817001 1.0448999
0.18996 -0.045936003 1.0457
0.16974001 -0.0493 1.048
0.15138 -0.050423995 1.0488
0.13781001 -0.046984002 1.0448999
0.14647999 -0.046984002 1.0448999
0.15086 -0.054982007 1.0528001
0.15207 -0.056116 1.0536
0.20576 -0.043668002 1.0433
0.20499 -0.044817001 1.0448999
0.20607001 -0.044817001 1.0448999
0.20793 -0.043668002 1.0433
0.22635999 -0.051745996 1.0536
0.22951999 -0.046039 1.048
0.23910999 -0.054095 1.0568
0.24932998 -0.039048001 1.0355
-0.001943402 -0.042332001 1.0371
0.074759997 -0.036600001 1.0271
-0.012258001 -0.022180006 1.0012
-0.011544004 -0.037776999 1.0302
0.15217 -0.025534004 1.0107
0.041413002 -0.048104003 1.0457
0.053573996 -0.022358 1.0092
0.038350001 -0.033233002 1.0218
0.036284 -0.034343004 1.0233001
0.040350001 -0.031023003 1.0188
0.042828996 -0.018054001 1.0027
0.039737999 -0.019107006 1.0034
0.039796002 -0.020176999 1.0048
0.015071999 -0.034368001 1.0240999
0.0075824969 -0.028846003 1.0166
0.036908995 -0.043570004 1.041
0.004485596 -0.038903005 1.0317
0.037902996 -0.042395003 1.0386
0.0044071004 -0.026660003 1.0136
0.12717 -0.03001 1.0203
0.14518 -0.045832001 1.0433
0.19020998 -0.036681004 1.0294
0.18755999 -0.052679002 1.0504
0.19310999 0.095296003 0.83064997
0.18504998 0.092990004 0.83314002
0.18590999 0.092989996 0.83314002
0.20209998 0.095927991 0.82867002
0.015644997 0.14614999 0.74713999
0.031771995 0.13646001 0.76230001
0.004963398 0.13115001 0.77289999
-0.011769004 0.13245 0.76651001
0.11278 0.11806999 0.79273999
-0.031488001 0.12222999 0.78248
-0.035465002 0.12357 0.78072
-0.033884004 0.12289999 0.7816
0.0018425994 0.10557 0.81031001
0.0035458989 0.10117 0.81554002
0.040371004 0.14668 0.74594003
-0.017171003 0.17715999 0.69554001
-0.0056308024 0.17715999 0.69554001
-0.026845999 0.11754 0.78913999
-0.020199999 0.14060999 0.75484997
-0.0052908957 0.14351 0.74956
-0.008973904 0.15401 0.73294997
-0.0083682984 0.14529 0.74673998
-0.020801999 0.14483 0.74835002
-0.012787998 0.15341 0.73373002
-0.0044917949 0.14590999 0.74594003
0.00014794245 0.15004 0.73957998
0.02296 0.15561 0.73334002
0.025852002 0.1585 0.72911
0.025879003 0.15791 0.72987002
-0.019344002 0.098079003 0.81794
-0.035927005 0.10375999 0.80936003
-0.035033002 0.032015 0.91789001
-0.037889004 0.032014996 0.91789001
-0.075551011 0.010461994 0.94858998
-0.07117901 0.014308996 0.94278997
-0.068755001 0.027418997 0.92338002
-0.11575001 -0.030954003 1.0166
-0.11592 -0.032056004 1.0181
-0.13221002 -0.017822005 0.98979998
-0.12601 -0.022101 0.99761999
-0.11756001 -0.020003006 0.99619001
-0.115 -0.016832002 0.99191999
-0.095149003 0.0046040937 0.95774001
-0.15387002 -0.016808003 0.99050999
-0.11937001 -0.017898999 0.99405003
-0.14661002 0.12146999 0.77766001
-0.13633001 0.10724 0.79775
-0.14043 0.11494999 0.78825003
-0.14873999 0.10806999 0.79775
-0.14622 0.11761999 0.78424001
-0.14687002 0.11829999 0.78336
-0.14026999 0.11564 0.78735
-0.14810002 0.11537999 0.78557003
-0.1295 0.11213 0.79139
-0.10782 0.11985999 0.78292
-0.11924001 0.11168999 0.79409999
-0.089262001 0.12825 0.76990998
-0.0028207041 0.16643 0.71449
-0.0020798035 0.16643 0.71449
-0.0020818971 0.16586 0.71521997
-0.13715002 0.054597996 0.8829
-0.17129999 0.033762995 0.91365999
-0.14373001 0.034686998 0.91306001
-0.15649 0.039061997 0.90473998
-0.10382 -0.0064267069 0.97385001
-0.16710001 -0.016796 0.98979998
-0.14826 -0.022180006 1.0012
-0.17494002 -0.015736006 0.98768997
0.069867 -0.056993008 1.0496
0.077602997 -0.057079002 1.0512
0.065513998 -0.056993008 1.0496
0.060116999 -0.054857999 1.0504
-0.16705 0.029275998 0.92154002
0.061618 0.17465 0.70578003
0.023987997 0.17752001 0.69692999
0.023264997 0.17752001 0.69692999
0.022542998 0.17752001 0.69692999
-0.046822004 0.16225 0.71891999
-0.10576 0.14196999 0.74554002
-0.12381 0.14227 0.74713999
-0.10639001 0.13308001 0.76104999
-0.10249 0.12175 0.77941
-0.14293 0.099858992 0.81173003
-0.15091002 0.10209 0.80936003
-0.14792001 0.10807 0.79775
-0.12364001 0.11028999 0.79592001
-0.12461 0.1096 0.79683
-0.11113001 0.11016999 0.79500997
-0.099536009 0.11174999 0.79456002
-0.098712005 0.11174999 0.79456002
-0.10047 0.11105999 0.79547
-0.061721005 0.15666001 0.72758001
-0.17164001 0.032879997 0.91547
0.11611 -0.021265 1.007
0.15196 -0.058256999 1.0528001
0.16565 -0.051550999 1.0496
0.24625 0.0026581958 0.97248
0.27274999 -0.039019004 1.0348001
-0.13974002 0.017136998 0.93707001
-0.11023001 0.095647 0.81889999
-0.10853001 0.095647 0.81889999
-0.10866001 0.094909996 0.81987
-0.15202001 0.0095238984 0.95314002
-0.14883 0.047789991 0.89253998
-0.14608002 0.039973993 0.90415001
-0.14902002 0.046925001 0.89367998
-0.14514002 0.039973997 0.90415001
-0.13658002 0.052901991 0.88515002
-0.16718 0.034641996 0.91185999
-0.11253 -0.038672999 1.0256
-0.11609001 -0.033160001 1.0196
-0.11065001 -0.032056004 1.0181
-0.055797003 -0.048858002 1.0386
0.14272 0.17868 0.7015
0.13471 0.17868 0.7015
0.13675 0.16974001 0.71596003
0.13615 0.16918001 0.71670002
0.13167 0.1785 0.7008
0.13537 0.17859 0.70115
0.12883 0.17859 0.70115
0.060968004 0.17787001 0.69832999
0.10328 0.17769 0.70043999
0.12065 0.17832001 0.70008999
0.10809 0.17795999 0.69867998
0.10664001 0.17795999 0.69867998
0.10731 0.17787001 0.69832999
0.11184 0.17388999 0.70866001
0.014600001 0.17761 0.69727999
0.0073589012 0.17734 0.69622999
0.00014320761 0.16529 0.71596003
-0.0020839982 0.16529 0.71596003
-0.0070767999 0.17725 0.69588
-0.00059521943 0.16861001 0.7112
0.085674003 0.17805 0.69902998
0.087653004 0.17622 0.70327997
0.16219001 0.17778 0.7008
0.031564001 0.14027999 0.75731999
0.016401999 0.14676 0.74633998
0.022983994 0.15502 0.73411
0.038888 0.15545 0.73256999
0.038169004 0.15485001 0.73334002
0.060031999 0.17576 0.70434999
0.064915001 0.14929999 0.74353999
0.058193002 0.14754 0.74633998
0.092432998 0.15858001 0.72948998
0.097626001 0.15917 0.72873002
0.099606998 0.15689 0.73218
0.12643 0.1477 0.74713999
0.12893 0.15594 0.73488998
0.20536 0.15705 0.73294997
0.13663 0.15603 0.73527998
0.1409 0.15722001 0.73373002
0.085046999 0.1574 0.73102999
0.1531 0.16617 0.72303998
0.12536 0.13988 0.75939
0.12974 0.14715999 0.74835002
0.071857996 0.15976 0.72795999
0.073553003 0.14806999 0.74514002
0.080407999 0.16768999 0.71670002
0.085490003 0.15909 0.72834003
0.11038 0.12135 0.78735
0.23427001 0.13049001 0.77853
0.23534998 0.12983 0.77941
0.24575999 0.13642 0.76651001
0.22775999 0.14654 0.74914998
0.23980999 0.15018 0.74794
0.20243999 0.15883 0.73063999
0.20286 0.15764999 0.73218
0.13567001 0.17263 0.70649999
0.13894001 0.1785 0.7008
0.27695999 -0.029016003 1.0226001
0.27805999 -0.026797004 1.0188
0.28274 -0.02454 1.0129
0.16741 0.16018 0.72987002
0.24149999 0.14655 0.75321001
0.21265998 0.15018 0.74794
0.21575999 0.15018 0.74794
0.23221999 0.069195002 0.87072998
0.26236001 0.042095993 0.90947998
0.043014999 -0.021265 1.007
0.10269 -0.0054435059 0.97864997
0.025672002 -0.034343004 1.0233001
0.11259 -0.027690999 1.0129
0.12763999 -0.032245003 1.0240999
0.12081 -0.026602 1.0114
0.079149999 -0.026698999 1.0151
0.27674001 0.0026506931 0.96977001
0.28055 0.021209992 0.94536
-0.10043 0.060392994 0.87401003
-0.10211001 0.061221994 0.87291002
-0.099300005 0.055337995 0.88010001
-0.10021 0.055337995 0.88010001
-0.029321998 0.032015 0.91789001
-0.049033001 -0.013707004 0.98909998
0.14665 0.041233994 0.91127002
-0.08150401 0.127 0.77204001
-0.13237 0.10203 0.80888999
-0.13834 0.11016999 0.79500997
-0.13113999 0.10953 0.79637998
-0.10251 0.078666002 0.84632999
-0.10009 0.082500994 0.84069997
-0.099604003 0.084705994 0.83665001
-0.088508002 0.070620991 0.85518998
-0.090171002 0.071419999 0.85413998
-0.086559005 0.060203992 0.87127
-0.13625002 0.059299994 0.87127
-0.12789002 0.048497997 0.88854003
-0.094058 0.084402002 0.83363998
-0.10959 0.070491001 0.85360998
-0.09960001 0.090926997 0.82230002
-0.13697001 0.039113 0.90592003
-0.13458002 0.053750996 0.88401997
-0.13549 0.053750999 0.88401997
-0.10913 0.056143992 0.87843001
-0.092860006 0.085822001 0.83064997
-0.13971999 0.066030994 0.86477
-0.16014001 0.069144994 0.85889
-0.12949002 0.082351997 0.83917999
-0.12601 0.08235199 0.83917999
-0.12517002 0.070795 0.85729998
-0.12791002 0.081579991 0.84018999
-0.10045 0.090926997 0.82230002
-0.11880001 0.097562 0.81362998
-0.11075 0.087387994 0.82915998
-0.11978 0.096832 0.81458002
-0.12133 0.097561993 0.81362998
-0.15293002 0.085317001 0.83414
-0.14774001 0.085317001 0.83414
-0.15396002 0.090448998 0.82572001
-0.15310001 0.090448998 0.82572001
-0.12507001 0.088894993 0.82718998
-0.1331 0.087387994 0.82915998
-0.14315 0.077458002 0.84274
-0.13339001 0.074368 0.84737003
-0.15437999 0.093948998 0.81889999
-0.15597001 0.079933994 0.84121001
-0.14138001 0.091779992 0.82230002
-0.15613002 0.088141993 0.82818002
-0.13352001 0.10057999 0.81077999
-0.13838002 0.091196999 0.82473999
-0.14094999 0.091196999 0.82473999
-0.058773004 0.062244996 0.87456
-0.061493002 0.062244996 0.87456
-0.058478005 0.064639993 0.87018001
-0.047866002 0.084398001 0.84223002
-0.046284005 0.069358997 0.86154997
-0.053093001 0.051098995 0.88571
-0.084329002 0.065296993 0.86691999
-0.067987002 0.036580995 0.91306001
-0.061278999 0.037477996 0.91185999
-0.085075997 0.054667994 0.88401997
-0.085184 0.053819992 0.88515002
-0.07128001 0.051885001 0.88345999
-0.071370997 0.051032998 0.88458002
-0.069536 0.051032998 0.88458002
-0.071598001 0.049355995 0.88740999
-0.072379999 0.050179996 0.88571
-0.062389001 0.035680998 0.91426003
-0.083375998 0.17043 0.70649999
0.094049998 0.11972 0.78735
0.093625002 0.12243 0.78380001
0.09286499 0.12168999 0.78424001
0.092312001 0.11959 0.78645998
0.096550003 0.12526 0.78116
0.096441001 0.12593 0.78027999
0.09573999 0.12526 0.78116
0.095297992 0.11699 0.79093999
0.094263002 0.11836 0.78913999
-0.024390005 0.09875299 0.81650001
-0.038710006 0.088670999 0.83314002
-0.13225001 0.0095238984 0.95314002
-0.13126001 0.0095238984 0.95314002
-0.11898 -0.00036457181 0.96573001
-0.14099002 -0.0044008046 0.97248
-0.094997011 0.030110996 0.91789001
-0.096901007 0.030111 0.91789001
-0.11525 0.035610996 0.91246003
-0.037301004 0.10791999 0.80282003
-0.086120002 0.10837999 0.80005002
-0.081142001 0.10838 0.80005002
-0.086908005 0.11849999 0.78469002
-0.084134005 0.12047 0.7816
-0.084467001 0.1185 0.78469002
-0.089685999 0.092106998 0.82523
-0.089793004 0.091358989 0.82621002
-0.092971005 0.07788299 0.84737003
-0.086499996 0.12568 0.77376002
-0.072388001 0.11264 0.79500997
-0.10731 0.16606 0.70973998
-0.10814 0.16215 0.71521997
0.18834999 -0.026660003 1.0136
0.22555998 0.067558996 0.87291002
0.20885998 0.070735 0.86747003
0.14906 0.023970999 0.93834001
0.13770001 0.034986001 0.92093003
0.17501 0.014455996 0.95248997
0.17152999 0.012514994 0.95511001
0.23104 0.0076308995 0.96372002
0.23203999 0.0076308995 0.96372002
0.23517999 0.0036512986 0.96842003
0.24002999 0.0085943937 0.95972002
0.11196 0.0086181983 0.96237999
0.20644999 0.040341996 0.91246003
0.20929 0.040341996 0.91246003
0.20995998 0.041233998 0.91127002
0.20280001 0.038473994 0.91306001
0.20253 0.039368995 0.91185999
0.20227 0.040261995 0.91066998
0.1997 0.039368995 0.91185999
0.21089998 0.041233994 0.91127002
0.21118 0.040341996 0.91246003
0.21373999 0.041233994 0.91127002
0.21307001 0.040341999 0.91246003
0.22180998 0.027713992 0.93330002
0.22691998 0.037601996 0.91486001
0.23082998 0.025812998 0.93454999
0.22358 0.033207998 0.92460001
0.21686 0.040341996 0.91246003
0.19889 0.017348003 0.94858998
0.20379999 0.016364001 0.94858998
0.20662999 0.0096094981 0.96171999
0.21947998 0.020201996 0.94408
0.21917999 0.021151997 0.94278997
0.22180998 0.022099998 0.94151998
0.22375998 0.022100002 0.94151998
0.21985999 0.022099998 0.94151998
0.20998999 0.016385999 0.94988
0.28353 0.050156996 0.90179998
0.28384 0.041395996 0.91486001
0.28268 0.039602995 0.91728002
0.27502999 0.037825998 0.92031997
0.27634999 0.036919996 0.92154002
0.27217001 0.037825994 0.92031997
0.28307 0.061922997 0.8829
0.27924001 0.050992992 0.90004998
0.27061 0.055229992 0.89310998
0.29093 0.024035994 0.94088
0.23717999 0.036773991 0.91789001
0.23179999 0.025812998 0.93454999
0.22204 0.017311994 0.94665003
0.23113999 0.024876997 0.93581003
0.22762001 0.018268999 0.94536
0.21043 -0.0054744035 0.98418999
0.2098 0.00064085424 0.97180003
0.24234 0.014465995 0.95314002
0.24998 0.00064310431 0.97521001
0.2304 -0.0013833046 0.97795999
0.25709 0.0046521947 0.96774
0.11919 0.13924 0.76021999
0.12515 0.12792 0.77766001
0.25062999 0.0016519949 0.97385001
0.26532 0.050827999 0.89714998
0.22828999 0.020201992 0.94408
0.23613998 0.047412995 0.90298003
0.23883998 0.12553999 0.78292
0.24208999 0.12554 0.78292
0.20778999 0.14591999 0.74996001
0.10836 0.11938 0.79048997
0.15370999 0.14067 0.75939
0.15896 0.14444999 0.75444001
0.15662 0.14444999 0.75444001
0.15818 0.14444999 0.75444001
0.15645 0.14507 0.75362003
0.094155997 0.11904 0.78825003
0.011733998 0.11626999 0.79729003
0.091651998 0.11815999 0.78780001
0.091548003 0.11884 0.78691
0.091859996 0.11678999 0.78959
0.095632002 0.12592998 0.78027999
0.24934998 -0.0044381022 0.98071998
0.23506999 -0.009604305 0.98909998
0.25622001 0.10177 0.82034999
0.26967999 0.055229999 0.89310998
0.25981 0.050092001 0.90063
0.27810001 0.049253996 0.90239
0.26875001 0.055229992 0.89310998
0.10246 -0.021249004 1.0063
0.055346996 -0.0085421056 0.98488998
0.043224003 0.002637893 0.96506
0.084122002 -0.0085602999 0.98698997
0.040111002 0.0046263933 0.96237999
0.044206001 -0.010607004 0.98698997
0.031735003 -0.029812999 1.0136
0.027511001 -0.029791005 1.0129
-0.00083135068 -0.016856 0.99334002
0.0094489045 -0.015792005 0.99120998
0.0094895028 -0.017924003 0.99546999
-0.0028914958 -0.016856 0.99334002
-0.0080187991 -0.014754005 0.99050999
0.0022931993 -0.023387 1.0085
-0.00083432719 -0.018984005 0.99690002
-0.0049516 -0.016856 0.99334002
-0.039944999 -0.013756007 0.99263
-0.1165 -0.025387004 1.0048
-0.11504 -0.033160001 1.0196
-0.098217003 -0.039972998 1.0317
-0.11276 -0.032056004 1.0181
-0.094147004 -0.041134 1.034
-0.18045002 -0.029791005 1.0129
-0.17861 -0.030887 1.0144
0.27835 -0.052958995 1.056
0.28053999 -0.052958995 1.056
0.26102999 -0.047126003 1.048
0.15246999 -0.050423995 1.0488
0.16686 -0.052679002 1.0504
0.16576999 -0.052679002 1.0504
0.15316001 -0.056116 1.0536
0.13189 -0.037861004 1.0325
0.20824 -0.044817001 1.0448999
0.22843 -0.046039 1.048
-0.037770003 -0.057906002 1.0464
-0.0019520968 -0.045763001 1.0417
0.071773 -0.047020003 1.0457
0.059845999 -0.048104003 1.0457
0.049316 -0.021280006 1.0077
0.039624002 -0.016977005 1.0005
0.0086366013 -0.028846003 1.0166
0.017297998 -0.038845003 1.0302
0.018365998 -0.038845003 1.0302
0.017969001 0.14614999 0.74713999
-0.016566001 0.13108 0.76778001
-0.0075364038 0.093818001 0.82523
0.0035230964 0.10557 0.81031001
-0.0028265007 0.16529 0.71596003
-0.0043113008 0.16529 0.71596003
-0.017892003 0.17715999 0.69554001
-0.014293 0.17725 0.69588
-0.051848002 0.13602 0.75980002
-0.0089268014 0.15623 0.72911
0.057197999 0.17456 0.70542002
-0.036936998 0.032014996 0.91789001
-0.085336007 0.0036159977 0.95906001
-0.11381001 -0.032056004 1.0181
-0.11292001 -0.033160001 1.0196
-0.13407001 -0.016772002 0.98839003
-0.13388002 -0.015725002 0.98698997
-0.15490001 -0.016808003 0.99050999
-0.17145002 -0.017848 0.99120998
-0.13426 -0.017822005 0.98979998
-0.13477001 -0.0095028058 0.97864997
-0.10811 -0.016880006 0.99475998
-0.13439 0.10518 0.80097002
-0.12959 0.11971999 0.78204
-0.12974 0.11905 0.78292
-0.1293 0.12106999 0.78027999
-0.13328999 0.13316 0.76147002
-0.015735999 0.17725 0.69588
-0.12681001 0.049355995 0.88740999
-0.14909002 0.039087001 0.90533
-0.15736002 -0.026467003 1.0063
-0.15712002 -0.029748 1.0114
0.072044 -0.056993008 1.0496
0.059981 -0.051473007 1.048
0.071827002 -0.048140004 1.0464
-0.16565999 0.0036109984 0.95774001
0.18643999 -0.021188006 1.0034
0.02613 0.17734 0.69622999
-0.049573004 0.16446 0.71559
-0.027772002 0.14475 0.74794
-0.10087001 0.12175 0.77941
-0.12611002 0.11701 0.78557003
-0.12937 0.11701 0.78557003
-0.13723999 0.11502 0.78868997
-0.094470002 0.10761 0.80050999
-0.11616 0.10346 0.80700999
-0.16275001 0.016230997 0.94088
-0.1622 0.018120997 0.93770999
0.11716001 -0.021265 1.007
0.19220001 -0.051668003 1.052
0.16117001 -0.050423995 1.0488
0.16673 -0.051550999 1.0496
0.16878 -0.050423995 1.0488
0.15166999 -0.045832001 1.0433
0.20637998 -0.04597 1.0464
0.25130001 -0.050614998 1.0528001
0.24792001 0.0036614984 0.97112
0.27059999 -0.039019004 1.0348001
-0.13877001 0.017136995 0.93707001
-0.13949001 0.021803997 0.92892998
-0.12672001 0.10137 0.81031001
-0.11496001 0.046087001 0.89541
-0.15939 0.018132996 0.93834001
-0.11170001 -0.032056004 1.0181
0.14621 0.1785 0.7008
0.14548001 0.1785 0.7008
0.13688999 0.16918001 0.71670002
0.13307001 0.17429 0.70434999
0.12949 0.1785 0.7008
0.13683 0.17859 0.70115
0.1441 0.17859 0.70115
0.11257 0.17388999 0.70866001
0.1124 0.17436001 0.70757997
0.093299001 0.17732 0.70186001
0.005917903 0.17743 0.69657999
0.016047001 0.17761 0.69727999
0.00014306605 0.16586 0.71521997
0.019662004 0.17761 0.69727999
0.098929003 0.16034 0.72719997
0.093602002 0.16026001 0.72681999
0.099684 0.16034 0.72719997
0.10201 0.16374999 0.72228998
0.12138 0.17832001 0.70008999
0.032349005 0.14027999 0.75731999
0.075374998 0.1777 0.69762999
0.16766 0.13194999 0.77289999
0.068071 0.14869 0.74434
0.051140998 0.14013 0.75648999
0.051002 0.14132001 0.75444001
0.091016002 0.15798999 0.73026001
0.23639998 0.085426003 0.84376001
0.14044 0.15603 0.73527998
0.1441 0.15662 0.73449999
0.14196 0.15603 0.73527998
0.14181 0.15662 0.73449999
0.18305001 0.17152999 0.71411997
0.072613001 0.15976 0.72795999
0.22878999 0.14591999 0.74996001
0.20209998 0.15764999 0.73218
0.13553999 0.17319 0.70578003
0.14192 0.17859 0.70115
0.14119001 0.17859 0.70115
0.14046 0.17859 0.70115
0.27972999 -0.027915001 1.0211
0.30419001 -0.025627002 1.0144
0.18913999 0.033054002 0.92031997
0.20536 0.031291001 0.92460001
0.18509001 0.15976 0.72795999
0.18621001 0.16092999 0.72644001
0.21623001 0.14895 0.74956
0.21653998 0.15018 0.74794
0.20615998 0.070735 0.86747003
0.12186 -0.026602 1.0114
0.082996003 -0.024486005 1.0107
0.081077002 -0.025590003 1.0129
0.094135001 -0.014827006 0.99546999
-0.074106 0.030130997 0.91848999
-0.099015005 0.052934997 0.88571
-0.096014999 0.054632995 0.88345999
0.14684001 0.040341996 0.91246003
-0.14502001 0.055372998 0.88066
-0.12308001 0.087596998 0.83115
-0.12249001 0.089752994 0.82718998
-0.11665001 0.079885997 0.84069997
-0.11133001 0.10281 0.80842
-0.10635 0.085419998 0.83513999
-0.087462999 0.060203996 0.87127
-0.12665001 0.050211996 0.88628
-0.14921001 0.046057992 0.89484
-0.12288 0.084604993 0.83565003
-0.12909999 0.083838992 0.83665001
-0.127 0.055478998 0.88234001
-0.13733 0.053750999 0.88401997
-0.12181 0.081579998 0.84018999
-0.12736002 0.093208991 0.81987
-0.13307002 0.075939991 0.84530002
-0.13515002 0.074368 0.84737003
-0.15270001 0.088141993 0.82818002
-0.14118001 0.10172999 0.80655003
-0.14410999 0.086078994 0.83314002
-0.14325002 0.086078994 0.83314002
-0.14428002 0.085316993 0.83414
-0.14757001 0.086079001 0.83314002
-0.14688 0.085317001 0.83414
-0.14704999 0.084553994 0.83513999
-0.13336 0.10131 0.80984002
-0.14608002 0.091196999 0.82473999
-0.14462 0.093374997 0.82132
-0.047461003 0.056465 0.88345999
-0.054136001 0.063032992 0.87291002
-0.047807999 0.085167997 0.84121001
-0.014840998 0.077381991 0.85152
-0.041673005 0.059711993 0.87731999
-0.042449005 0.061337993 0.87456
-0.042583004 0.059712 0.87731999
-0.053227998 0.049387999 0.88796997
-0.060970001 0.055337995 0.88010001
-0.084435008 0.064479001 0.86800998
-0.084159009 0.054667994 0.88401997
-0.069448002 0.051885001 0.88345999
-0.061521001 0.034779001 0.91547
-0.061441004 0.035680998 0.91426003
-0.060492001 0.035680998 0.91426003
-0.062307 0.036580991 0.91306001
-0.035194002 0.061338 0.87456
-0.027516 0.053206995 0.89025003
-0.083461009 0.16987 0.70722002
0.075538002 0.1354 0.76524001
0.093520001 0.12310999 0.78292
0.093415 0.12378 0.78204
-0.036097005 0.08861699 0.83263999
-0.13273001 -0.0033877045 0.97112
-0.097852997 0.030110992 0.91789001
-0.080306999 0.11917999 0.78380001
-0.083746009 0.092161 0.82572001
-0.018634997 0.14060999 0.75484997
0.23863 -0.022341006 1.0085
0.25082001 -0.020221002 1.007
0.20231998 -0.024468005 1.0099
0.20335999 -0.027751006 1.0151
0.21028998 -0.029944003 1.0181
0.14731 0.023028996 0.93961
0.14613999 0.023970999 0.93834001
0.17402001 0.014455996 0.95248997
0.20334998 0.010591999 0.96038997
0.20618001 0.041233998 0.91127002
0.20901 0.041233998 0.91127002
0.19123998 0.035774995 0.91667998
0.21278998 0.041234002 0.91127002
0.21978998 0.04919 0.90122002
0.20563 0.0096094981 0.96171999
0.19345 0.011531994 0.95576
0.22211 0.021151997 0.94278997
0.28400999 0.038702995 0.91848999
0.27467 0.038728997 0.91909999
0.28575 0.045837995 0.90888
0.26776001 0.051691994 0.89599001
0.27838001 0.066038996 0.87677002
0.28062001 0.042288996 0.91365999
0.27121001 0.037825998 0.92031997
0.23210999 0.024877001 0.93581003
0.22694999 0.025812998 0.93454999
0.22663999 0.018268999 0.94536
0.11797 0.13034999 0.77289999
0.11474 0.13418999 0.76735002
0.12142 0.13988 0.75939
0.24561998 0.016396996 0.95052999
0.25183001 0.018319 0.94793999
0.24961999 0.0016519949 0.97385001
0.25007001 0.056119993 0.89253998
0.26683 0.060851991 0.88066
0.22984999 0.015411999 0.95052999
0.20857 0.048966996 0.89714998
0.10867 0.11807 0.79273999
0.15133999 0.14067 0.75939
0.16425 0.13513 0.76819998
0.092626996 0.11754 0.78913999
0.10984 0.13483 0.76651001
0.24546999 0.10053999 0.82424998
0.27002999 0.054373994 0.89425999
0.25922 0.065789998 0.87345999
0.080201998 -0.026698999 1.0151
0.043283999 0.001639396 0.96640003
0.0082389005 -0.001371704 0.96977001
0.0082274005 -0.00036558509 0.96842003
0.012531999 -0.015792005 0.99120998
0.0094691031 -0.016856 0.99334002
-0.00083015859 -0.015803002 0.99191999
0.020082001 0.0056049973 0.95906001
-0.00083613023 -0.020061001 0.99905002
0.038114998 0.0046263933 0.96237999
-0.053252004 -0.0013755038 0.97248
-0.038915001 -0.013756007 0.99263
-0.040973999 -0.013756007 0.99263
-0.11365 -0.030954003 1.0166
-0.1015 -0.041073002 1.0325
-0.11415001 -0.034267001 1.0211
-0.11203001 -0.034267001 1.0211
-0.11187 -0.033160001 1.0196
0.27724999 -0.052958995 1.056
0.28163001 -0.052958995 1.056
0.25994 -0.047126003 1.048
0.15356 -0.050423995 1.0488
0.15196 -0.054982007 1.0528001
-0.029067002 -0.055693999 1.0457
-0.035599999 -0.056821004 1.0464
0.070529997 -0.044750005 1.0433
0.058762003 -0.048104003 1.0457
-0.016547002 0.13173001 0.76692998
0.037487999 0.15366 0.73488998
-0.019912004 0.16463 0.71632999
-0.028539002 0.15673999 0.72795999
-0.0028236024 0.16586 0.71521997
-0.0035651997 0.16586 0.71521997
-0.0020776019 0.167 0.71375
-0.012850001 0.17725 0.69588
-0.0089503005 0.15512 0.73102999
-0.14527002 -0.032009006 1.0166
-0.11487 -0.032056004 1.0181
-0.13304001 -0.016772002 0.98839003
-0.14168 -0.0074627027 0.97727001
-0.1266 -0.0023790002 0.97044998
-0.14819002 0.11463 0.78601998
-0.12944999 0.1204 0.78116
-0.12602001 0.12906 0.76524001
-0.015014 0.17725 0.69588
-0.16026002 -0.025387004 1.0048
-0.16083002 -0.018957004 0.99546999
-0.15178999 0.10321999 0.80514002
0.069679998 0.16913 0.71338999
-0.12299 0.11632 0.78645998
-0.096131004 0.10761 0.80050999
-0.17595002 0.019002993 0.93330002
-0.16112 0.015285999 0.94278997
0.091514006 -0.027671002 1.0121
0.16891 -0.051550999 1.0496
0.25406 -0.052919 1.0552
0.25297001 -0.052919 1.0552
0.25077999 -0.052919 1.0552
-0.11088001 0.043525998 0.90004998
-0.11968001 0.044258997 0.89599001
0.13240001 0.1785 0.7008
0.1053 0.17814 0.69938999
0.083166003 0.16874 0.71486002
0.0066403039 0.17743 0.69657999
0.12204 0.17823 0.69973999
0.073927999 0.1777 0.69762999
0.087012008 0.17567 0.70398998
0.12429 0.13418999 0.76735002
0.21188 0.14034 0.76188999
0.11224 0.1723 0.7112
0.14120001 0.15603 0.73527998
0.22722998 0.14591999 0.74996001
0.12264 0.15646 0.73373002
0.13028 0.17374 0.70506001
0.1348 0.17319 0.70578003
0.13334 0.17319 0.70578003
0.13967 0.1785 0.7008
0.20631999 0.031291001 0.92460001
0.28309 0.043179996 0.91246003
0.14065 0.13056999 0.77419001
0.20811 0.15124001 0.74554002
0.17725 0.12747 0.77983999
0.018338997 -0.037721001 1.0286
-0.075059004 0.030130997 0.91848999
-0.083106004 0.127 0.77204001
-0.15301999 0.044229999 0.89541
-0.15729001 0.053682998 0.8829
-0.12685999 0.10063999 0.81124997
-0.12701002 0.099918 0.81220001
-0.11275 0.082202993 0.83766001
-0.14465001 0.064932995 0.86207998
-0.13337001 0.060127992 0.87018001
-0.11337001 0.079157993 0.84223002
-0.13624001 0.054597996 0.8829
-0.13515002 0.055442996 0.88178003
-0.13532001 0.054597996 0.8829
-0.11199 0.066969991 0.8653
-0.12340001 0.070795 0.85729998
-0.13559002 0.040858001 0.90298003
-0.15255001 0.070707999 0.85623997
-0.13641 0.053750992 0.88401997
-0.10625001 0.081678994 0.84121001
-0.12429 0.070795 0.85729998
-0.13052002 0.081579998 0.84018999
-0.14065 0.086078994 0.83314002
-0.13323 0.075154997 0.84632999
-0.15012002 0.088141993 0.82818002
-0.14292002 0.093374997 0.82132
-0.14601001 0.085317001 0.83414
-0.049293004 0.056464996 0.88345999
-0.048377 0.056465 0.88345999
-0.047521003 0.055619992 0.88458002
-0.063506998 0.060621995 0.87731999
-0.057576001 0.06464 0.87018001
-0.056497 0.066236995 0.86747003
-0.041542001 0.061338 0.87456
-0.035039 0.063777998 0.87072998
-0.037914 0.061337993 0.87456
-0.0361 0.061337993 0.87456
-0.066997997 0.065053999 0.86369002
-0.054080002 0.050243996 0.88683999
-0.068921998 0.060583994 0.87677002
-0.087020002 0.053819995 0.88515002
-0.072287999 0.051032998 0.88458002
-0.061360002 0.036580998 0.91306001
-0.082727008 0.16987 0.70722002
0.095847003 0.12458999 0.78204
0.096657999 0.12459 0.78204
0.093099996 0.12579 0.77941
-0.14148 -0.0064401999 0.97589999
-0.062561996 0.083321996 0.84018999
-0.062186003 0.086285993 0.83513999
-0.069914006 0.11264 0.79500997
-0.018615 0.14124 0.75402999
0.19000998 -0.032196999 1.0226001
0.20951998 -0.027731001 1.0144
0.14711 0.023970995 0.93834001
0.14634 0.023028996 0.93961
0.14535999 0.023028996 0.93961
0.19553 0.017312001 0.94665003
0.23855001 0.012497999 0.95380002
0.18327999 0.038549997 0.91486001
0.21184999 0.041233998 0.91127002
0.21950999 0.050058994 0.90004998
0.20183998 0.016363997 0.94858998
0.22015998 0.021151997 0.94278997
0.28444999 0.048443995 0.90473998
0.28439 0.037800997 0.91970998
0.27408001 0.037825998 0.92031997
0.27371001 0.038728993 0.91909999
0.25604999 0.036749996 0.91728002
0.27867001 0.050123997 0.90122002
0.24098998 0.040420998 0.91426003
0.23716 0.034189999 0.92522001
0.27157 0.03692 0.92154002
0.21144998 -0.0054744035 0.98418999
0.11699 0.13483 0.76651001
0.12221 0.13988 0.75939
0.10184 0.16092999 0.72644001
0.24212998 0.028680995 0.93330002
0.26052001 0.028680999 0.93330002
0.27325001 0.035101991 0.92399001
0.20883998 0.048099 0.89831001
0.074212998 0.13917001 0.75980002
0.092522003 0.11822 0.78825003
0.0072332993 -0.001371704 0.96977001
0.0084571987 -0.017924003 0.99546999
-0.039859004 -0.012699001 0.99050999
-0.11432 -0.035378002 1.0226001
-0.11325001 -0.035378002 1.0226001
-0.11398 -0.033160001 1.0196
-0.18387002 -0.030887 1.0144
0.25092 -0.049448997 1.0512
0.25053999 -0.048286006 1.0496
-0.029067002 -0.054609999 1.0457
-0.046486005 -0.056864008 1.0472
-0.047572002 -0.054692 1.0472
0.015094001 -0.035483003 1.0256
-0.037022002 0.12417 0.77941
0.001844801 0.10485 0.81124997
-0.0049096048 0.17715999 0.69554001
-0.002745796 0.17715999 0.69554001
-0.0013034008 0.17715999 0.69554001
-0.013571002 0.17725 0.69588
-0.0021357983 0.15341 0.73373002
-0.034248002 0.10375999 0.80936003
-0.052483998 -0.016904004 0.99619001
-0.1147 -0.030954003 1.0166
-0.13323 -0.017822005 0.98979998
-0.11773 -0.021066003 0.99761999
-0.13237 -0.0074522048 0.97589999
-0.13026002 0.1204 0.78116
-0.15805 0.035447996 0.90829003
-0.16607001 -0.027570002 1.0085
0.16456001 -0.051550999 1.0496
0.25187001 -0.052919 1.0552
0.25016001 -0.047126003 1.048
-0.094007008 -0.040002003 1.0325
0.14766 0.1785 0.7008
0.14483 0.17859 0.70115
0.10452 0.17805 0.69902998
0.10022 0.17814 0.69938999
0.1024 0.17814 0.69938999
0.099496998 0.17814 0.69938999
0.10975 0.17332999 0.70937997
0.021107998 0.17761 0.69727999
0.23481998 0.086911991 0.84121001
0.13234 0.17429 0.70434999
0.22801 0.14591999 0.74996001
0.18689001 0.15925001 0.72911
0.14049 0.13122 0.77332997
0.16759001 0.15959001 0.73063999
-0.14855 0.059524 0.87456
-0.10580001 0.083939992 0.83766001
-0.13653001 0.040857997 0.90298003
-0.11213001 0.066155002 0.86637998
-0.12108 0.080805995 0.84121001
-0.12442001 0.081579998 0.84018999
-0.12703001 0.081579998 0.84018999
-0.13745999 0.040857997 0.90298003
-0.14988002 0.070707992 0.85623997
-0.12997001 0.083838999 0.83665001
-0.13604 0.082103997 0.83665001
-0.13251001 0.074367993 0.84737003
-0.12958002 0.085316993 0.83414
-0.049355999 0.05562 0.88458002
-0.041817002 0.06935899 0.86154997
-0.064416997 0.060621999 0.87731999
-0.054698005 0.066237003 0.86747003
-0.056673005 0.06464 0.87018001
-0.053160004 0.050243996 0.88683999
-0.054011002 0.051098995 0.88571
-0.067019001 0.061414998 0.87566
-0.086102001 0.053819999 0.88515002
-0.092286997 0.098078996 0.81794
-0.068364002 0.071772002 0.85835999
-0.082812004 0.16931 0.70793998
0.093309 0.12445 0.78116
0.093205005 0.12512 0.78027999
-0.062637001 0.082550995 0.84121001
0.25806999 -0.00036815554 0.97521001
0.14654 0.022084992 0.94088
0.21212998 0.040341996 0.91246003
0.21956 0.023044996 0.94024003
0.28367001 0.044067994 0.91127002
0.25510001 0.036749996 0.91728002
0.24710998 0.030515 0.93017
0.22529 0.030432995 0.92769003
0.11580001 0.15646 0.73373002
0.10581 0.16384 0.72266001
0.10452 0.16268 0.72417003
0.27193001 0.036012992 0.92276001
0.084406003 0.13404 0.76651001
-0.029296003 -0.008506 0.98071998
-0.10135 -0.039943002 1.0309
0.25916001 -0.044817001 1.0448999
-0.035599999 -0.055736005 1.0464
0.0086493008 -0.029944003 1.0181
0.0054959022 0.15177 0.73684001
-0.1304 0.11972 0.78204
-0.12295001 0.057126991 0.87954003
-0.14421001 0.036460999 0.91007
0.16468 -0.052679002 1.0504
0.1583 -0.035640001 1.0302
0.10385 0.17814 0.69938999
0.020385001 0.17761 0.69727999
0.13321 0.17374 0.70506001
0.094552003 0.17465 0.70578003
0.094743997 0.17354 0.70722002
0.094841003 0.17298 0.70793998
0.15848 0.12733001 0.77897
0.1196 0.15646 0.73373002
0.113 -0.029899999 1.0166
-0.12164 0.089752994 0.82718998
-0.12522 0.096268997 0.81698
-0.12171001 0.064197995 0.86422998
-0.10549001 0.085419998 0.83513999
-0.12616 0.081579998 0.84018999
-0.13934001 0.040857993 0.90298003
-0.15343001 0.070707992 0.85623997
-0.15521002 0.070707992 0.85623997
-0.13099 0.079253994 0.84324998
-0.13059002 0.071243994 0.85203999
-0.12042 0.091196992 0.82473999
-0.13765001 0.087544002 0.83064997
-0.14584002 0.086079001 0.83314002
-0.041884005 0.057271998 0.88178003
-0.039728001 0.061337993 0.87456
-0.063587002 0.059787992 0.87843001
-0.040635005 0.061338 0.87456
-0.065206997 0.065053992 0.86369002
-0.089841999 0.080952995 0.84274
0.25907999 -0.00036815554 0.97521001
0.14556 0.022084996 0.94088
0.10442 0.16326 0.72341001
0.10785 0.11806999 0.79273999
-0.11309 -0.034267001 1.0211
-0.045400001 -0.056864008 1.0472
0.00014754757 0.15117 0.73762
-0.00061570108 0.15229 0.73566997
-0.14656001 0.038222991 0.90710002
0.070347004 0.1697 0.71266001
-0.13018 0.11701 0.78557003
0.10312 0.17814 0.69938999
0.088054001 0.17409 0.70649999
-0.12340001 0.082351997 0.83917999
-0.12355001 0.081579991 0.84018999
-0.12775999 0.096268997 0.81698
-0.10687 0.071331993 0.85308999
-0.15012002 0.073055997 0.85255998
-0.11926001 0.076957002 0.84684998
-0.12457 0.080806002 0.84121001
-0.12632 0.080806002 0.84121001
-0.13235 0.075154997 0.84632999
-0.13840002 0.040857993 0.90298003
-0.12609002 0.055478998 0.88234001
-0.13084 0.080031 0.84223002
-0.12996 0.080031 0.84223002
-0.14023 0.087544002 0.83064997
-0.12980002 0.080806002 0.84121001
-0.12909001 0.080030993 0.84223002
-0.12965 0.081579998 0.84018999
-0.14669999 0.086079001 0.83314002
-0.052391 0.062205996 0.87401003
-0.044628002 0.057271995 0.88178003
-0.038821004 0.061338 0.87456
0.10468 0.11738999 0.79364997
0.094648004 0.17409 0.70649999
0.090343997 0.17354 0.70722002
0.090251997 0.17409 0.70649999
0.27434 0.0036512986 0.96842003
-0.12204001 0.076172002 0.84788001
-0.12718999 0.080806002 0.84121001
-0.12806001 0.080805995 0.84121001
-0.1237 0.080806002 0.84121001
-0.12426 0.055478998 0.88234001
-0.13067999 0.080805995 0.84121001
-0.13723999 0.089001 0.82818002
-0.12893 0.080806002 0.84121001
-0.043713003 0.057271995 0.88178003
0.10215001 0.11732 0.79320002
0.00014715642 0.15229 0.73566997
0.13247 0.17374 0.70506001
-0.12878001 0.081579998 0.84018999
0.041918002 0.14668 0.74594003
