# .PCD v0.7 - Point Cloud Data file format
VERSION 0.7
FIELDS x y z normal_x normal_y normal_z curvature
SIZE 4 4 4 4 4 4 4
TYPE F F F F F F F
COUNT 1 1 1 1 1 1 1
WIDTH 9395
HEIGHT 1
VIEWPOINT 0 0 0 1 0 0 0
POINTS 9395
DATA ascii
7.5180445 1.0171613 2.0204933 -0.27295944 -0.038088296 0.96127123 0
4.4937997 -0.26267079 -0.54769599 0.11504918 -0.0097546121 0.99331188 0
7.7098255 1.0062027 -0.67604047 0.10149381 0.007660476 0.99480665 0
2.93554 -0.17295712 -0.56432968 0.19227526 -0.011692158 0.98127139 1.6175686e-07
3.5041027 0.45597494 -0.55361617 0.15465458 0.01787312 0.98780692 1.149547e-06
2.1804385 -0.12985542 -0.57514894 0.25897959 -0.015805312 0.9657535 4.6264032e-07
2.4644196 0.3214269 -0.56538594 0.21863863 0.026982708 0.97543275 4.2174543e-07
7.5239434 0.99122918 2.0211408 -0.25299147 -0.033405699 0.96689159 0
7.6583471 -0.46500659 1.2081892 -0.15394978 0.0093293097 0.98803461 0
4.5002365 -0.27960452 -0.54860783 0.12092038 -0.0074863532 0.992634 0
7.7034087 0.97802347 -0.67516881 0.08804819 0.010760938 0.99605811 0
2.9349184 -0.18320303 -0.5643304 0.19274142 -0.011947256 0.98117685 6.7564194e-09
3.5105665 0.4443666 -0.55442888 0.15795243 0.018377835 0.98727566 1.1410141e-06
2.1847918 -0.13777415 -0.5764448 0.25755504 -0.015620817 0.96613735 1.3259287e-07
2.4582789 0.31188899 -0.56369871 0.22785999 0.029576834 0.97324461 3.3717123e-07
7.5227346 0.9630298 2.0198503 -0.26125535 -0.032951489 0.96470714 0
4.4942813 -0.2949844 -0.54799837 0.1220839 -0.0079426607 0.99248803 0
7.7018323 0.9505145 -0.67473227 0.064095922 0.012162289 0.99786961 0
2.9342601 -0.19344664 -0.56433487 0.18911935 -0.012404872 0.98187578 1.1351844e-07
3.5071955 0.43150011 -0.55365026 0.15456884 0.019142505 0.98779655 9.4455004e-08
2.1698399 -0.14442399 -0.57256681 0.25856829 -0.017625211 0.96583217 2.2832438e-07
2.4690216 0.30451709 -0.56594491 0.21831417 0.026171589 0.97552752 4.1634237e-07
7.855979 -0.53345662 1.8082564 -0.22293007 0.015345144 0.97471368 0
7.525887 0.93807817 2.0198517 0.0017671807 0.00028059553 0.99999839 0
4.498229 -0.31022999 -0.54860598 0.1206 -0.008334008 0.99266618 0
2.9384644 -0.20403132 -0.56528306 0.18932882 -0.013063194 0.98182684 1.3043125e-07
3.5037785 0.41866282 -0.55285984 0.15710455 0.018634198 0.98740613 8.5399208e-09
2.1741409 -0.15233934 -0.57385898 0.25787529 -0.018017089 0.96601021 5.3011246e-07
2.4651811 0.29573834 -0.56482184 0.22319502 0.026835013 0.97440434 3.8089632e-07
7.8492088 -0.56052756 1.8071342 -0.22560391 0.016039817 0.97408706 0
7.5291147 0.91180235 2.0198534 -0.0025999243 -0.00025585809 0.9999966 0
4.4946446 -0.32574943 -0.5483008 0.12207781 -0.0086789355 0.9924826 0
2.9303911 -0.21374664 -0.5638566 0.19012624 -0.013806436 0.98166257 1.5076192e-07
3.5076699 0.4067173 -0.55325764 0.15451759 0.018065101 0.98782486 8.329706e-08
2.1712153 -0.15936919 -0.57321227 0.25779122 -0.018856751 0.96601665 2.981073e-07
2.4661987 0.2871314 -0.56482136 0.22329742 0.026061105 0.97440189 3.967892e-07
7.8569212 -0.58865339 1.8093835 -0.042758562 0.067991726 0.99676919 0
7.5322518 0.88551533 2.0198548 -6.2277581e-06 5.3675707e-05 1 0
5.7200465 0.64503902 -0.10000724 0.016648952 0.0023810195 0.99985856 0
4.5009027 -0.34200397 -0.54921269 0.1207112 -0.0092141861 0.99264491 0
2.9320741 -0.22416304 -0.56433225 0.18982147 -0.014386916 0.98171324 1.4153272e-07
3.5115218 0.39474979 -0.55364877 0.15540743 0.0175307 0.98769492 9.9840456e-08
2.1658304 -0.16657236 -0.57191932 0.25781491 -0.019776706 0.96599191 5.4453875e-07
2.4768667 0.27963245 -0.56706887 0.2233443 0.025268998 0.97441202 4.3380828e-07
7.8645315 -0.61683989 1.8116326 -0.22266775 0.017658217 0.97473449 0
7.535296 0.85921752 2.0198562 -0.25985762 -0.03002757 0.96517998 0
6.3065901 -0.49881169 -0.32979804 0.053534228 -0.0048788665 0.99855411 0
5.7074637 0.62243176 -0.099743888 0.017442385 0.0019392633 0.99984598 0
4.4972086 -0.35751525 -0.54890746 0.12205971 -0.0095386431 0.99247694 0
5.7289042 0.62475342 -0.5002805 0.086921252 0.0095452871 0.99616945 0
2.9312737 -0.23439652 -0.56433231 0.19023147 -0.015157628 0.98162222 1.475313e-07
3.5030611 0.38140786 -0.55208492 0.15535012 0.016974716 0.98771363 9.8815512e-08
2.1652052 -0.17450942 -0.5719189 0.25765923 -0.020708125 0.96601391 2.5299772e-07
2.4754536 0.27028334 -0.56650633 0.22346088 0.024458954 0.97440594 4.1108299e-07
7.5454493 0.8337093 2.0217962 -0.25460735 -0.0278264 0.96664411 0
6.2947688 -0.52109617 -0.32927316 0.052336309 -0.0042418414 0.99862051 0
5.7120876 0.60276949 -0.099786416 0.00072440784 -0.00199256 0.99999774 0
4.5032864 -0.37461638 -0.54981929 0.12073581 -0.010017542 0.99263412 0
5.7384796 0.60554194 -0.50093192 0.086181425 0.0091742454 0.99623722 0
2.9231009 -0.24400967 -0.56290311 0.18952435 -0.015637493 0.9817515 1.2248481e-07
3.5141921 0.37022534 -0.55364621 0.15529728 0.01643764 0.98773104 9.6226863e-08
2.1693959 -0.18247563 -0.57321095 0.25759441 -0.021603251 0.96601158 3.5213924e-07
2.4763823 0.26164076 -0.56650585 0.22355399 0.023681903 0.9744038 4.1402126e-07
7.5460529 0.80579048 2.0211515 -0.24903449 -0.027739456 0.96809727 0
5.7166438 0.58308262 -0.099828944 0.00080854481 -0.0019730879 0.99999774 0
4.4970074 -0.38990265 -0.54920983 0.12210945 -0.010588718 0.99246013 0
5.7306495 0.58448845 -0.50006068 0.08680892 0.0089387055 0.99618489 0
2.9295659 -0.25485483 -0.56433183 0.1901446 -0.016522201 0.98161703 1.3635621e-07
3.5080945 0.35719609 -0.55247438 0.15496181 0.015857825 0.98779321 8.8659924e-08
2.1615291 -0.18940803 -0.57127178 0.25750434 -0.02250598 0.96601498 4.4636499e-07
2.4772806 0.25299498 -0.56650531 0.22369063 0.022914054 0.9743908 2.8867564e-07
7.8721981 -0.70046073 1.8150092 -0.22020875 0.020706829 0.97523296 0
7.5438795 0.78026259 2.019861 -0.2592825 -0.02673218 0.96543151 0
7.7309198 -0.68654454 1.2222645 -0.15836397 0.014404394 0.98727572 0
5.7211308 0.56337118 -0.099871464 0.017599037 0.0018493701 0.99984342 0
4.4981608 -0.40503675 -0.54951322 0.1217724 -0.010615231 0.99250126 0
2.9164386 -0.26396495 -0.56194901 0.18938005 -0.016963577 0.98175734 1.1874994e-07
3.5068643 0.34470367 -0.55207604 0.15686685 0.015478581 0.98749846 2.110782e-12
2.1752837 -0.19828065 -0.5751487 0.25746039 -0.023402218 0.96600544 3.9240805e-07
2.4878011 0.24575472 -0.56875288 0.22370711 0.022164304 0.97440439 4.3014427e-07
7.8745565 -0.72838545 1.8161347 -0.21960117 0.020763615 0.97536874 0
7.551362 0.754408 2.0211546 -0.25532493 -0.025532454 0.9665181 0
7.728476 -0.71352631 1.2222662 -0.15858744 0.014424632 0.98723954 0
4.5115428 -0.42212927 -0.5513379 0.12084363 -0.011353623 0.99260664 0
2.9203861 -0.27460647 -0.56289929 0.19056696 -0.017880464 0.98151135 4.3299742e-08
3.5105028 0.33269644 -0.55247271 0.15554115 0.014790118 0.9877187 1.020002e-07
2.1722102 -0.20526367 -0.57450199 0.25735521 -0.024255214 0.96601242 5.1135135e-07
2.4837947 0.236598 -0.56762838 0.22379248 0.021375975 0.97440237 1.9737918e-07
7.5467372 0.72734469 2.019218 -0.25880674 -0.024872383 0.96560884 0
7.7308531 -0.74097174 1.223049 -0.15267904 0.014962682 0.98816258 0
6.2227831 -0.59830183 0.10843606 -0.01751256 0.0017307338 0.99984515 0
4.5051026 -0.43739322 -0.55072844 0.1225327 -0.012074881 0.99239099 0
2.9120824 -0.28407905 -0.56146967 0.18967304 -0.018461598 0.98167372 1.3629614e-07
3.5190198 0.32112345 -0.55364013 0.15475784 0.014008407 0.98785311 8.3972708e-08
2.1594641 -0.21165586 -0.57127047 0.25726369 -0.025156127 0.96601373 5.3065435e-07
2.4918818 0.22860779 -0.56931388 0.22382689 0.020582048 0.97441155 1.1057755e-07
7.5565667 0.70035315 2.0211573 -0.25576901 -0.023705909 0.96644723 0
7.728086 -0.76930153 1.2230505 -0.15741752 0.015425471 0.98741168 0
6.2255235 -0.62160367 0.1085244 -0.017137166 0.0017749058 0.99985158 0
4.503469 -0.45390242 -0.55072761 0.1203199 -0.011855905 0.9926644 0
2.9257228 -0.29573333 -0.56432658 0.18945546 -0.019110043 0.98170334 1.3454786e-07
3.5151997 0.30839953 -0.55286372 0.15503693 0.01357415 0.98781544 9.2539189e-08
2.1610763 -0.21981598 -0.57191622 0.25654298 -0.02623181 0.96617681 1.4190397e-07
2.4902768 0.21925473 -0.56875145 0.22393329 0.019768549 0.97440398 4.2407669e-07
7.8858805 -0.81280863 1.8206347 -0.21658561 0.024042832 0.97596753 0
7.551631 0.67464167 2.0192204 -0.25868732 -0.023088288 0.96568513 0
7.7328615 -0.7956847 1.224224 -0.15405379 0.016057473 0.98793197 0
6.2209411 -0.64198738 0.10848204 -0.017595427 0.0018779432 0.99984342 0
4.4945354 -0.46805966 -0.54981387 0.12142736 -0.012563997 0.99252081 0
2.9173505 -0.30517322 -0.56289828 0.18920827 -0.01980499 0.98173726 1.1997366e-07
3.5211759 0.29654825 -0.55364275 0.15566349 0.013165074 0.9877224 1.0079044e-07
2.1626978 -0.22761326 -0.57256204 0.25684088 -0.027046129 0.96607518 4.2582224e-07
2.4837096 0.21036498 -0.567065 0.22398776 0.019029133 0.97440618 4.2434073e-07
7.8878393 -0.84084815 1.8217602 -0.2279527 0.023145551 0.97339708 0
7.5635638 0.64910954 2.0218065 -0.25636876 -0.021939354 0.96633005 0
6.2211475 -0.66396469 0.10852695 -0.016815867 0.0018852943 0.99985683 0
4.5027423 -0.4848125 -0.55102998 0.12008771 -0.013231459 0.99267513 0
2.9162683 -0.31535491 -0.56289351 0.1907865 -0.020630466 0.98141474 9.1093497e-08
3.5221903 0.2842553 -0.55363607 0.15377188 0.012592749 0.98802614 1.8515414e-09
2.1642909 -0.23542447 -0.57320786 0.25684959 -0.027922645 0.96604794 1.1308229e-07
2.4771807 0.20065646 -0.56537849 0.2241174 0.018159488 0.97439295 2.687795e-07
7.5561557 0.62190545 2.0192235 -0.25896025 -0.02116964 0.96565598 0
6.2186723 -0.68676192 0.10852831 -0.017151721 0.00192176 0.99985105 0
4.5034013 -0.5015884 -0.55133331 0.11820593 -0.013309443 0.99289989 0
2.9200268 -0.32608062 -0.56385118 0.19010176 -0.021059433 0.98153847 1.4468478e-07
3.5206988 0.27176547 -0.55325079 0.15693389 0.012058816 0.98753548 8.3876706e-08
2.1658556 -0.2432496 -0.57385361 0.25686395 -0.0287992 0.96601838 4.9278259e-07
2.4875798 0.19277944 -0.567626 0.22415327 0.017419169 0.9743982 3.9131629e-07
7.5656066 0.59477901 2.0211632 -0.25632682 -0.020200443 0.96637905 0
6.2087865 -0.70761341 0.1083988 -0.017394219 0.0020367571 0.99984664 0
4.5016236 -0.5173052 -0.55133235 0.1222054 -0.013761833 0.99240941 0
2.9164333 -0.33598894 -0.56337261 0.18820095 -0.021587202 0.98189324 5.9813729e-08
3.5167022 0.25910494 -0.55246288 0.1573251 0.011531064 0.98747957 7.1302082e-08
2.1625946 -0.25052822 -0.57320696 0.25676382 -0.029683709 0.9660182 5.2618299e-07
2.4833798 0.18372634 -0.56650144 0.224196 0.01664144 0.97440195 4.4038757e-07
7.5579042 0.56895614 2.0185804 -0.2594685 -0.019181546 0.96556109 0
7.6793046 -0.89868462 1.2175897 -0.15579571 0.018279759 0.98762012 0
6.2163358 -0.7293669 0.10857445 -0.017151989 0.002120852 0.99985063 0
4.5048113 -0.5328154 -0.55193996 0.12024292 -0.014174324 0.9926433 0
2.9201162 -0.34674919 -0.564327 0.18988295 -0.022458434 0.98154986 1.1744149e-07
3.5225105 0.2471799 -0.55324882 0.15703672 0.011292002 0.9875282 3.1206476e-08
2.1569114 -0.25749859 -0.57191396 0.25671363 -0.030588495 0.96600336 6.0290307e-07
2.4766865 0.17496136 -0.56481498 0.22422394 0.015898753 0.97440797 4.4571945e-07
7.5622525 0.54274517 2.0192282 -0.25335768 -0.018127218 0.96720284 0
7.6883774 -0.92696595 1.2195444 -0.15447937 0.018715767 0.98781872 0
6.2162333 -0.75136226 0.10861935 -0.017591147 0.0021228832 0.999843 0
6.3272586 -0.76819861 -0.33226892 0.052386343 -0.0062535186 0.99860734 0
4.4979978 -0.54793459 -0.55133051 0.12169632 -0.014836837 0.9924565 0
2.9091456 -0.35574213 -0.56241763 0.18933778 -0.023084344 0.98164064 1.4278534e-07
3.5208881 0.23471497 -0.55285913 0.15562229 0.010354616 0.98776239 9.0955311e-08
2.1632364 -0.26553911 -0.57385224 0.25653207 -0.031434812 0.9660244 2.6177437e-07
2.4797122 0.16648281 -0.56537646 0.22428423 0.015115496 0.97440654 2.7987983e-07
7.5616913 0.51617867 2.0185833 -0.25972235 -0.017951822 0.96551645 0
6.2210135 -0.77398455 0.10875148 -0.017171532 0.0022115931 0.99985009 0
6.3319707 -0.79121119 -0.33266023 0.051681943 -0.0063983621 0.9986431 0
4.4985199 -0.5639419 -0.55163383 0.1194692 -0.014914587 0.99272585 0
6.1240931 0.38920945 -0.53289181 0.08647009 0.0056660837 0.99623835 0
2.9200592 -0.36743492 -0.5648011 0.1892556 -0.023751207 0.98164058 1.4320467e-07
3.534008 0.22321792 -0.55480474 0.15517832 0.0098105734 0.98783773 5.9822405e-08
2.1575048 -0.27247897 -0.57255936 0.25644201 -0.032326717 0.96601886 3.6665688e-07
2.4802787 0.15782595 -0.56537598 0.22436756 0.014335083 0.97439915 2.5305809e-07
7.5730863 0.49041066 2.0211694 -0.25640061 -0.016391054 0.96643162 0
6.215795 -0.79537714 0.10870918 -0.051718589 0.010641462 0.99860501 0
6.3217416 -0.81235218 -0.3322663 0.052339546 -0.0067172232 0.99860674 0
4.4940634 -0.57932293 -0.5513286 0.1216727 -0.015558539 0.99244833 0
6.1080766 0.36570585 -0.53136796 0.087592259 0.0048952941 0.99614435 0
2.9138923 -0.37699255 -0.56384689 0.18907081 -0.024407307 0.98166007 1.3343229e-07
3.5298355 0.2105799 -0.55402774 0.15545966 0.0093099587 0.98779839 8.0552951e-08
2.1564918 -0.28038484 -0.57255888 0.25634721 -0.033255521 0.96601254 4.7922725e-07
2.4832718 0.14888459 -0.56593746 0.22440997 0.013520258 0.97440106 3.7542975e-07
7.569931 0.46367446 2.0198789 -0.2628209 -0.015550721 0.9647193 0
6.2103601 -0.81782675 0.10866693 -0.017571796 0.0023722874 0.99984276 0
6.3211966 -0.83584511 -0.33239576 0.051578987 -0.0066997972 0.99864644 0
4.4968295 -0.59644532 -0.55193615 0.12021036 -0.015800968 0.99262267 0
6.1018567 0.34395626 -0.53071415 0.087517239 0.0049169431 0.99615085 0
2.9125586 -0.38716167 -0.56384623 0.18898897 -0.025060298 0.98165941 1.4319981e-07
3.5256197 0.19797386 -0.55323786 0.15747084 0.0089012422 0.9874835 8.5648733e-09
2.1698611 -0.28984243 -0.5764358 0.25619411 -0.034163322 0.96602148 5.2454084e-07
2.4789128 0.13993166 -0.5648129 0.22443819 0.012723172 0.97440529 4.1767083e-07
7.571579 0.4359262 2.0198805 -0.00091180624 5.9938538e-06 0.99999958 0
6.2099442 -0.83983564 0.10871184 -0.01752599 0.0023714236 0.9998436 0
6.3083453 -0.85655844 -0.33187097 0.052033115 -0.006982198 0.99862093 0
4.4848862 -0.6107949 -0.55071819 0.12088264 -0.016368218 0.99253184 0
6.1055074 0.32278806 -0.5309304 0.19483112 0.023583619 0.98055321 0
2.9209161 -0.39866027 -0.56574535 0.18807605 -0.025607636 0.98182058 9.1600967e-08
3.5312195 0.18593203 -0.5540269 0.15573268 0.0082452046 0.98776484 9.5768733e-08
2.1664438 -0.2970846 -0.57578915 0.25607389 -0.035049066 0.9660216 1.9870637e-07
2.4891157 0.13181138 -0.56706041 0.22448416 0.011953389 0.97440439 4.4654712e-07
7.5729828 0.41081557 2.019882 -0.00083620218 1.0220499e-05 0.99999964 0
6.2145524 -0.86145598 0.10884389 -0.014533407 0.0030095449 0.99988985 0
5.9990244 0.29928246 0.31284863 -0.05173526 -0.0026746527 0.99865723 0
6.3203068 -0.87954217 -0.33265492 0.052949861 -0.0065035615 0.99857599 0
5.9365478 0.29298452 -0.10326264 0.017385157 0.00090850366 0.99984843 0
4.4951234 -0.62738431 -0.55223858 0.12011167 -0.016851814 0.99261737 0
6.1090322 0.30266479 -0.53114676 0.087828107 0.0046736132 0.99612468 0
2.909785 -0.4074856 -0.56384444 0.18899167 -0.026397515 0.98162383 1.4058229e-07
3.5367804 0.17385362 -0.55480337 0.15520419 0.0075967512 0.98785323 7.5481005e-08
2.1677852 -0.30498374 -0.57643491 0.25594014 -0.035944112 0.96602416 1.3705885e-07
2.4895394 0.12355643 -0.56705993 0.22452441 0.011205455 0.97440404 4.3646227e-07
7.5743704 0.38437849 2.0198834 -0.26281813 -0.013742267 0.96474755 0
6.2189317 -0.88420141 0.10897601 -0.017075533 0.0025198732 0.99985105 0
5.9900565 0.27786964 0.3123267 -0.052655153 -0.0022882437 0.99861014 0
6.3369689 -0.90442681 -0.33370051 0.051637262 -0.0073850737 0.99863863 0
5.9300432 0.27191097 -0.10313039 0.017620318 0.00083589373 0.99984437 0
4.4904494 -0.64271885 -0.55193335 0.11958141 -0.016688863 0.99268413 0
2.9083457 -0.41764033 -0.56384015 0.1896652 -0.027199676 0.98147202 7.928832e-08
3.5299654 0.16115925 -0.55363405 0.15635493 0.0072027864 0.98767465 1.0097229e-07
2.1667075 -0.31254888 -0.57643443 0.2557866 -0.036833078 0.96603131 5.941144e-07
2.4899757 0.11443097 -0.5670594 0.22455497 0.010377767 0.97440618 1.9176363e-07
7.5804896 0.35816771 2.0211771 -0.25574368 -0.011995749 0.96667022 0
6.2156491 -0.90698904 0.10897738 -0.017392103 0.0025654747 0.99984545 0
5.9309564 0.25120962 -0.10312918 0.016956136 0.00080659718 0.99985594 0
4.4782443 -0.65772617 -0.55071539 0.12073295 -0.017638028 0.99252832 0
2.9141536 -0.42886668 -0.56526762 0.18711354 -0.027701691 0.9819476 9.9125174e-08
3.5354402 0.14905089 -0.55441576 0.15757401 0.0067598941 0.98748404 5.6684154e-08
2.1608255 -0.31939951 -0.57514149 0.2556923 -0.037725784 0.96602184 3.7791207e-07
2.49036 0.10573861 -0.56705892 0.22486192 0.0095999446 0.97434336 4.5319774e-07
7.5769258 0.33016819 2.0198867 -0.25970462 -0.011443201 0.96562028 0
6.2223334 -0.93016142 0.10915311 -0.01710918 0.0026471221 0.99985009 0
5.9292998 0.23040618 -0.1030843 0.016966352 0.00080578338 0.99985576 0
4.4881892 -0.67520529 -0.55223572 0.12003981 -0.018039081 0.99260515 0
2.9102118 -0.43866888 -0.56479383 0.1868704 -0.028063606 0.98198366 2.6902429e-08
3.535939 0.13670896 -0.55441594 0.15409574 0.0056301947 0.98803985 8.7069907e-08
2.1573102 -0.32657662 -0.5744949 0.25557968 -0.038629543 0.96601593 5.2619345e-07
2.4955816 0.097243831 -0.56818241 0.22466317 0.0088165291 0.97439659 3.8165575e-07
7.5876303 0.305435 2.0224726 -0.25682881 -0.010116622 0.96640396 0
7.7042842 -1.1754671 1.2273716 -0.15263544 0.023453392 0.98800421 0
6.2192144 -0.95079041 0.10915435 -0.017497966 0.002705904 0.99984324 0
5.9250717 0.20952708 -0.10299573 0.017584216 0.00068061822 0.99984515 0
4.4785686 -0.68894988 -0.55132204 0.12079202 -0.018572321 0.99250406 0
2.9086623 -0.44882464 -0.56479585 0.18984412 -0.029305128 0.98137683 8.2728128e-08
3.5388627 0.12445543 -0.55480236 0.15492013 0.0055588759 0.98791134 4.4446768e-08
2.1609297 -0.33484909 -0.57578689 0.25545481 -0.039537124 0.96601224 5.2597005e-07
2.4885876 0.088693559 -0.5664959 0.22464417 0.0080632959 0.97440749 4.2609881e-07
7.5838237 0.27876699 2.0211818 -0.26064846 -0.0095221726 0.96538681 0
7.6976938 -1.2019712 1.2269826 -0.1553569 0.024136567 0.98756349 0
6.2207966 -0.97326797 0.10924287 -0.017908258 0.0026769962 0.99983603 0
5.9307637 0.18900658 -0.10308187 0.016960396 0.00050753646 0.99985605 0
4.4810386 -0.70535266 -0.55192959 0.11931313 -0.018801486 0.99267864 0
2.9022319 -0.45820659 -0.5638355 0.18963894 -0.029781964 0.9814021 9.93995e-08
3.5417445 0.11218315 -0.55519044 0.15530185 0.0050706458 0.98785406 7.5126401e-08
2.1478233 -0.34048846 -0.5725553 0.25530949 -0.040419277 0.96601415 4.4616183e-07
2.4937656 0.079736695 -0.56761938 0.22469124 0.0072443606 0.97440308 4.3397191e-07
7.5895772 0.25245643 2.0224757 -0.24967119 -0.0069781579 0.96830553 0
6.2245922 -0.99725044 0.10937507 -0.016914804 0.0028343198 0.9998529 0
6.0339518 0.17341851 0.31442556 -0.052836008 -0.0014954314 0.99860209 0
5.9338856 0.16837601 -0.10312435 0.00073822134 -0.0019475227 0.99999785 0
4.4759741 -0.72137582 -0.55162436 0.082892157 -0.0072163874 0.99653238 0
2.9078808 -0.46951273 -0.56527179 0.18850842 -0.030341504 0.98160273 1.4597711e-07
3.5322411 0.099528238 -0.5536285 0.15687287 0.0043877307 0.98760903 9.0533277e-08
2.1490054 -0.34837234 -0.57320112 0.2551598 -0.041303784 0.96601629 4.3446616e-07
2.4891589 0.070883438 -0.56649488 0.22467549 0.0064581358 0.97441226 2.7755829e-07
7.592865 0.22471058 2.0231235 -0.26121616 -0.0084176846 0.96524364 0
6.2235398 -1.019377 0.10941999 -0.041082855 0.0039823656 0.99914783 0
6.0395117 0.15248489 0.31468838 -0.051945973 -0.0012584496 0.99864912 0
5.9369359 0.14772598 -0.10316682 0.017299579 0.00049914833 0.99985021 0
4.4709806 -0.7365911 -0.55131918 0.11897297 -0.019134207 0.99271309 0
2.9062247 -0.47966033 -0.56526864 0.18616219 -0.031050531 0.98202825 8.5312429e-08
3.5350356 0.087261982 -0.55401927 0.15768464 0.0038632941 0.98748195 3.0735997e-08
2.1477764 -0.35587168 -0.57320064 0.25500828 -0.04219066 0.96601796 1.8111528e-07
2.4918265 0.062259648 -0.56705636 0.22471148 0.0056728804 0.97440881 3.102349e-07
7.6032243 0.19979028 2.0257096 -0.25715116 -0.006613208 0.96634859 0
6.2225904 -1.0404223 0.10946483 -0.017381255 0.0029146394 0.99984467 0
6.0349927 0.13234301 0.31442794 -0.053042043 -0.0010117966 0.99859178 0
5.9324183 0.12689053 -0.10307825 0.018001242 0.00034696085 0.99983788 0
4.4611726 -0.75017577 -0.55040556 0.12051582 -0.020262158 0.9925046 0
6.1126118 0.13191688 -0.53091925 0.085629046 0.0020488421 0.99632496 0
2.9045329 -0.48980203 -0.56527001 0.185912 -0.031235013 0.98206979 9.9189634e-08
3.5353191 0.074921861 -0.55401671 0.16035335 0.0040488839 0.98705137 8.2421501e-08
2.1512828 -0.36417723 -0.57449257 0.25486067 -0.043083921 0.96601748 5.5522293e-07
2.4920194 0.053996097 -0.56705588 0.22473471 0.0049291868 0.97440749 1.952717e-07
7.5966325 0.17307942 2.0237727 -0.25957626 -0.0059680035 0.9657042 0
7.6188173 0.15898818 1.4730127 -0.19235155 -0.0039564357 0.98131812 0
6.2287755 -1.0638233 0.10964057 -0.016913339 0.0030383698 0.99985236 0
6.0354176 0.11127616 0.31442916 -0.051500611 -0.00098070537 0.99867249 0
6.4248934 -1.1008643 -0.33984026 0.052347556 -0.009270519 0.99858588 0
5.9303255 0.10613506 -0.10303337 0.017568411 0.00039062114 0.99984556 0
4.4634171 -0.76658577 -0.55101311 0.11951281 -0.020403726 0.99262297 0
6.1080742 0.10941914 -0.53048301 0.087277547 0.0017135944 0.99618256 0
2.9052248 -0.50035614 -0.56573963 0.18579453 -0.031792086 0.98207414 1.0575956e-07
3.5380278 0.062627763 -0.55440867 0.1542507 0.0026954687 0.98802805 6.0090855e-08
2.1476192 -0.37127084 -0.57384592 0.25466791 -0.043978859 0.96602803 5.2722959e-07
2.4946361 0.044910442 -0.5676173 0.22475374 0.0041063856 0.97440696 3.1992585e-07
7.6092625 0.14680164 2.0270052 -0.25545624 -0.0038513923 0.96681297 0
7.6242328 0.13248086 1.4739673 -0.18879403 -0.0032046626 0.9820115 0
6.2297587 -1.0875069 0.10972917 -0.016991079 0.0030351377 0.99985105 0
6.0307922 0.089076951 0.31416884 -0.052638769 -0.00074287015 0.99861336 0
5.9406567 0.08558552 -0.10320687 0.017386286 0.00029903158 0.99984878 0
4.4508023 -0.78121966 -0.54979509 0.1201957 -0.021000292 0.99252808 0
6.1258502 0.088361919 -0.53200418 0.0867313 0.0012489731 0.99623096 0
2.8986256 -0.50964075 -0.56479239 0.18773228 -0.032959282 0.9816671 1.5332186e-07
3.540695 0.050315693 -0.55479211 0.15433113 0.0024328365 0.98801619 7.6724822e-09
2.1558218 -0.38045275 -0.57643038 0.25456294 -0.044865876 0.96601486 4.9386898e-07
2.4996493 0.036282115 -0.56874084 0.22475849 0.0033257504 0.97440881 2.9659248e-07
7.6145787 0.11898983 2.0282991 -0.25352782 -0.0034590948 0.96732193 0
7.6197596 0.10446553 1.4730159 -0.1920798 -0.0026584335 0.98137569 0
6.4387479 0.078562506 0.78512919 -0.12248155 -0.0014924658 0.99246967 0
6.223464 -1.108807 0.10968686 -0.00092919072 -0.0017118606 0.99999809 0
6.0385556 0.068115234 0.31456247 -0.051554319 -0.00034016583 0.99867016 0
5.9359207 0.064789772 -0.1031183 0.017728694 0.0002210276 0.99984282 0
4.4602604 -0.798944 -0.55131549 0.11925169 -0.021512862 0.99263096 0
6.1186509 0.066890828 -0.53135049 0.087646693 0.00093961204 0.99615121 0
2.8967392 -0.52026147 -0.56478715 0.18988413 -0.0340125 0.98121721 7.741642e-09
3.5359159 0.037279464 -0.55401719 0.15697254 0.0017351609 0.98760146 6.8657648e-08
2.1497278 -0.38711524 -0.5751375 0.25442705 -0.045747552 0.96600932 5.2670509e-07
2.4997609 0.027556472 -0.56874031 0.22475 0.002535481 0.97441316 1.4237959e-07
7.6149468 0.092409335 2.0283005 -0.25429565 -0.0034697393 0.96712029 0
7.627439 0.07794676 1.4744471 -0.18845704 -0.0015713157 0.98208016 0
6.0412526 0.047057699 0.31469452 -0.053553555 -0.0005968833 0.99856478 0
6.3219395 -1.1526072 -0.33499447 0.051270917 -0.0091645094 0.99864274 0
5.936111 0.044069145 -0.10311709 0.017671505 0.00022050255 0.99984384 0
4.4574447 -0.81450832 -0.55131453 0.11853586 -0.021383358 0.99271947 0
6.1213374 0.045552738 -0.53156674 0.085722677 0.00069567707 0.99631882 0
2.8949058 -0.53036988 -0.56478643 0.18978229 -0.034342371 0.98122537 1.1860975e-07
3.5310872 0.024895247 -0.55322909 0.15718533 0.0012811725 0.98756832 4.6678299e-08
2.155488 -0.39593229 -0.57707566 0.25427315 -0.046642985 0.96600705 2.9764723e-07
2.4974058 0.018807564 -0.56817782 0.22475387 0.0017464136 0.97441399 3.9574371e-07
7.6103811 0.067111559 2.0270092 -0.39021778 0.023444865 0.92042404 0
7.6276555 0.052653123 1.4744482 -0.18392861 -0.0015325212 0.98293841 0
6.0463691 0.027050145 0.31495696 -0.052050136 -0.00021137382 0.99864447 0
6.3009009 -1.1703684 -0.33407733 0.051642999 -0.0096064536 0.99861938 0
5.9437227 0.024420669 -0.10324729 0.017385935 0.00010984076 0.99984884 0
4.4498405 -0.8283751 -0.55070525 0.12026508 -0.022341676 0.99249041 0
6.1189647 0.025241142 -0.53134841 0.086199597 0.0006395232 0.99627769 0
2.8979545 -0.54087049 -0.5657447 0.18967453 -0.034694731 0.98123384 7.5105035e-08
3.5434961 0.01324787 -0.55518746 0.15592206 0.00055514195 0.98776919 8.8886992e-08
2.1517904 -0.40263182 -0.57642913 0.25409085 -0.047482058 0.96601415 5.8357938e-07
2.4998908 0.010540501 -0.56873947 0.22477174 0.0010022132 0.97441095 4.1821383e-07
7.6057386 0.040517285 2.0257185 -0.26319578 -0.00088005443 0.96474206 0
7.6253381 0.026017481 1.473973 -0.19421741 -0.00060202228 0.98095834 0
6.0364399 0.0059267632 0.31443498 -0.05263095 6.2393359e-05 0.99861401 0
6.2992301 -1.1928209 -0.33420691 0.051996574 -0.0096326582 0.99860078 0
5.9412723 0.003669566 -0.1032024 0.017742909 6.7672598e-05 0.99984258 0
4.4517975 -0.84483027 -0.5513128 0.11870108 -0.022534467 0.99267429 0
2.896049 -0.55098295 -0.56574446 0.18643615 -0.035699505 0.98181826 1.2429606e-07
3.5435212 0.00087866449 -0.55518454 0.15516698 -7.9554862e-05 0.98788828 2.9152798e-08
2.1527433 -0.41059512 -0.57707477 0.25396526 -0.048372474 0.966003 4.1507766e-07
2.4974763 0.0018078262 -0.56817698 0.22479022 0.00022000216 0.97440714 4.287017e-07
7.6058335 0.013968113 2.0257201 -0.25393826 -0.00084681093 0.96722007 0
7.6278362 -0.00059872185 1.4744513 -0.19411153 -0.00059170701 0.98097926 0
6.0389199 -0.015148723 0.314567 -0.05152579 0.00019280225 0.99867165 0
5.9437451 -0.018111987 -0.10324481 0.017213695 7.5724033e-06 0.99985182 0
4.4463854 -0.85989267 -0.55100757 0.11671613 -0.021816159 0.9929257 0
2.9013357 -0.56249505 -0.56717032 0.1863544 -0.036287092 0.98181224 1.3766247e-07
3.5410335 -0.011485792 -0.55479336 0.16040096 -0.00071400468 0.98705167 8.3202444e-08
2.1464841 -0.41755593 -0.575782 0.25371596 -0.049295213 0.96602184 4.851567e-07
2.4999022 -0.0073484951 -0.5687384 0.2247453 -0.00060030498 0.97441733 4.3343175e-07
7.6010056 -0.01257624 2.0244293 -0.26011756 0.00035700409 0.96557689 0
7.6351504 -0.027246561 1.4758825 -0.18917161 0.00081597752 0.98194373 0
6.0363274 -0.037268862 0.31443751 -0.032268323 -0.0020689608 0.99947709 0
5.9411469 -0.038845029 -0.10319992 0.017641786 -4.60925e-05 0.99984437 0
4.4383354 -0.87522143 -0.55039811 0.12080581 -0.023985315 0.99238634 0
2.8993547 -0.57261908 -0.56717163 0.18481283 -0.037037387 0.98207557 9.2920068e-08
3.5409718 -0.023846254 -0.55479217 0.16083233 -0.0010229751 0.98698121 5.0801705e-09
2.1521192 -0.4264608 -0.57772017 0.25358653 -0.050183699 0.96601009 5.4771789e-07
2.4949896 -0.016052581 -0.56761396 0.22487126 -0.0013944773 0.97438747 4.5837169e-07
7.610568 -0.04048055 2.0270157 -0.25659314 0.0016520128 0.9665181 0
7.6300907 -0.055198051 1.474931 -0.19300489 0.001535301 0.98119658 0
6.0336642 -0.058317129 0.31430796 -0.051856779 0.00041453537 0.99865443 0
5.9459739 -0.059629515 -0.10328605 0.016972616 -0.00020154942 0.99985594 0
4.4352531 -0.8907088 -0.55039722 0.12059263 -0.023942888 0.99241328 0
2.899744 -0.58322179 -0.56764531 0.18539229 -0.037227232 0.98195916 7.4865866e-08
3.5408676 -0.036206424 -0.55478984 0.15870468 -0.0011154291 0.98732549 1.0277475e-08
2.1435173 -0.43253094 -0.57578111 0.25337318 -0.051062498 0.96601999 5.5198899e-07
2.4997904 -0.024800817 -0.56873739 0.22472137 -0.0021642337 0.97442067 2.7705866e-07
7.6079764 -0.065698475 2.0263708 -0.26145527 0.0021850599 0.96521312 0
7.6323195 -0.080524392 1.475409 -0.18435971 0.0023274051 0.98285609 0
6.0234523 -0.078203179 0.31378594 -0.052555773 0.00077444961 0.99861771 0
5.9482288 -0.080416329 -0.10332852 0.01739791 -0.00015539851 0.9998486 0
4.4371367 -0.90640712 -0.55100483 0.11864836 -0.024185006 0.99264175 0
2.9000955 -0.59383446 -0.56811666 0.18529104 -0.037724052 0.98195934 7.3890476e-08
3.5431879 -0.048596762 -0.55518615 0.1555064 -0.0021657611 0.98783249 8.3613976e-08
2.1396289 -0.43952245 -0.5751344 0.25316706 -0.05193644 0.96602744 5.7250156e-07
2.4972584 -0.033062629 -0.56817496 0.22475208 -0.0029169489 0.97441161 4.2624129e-07
7.6319914 -0.10716562 1.4754106 -0.19416948 0.0024480941 0.98096496 0
5.9329166 -0.10093561 -0.10306527 0.017518848 -0.00024567451 0.99984652 0
4.4290881 -0.92087775 -0.55039537 0.11974077 -0.024798766 0.99249542 0
6.1455259 -0.10442302 -0.53373331 0.088404313 -0.0015984799 0.99608338 0
2.8907969 -0.60244679 -0.56669432 0.18612999 -0.038601961 0.98176652 1.4107735e-07
3.5504043 -0.061082248 -0.55635297 0.15549745 -0.002710036 0.98783261 8.3210594e-08
2.1404455 -0.44748488 -0.57578015 0.25301814 -0.052834775 0.96601778 9.5090485e-08
2.4971206 -0.04221534 -0.56817442 0.22475152 -0.0037387868 0.97440892 3.2335598e-07
7.6364779 -0.1338886 1.4763653 -0.18710504 0.0036830283 0.982333 0
5.942524 -0.12184191 -0.10323874 0.017382538 -0.0003083348 0.99984884 0
4.4329653 -0.93865019 -0.5513072 0.11757448 -0.025284011 0.99274212 0
6.145124 -0.12587428 -0.53373206 0.087507971 -0.0015816789 0.99616259 0
2.8886764 -0.61253393 -0.56669295 0.18708454 -0.039815281 0.98153663 1.3531256e-07
3.5427623 -0.073331513 -0.55518645 0.1553936 -0.0031396311 0.98784763 7.6947849e-08
2.1341469 -0.45394447 -0.57448727 0.25285241 -0.053714197 0.96601266 4.7190179e-07
2.4896514 -0.050796386 -0.56648791 0.22477137 -0.0045128572 0.97440106 2.798831e-07
7.6334057 -0.14718711 2.0334835 -0.2553266 0.0050875149 0.96684146 0
7.6359358 -0.16187672 1.476367 -0.18421298 0.0036270381 0.98287964 0
6.0073028 -0.14198384 0.31300488 -0.052004121 0.0013743184 0.9986459 0
5.9370646 -0.14246841 -0.10315019 0.017527638 -0.00034675011 0.99984634 0
4.4320869 -0.954642 -0.55161047 0.11776834 -0.025294218 0.99271888 0
6.1570964 -0.14761312 -0.53481829 0.086755946 -0.0019990979 0.99622756 0
2.8841228 -0.62209457 -0.56621408 0.18728061 -0.040312085 0.98147893 8.1130032e-08
3.5474222 -0.085810587 -0.5559656 0.15731341 -0.0037015451 0.98754179 4.239093e-08
2.1372693 -0.46241701 -0.57577926 0.25267354 -0.054596491 0.96600997 5.7041893e-07
2.4992008 -0.059700992 -0.56873536 0.22472776 -0.0053082565 0.97440714 4.0435663e-07
7.6304603 -0.17244646 2.0328386 -0.26142073 0.0058398596 0.96520728 0
7.6329031 -0.18713884 1.4758918 -0.19225836 0.0046219565 0.98133343 0
6.0067992 -0.16190399 0.31300607 -0.053833604 0.0014205581 0.99854892 0
5.9515243 -0.16359223 -0.103411 0.01737676 -0.00045005986 0.9998489 0
4.4264736 -0.96880245 -0.55130535 0.12135743 -0.026727088 0.99224895 0
6.1416354 -0.16763353 -0.53351206 0.087188981 -0.0023360276 0.99618906 0
2.8771412 -0.63110363 -0.56525475 0.18716671 -0.040832236 0.98147917 7.961814e-08
3.5421643 -0.098062709 -0.5551843 0.15584868 -0.0043000239 0.98777157 9.5267488e-08
2.1427169 -0.47143799 -0.57771748 0.25246465 -0.055484828 0.96601397 5.0366469e-07
2.5038598 -0.068111666 -0.56985885 0.22471757 -0.006045416 0.97440517 4.1003094e-07
7.6346407 -0.19920363 2.0341327 -0.017621024 0.045555193 0.99880642 0
7.6395631 -0.2139831 1.4773231 -0.18880442 0.0055143647 0.98199922 0
4.4230647 -0.9842478 -0.55130446 0.12168131 -0.026798574 0.99220741 0
6.1559162 -0.19059384 -0.53481579 0.086494617 -0.0027712774 0.99624848 0
2.8868947 -0.64382178 -0.56764084 0.18550248 -0.041382797 0.98177201 1.0855525e-07
3.5516741 -0.11072145 -0.55674148 0.15558116 -0.0047914903 0.98781151 8.7659103e-08
2.1363459 -0.47785601 -0.5764246 0.25226724 -0.056363516 0.96601468 1.1082491e-07
2.5011582 -0.077217735 -0.56929636 0.22467136 -0.0068801963 0.9744103 1.6803277e-07
7.6387267 -0.22599208 2.0354266 -0.18704127 0.018910144 0.98217005 0
7.6363163 -0.24057302 1.4768481 -0.19239183 0.0059648971 0.98130006 0
4.4218478 -1.0010016 -0.55160773 0.11805589 -0.026543297 0.99265212 0
6.1552134 -0.21208084 -0.53481454 1.9921242e-06 5.8188554e-05 1 0
2.8846295 -0.65389484 -0.56764203 0.1855301 -0.042086888 0.98173684 1.1953627e-07
3.54633 -0.12295379 -0.55596101 0.15502414 -0.0052452381 0.98789674 4.2960856e-08
2.1370189 -0.4858478 -0.5770703 0.25209942 -0.057258192 0.96600586 1.9121043e-07
2.5033083 -0.086027056 -0.56985784 0.22464897 -0.0076629738 0.97440964 1.7416295e-07
7.6426735 -0.25414535 2.0367203 -0.26123407 0.0077313855 0.96524453 0
7.6427407 -0.26881418 1.4782794 -0.18671893 0.007310437 0.98238617 0
4.4110727 -1.0147586 -0.55069411 0.11921446 -0.027461596 0.99248868 0
6.1544356 -0.23356527 -0.53481328 0.087739237 -0.0031180629 0.99613857 0
2.8751559 -0.66230255 -0.56621444 0.18550771 -0.042616013 0.98171824 1.3259707e-07
3.5434117 -0.13524112 -0.55556744 0.15775833 -0.0060927109 0.98745894 1.5269137e-08
2.1329579 -0.49275872 -0.5764237 0.25188348 -0.058136363 0.9660098 5.3305695e-07
2.5078619 -0.094939917 -0.57098126 0.22461621 -0.0084484005 0.97441071 3.0346567e-07
7.6442599 -0.29424977 1.4787574 -0.19807002 0.0065907347 0.98016572 0
4.410099 -1.029946 -0.55099738 0.11613609 -0.027271627 0.99285883 0
6.1610928 -0.25427535 -0.53546447 0.086501069 -0.003519427 0.99624556 0
2.8823833 -0.67457813 -0.56811941 0.1857148 -0.043411143 0.98164427 1.4140362e-07
3.540451 -0.1475096 -0.55517566 0.1572323 -0.0064467806 0.9875406 7.8434454e-08
2.1265235 -0.49909317 -0.57513082 0.25165558 -0.05900234 0.96601665 5.7353509e-07
2.5026648 -0.10306444 -0.56985682 0.22460352 -0.0091918465 0.9744069 3.8224681e-07
4.4064779 -1.0453339 -0.55099648 0.12119103 -0.028461201 0.99222112 0
6.1527033 -0.27545148 -0.53481084 0.087335244 -0.0038521907 0.99617153 0
2.8680754 -0.68178952 -0.5657348 0.18556258 -0.044048481 0.98164469 1.4138523e-07
3.5473146 -0.16019164 -0.55635363 0.15722588 -0.0068166982 0.98753911 7.6500804e-08
2.122508 -0.50558048 -0.57448417 0.25146917 -0.059837256 0.96601385 2.2063455e-07
2.4949889 -0.11148727 -0.56817037 0.22460563 -0.0099834474 0.97439861 3.9362581e-07
4.4052138 -1.0612912 -0.55129981 0.12108696 -0.028453203 0.99223405 0
6.1591673 -0.29728138 -0.53546196 0.08635252 -0.0041457028 0.99625599 0
2.8704488 -0.69295198 -0.56668454 0.18629064 -0.044744141 0.98147529 2.0419858e-08
3.5442674 -0.17245632 -0.55596215 0.15495673 -0.007711939 0.98789114 7.377362e-08
2.1207304 -0.51298636 -0.57448369 0.25122693 -0.060703669 0.96602285 2.9047098e-07
2.4970179 -0.12030841 -0.56873184 0.22453479 -0.010756894 0.97440672 2.2850961e-07
4.4063029 -1.0778432 -0.55190736 0.094512343 -0.030305589 0.99506229 0
6.1530628 -0.31959924 -0.53502572 0.087276854 -0.0044001266 0.9961744 0
2.8703957 -0.70355326 -0.56716347 0.18436486 -0.045308281 0.98181301 7.1896153e-08
3.5510426 -0.18520325 -0.55713111 0.1560207 -0.0080846464 0.98772073 1.0133928e-07
2.1188362 -0.52075583 -0.57448322 0.25099936 -0.061621562 0.96602386 2.4585503e-07
2.4965603 -0.12945963 -0.56873131 0.22448091 -0.011579702 0.9744097 4.2371764e-07
4.4071388 -1.0951848 -0.55251491 0.11745257 -0.029115373 0.99265158 0
6.1643434 -0.34175551 -0.53611189 0.086493768 -0.0048020803 0.99624079 0
2.8774469 -0.71594518 -0.56906784 0.18477108 -0.045956641 0.9817065 1.3309308e-07
3.547909 -0.19746363 -0.55673993 0.15598759 -0.0086334664 0.98772126 9.8367785e-08
2.1146629 -0.52756202 -0.57383662 0.2507709 -0.062491588 0.96602732 3.2970166e-07
2.4887962 -0.13778329 -0.56704479 0.22447762 -0.012370861 0.9744007 4.4775851e-07
6.7981257 -1.7118686 -0.36558792 0.051169395 -0.012914555 0.9986065 0
4.3984776 -1.109346 -0.55190545 0.12061566 -0.031068854 0.99221295 0
6.1581402 -0.36298162 -0.53567564 0.08726044 -0.0050275307 0.99617285 0
2.863035 -0.72297257 -0.56668663 0.18476784 -0.046605628 0.98167652 1.3989056e-07
3.5496633 -0.20998955 -0.5571273 0.15772943 -0.0090264082 0.98744112 7.4512997e-08
2.1128087 -0.53494042 -0.57383615 0.25059524 -0.063379347 0.96601504 4.287723e-07
2.4955959 -0.14688566 -0.56873029 0.2244083 -0.013149321 0.97440648 2.2949845e-07
7.6559567 -0.44069952 2.042547 -0.25943804 0.015440444 0.96563631 0
7.6829672 -0.4570148 1.4878215 -0.18934289 0.011387262 0.98184502 0
4.3923712 -1.12331 -0.5516004 0.11856323 -0.03016532 0.99248821 0
6.1668468 -0.38401246 -0.53654444 0.090400063 -0.003716426 0.9958986 0
2.8700013 -0.73540509 -0.56859267 0.18496397 -0.04735443 0.98160374 1.3553262e-07
3.5538392 -0.2226814 -0.55790293 0.15347745 -0.0098620635 0.98810291 1.9059303e-08
2.1226211 -0.5453276 -0.57706672 0.25035504 -0.064266063 0.96601874 5.3000616e-07
2.4878008 -0.15472068 -0.56704384 0.22439346 -0.013895897 0.97439957 3.6674476e-07
7.6543717 -0.46742105 2.0425484 -0.26768503 0.015929498 0.96337479 0
7.6739764 -0.48337212 1.4863933 -0.19163729 0.012194559 0.98139006 0
4.3956285 -1.1405082 -0.55251223 0.11690779 -0.030488741 0.99267465 0
2.8650429 -0.74479991 -0.56811124 0.18323439 -0.047570802 0.98191762 4.1035918e-08
3.5530393 -0.23508517 -0.55790919 0.15537857 -0.010278643 0.98780155 9.8897985e-08
2.1184647 -0.55175275 -0.57642013 0.25015098 -0.065085061 0.96601677 4.7942393e-07
2.4921072 -0.16371402 -0.56816727 0.22432356 -0.014676048 0.97440422 3.2461915e-07
7.6551032 -0.49429104 2.043196 -0.26035985 0.016177136 0.96537614 0
7.6771402 -0.51047909 1.487348 -0.19387491 0.011918033 0.98095387 0
4.3916206 -1.1558449 -0.55251127 0.11518648 -0.030038912 0.99288958 0
2.8600535 -0.75416887 -0.56763417 0.18754843 -0.049917605 0.98098612 4.4509569e-08
3.5497344 -0.24731785 -0.55751216 0.15798767 -0.010821122 0.98738182 7.0187568e-08
2.1188602 -0.55976307 -0.57706589 0.24991766 -0.065961733 0.96601772 3.8370953e-07
2.4988124 -0.17290288 -0.56985277 0.22426075 -0.015458563 0.97440654 4.313878e-07
7.6851044 -0.53795367 1.4892558 -0.18328682 0.015125366 0.98294312 0
6.7883511 -1.809298 -0.3663674 0.048728094 -0.013742534 0.99871755 0
4.3851619 -1.1705264 -0.55220616 0.11846482 -0.031490095 0.99245882 0
2.8550327 -0.76351213 -0.56716037 0.18412082 -0.049166929 0.98167312 1.5205308e-07
3.5537748 -0.26006117 -0.55829889 0.1557499 -0.011350849 0.98773128 1.0393083e-07
2.1168935 -0.56715596 -0.57706541 0.24970283 -0.066837929 0.96601301 4.9836552e-07
2.4933341 -0.18128021 -0.56872827 0.2242174 -0.016241424 0.9744038 4.0749035e-07
7.6905222 -0.56531161 1.490687 -0.18781383 0.014184868 0.98210222 0
6.7916331 -1.8355908 -0.36688933 0.049925838 -0.013591888 0.99866045 0
4.3858395 -1.1871252 -0.55281371 0.11478929 -0.031655747 0.99288535 0
2.854718 -0.77411723 -0.56763685 0.18518588 -0.050066646 0.98142731 8.2952575e-08
3.552846 -0.27246463 -0.55829394 0.15409085 -0.011689912 0.98798752 6.252471e-09
2.121891 -0.57644767 -0.57900363 0.24945998 -0.067710146 0.96601504 1.530323e-07
2.4878278 -0.18962136 -0.56760377 0.22417584 -0.017022384 0.97440004 4.2867808e-07
7.6885018 -0.59215283 1.4906883 -0.19368048 0.014626399 0.9809556 0
6.7875924 -1.8599476 -0.36701882 0.051002346 -0.013770176 0.99860358 0
4.3840618 -1.2030852 -0.55311704 0.12057603 -0.032286856 0.99217892 0
2.8472667 -0.78277308 -0.56668371 0.18352275 -0.050410766 0.98172206 1.4012457e-07
3.5518725 -0.28486475 -0.55829817 0.15605228 -0.012486728 0.98766989 9.8910206e-08
2.1151087 -0.58293337 -0.57771075 0.24920182 -0.068615712 0.96601778 3.737249e-07
2.4968302 -0.19949634 -0.56985128 0.22408082 -0.017846042 0.97440714 4.336319e-07
7.6912808 -0.61937815 1.491643 -0.18320978 0.015765028 0.98294741 0
4.3844032 -1.2204784 -0.55372453 0.11632898 -0.032387815 0.99268252 0
2.853972 -0.79534882 -0.5685873 0.18349203 -0.051077768 0.98169333 1.4615098e-07
3.5434752 -0.29665312 -0.55711722 0.1571278 -0.013124605 0.98749107 4.8512245e-08
2.1107359 -0.589661 -0.5770641 0.24893247 -0.069463715 0.9660266 5.3295389e-07
2.4936907 -0.20801279 -0.56928879 0.22402351 -0.018628327 0.97440571 4.0072172e-07
7.6914039 -0.64776838 1.4921212 -0.19322746 0.015689293 0.98102856 0
4.3777285 -1.2351007 -0.55341941 0.11766267 -0.033000309 0.99250513 0
2.8440945 -0.80330032 -0.56715709 0.18372135 -0.051783148 0.98161346 1.3856052e-07
3.5473375 -0.30944303 -0.55790555 0.15635283 -0.013565427 0.98760813 9.1962626e-08
2.1040187 -0.59570527 -0.57577127 0.24874568 -0.070370123 0.96600914 1.9054713e-07
2.4953768 -0.21692255 -0.56985027 0.22394747 -0.019407718 0.97440797 3.1978476e-07
7.6965485 -0.67390811 1.4935526 -0.15516311 0.023541082 0.98760831 0
6.305562 -0.56738245 0.32990235 -0.052276004 0.0047769723 0.99862123 0
6.2257714 -0.56356615 -0.10858502 0.017219055 -0.00153102 0.99985057 0
4.3831511 -1.2523419 -0.55463552 0.11616217 -0.033483565 0.99266571 0
6.1115503 -0.5522728 -0.53283733 0.087207399 -0.0081146276 0.99615711 0
2.8436322 -0.81389999 -0.56763339 0.18353142 -0.052468888 0.98161256 1.4182153e-07
3.5486965 -0.32204372 -0.55828798 0.15315293 -0.014043238 0.98810273 1.9437095e-08
2.1042476 -0.60371423 -0.57641703 0.24846153 -0.071222536 0.96601981 1.5685671e-07
2.4873645 -0.22455296 -0.56816381 0.22390901 -0.020148026 0.97440177 3.0081549e-07
7.7014813 -0.7014333 1.4949837 -0.18747699 0.017464323 0.98211372 0
6.3134866 -0.59031194 0.33042687 -0.051673636 0.004985848 0.99865156 0
6.8401017 -1.9774384 -0.37133092 0.04993375 -0.014360681 0.9986493 0
6.2237663 -0.58529478 -0.10858376 0.017935585 -0.0015971414 0.99983788 0
4.3811359 -1.2683253 -0.55493885 0.11559696 -0.033413604 0.99273401 0
6.1045256 -0.57420629 -0.53240103 0.087163471 -0.0081004789 0.9961611 0
2.8478451 -0.82587701 -0.56905431 0.18192169 -0.052696194 0.98189998 4.8888634e-08
3.5450914 -0.33420044 -0.55790102 0.15715805 -0.014598967 0.98746556 6.039744e-08
2.0998089 -0.61037946 -0.57577044 0.24822043 -0.072094128 0.96601713 1.4172554e-07
2.4913762 -0.23411483 -0.56928724 0.22383317 -0.020971367 0.97440183 3.7981189e-07
6.2241731 -0.60725707 -0.10862614 0.017257713 -0.0016097185 0.9998498 0
4.3740778 -1.2836748 -0.55463362 0.11737496 -0.034235891 0.99249738 0
6.1099215 -0.59623164 -0.53305227 0.086220667 -0.0083338208 0.99624121 0
2.8378811 -0.83373231 -0.5676322 0.18315911 -0.053749092 0.98161286 1.4184339e-07
3.5439026 -0.34657308 -0.55790377 0.15532845 -0.015134677 0.98774695 9.9360065e-08
2.0976655 -0.61770546 -0.57576996 0.24801064 -0.072960243 0.96600598 5.5966291e-07
2.4881194 -0.24257815 -0.56872475 0.22379084 -0.021749631 0.9743945 2.3175757e-07
6.2145543 -0.62823117 -0.10849389 0.017431661 -0.0016895115 0.99984664 0
4.3790836 -1.3017678 -0.55584973 0.11640556 -0.03451113 0.99260199 0
6.0978904 -0.61656094 -0.53218108 0.08678247 -0.0086685121 0.99618959 0
2.832603 -0.84293222 -0.56714863 0.18394406 -0.054677233 0.98141479 5.0469819e-08
3.5500433 -0.35967869 -0.55906796 0.15437937 -0.015581594 0.98788875 6.4317064e-08
2.1024375 -0.62710106 -0.57770813 0.24770772 -0.073823497 0.96601808 5.5791196e-07
2.4921052 -0.25174239 -0.56984818 0.22368281 -0.022528673 0.97440159 3.3464218e-07
7.7034793 -0.78302974 1.4968947 -0.19194336 0.019256717 0.98121709 0
6.3442087 -0.66024232 0.33239293 -0.052370921 0.0053834836 0.99861318 0
6.2322135 -0.65198612 -0.1088419 0.017298501 -0.0017885334 0.99984878 0
4.3628626 -1.3127022 -0.55432761 0.11690623 -0.035265744 0.99251664 0
6.113153 -0.6385771 -0.53370225 0.086038545 -0.0091883717 0.99624944 0
2.8366899 -0.85494351 -0.56858552 0.18414488 -0.054860286 0.98136693 6.0359326e-08
3.5413971 -0.37130556 -0.55790293 0.15444228 -0.016031269 0.98787177 7.406679e-08
2.1025472 -0.63513672 -0.57835394 0.24746126 -0.074686706 0.96601492 2.909749e-07
2.4888341 -0.2597568 -0.56928575 0.22358316 -0.023270857 0.97440702 3.8891636e-07
7.7080216 -0.81068087 1.4983259 -0.1872092 0.020080881 0.98211479 0
6.3567595 -0.6839754 0.33317909 -0.051601086 0.0057918485 0.99865097 0
6.2325025 -0.67291582 -0.10888434 0.017506806 -0.0017856502 0.99984515 0
4.3606277 -1.3286479 -0.55463094 0.11387098 -0.034847319 0.99288422 0
6.1158395 -0.66044325 -0.53413594 0.085633568 -0.0092388093 0.99628389 0
2.8336885 -0.86484027 -0.56858402 0.18151473 -0.055508129 0.9818204 6.2923164e-08
3.5400801 -0.38366517 -0.5578981 0.15662728 -0.01694138 0.98751247 1.3659089e-08
2.0958116 -0.64068919 -0.57706106 0.2471952 -0.075505227 0.96601939 4.7493293e-07
2.4951794 -0.26921323 -0.57097119 0.22353655 -0.0240435 0.97439897 4.1780027e-07
7.7051449 -0.83758181 1.4983276 -0.19190636 0.020583134 0.98119736 0
6.3592968 -0.70670843 0.33344203 -0.05159872 0.005792114 0.99865109 0
6.242538 -0.69604301 -0.10910136 0.017100342 -0.001962089 0.99985188 0
4.3559637 -1.3438611 -0.55462998 0.11724326 -0.035881191 0.99245483 0
6.111022 -0.68151325 -0.53391725 0.087161735 -0.0095896209 0.99614799 0
2.8400307 -0.87763137 -0.57048309 0.18145852 -0.055954322 0.98180544 8.9580752e-08
3.5362654 -0.39574867 -0.55750215 0.15672518 -0.017169602 0.98749298 4.7233875e-08
2.0981755 -0.64943349 -0.57835305 0.24692555 -0.076365776 0.9660207 5.9074944e-07
2.4845386 -0.27686051 -0.56872278 0.22337657 -0.024841085 0.97441566 4.1650574e-07
7.7094908 -0.86528951 1.4997588 -0.18767032 0.021289079 0.98200136 0
6.35183 -0.72833699 0.33318168 -0.052409194 0.0060724407 0.99860722 0
6.2473946 -0.71977115 -0.10923099 0.022729449 -0.00080934021 0.99974132 0
4.3583512 -1.3612806 -0.55554181 0.11524054 -0.036167417 0.99267894 0
6.1159062 -0.7047565 -0.53456837 0.083330207 -0.010403718 0.99646771 0
2.8252401 -0.88386756 -0.56810665 0.18186682 -0.056821886 0.98168004 1.405288e-07
3.5446754 -0.40921 -0.55906916 0.15448689 -0.017915042 0.98783243 7.6721271e-08
2.0911734 -0.65566999 -0.5770601 0.24673577 -0.077295102 0.96599531 5.8066036e-07
2.4980302 -0.28760955 -0.57209402 0.2233315 -0.025652286 0.97440493 3.0154945e-07
6.3540769 -0.75219613 0.33344468 -0.080135629 0.0034412313 0.99677801 0
6.2522917 -0.74245304 -0.10936069 0.017241277 -0.0019948781 0.99984938 0
4.3533325 -1.3772455 -0.55554086 0.11700058 -0.036720712 0.99245274 0
6.1183553 -0.72668445 -0.53500211 0.0070432131 -0.018989686 0.9997949 0
2.8221385 -0.89372444 -0.56810236 0.18277083 -0.058081813 0.9814384 6.4254571e-08
3.5456786 -0.42186934 -0.55945534 0.15390268 -0.018383445 0.98791498 2.4137645e-08
2.0934749 -0.66443104 -0.57835215 0.24635735 -0.078128316 0.96602488 5.7293198e-07
2.4897528 -0.29547992 -0.57040763 0.22323294 -0.026434232 0.97440666 3.5369013e-07
6.3563695 -0.77497202 0.33370763 -0.051146165 0.0063811778 0.99867082 0
6.2446995 -0.76366997 -0.1092721 0.017402306 -0.0020525125 0.99984646 0
4.355587 -1.3947064 -0.55645269 0.11453459 -0.037053484 0.99272799 0
6.1207266 -0.74863809 -0.5354358 0.087195098 -0.010259891 0.99613839 0
2.8213372 -0.90432042 -0.56858343 0.1831823 -0.058482695 0.98133785 1.2705068e-07
3.5392811 -0.43364924 -0.55867642 0.15643542 -0.019108221 0.98750335 7.4254444e-08
2.0888441 -0.67099386 -0.5777055 0.24617071 -0.07900887 0.9660008 5.9780962e-07
2.4935434 -0.30475101 -0.57153112 0.22314565 -0.027219102 0.97440499 2.8604506e-07
6.3537641 -0.79604626 0.33370885 -0.05271209 0.0065747709 0.99858809 0
6.2593579 -0.78763515 -0.10957643 0.017241731 -0.0021507621 0.99984902 0
4.3532982 -1.4099079 -0.55675602 0.080618449 -0.032016806 0.99623066 0
6.1305666 -0.77047455 -0.53652203 0.085831471 -0.010879938 0.99625027 0
2.81583 -0.91340435 -0.56810647 0.18009071 -0.058389768 0.98191547 1.1920277e-07
3.537746 -0.44600102 -0.55867571 0.15636818 -0.019654175 0.98750329 7.4875587e-08
2.0864894 -0.67828119 -0.57770509 0.2458192 -0.079849415 0.96602124 6.0212454e-07
2.4804316 -0.31152314 -0.56872076 0.22305572 -0.027957294 0.97440469 3.5864022e-07
6.3558993 -0.81885469 0.33397174 -0.051073816 0.006729112 0.99867219 0
6.2591901 -0.8087061 -0.10961886 0.017601868 -0.0021536183 0.99984276 0
4.3507085 -1.425869 -0.55705941 0.11518712 -0.037557248 0.99263358 0
6.12784 -0.79186964 -0.53652078 0.086733788 -0.010994932 0.99617088 0
2.817287 -0.92476195 -0.56905764 0.18209828 -0.059473414 0.98148006 7.0884631e-08
3.5410655 -0.45897567 -0.55946088 0.15560322 -0.020021964 0.98761672 9.811307e-08
2.0888157 -0.68670928 -0.57899702 0.24557805 -0.080673642 0.96601409 4.2838442e-07
2.4817452 -0.32048699 -0.56928217 0.22294629 -0.028733367 0.9744072 2.5979963e-07
6.3530025 -0.84103584 0.33397305 -0.053555045 0.0070531443 0.99853998 0
6.2637639 -0.83153123 -0.10974854 0.017132694 -0.0022476793 0.99985069 0
4.3362846 -1.4379191 -0.55584157 0.11599191 -0.038533825 0.99250239 0
6.139853 -0.81521064 -0.53782433 0.085782655 -0.011488738 0.99624765 0
2.8093853 -0.93304038 -0.56810343 0.18093406 -0.060033631 0.98166126 1.3332286e-07
3.5369935 -0.47101077 -0.55907041 0.1533753 -0.020522507 0.98795485 7.5828183e-08
2.0818243 -0.69246769 -0.57770419 0.24528849 -0.081529096 0.96601582 4.3637465e-07
2.4781961 -0.32883212 -0.56871974 0.22284383 -0.02951074 0.97440737 1.3584062e-07
6.3525019 -0.86354136 0.33410516 -0.052154392 0.0070224209 0.99861437 0
6.2606745 -0.85448349 -0.1097472 0.017499126 -0.0022970026 0.99984425 0
4.333591 -1.453837 -0.55614477 0.11274977 -0.037992697 0.9928968 0
6.1368246 -0.83770895 -0.53782302 0.085337467 -0.011428812 0.99628657 0
2.8200669 -0.94754076 -0.57095724 0.18015672 -0.060502693 0.9817754 9.4133007e-08
3.5402231 -0.48401707 -0.5598442 0.15332918 -0.020871993 0.98795474 7.6529396e-08
2.0838485 -0.70163876 -0.57899612 0.2449718 -0.082420118 0.96602058 5.4642481e-07
2.4769745 -0.33791298 -0.56871921 0.22275703 -0.030324532 0.97440225 2.1682611e-07
7.0885177 -2.4000065 0.13003203 -0.016648199 0.0056630149 0.99984539 0
6.3666034 -0.88922352 0.33502224 -0.051558346 0.0073507186 0.99864292 0
6.9628191 -2.3615005 -0.38348007 0.050253671 -0.016753746 0.99859595 0
6.2650809 -0.87736678 -0.10987689 0.017034369 -0.0023865416 0.99985206 0
4.3282337 -1.4697107 -0.55614382 0.11621159 -0.039161067 0.99245214 0
6.1264629 -0.85809445 -0.53716934 0.086489588 -0.012017827 0.9961803 0
2.8120959 -0.95579612 -0.57000631 0.179911 -0.061075058 0.98178506 8.5367951e-08
3.5360656 -0.49603188 -0.55945688 0.15376623 -0.021510275 0.98787308 9.1468827e-08
2.0699601 -0.70500493 -0.57576472 0.24471812 -0.083290637 0.96601021 3.7601498e-07
2.4830194 -0.34755668 -0.57040459 0.22259687 -0.031104418 0.97441423 3.9834407e-07
7.0919194 -2.4287882 0.13025169 -0.016146425 0.0057223812 0.99985325 0
6.3634605 -0.91144162 0.33502352 -0.053356625 0.0076050865 0.99854654 0
6.9663396 -2.3898444 -0.38413277 0.049148694 -0.016892204 0.99864864 0
6.2644548 -0.89958417 -0.10991926 0.017115382 -0.0023888219 0.99985069 0
4.3301172 -1.4872313 -0.55705571 0.11422446 -0.039386231 0.99267393 0
6.1357579 -0.88123566 -0.53825551 0.085684486 -0.012344283 0.99624586 0
2.8017809 -0.9632079 -0.56857824 0.18027611 -0.061897967 0.98166651 1.2654894e-07
3.5318694 -0.5080238 -0.55905741 0.1575821 -0.022606511 0.98724711 8.5674978e-09
2.0720515 -0.71380353 -0.57705665 0.24440184 -0.084132873 0.96601731 5.8091194e-07
2.481791 -0.35622191 -0.57040405 0.22251317 -0.031878956 0.97440833 1.0840985e-07
7.0909123 -2.4547474 0.130384 -0.013186466 0.0056077749 0.9998973 0
6.362874 -0.93289912 0.33515561 -0.051382288 0.0075517609 0.99865049 0
6.25633 -0.92072129 -0.10983068 0.017550806 -0.0025562267 0.9998427 0
4.325161 -1.5015824 -0.55705482 0.1138403 -0.039253555 0.99272329 0
6.1303372 -0.90121734 -0.53803688 0.086735345 -0.012630397 0.99615133 0
2.8007185 -0.97378945 -0.56905591 0.18085165 -0.063024774 0.98148894 9.330671e-08
3.532517 -0.52070612 -0.55945504 0.15677913 -0.022872102 0.98736882 8.1124774e-08
2.0741074 -0.72262537 -0.57834864 0.24408324 -0.084975526 0.9660241 5.311519e-07
2.4854178 -0.36514905 -0.57152754 0.22240949 -0.032613527 0.97440773 3.154852e-08
6.3521714 -0.95399708 0.33476448 -0.051931791 0.0078310808 0.99861991 0
6.2530775 -0.94255435 -0.1098294 0.017104823 -0.0024897873 0.99985063 0
4.3152118 -1.5150247 -0.55644542 0.11571223 -0.040651415 0.99245059 0
6.1343822 -0.9247883 -0.53868794 0.082858071 -0.013304647 0.99647254 0
2.7880452 -0.98029786 -0.56714445 0.18031123 -0.063391976 0.9815647 1.4218595e-07
3.5331199 -0.53339905 -0.55984628 0.15679701 -0.023128971 0.98736 6.9230438e-08
2.0715728 -0.72986102 -0.57834822 0.24379964 -0.085830525 0.96602011 2.0090397e-07
2.4744248 -0.37282246 -0.56927913 0.22229049 -0.033434045 0.97440708 4.04383e-07
6.3634386 -0.97954077 0.33555073 -0.051514752 0.008015654 0.99864006 0
6.2423372 -0.96323782 -0.10969717 0.017526681 -0.0027088961 0.9998427 0
4.3119678 -1.5316622 -0.55674869 0.11195679 -0.039927583 0.99291062 0
6.1360397 -0.94695175 -0.53912169 0.085714489 -0.013086359 0.99623382 0
2.7915411 -0.9924947 -0.56857747 0.17992431 -0.063958727 0.98159897 1.4550403e-07
3.5312366 -0.54572874 -0.5598439 0.15509138 -0.023783535 0.9876138 9.7332745e-08
2.0621896 -0.73465002 -0.57640916 0.24351494 -0.086695679 0.96601468 3.7808562e-07
2.465884 -0.38035715 -0.56759274 0.22217505 -0.034207735 0.97440654 3.3268554e-07
6.352581 -1.0005873 0.33515957 -0.053263988 0.0089199059 0.99854064 0
4.3065953 -1.5467045 -0.55674779 0.11547969 -0.041185852 0.9924556 0
6.1154752 -0.96565861 -0.53759807 0.08612328 -0.013539118 0.99619251 0
2.7855768 -1.0018878 -0.56809491 0.17814709 -0.063760184 0.98193598 1.060258e-08
3.5365317 -0.55981654 -0.56101131 0.15334031 -0.024207816 0.98787689 3.674915e-08
2.066427 -0.74430543 -0.57834738 0.2431794 -0.087525003 0.9660244 5.163169e-07
2.4645414 -0.38896233 -0.5675922 0.22218603 -0.035001036 0.97437584 1.929855e-07
6.3441195 -1.0219653 0.33489919 -0.051275302 0.0081314249 0.99865144 0
4.3081665 -1.5642716 -0.55765963 0.11298501 -0.041423362 0.99273282 0
2.7797561 -1.0107646 -0.56762159 0.18002948 -0.065515868 0.98147696 9.0434547e-08
3.5345554 -0.57215786 -0.56101495 0.1540824 -0.024857689 0.98774529 9.7038189e-08
2.0502052 -0.74654359 -0.57446969 0.24293265 -0.088409975 0.96600592 4.2924719e-07
2.4679799 -0.39833009 -0.56871563 0.22192968 -0.035755005 0.9744069 1.2378155e-07
6.325913 -1.0405771 0.33411592 -0.051925704 0.0087693101 0.99861246 0
6.226975 -1.027743 -0.10960565 0.01708678 -0.0028404735 0.99984998 0
4.305285 -1.5794048 -0.55796313 0.11188851 -0.041217241 0.99286562 0
2.7694802 -1.0174335 -0.56619126 0.17902404 -0.065761663 0.98164445 1.4237182e-07
3.5228925 -0.58227748 -0.55944902 0.154632 -0.025559513 0.98764145 9.3024397e-08
2.0498524 -0.75453156 -0.5751155 0.24258581 -0.089237265 0.96601701 4.3476453e-07
2.461766 -0.40615824 -0.56759107 0.22180431 -0.036530502 0.97440666 1.6539458e-07
6.2307453 -1.0507144 -0.10973534 0.017423958 -0.0027850999 0.99984431 0
4.2994676 -1.5951738 -0.55796218 0.11332276 -0.041746363 0.99268079 0
2.7751117 -1.0305179 -0.56809944 0.17905429 -0.066467933 0.98159134 1.2917917e-07
3.5305796 -0.59620309 -0.56101418 0.154061 -0.025979461 0.98771971 9.8861065e-08
2.0494692 -0.76252663 -0.57576138 0.24227995 -0.090078048 0.9660157 1.5980945e-07
2.4651392 -0.41554978 -0.56871456 0.22170354 -0.037298094 0.97440052 3.8832152e-07
6.2418213 -1.0749921 -0.10999598 0.017138626 -0.0029153228 0.9998489 0
4.2869039 -1.6075553 -0.55704862 0.11438035 -0.042831894 0.99251324 0
2.7621295 -1.0372254 -0.56618899 0.17881222 -0.066994883 0.98159963 1.3368302e-07
3.5235031 -0.60830551 -0.56023192 0.15427241 -0.026514076 0.98767251 9.3411828e-08
2.0467951 -0.76967603 -0.5757609 0.24196042 -0.090921275 0.96601683 4.9723673e-07
2.4732792 -0.42578736 -0.57096183 0.2215391 -0.038072228 0.97440797 3.3992143e-07
4.2882266 -1.6251508 -0.55796039 0.11289357 -0.042952213 0.99267828 0
2.7653732 -1.0494773 -0.56761914 0.17906316 -0.067731515 0.98150337 1.0290366e-07
3.5189269 -0.62017584 -0.55983299 0.15497066 -0.027029548 0.98754925 3.4047666e-08
2.0463529 -0.77767599 -0.57640666 0.24162428 -0.09176027 0.9660216 5.4307566e-07
2.4765785 -0.43525252 -0.57208526 0.22132994 -0.038862135 0.97442436 1.5764488e-07
4.2825279 -1.6401097 -0.55795956 0.11130507 -0.042347051 0.99288362 0
2.7662754 -1.0608847 -0.56857014 0.17683439 -0.068261117 0.98187065 1.0854261e-07
3.5288944 -0.63462484 -0.56179041 0.15317374 -0.027631091 0.98781288 7.2284301e-08
2.0503871 -0.78741801 -0.57834482 0.24131608 -0.092610762 0.96601748 5.2763511e-07
2.4702468 -0.44304362 -0.57096088 0.22125831 -0.03962338 0.97440994 3.2780613e-07
8.0585308 -1.4357696 2.1808841 1.0150854e-05 5.7521505e-05 1 0
4.2744632 -1.6541518 -0.55765438 0.1160569 -0.045090601 0.99221855 0
2.7625546 -1.0705341 -0.56857294 0.17646101 -0.068617575 0.98191303 9.1995695e-08
3.5290878 -0.64738166 -0.56217676 0.15266179 -0.028043261 0.98788053 1.3191701e-08
2.0408742 -0.79194325 -0.57640582 0.24103284 -0.093459405 0.96600646 5.162658e-07
2.4806712 -0.4538334 -0.57377023 0.22113581 -0.040400244 0.97440588 3.4879346e-07
8.0534697 -1.4638904 2.1808858 -0.25211793 0.045433141 0.96662939 0
7.5568161 -2.947201 0.14100485 -0.016465237 0.0064074043 0.9998439 0
4.2686625 -1.6690624 -0.55765349 0.11400255 -0.04429137 0.99249268 0
2.7658451 -1.0823774 -0.56999665 0.17662479 -0.069205724 0.98184228 1.2384014e-07
3.5220652 -0.65818 -0.5613988 0.15453389 -0.028814558 0.98756719 6.545234e-08
2.0470877 -0.80259663 -0.57899016 0.24062866 -0.09429013 0.96602648 5.3582517e-07
2.4694896 -0.46072063 -0.57152188 0.22097044 -0.041165981 0.97441131 3.482096e-07
4.2723355 -1.6868578 -0.55886954 0.11253668 -0.044604406 0.99264592 0
2.7574856 -1.0902172 -0.56904709 0.17613989 -0.069490783 0.98190928 5.066028e-08
3.5173202 -0.6700114 -0.56100661 0.15414403 -0.029305095 0.98761368 8.0138982e-08
2.0397847 -0.80795455 -0.57769734 0.24032684 -0.095133968 0.96601892 4.6929171e-07
2.4775245 -0.47070816 -0.57376927 0.22085591 -0.041908242 0.97440565 4.1372525e-07
4.2664208 -1.7017606 -0.55886865 0.11438638 -0.045338534 0.99240124 0
2.7559416 -1.1007478 -0.56952542 0.1779559 -0.071178883 0.98146081 1.1579133e-07
3.5246589 -0.68415463 -0.56256628 0.15250021 -0.029581856 0.98786062 7.0530923e-08
2.0460606 -0.81830978 -0.58028173 0.24001637 -0.095932744 0.96601713 1.7509558e-07
2.4662967 -0.47751915 -0.57152092 0.22071835 -0.042672288 0.97440368 3.8237192e-07
4.2650576 -1.7184999 -0.55947626 0.11203933 -0.045157403 0.99267721 0
2.7452588 -1.1076025 -0.56808627 0.17792624 -0.071573228 0.9814375 6.7533755e-08
3.5174031 -0.69550204 -0.56178743 0.15216184 -0.029905483 0.98790306 2.8577769e-08
2.0387149 -0.82363355 -0.57898891 0.23967616 -0.096767507 0.96601832 5.5107785e-07
2.4646149 -0.48612523 -0.57152033 0.22060935 -0.043446921 0.97439408 4.0458755e-07
4.2567353 -1.7324408 -0.55917114 0.11345223 -0.046005219 0.99247777 0
2.7459188 -1.1190335 -0.56904429 0.1772342 -0.072039701 0.98152858 1.1680115e-07
3.5125327 -0.70729166 -0.56139612 0.15436207 -0.031145491 0.98752332 2.954053e-08
2.0289772 -0.82835561 -0.57704985 0.2393259 -0.097643301 0.96601701 4.9255783e-07
2.4675946 -0.49610656 -0.57264376 0.22037864 -0.044244047 0.97441047 3.6319653e-07
4.2572403 -1.7508653 -0.56008291 0.11161263 -0.046065819 0.99268353 0
2.7488031 -1.1314189 -0.57046866 0.17470945 -0.072416164 0.98195344 9.2430291e-08
3.5052032 -0.7185629 -0.56061316 0.1536755 -0.031442929 0.98762095 8.9329177e-08
2.0238419 -0.83451051 -0.57640326 0.23899776 -0.098484993 0.96601284 7.2224083e-08
2.4634609 -0.50423306 -0.57208133 0.2202531 -0.045021415 0.9744032 1.4021512e-07
4.2511034 -1.7657151 -0.56008202 -0.00024044477 0.00015957499 0.99999994 0
2.7425709 -1.1400634 -0.56999767 0.17478812 -0.072703533 0.98191816 5.3765874e-08
3.5123451 -0.73279858 -0.56217968 0.15331191 -0.031886004 0.98766327 9.6947488e-08
2.0276027 -0.84436131 -0.57834148 0.23862395 -0.099311866 0.96602058 5.6312211e-07
2.4664574 -0.51381385 -0.57320476 0.22007976 -0.045786202 0.97440678 2.8158814e-07
4.2452245 -1.7798027 -0.56008118 0.10996173 -0.045829684 0.99287868 0
6.127449 -1.2982556 -0.54388589 0.086523563 -0.018123953 0.99608493 0
2.7430987 -1.1515325 -0.57094884 0.17550166 -0.073587678 0.98172504 1.4788041e-07
3.5049334 -0.74403512 -0.56139797 0.15199137 -0.032350939 0.98785222 8.0035825e-08
2.0268681 -0.85237205 -0.57898718 0.23830356 -0.10014289 0.96601391 4.7409469e-07
2.4599714 -0.52098948 -0.57208025 0.21991694 -0.046515059 0.97440898 4.2153556e-07
6.8636346 -2.9028444 -0.38868332 0.048416805 -0.02043337 0.99861819 0
4.2367015 -1.7936422 -0.55977607 0.11299897 -0.047709625 0.99244899 0
2.7322867 -1.158223 -0.56951559 0.17639352 -0.074575253 0.98149061 8.8859309e-08
3.507144 -0.75730133 -0.56217682 0.15268993 -0.032912657 0.98772597 1.0269076e-07
2.0283248 -0.86133391 -0.58027917 0.23794693 -0.10097741 0.96601492 2.997937e-07
2.4485168 -0.52796626 -0.56983197 0.21975781 -0.047320969 0.97440606 2.3247129e-07
6.8621321 -2.9319079 -0.38920516 0.05001086 -0.020514339 0.99853796 0
4.2346616 -1.8111118 -0.56038362 0.11101164 -0.047485739 0.99268401 0
2.7304823 -1.1687205 -0.56999415 0.17579028 -0.075109646 0.98155808 1.2310224e-07
3.5044792 -0.769539 -0.56217563 0.15207188 -0.033394221 0.98780513 9.9225794e-08
2.0164306 -0.86459386 -0.577694 0.2375574 -0.10180133 0.96602434 5.4383031e-07
2.4514201 -0.53754467 -0.5709554 0.21958362 -0.048086688 0.97440785 3.6144513e-07
6.8633165 -2.9607906 -0.38985786 0.057879101 -0.020182213 0.99811959 0
4.2260361 -1.824898 -0.5600785 0.11237608 -0.048343733 0.99248904 0
2.7353959 -1.1821455 -0.57189369 0.173784 -0.075307585 0.98190016 6.7545066e-08
3.4993608 -0.78123224 -0.56178629 0.15158772 -0.033725098 0.98786831 8.5540577e-08
2.0200472 -0.87451178 -0.57963216 0.23720808 -0.10262932 0.96602255 5.6264906e-07
2.4519076 -0.54662412 -0.57151687 0.21941245 -0.048856031 0.97440815 4.1464568e-07
4.2267847 -1.8418788 -0.56099039 0.11108989 -0.048408046 0.99263072 0
6.1354489 -1.3897138 -0.54627299 0.084647641 -0.019097209 0.99622792 0
2.7267542 -1.18972 -0.57094836 0.17401367 -0.07594683 0.98181021 1.2346231e-07
3.50143 -0.79452914 -0.56256729 0.15296981 -0.034642119 0.98762351 9.2408946e-08
2.012558 -0.8796193 -0.5783394 0.23685373 -0.10345852 0.96602106 5.9067474e-07
2.457212 -0.55635238 -0.57320231 0.21928032 -0.049582358 0.97440124 4.195301e-07
4.2157874 -1.8546213 -0.56038105 0.031563118 0.020545159 0.99929059 0
2.7225852 -1.1992309 -0.57094485 0.17602776 -0.077615306 0.98132056 1.1125641e-07
3.4914153 -0.80509162 -0.56139088 0.15266988 -0.035113849 0.98765326 9.6399788e-08
2.0118389 -0.88726491 -0.57898515 0.23649614 -0.1042388 0.96602476 4.5039792e-07
2.4433804 -0.56221735 -0.57039201 0.21905056 -0.050343391 0.97441387 4.2083019e-07
4.2047529 -1.8673096 -0.55977166 0.1117597 -0.049524721 0.99250042 0
2.7206237 -1.2097256 -0.57142514 0.17577069 -0.077920154 0.98134249 1.2635691e-07
3.4957983 -0.81895435 -0.56256276 0.15174705 -0.035464048 0.98778296 9.2709783e-08
2.0087297 -0.8942821 -0.57898474 0.23616005 -0.10508236 0.96601558 3.9877452e-07
2.4414029 -0.57074291 -0.57039148 0.21887536 -0.051108018 0.97441345 4.0218427e-07
4.2050014 -1.8850237 -0.56068355 0.11038596 -0.04955183 0.99265277 0
2.7141478 -1.2182093 -0.57094014 0.17604823 -0.078572735 0.98124069 1.0758886e-07
3.4929187 -0.83115202 -0.56256086 0.15129352 -0.035971109 0.98783416 8.3865146e-08
2.001035 -0.89965373 -0.57769191 0.23576893 -0.10594421 0.96601701 5.4566948e-07
2.4511499 -0.58248115 -0.57320076 0.21873748 -0.051924758 0.97440124 4.3357576e-07
6.7060909 -1.618463 -0.11983477 0.016781393 -0.0040634633 0.99985093 0
4.1958041 -1.8993988 -0.56037837 0.11178248 -0.05044961 0.99245125 0
2.7143474 -1.229704 -0.57189953 0.17427629 -0.078796737 0.98153901 1.4768088e-07
3.4827936 -0.84160888 -0.5613867 0.1527916 -0.036973167 0.98756653 8.8563326e-08
2.0000808 -0.9076333 -0.57833773 0.23538917 -0.10675777 0.96602005 5.5658273e-07
2.4443638 -0.58989966 -0.57207632 0.21852376 -0.052676361 0.97440881 3.0645273e-07
4.1936622 -1.9160978 -0.56098598 0.11038624 -0.050276522 0.9926163 0
6.1051617 -1.4964648 -0.54583186 0.084822528 -0.020935744 0.99617612 0
2.7120531 -1.2406665 -0.57237524 0.1740595 -0.079304866 0.98153657 1.3155859e-07
3.4844828 -0.85553956 -0.56217277 0.1526276 -0.037442412 0.98757422 8.7212996e-08
1.9881216 -0.91057873 -0.57575256 0.23504339 -0.10758768 0.96601218 5.2025729e-07
2.4422898 -0.59842843 -0.57207584 0.21833616 -0.053439558 0.97440934 3.2793227e-07
6.9204292 -3.1882157 -0.39743561 0.047331188 -0.021646332 0.99864465 0
4.1756825 -1.9255244 -0.55946398 0.11082251 -0.051123459 0.99252445 0
6.0974836 -1.5171671 -0.54561317 0.084972426 -0.020991486 0.99616218 0
2.7077055 -1.2501258 -0.5723756 0.17219327 -0.079577513 0.98184359 1.2742844e-07
3.4790788 -0.86710346 -0.56177849 0.15255393 -0.037802119 0.9875719 8.9187509e-08
1.9958872 -0.92258954 -0.57898301 0.23466234 -0.10840826 0.96601307 5.3685062e-07
2.435456 -0.60578287 -0.57095146 0.21814229 -0.054201812 0.97441065 1.7919301e-07
4.1737738 -1.9414561 -0.56007147 0.10906937 -0.050921217 0.99272901 0
2.7102187 -1.2622117 -0.57379723 0.17235099 -0.079959646 0.98178488 6.1835898e-08
3.4761841 -0.87863582 -0.5617795 0.15128204 -0.038201079 0.9877522 9.7458532e-08
1.983904 -0.92545927 -0.57639784 0.23425978 -0.10921614 0.96601975 5.6473584e-07
2.4380527 -0.61546427 -0.57207483 0.21796474 -0.054964092 0.97440767 4.1306026e-07
4.1666298 -1.9567405 -0.56007057 0.11153479 -0.052073579 0.99239522 0
2.7013555 -1.2695737 -0.57284242 0.17310254 -0.080636665 0.9815973 2.1033914e-08
3.4802752 -0.89259595 -0.56294376 0.15029964 -0.03850254 0.98789048 6.0692784e-08
1.9850296 -0.93443978 -0.57768977 0.23387349 -0.11003032 0.96602094 5.6851178e-07
2.4311678 -0.62277073 -0.57095051 0.21774276 -0.055717696 0.97441453 4.4721543e-07
4.164258 -1.9734001 -0.56067818 0.10873792 -0.051687453 0.99272579 0
2.7212918 -1.2905796 -0.57808471 0.1717058 -0.082016692 0.98172826 4.1771342e-13
3.4699659 -0.90288275 -0.56177562 0.15181886 -0.039361011 0.98762429 7.6470059e-08
1.9752145 -0.93824857 -0.57575083 0.23351738 -0.11086822 0.96601135 2.2914385e-07
2.4384143 -0.63368666 -0.57319784 0.21761435 -0.056491684 0.97439861 4.0265684e-07
4.1576915 -1.9871985 -0.56067735 0.10757282 -0.051132977 0.99288142 0
2.7234094 -1.3032532 -0.57951385 0.17170401 -0.082014643 0.98172873 0
3.4667935 -0.91498971 -0.56177408 0.15167511 -0.0399133 0.98762423 7.670392e-08
1.9762808 -0.94722921 -0.57704276 0.23313186 -0.1116659 0.96601254 3.306512e-07
2.4292297 -0.63992083 -0.57151151 0.21737029 -0.057201173 0.97441173 4.4622408e-07
6.7418342 -1.8024325 -0.12122174 0.016675862 -0.0044521973 0.99985105 0
4.1484952 -2.0006208 -0.56037223 0.11013699 -0.052898299 0.99250776 0
2.7077961 -1.3074086 -0.57713544 0.1714776 -0.082382113 0.98173755 6.9611573e-08
3.4755096 -0.93026245 -0.56372279 0.15003453 -0.040237054 0.98786163 5.3688318e-08
1.9751359 -0.95517552 -0.57768857 0.23271225 -0.11247689 0.96601963 5.6644319e-07
2.4292223 -0.64944488 -0.57207286 0.21718386 -0.058006436 0.97440571 2.8081971e-07
6.7379146 -1.8266073 -0.12126402 0.017066974 -0.0045155985 0.99984413 0
4.1522875 -2.0212471 -0.56189239 0.10864227 -0.053184126 0.99265718 0
2.6855724 -1.3082432 -0.57331729 0.17150724 -0.084336102 0.98156643 3.1264523e-08
3.467473 -0.94110107 -0.56294471 0.14989348 -0.040520459 0.98787147 1.9610757e-08
1.9739594 -0.96312529 -0.57833433 0.23234729 -0.11328856 0.96601266 2.2205391e-07
2.4269407 -0.65792048 -0.57207239 0.21698152 -0.058765128 0.97440529 4.4306393e-07
6.8583975 -3.3651476 -0.39847192 0.047185671 -0.023098104 0.99861902 0
6.7411408 -1.8527592 -0.1214372 0.01672454 -0.0045578806 0.99984974 0
4.1474342 -2.0368237 -0.56219578 0.10893728 -0.053275317 0.99261999 0
2.6809888 -1.3176093 -0.5733211 0.17150724 -0.084336102 0.98156643 3.1264523e-08
3.4617848 -0.95254701 -0.56255597 0.15045004 -0.041236438 0.98775721 9.1141061e-08
1.9749172 -0.97214693 -0.57962632 0.23194 -0.11411162 0.96601367 2.7648107e-07
2.4269793 -0.66702926 -0.57263392 0.21681117 -0.05953503 0.97439647 3.9444348e-07
6.8561502 -3.3923035 -0.39899385 0.045325227 -0.022945864 0.99870872 0
6.732224 -1.8756099 -0.12139221 0.016915644 -0.0046324604 0.99984616 0
4.1295414 -2.0450554 -0.56067389 0.10931464 -0.054111589 0.99253327 0
6.0410404 -1.682439 -0.54451615 0.0839727 -0.02335613 0.9961943 0
2.6675818 -1.3225935 -0.57140982 0.17065327 -0.083448105 0.98179114 4.002828e-12
3.4513016 -0.96264428 -0.56137872 0.15169026 -0.042459324 0.98751569 3.3407947e-08
1.9650257 -0.97580636 -0.57768732 0.23151499 -0.11490449 0.9660216 4.366068e-07
2.4153626 -0.6724779 -0.57038563 0.21654859 -0.060239922 0.97441155 2.9877631e-07
8.0905266 -2.242398 2.2371469 -0.23967086 0.066035986 0.96860576 0
6.7400718 -1.9031643 -0.12165265 0.016178343 -0.0048425575 0.99985737 0
4.1312547 -2.0638974 -0.56188983 0.10850235 -0.054190919 0.99261802 0
6.0516138 -1.7092956 -0.54603708 0.083362363 -0.023598995 0.99623984 0
2.6453955 -1.3231028 -0.56759673 0.17067951 -0.086453639 0.98152649 0
3.4455431 -0.97401696 -0.56099033 0.15089299 -0.042678058 0.9876284 9.2736059e-08
1.963766 -0.98374337 -0.57833314 0.23110089 -0.1157003 0.96602577 3.911627e-07
2.4175727 -0.68264139 -0.571509 0.21633653 -0.061027199 0.97440964 4.2588442e-07
4.1170173 -2.0756712 -0.56097633 0.097733803 -0.041033503 0.99436629 0
6.0432167 -1.729726 -0.54581839 0.08410579 -0.0239053 0.99617004 0
2.6319995 -1.3279012 -0.56568992 0.1700363 -0.084547624 0.98180413 0
3.4492462 -0.988069 -0.56216133 0.14975519 -0.042855646 0.98779392 9.812937e-08
1.9581655 -0.98950094 -0.57768649 0.23069571 -0.11650834 0.96602553 5.5971969e-07
2.412832 -0.69041032 -0.57094657 0.21612343 -0.061783865 0.97440928 4.2276457e-07
4.1031127 -2.0866523 -0.56006283 0.10881833 -0.055222094 0.99252659 0
6.0491042 -1.7542696 -0.54690444 0.083228618 -0.024118746 0.99623859 0
2.6096249 -1.3286196 -0.56187677 0.17008401 -0.087406814 0.98154545 0
3.4384847 -0.99864745 -0.56099266 0.14927545 -0.043230996 0.98785013 7.957226e-08
1.9546999 -0.9963302 -0.57768607 0.23030652 -0.11732726 0.96601927 4.7782567e-07
2.4197714 -0.70152426 -0.57319391 0.21589649 -0.062537089 0.97441155 2.3781512e-07
4.1068406 -2.1066296 -0.56158304 0.10808907 -0.055363644 0.99259841 0
6.0357733 -1.7732735 -0.54625082 0.084098093 -0.024731698 0.99615049 0
2.5984244 -1.334353 -0.5604465 0.16942979 -0.086071111 0.9817766 0
3.4373481 -1.0113378 -0.56138098 0.15170626 -0.044709444 0.98741394 4.2769106e-08
1.9447697 -0.99982882 -0.57574719 0.22988974 -0.11812063 0.96602184 3.137668e-07
2.4056149 -0.70655602 -0.57038367 0.2156916 -0.063294932 0.97440797 4.2448832e-07
8.0070133 -2.3416624 2.2229369 -0.2579982 0.075985476 0.96315271 0
4.0862417 -2.114105 -0.55975688 0.108335 -0.056057371 0.99253267 0
6.0319343 -1.7950401 -0.54646713 0.19824027 -0.044694006 0.9791339 0
2.5787349 -1.3350537 -0.55710983 0.16951479 -0.089844078 0.98142385 4.315143e-11
3.431608 -1.0220293 -0.56098974 0.14954181 -0.044505898 0.98775327 1.0255204e-07
1.943411 -1.007725 -0.57639301 0.22950326 -0.11893529 0.96601379 2.3242693e-07
2.4031339 -0.71494889 -0.57038319 0.21546409 -0.064042963 0.9744094 4.1588035e-07
4.0858078 -2.1310892 -0.56066877 0.10744134 -0.05603981 0.99263078 0
6.0283337 -1.8157493 -0.54668343 0.082811467 -0.024803823 0.99625653 0
2.5631855 -1.3383598 -0.55472678 0.1696309 -0.090910748 0.98130554 3.0895183e-08
3.4303846 -1.0347116 -0.56137961 0.1531024 -0.045906015 0.98714352 4.4856719e-08
1.9462987 -1.0178661 -0.57833111 0.2290571 -0.1197289 0.96602166 4.0227616e-07
2.398416 -0.72221601 -0.56982076 0.21524619 -0.064749509 0.97441089 1.087538e-07
6.0121083 -1.8349311 -0.54581231 0.084539086 -0.026273463 0.99607372 0
2.5519855 -1.3438636 -0.55330062 0.1696309 -0.090910748 0.98130554 3.0895183e-08
3.4267523 -1.0466796 -0.56137753 0.14709422 -0.044922255 0.98810184 3.3433793e-08
1.9405987 -1.023525 -0.57768446 0.2286626 -0.12052944 0.96601558 4.3729273e-07
2.3980844 -0.73170841 -0.57038218 0.21501216 -0.06554132 0.97440964 7.4664733e-08
6.0009069 -1.854439 -0.54537618 0.083643489 -0.025757222 0.99616283 0
2.5386136 -1.3481539 -0.55138868 0.16825482 -0.087566368 0.98184645 2.3620959e-09
3.4254375 -1.0593612 -0.56176972 0.14973742 -0.046239328 0.98764396 1.0068316e-07
1.9434079 -1.0337011 -0.57962263 0.22822933 -0.12132936 0.9660179 2.5645116e-07
2.3955159 -0.74007487 -0.5703817 0.21481632 -0.066303015 0.9744013 9.8153009e-08
2.9692442 -1.5885429 -0.40855917 0.10604051 -0.049267307 0.99314052 0
6.0015292 -1.8776004 -0.5460273 0.0827443 -0.025783472 0.99623722 0
2.5165913 -1.3477262 -0.54757571 0.16817468 -0.092463724 0.9814111 1.3545723e-09
3.4170046 -1.0698427 -0.5609836 0.15003659 -0.046876896 0.9875685 9.4051032e-08
1.9397879 -1.0404785 -0.57962221 0.22779004 -0.12212238 0.96602166 4.1285813e-07
2.3952441 -0.74915504 -0.57094318 0.21458334 -0.067054972 0.97440118 3.8135184e-07
2.95086 -1.591306 -0.4067333 0.10742801 -0.05894642 0.99246389 0
5.9833951 -1.8937429 -0.54493892 0.083271191 -0.02637938 0.99617773 0
2.5010777 -1.3506638 -0.54519683 0.16739258 -0.089825109 0.98178977 3.7049151e-08
3.417959 -1.0832496 -0.56176668 0.15068379 -0.047409106 0.98744458 2.894291e-08
1.9382674 -1.0483942 -0.58026797 0.22736062 -0.1229177 0.96602196 4.597162e-07
2.3973947 -0.75855494 -0.57206661 0.21433765 -0.067758702 0.97440654 3.8086986e-07
5.9811587 -1.9171776 -0.54537255 0.084246337 -0.026470875 0.99609327 0
2.4877298 -1.3546852 -0.54329079 0.16803713 -0.092971228 0.98138672 2.5697608e-08
3.4141564 -1.0951738 -0.56176728 0.14762032 -0.047473714 0.98790407 5.3896649e-08
1.9303577 -1.0528369 -0.5789752 0.22695668 -0.12372287 0.96601415 6.0286766e-07
2.3969195 -0.76807576 -0.57262808 0.21411251 -0.068552673 0.97440052 1.7910351e-07
6.8879766 -2.2336025 -0.12578252 0.015993124 -0.00534325 0.99985784 0
2.906774 -1.5944606 -0.40216884 0.10639217 -0.058596771 0.99259615 0
2.472234 -1.3574473 -0.54090667 0.16741079 -0.092457645 0.98154229 8.0303408e-08
3.4173625 -1.109363 -0.56293577 0.14820819 -0.048091721 0.98778617 9.5313567e-08
1.928786 -1.0607345 -0.57962102 0.2265083 -0.12450672 0.96601868 4.3937393e-07
2.3895869 -0.77494365 -0.5715037 0.21381088 -0.069280043 0.9744153 1.7198808e-07
6.8872643 -2.2599659 -0.12591201 0.017274398 -0.0053777671 0.99983633 0
2.9033616 -1.6057998 -0.40247247 0.10639217 -0.058596771 0.99259615 0
2.4674809 -1.3660688 -0.54090559 0.16695605 -0.091979332 0.98166466 5.3113585e-08
3.4064279 -1.1189821 -0.56176722 0.14787777 -0.048530079 0.98781425 9.0669126e-08
1.9271828 -1.0686338 -0.58026677 0.22608115 -0.12530269 0.96601582 5.3557648e-07
2.3914993 -0.78479052 -0.57262713 0.21359879 -0.07003513 0.97440785 4.4349261e-07
6.8888254 -2.287138 -0.12608513 0.017128671 -0.0053861556 0.99983877 0
2.8828537 -1.6069525 -0.40034518 0.10623614 -0.058573902 0.99261421 1.0008177e-08
2.4519866 -1.3686851 -0.53852552 0.16657466 -0.093073338 0.98162633 9.5349868e-08
3.4071901 -1.1324178 -0.56254494 0.14938214 -0.049428288 0.98754334 2.5469713e-08
1.9213341 -1.0741742 -0.57962024 0.22562629 -0.12607971 0.96602106 2.2599212e-07
2.3842568 -0.79119104 -0.57150275 0.21336617 -0.070744663 0.97440755 2.2572718e-07
6.8930535 -2.3139391 -0.12630194 0.014449555 -0.0058091334 0.9998787 0
2.8685772 -1.6121379 -0.39912495 0.10538156 -0.057051033 0.99279398 0
5.9470725 -1.9970881 -0.5447154 0.082969576 -0.027835712 0.99616325 0
2.4365051 -1.3712102 -0.53613997 0.16587926 -0.093437105 0.98170954 4.2925894e-08
3.4008746 -1.14352 -0.56215632 0.14763002 -0.049686782 0.9877938 8.6079936e-08
1.9219673 -1.0829142 -0.58091223 0.22526352 -0.12686428 0.966003 4.3197232e-07
2.3791699 -0.79873776 -0.57094032 0.21311523 -0.071488246 0.97440821 3.5873174e-07
6.8967719 -2.3419979 -0.1265187 0.016414121 -0.0055485647 0.99984986 0
2.8521411 -1.6160183 -0.3976033 0.10517779 -0.056159556 0.9928664 0
5.9447832 -2.0194342 -0.54514915 0.081489027 -0.027686488 0.99628961 0
2.4338369 -1.3809189 -0.5366202 0.16606985 -0.094470486 0.98157841 8.8329365e-08
3.4085562 -1.159345 -0.56410831 0.14816499 -0.050285887 0.98768336 9.1937032e-08
1.9160769 -1.0884219 -0.58026558 0.22480211 -0.12763961 0.96600837 3.198943e-07
2.3786755 -0.80781686 -0.57150179 0.21285881 -0.072228961 0.97440964 4.354153e-07
2.8332765 -1.6190664 -0.39577731 0.10598052 -0.061363336 0.99247301 0
5.9349852 -2.040401 -0.5449304 0.082787961 -0.028294791 0.99616545 0
2.4140964 -1.3808661 -0.53328234 0.16544197 -0.09450306 0.98168129 1.1053179e-07
3.3974807 -1.168835 -0.56293678 0.14714487 -0.050685849 0.98781544 7.2418679e-08
1.907886 -1.0930325 -0.57897276 0.22426547 -0.12840639 0.96603149 5.6876536e-07
2.3849199 -0.8196798 -0.57374907 0.21258369 -0.073001467 0.97441208 4.3028615e-07
2.8214433 -1.624734 -0.39486414 0.10541327 -0.060157392 0.99260724 0
5.9375997 -2.0633345 -0.54579908 0.081858553 -0.028403539 0.99623913 0
2.4135122 -1.3917395 -0.53423423 0.16515802 -0.095153727 0.98166621 9.6999329e-08
3.4027131 -1.1839213 -0.56449765 0.1478778 -0.051380582 0.98767006 9.7698489e-08
1.9061495 -1.1008955 -0.57961857 0.22384244 -0.12921739 0.96602142 2.0094808e-07
2.3775833 -0.82599366 -0.57262468 0.21234451 -0.073709331 0.97441095 4.1871951e-07
6.8997512 -2.4252186 -0.12703793 0.016820598 -0.0057227616 0.99984217 0
2.7964473 -1.6233491 -0.39212567 0.1053258 -0.061581708 0.99252915 0
5.9205966 -2.081785 -0.54492801 0.082908422 -0.029376477 0.99612409 0
2.4001572 -1.3952167 -0.53232336 0.16459237 -0.094759107 0.98179942 1.0283363e-08
3.393899 -1.1941586 -0.56371439 0.1462553 -0.051427927 0.9879092 4.0776154e-08
1.896037 -1.1038913 -0.57767963 0.22339274 -0.1300035 0.96602005 1.9600496e-07
2.3699408 -0.83309537 -0.5715003 0.21207048 -0.07448855 0.97441137 3.4217263e-07
6.9030228 -2.4534669 -0.12725465 0.015807254 -0.0058402438 0.99985802 0
2.7840562 -1.6298226 -0.39121529 0.1050168 -0.061810236 0.99254769 1.9918122e-08
5.9109459 -2.1016064 -0.54470932 0.004678925 0.0087543605 0.99995071 0
2.3868067 -1.3986175 -0.53041345 0.16415112 -0.092897713 0.98205113 5.9668213e-09
3.3920376 -1.206823 -0.56410575 0.14779754 -0.052618124 0.98761696 9.8807838e-08
1.8984176 -1.114176 -0.5796178 0.22293897 -0.13077895 0.96602023 5.5580762e-07
2.3785026 -0.84542072 -0.57430953 0.2118025 -0.075223975 0.97441322 4.3207817e-07
6.9038281 -2.4809232 -0.12742776 0.016121725 -0.0058309883 0.99985301 0
2.7655327 -1.6319565 -0.38938779 0.10486207 -0.062456157 0.99252361 1.7320696e-08
5.9012299 -2.1213861 -0.54449069 0.082368225 -0.029449444 0.99616677 0
2.3692362 -1.3994423 -0.52755743 0.16413313 -0.0983603 0.98152208 9.2893746e-09
3.3831556 -1.2169905 -0.5633204 0.14804491 -0.0532411 0.9875465 9.2082153e-08
1.8986716 -1.1232591 -0.58090973 0.22250637 -0.13156506 0.96601325 4.9366855e-07
2.3732433 -0.85289866 -0.57374716 0.21154833 -0.075967409 0.97441071 3.526178e-07
2.7558413 -1.6385791 -0.38878265 0.10510305 -0.063456506 0.99243468 1.5666938e-08
5.9035296 -2.1443379 -0.54535937 0.080560245 -0.029635992 0.99630904 0
2.3495829 -1.398905 -0.5242182 0.16386025 -0.098566219 0.981547 2.9035759e-08
3.3788877 -1.2287928 -0.56331575 0.14920011 -0.054147784 0.98732334 1.0952212e-08
1.8968126 -1.1311185 -0.58155555 0.2220566 -0.13234374 0.96601033 4.2014915e-07
2.3612366 -0.85745513 -0.57149887 0.21131293 -0.076676525 0.97440624 4.2380995e-07
2.7394662 -1.6418042 -0.38726211 0.10409563 -0.061784334 0.99264634 3.1129854e-08
2.342581 -1.405833 -0.52374798 0.16392829 -0.099449344 0.98144656 4.9230287e-08
3.3768961 -1.2414284 -0.56371051 0.14442971 -0.053237949 0.98808187 7.6235914e-08
1.888715 -1.1352409 -0.58026272 0.22152892 -0.13309704 0.96602803 5.8345921e-07
2.364943 -0.8686105 -0.57318425 0.21102136 -0.077446125 0.97440857 1.9963211e-07
2.731308 -1.6505492 -0.38695267 0.10419185 -0.062430598 0.99259585 1.987785e-08
2.3292642 -1.408915 -0.52183867 0.16367121 -0.099608228 0.98147333 1.0325073e-07
3.3748574 -1.2540655 -0.56410271 0.14740506 -0.054559287 0.98757029 9.1881034e-08
1.8847409 -1.1418266 -0.58026236 0.22112413 -0.13390248 0.96600944 4.7265044e-07
2.3550408 -0.87432963 -0.57149792 0.21076681 -0.078187861 0.97440445 4.2186096e-07
2.7128193 -1.6523205 -0.38512838 0.10385346 -0.062431388 0.99263126 1.3917981e-08
5.8920269 -2.2114344 -0.54644299 0.081755556 -0.03073338 0.99617845 0
2.3201427 -1.4144788 -0.52088708 0.16261584 -0.098762691 0.98173422 9.8271691e-08
3.3681464 -1.2649732 -0.56371194 0.14568199 -0.054711308 0.98781753 9.3786504e-08
1.886924 -1.1521801 -0.58220053 0.22060487 -0.13464054 0.96602559 5.4223159e-07
2.361104 -0.88595128 -0.57374519 0.2104363 -0.078904517 0.9744181 2.8051173e-07
2.700983 -1.6574106 -0.38421229 0.10354306 -0.062711135 0.99264604 0
5.886991 -2.2318418 -0.54665929 0.084609099 -0.031434782 0.99591827 0
2.3131025 -1.4212835 -0.52040225 0.16168047 -0.097801566 0.98198485 3.9357534e-08
3.370641 -1.2793427 -0.56487703 0.1458995 -0.055047955 0.98776668 5.3523312e-08
1.8808351 -1.1574922 -0.581554 0.22014572 -0.13541889 0.96602154 5.6088732e-07
2.3581533 -0.89377606 -0.57374477 0.21018246 -0.079604678 0.97441596 3.6235983e-07
2.6825233 -1.6589893 -0.38238648 0.10374276 -0.065260395 0.99246085 0
5.8834238 -2.2551832 -0.54709297 0.083859816 -0.031321514 0.99598521 0
2.2976983 -1.4228802 -0.51802748 0.16171974 -0.099116482 0.98184657 7.7637949e-08
3.3615417 -1.2893381 -0.56409293 0.14559047 -0.055258274 0.98780054 0
1.8788345 -1.1653252 -0.58219969 0.21967193 -0.13618615 0.96602154 5.6280334e-07
2.3503087 -0.90067816 -0.57262039 0.20992157 -0.080381878 0.97440839 4.1922118e-07
2.6680057 -1.6635532 -0.38116905 0.10307309 -0.063073911 0.99267197 0
2.2864757 -1.4269898 -0.51659238 0.16262428 -0.10344287 0.9812507 4.6518109e-09
1.8686153 -1.1680305 -0.58026081 0.21920149 -0.13694149 0.9660216 5.0233194e-07
2.3448775 -0.90800142 -0.57205796 0.209648 -0.081116028 0.97440642 7.8445282e-08
2.6495812 -1.6649269 -0.37934399 0.10313699 -0.06582205 0.99248689 1.383518e-08
2.2752509 -1.4310378 -0.51516247 0.16236793 -0.10356829 0.98127991 8.7380364e-08
1.874738 -1.1809915 -0.58349127 0.21873748 -0.13773291 0.96601427 4.5544394e-07
2.3416936 -0.91618103 -0.57205743 0.20936705 -0.081851013 0.97440541 4.1366081e-07
2.637758 -1.6697184 -0.37843013 0.10252238 -0.063802317 0.99268246 0
2.2681704 -1.437656 -0.51468408 0.16009335 -0.099719711 0.98205197 5.2099811e-08
3.347856 -1.3244689 -0.56409085 0.14482939 -0.05785827 0.98776358 0
1.8685664 -1.1862322 -0.58284467 0.21823359 -0.13848111 0.96602124 5.172804e-07
2.3454447 -0.92661399 -0.57374287 0.20909868 -0.082541712 0.97440475 4.3873226e-07
2.6214576 -1.6722361 -0.37691304 0.1027742 -0.066082627 0.99250722 2.7000198e-08
5.8540854 -2.3370097 -0.5473057 0.081079431 -0.032518797 0.99617702 0
2.2569354 -1.4415963 -0.51325846 0.16043431 -0.10200049 0.98176205 1.0119003e-07
3.3546829 -1.3407141 -0.56604451 0.14472611 -0.058109723 0.98776394 4.3896993e-08
1.8646225 -1.192422 -0.58284432 0.21778612 -0.1392156 0.96601665 3.5160122e-07
2.346724 -0.93659288 -0.57486629 0.2088227 -0.083275743 0.97440147 2.5503579e-07
6.5819831 -4.2248368 0.13602521 -0.014876732 0.0095721632 0.99984354 0
2.6030858 -1.6733179 -0.37508562 0.10221793 -0.065729454 0.9925881 1.7929581e-08
5.8435822 -2.3565001 -0.54708707 0.23412743 -0.11534127 0.96533972 0
2.2436395 -1.4441465 -0.51135105 0.16053885 -0.10376666 0.98155987 9.2502091e-08
3.3408184 -1.34873 -0.56448537 0.14520855 -0.058491476 0.9876706 8.6601531e-08
1.8543624 -1.1949934 -0.58090544 0.21727827 -0.13995893 0.96602362 2.9844207e-07
2.3343966 -0.94115222 -0.57261807 0.20848581 -0.083995856 0.97441179 2.0399604e-07
2.5951469 -1.6810437 -0.3747842 0.10230414 -0.066664383 0.99251688 3.1265039e-08
5.8325992 -2.3769639 -0.54686838 0.08111912 -0.03289143 0.99616158 0
2.2365263 -1.4506322 -0.51087636 0.1601973 -0.10431864 0.98155713 9.8325131e-08
3.3406656 -1.362242 -0.56526619 0.14516702 -0.059076179 0.98764193 8.2280238e-08
1.8540184 -1.2044169 -0.58219737 0.21678253 -0.14076105 0.96601844 2.0899007e-07
2.3377044 -0.95244664 -0.57430333 0.20816527 -0.084749945 0.97441506 3.8266361e-07
2.5744302 -1.6810381 -0.37265301 0.10188726 -0.066353738 0.99258053 3.7025462e-08
5.8334813 -2.4010937 -0.54773694 0.080183327 -0.032928325 0.99623609 0
2.2232368 -1.4530543 -0.50896525 0.16023786 -0.10533474 0.98144203 7.3509071e-08
3.3450289 -1.377645 -0.5668214 0.14325765 -0.059262168 0.98790956 4.4738776e-08
1.8457643 -1.2082324 -0.58090466 0.21628562 -0.14150995 0.96602041 1.6198321e-07
2.3230937 -0.95598692 -0.57149321 0.20789795 -0.085495964 0.97440696 2.3684099e-07
2.5664749 -1.6886491 -0.37234622 0.10196137 -0.06718947 0.99251676 1.344185e-08
5.8135619 -2.4166706 -0.54664856 0.080693536 -0.033585176 0.99617296 0
2.2140536 -1.4581027 -0.50801545 0.15909645 -0.10446768 0.98172033 9.4838704e-08
3.3356364 -1.387422 -0.56604689 0.14322343 -0.059488062 0.98790091 3.1297155e-08
1.8495946 -1.2199943 -0.583489 0.21577719 -0.14226787 0.96602279 4.7786614e-07
2.3197424 -0.96409035 -0.57149273 0.20759133 -0.086216614 0.97440881 3.2978099e-07
2.9913089 -1.980556 -0.18613005 0.043710835 -0.029465085 0.9986096 0
2.5525908 -1.6916617 -0.37113047 0.10150588 -0.067326494 0.99255413 4.0915292e-08
5.8078136 -2.4368975 -0.54686487 0.079450987 -0.033233251 0.99628466 0
2.2109952 -1.4671813 -0.50848663 0.15858649 -0.10470381 0.98177767 8.0424535e-08
3.3330507 -1.4000102 -0.56643963 0.14497955 -0.060970936 0.98755431 8.0650004e-08
1.8473349 -1.2277817 -0.5841347 0.2152904 -0.14302093 0.96602023 4.6410506e-07
2.3255255 -0.97553009 -0.57374007 0.20730346 -0.086901799 0.97440922 3.6673023e-07
2.9739969 -1.9840521 -0.18547542 0.04336575 -0.027744211 0.99867398 0
2.5363564 -1.693665 -0.36960724 0.10104465 -0.067527592 0.99258751 2.0433578e-08
5.7946839 -2.4552159 -0.54642886 0.081283309 -0.034551147 0.99609196 0
2.1915855 -1.4653302 -0.50515634 0.15828748 -0.10500737 0.98179352 5.2720281e-08
3.3213198 -1.4087522 -0.56526595 0.14358202 -0.060805287 0.98776865 9.8925746e-08
1.8512763 -1.2392819 -0.5867191 0.21485403 -0.1437593 0.96600777 1.5868655e-07
2.3221061 -0.9836418 -0.57373959 0.20699866 -0.087625422 0.97440922 1.6023827e-07
6.612381 -4.4426346 0.13856623 0.00090531626 0.0030316454 0.99999499 0
2.9546263 -1.9860579 -0.18469001 0.043537974 -0.029429249 0.99861825 0
2.5304291 -1.7025083 -0.36960545 0.10104465 -0.067527592 0.99258751 2.0433578e-08
5.7860785 -2.4754281 -0.54642773 0.081265531 -0.034543581 0.99609369 0
2.1844232 -1.4715989 -0.50467813 0.15838826 -0.10741796 0.98151642 3.5038546e-08
3.3209248 -1.4222759 -0.56604671 0.14474396 -0.061932225 0.98752904 5.1138112e-08
1.8429371 -1.2430322 -0.58542627 0.21431451 -0.14448792 0.96601892 3.784717e-07
2.3208997 -0.99269515 -0.574301 0.20670711 -0.088351652 0.97440553 5.2341139e-08
2.9435427 -1.9935569 -0.18442778 0.043321617 -0.029108811 0.99863702 0
6.8864326 -2.9736552 -0.1302817 0.00056669547 -0.0048669144 0.99998802 0
2.5121527 -1.7029686 -0.36778107 0.10070072 -0.067542061 0.99262148 1.3485765e-08
5.7819772 -2.4975822 -0.54686141 0.079246752 -0.034173287 0.99626911 0
2.1670961 -1.4709363 -0.50181663 0.15784618 -0.10723194 0.98162413 1.0782979e-07
3.3114045 -1.4319049 -0.56526536 0.14262009 -0.061595533 0.98785907 6.775997e-08
1.844576 -1.2535354 -0.58736444 0.21378735 -0.14522783 0.96602476 5.4324465e-07
2.3151827 -0.99982911 -0.57373863 0.20638196 -0.089066781 0.97440934 4.2954997e-07
2.9180131 -1.9911448 -0.18324998 0.043054514 -0.031899851 0.99856335 0
2.5000486 -1.707525 -0.3668651 0.10046649 -0.067967728 0.99261618 0
5.7686563 -2.5157619 -0.5464254 0.080262102 -0.034919843 0.99616194 0
2.1659982 -1.4812657 -0.50276875 0.15723807 -0.10714546 0.98173112 8.5488111e-08
3.313179 -1.4464103 -0.56643695 0.14376576 -0.062672831 0.98762518 7.8761069e-08
1.8302315 -1.2531354 -0.58413327 0.21332954 -0.14602248 0.96600616 5.4667038e-07
2.3116786 -1.0079045 -0.57373816 0.2060681 -0.089789532 0.97440946 4.2920982e-07
2.8945932 -1.9899942 -0.18220344 0.043161031 -0.029786991 0.99862397 0
2.4777269 -1.7049773 -0.36443219 0.10017914 -0.069522977 0.9925375 1.1333266e-08
5.7666802 -2.5388885 -0.54707688 0.078797556 -0.034798123 0.99628311 0
2.1527352 -1.4832413 -0.50086319 0.15678816 -0.10762783 0.98175031 8.7551875e-08
3.2990677 -1.4539952 -0.56486702 0.14329612 -0.062774256 0.98768699 4.9012868e-08
1.8318065 -1.2636356 -0.58607161 0.21277381 -0.14672431 0.96602237 5.3076599e-07
2.3014522 -1.0130357 -0.57205194 0.20573001 -0.090509467 0.97441429 3.6526305e-07
2.8835258 -1.9972408 -0.18194126 0.042960595 -0.029480236 0.99864173 0
2.4676838 -1.7107855 -0.36382249 0.099909432 -0.068696581 0.99262226 0
5.7577825 -2.5590026 -0.54707569 0.080445357 -0.035527058 0.9961257 0
2.1374707 -1.4837424 -0.49847427 0.15705542 -0.11017561 0.98142493 4.395346e-08
3.3052583 -1.470506 -0.56682402 0.14267637 -0.063442193 0.98773402 8.9542837e-08
1.8293664 -1.2714024 -0.58671743 0.21224216 -0.14745201 0.96602857 5.2502998e-07
2.3090422 -1.0259881 -0.57486123 0.20546393 -0.091229446 0.97440326 3.9939516e-07
2.8642573 -1.9987149 -0.18115586 0.04307887 -0.031054312 0.99858892 0
2.4494963 -1.7108551 -0.36200112 0.099824049 -0.069875017 0.99254858 3.2020424e-08
5.7551832 -2.583143 -0.54772675 0.07870324 -0.035343409 0.99627137 0
2.1322775 -1.491194 -0.4984788 0.15604597 -0.10851275 0.98177117 8.1272006e-08
3.3068676 -1.4850609 -0.56798834 0.1419504 -0.063855074 0.98781204 2.9672558e-08
1.8227174 -1.2767113 -0.58607084 0.21172272 -0.14824072 0.96602184 1.7033372e-07
2.3008177 -1.0324581 -0.57373691 0.20506124 -0.091972776 0.97441822 3.7504674e-07
2.8467059 -2.0020127 -0.18050125 0.04296336 -0.030434776 0.998613 0
2.4330688 -1.7126734 -0.36047477 0.099827595 -0.071145311 0.99245799 1.0518544e-09
5.7438626 -2.6021907 -0.54750818 0.077056661 -0.034362927 0.99643439 0
2.1210442 -1.494383 -0.49704698 0.15545514 -0.10838636 0.98187888 5.4554331e-08
3.2926617 -1.4925284 -0.56643283 0.14156337 -0.063833579 0.98786896 6.0022856e-08
1.8221941 -1.2858547 -0.58736283 0.2111883 -0.14896661 0.96602714 5.2504095e-07
2.2994206 -1.0414839 -0.57429832 0.20473626 -0.092685901 0.974419 4.1430468e-07
2.8356278 -2.0090485 -0.18023907 0.042678665 -0.029985555 0.99863875 0
2.4230292 -1.7182821 -0.35987061 0.099334843 -0.070432737 0.99255824 4.2315762e-08
5.7302127 -2.6201568 -0.54707217 0.07959301 -0.036296461 0.99616641 0
2.105814 -1.4946675 -0.49466577 0.15562423 -0.11112604 0.98154575 7.6797193e-08
3.2851853 -1.5029887 -0.56603807 0.14333555 -0.06595356 0.98747408 2.2414e-08
1.8157274 -1.2908063 -0.58671629 0.2106732 -0.14970881 0.96602488 4.9031581e-07
2.2979887 -1.0505128 -0.57485986 0.20444581 -0.093404159 0.97441137 4.5563817e-07
2.8147295 -2.0082827 -0.17932294 0.042656556 -0.030568918 0.99862206 0
2.4152997 -1.7248648 -0.35956079 0.098544188 -0.069333255 0.99271441 1.9401545e-08
5.7282791 -2.6422687 -0.54772335 0.078380182 -0.036193345 0.99626631 0
2.0965931 -1.499151 -0.49371296 0.15561318 -0.11264949 0.98137385 2.7730376e-08
3.2754331 -1.5123829 -0.5652523 0.14003412 -0.063130625 0.98813206 0
1.8092483 -1.2957286 -0.58606976 0.21015692 -0.15044773 0.96602255 5.5422771e-07
2.2989206 -1.0601594 -0.57598329 0.20414455 -0.094095834 0.97440803 3.6629746e-07
2.8036494 -2.0151789 -0.17906076 0.042486999 -0.030295907 0.99863756 0
2.3991971 -1.7260324 -0.35804349 0.09899424 -0.071596228 0.99250901 3.7275115e-08
5.7162981 -2.6621966 -0.54750472 0.077800252 -0.035844047 0.99632442 0
2.0833862 -1.5007164 -0.49180841 0.15444475 -0.11045269 0.98180807 7.528255e-08
1.8066719 -1.3034511 -0.58671558 0.20962602 -0.15117766 0.96602392 5.9117758e-07
2.2950194 -1.0685784 -0.57598281 0.20377485 -0.094821543 0.97441506 2.604659e-07
2.778055 -2.0122499 -0.17788298 0.042416923 -0.030902013 0.998622 0
2.3868308 -1.730441 -0.35712978 0.098848045 -0.072264425 0.99247515 3.1073146e-08
5.7002063 -2.678961 -0.54685128 0.079140946 -0.037136912 0.99617147 0
2.0781362 -1.5079803 -0.49180162 0.15438551 -0.11113677 0.98174018 4.0707693e-08
1.8060157 -1.3125925 -0.58800745 0.20910625 -0.15191418 0.96602106 3.9588977e-07
2.2868621 -1.0745192 -0.57485849 0.2034677 -0.095542856 0.97440875 4.462382e-07
2.7649662 -2.0175166 -0.17749001 0.042182833 -0.030318184 0.99864978 0
2.3787735 -1.7372973 -0.35682148 0.097776867 -0.070110731 0.99273568 1.6120026e-08
5.6975737 -2.7020388 -0.54750246 0.078138024 -0.037024856 0.9962548 0
2.0609784 -1.5065259 -0.48894688 0.15389065 -0.11225121 0.98169106 7.5033824e-08
2.9335082 -1.3924702 -0.50821745 0.14127134 -0.068260029 0.98761481 0
1.795581 -1.3146034 -0.58606863 0.20857157 -0.15263893 0.96602237 4.6217571e-07
2.2897069 -1.085614 -0.57654381 0.20309307 -0.096235149 0.97441882 3.1208202e-07
2.7482057 -2.0192776 -0.17683551 0.042297978 -0.03142868 0.99861062 0
2.3650064 -1.7392899 -0.35560924 0.097866111 -0.071502306 0.99262762 3.879596e-08
5.6840873 -2.7187719 -0.54706657 0.078903526 -0.037644006 0.99617124 0
2.0458326 -1.5064281 -0.48655629 0.15371419 -0.11485834 0.98141712 2.5438561e-08
2.9152579 -1.3963208 -0.50587302 0.12984629 -0.011766006 0.99146432 0
1.7929238 -1.3222986 -0.58671445 0.20803764 -0.15336736 0.96602213 5.2276022e-07
2.2794955 -1.0900605 -0.57485759 0.20281789 -0.096927866 0.97440743 4.1767842e-07
2.7351229 -2.024399 -0.17644255 0.041924257 -0.03047052 0.99865603 0
2.3509495 -1.7416207 -0.35439202 0.097822323 -0.0725637 0.99255496 3.4274759e-08
5.6830578 -2.7439113 -0.54793501 0.077979796 -0.037608735 0.99624532 0
2.0385911 -1.5120959 -0.48608541 0.15371419 -0.11485834 0.98141712 2.5438561e-08
2.8970177 -1.4000609 -0.50352859 0.14166686 -0.072031036 0.98729026 0
1.7844225 -1.325665 -0.58542168 0.20751794 -0.15410483 0.96601659 4.7856054e-07
2.2820723 -1.1015728 -0.57654291 0.202445 -0.097662382 0.97441167 3.5748027e-07
2.7176828 -2.0269413 -0.17578883 0.042038411 -0.031780999 0.99861038 9.3985586e-10
2.3405755 -1.7472543 -0.35378453 0.097780019 -0.073539771 0.99248725 3.3837356e-08
5.6667266 -2.7604651 -0.54728162 0.078686841 -0.038309515 0.99616301 0
2.0274055 -1.514791 -0.48465794 0.15237468 -0.1133092 0.98180598 9.5822649e-08
2.8810077 -1.40477 -0.50157487 0.12202027 -0.0030658362 0.9925229 0
1.7817166 -1.3333346 -0.5860675 0.20696366 -0.15481867 0.96602136 3.5994171e-07
2.2804055 -1.1105945 -0.57710439 0.20210482 -0.09837079 0.97441101 4.3292692e-07
2.7006149 -2.0289121 -0.17513345 0.041946549 -0.031624742 0.9986192 0
2.3245511 -1.7479503 -0.35226262 0.097103938 -0.072100841 0.99265921 2.0503245e-08
5.6615276 -2.7824223 -0.54771537 0.077323526 -0.037989065 0.99628204 0
2.0240664 -1.5233369 -0.48512685 0.15234458 -0.11459884 0.98166096 9.4114924e-08
2.865 -1.4093843 -0.49962115 0.1398894 -0.067016073 0.98789668 0
1.7789789 -1.3410013 -0.58671331 0.20642692 -0.15554728 0.96601915 5.2784054e-07
2.2677615 -1.1142671 -0.57485616 0.20174736 -0.09907034 0.97441423 3.7641738e-07
2.6918819 -2.0363491 -0.17500243 0.041763313 -0.031259984 0.99863839 2.9399141e-09
2.3167646 -1.7541499 -0.35195825 0.097131431 -0.073882565 0.99252552 3.0759104e-08
5.6500382 -2.8000774 -0.54749686 0.075728595 -0.036949135 0.99644363 0
2.0089631 -1.5229715 -0.48274949 0.15192522 -0.11509259 0.98166817 1.0604015e-07
2.8445685 -1.4117151 -0.4968853 0.14032353 -0.070792988 0.9875716 2.2202367e-09
1.770443 -1.3442786 -0.58542061 0.20587532 -0.15625793 0.96602213 5.2960348e-07
2.2684238 -1.1239361 -0.57597965 0.20142016 -0.099738315 0.97441375 4.2242411e-07
2.6708632 -2.0351326 -0.17408602 0.041679434 -0.031906273 0.99862146 0
2.296823 -1.7516836 -0.34982449 0.096938938 -0.073733076 0.99255544 1.9191537e-08
5.6357727 -2.8175585 -0.54706091 0.078404918 -0.039140411 0.99615294 0
1.9977876 -1.5255026 -0.48131365 0.15152542 -0.11563663 0.98166603 7.6053048e-08
2.8329947 -1.4183295 -0.49571365 0.14132218 -0.072274134 0.98732185 0
1.762141 -1.347205 -0.58412796 0.20535372 -0.15693797 0.96602297 2.8334352e-07
2.2644868 -1.1318474 -0.57597917 0.20109309 -0.10045629 0.97440755 4.3177047e-07
2.6597841 -2.0414011 -0.17382389 0.0415117 -0.031609125 0.99863791 0
2.2906947 -1.7596903 -0.34982371 0.096644968 -0.073719703 0.99258506 1.2721241e-08
5.6303525 -2.8394537 -0.54749459 0.076431736 -0.038655356 0.99632519 0
1.9924495 -1.5324661 -0.48132053 0.15143186 -0.11679351 0.98154354 9.5905548e-08
2.8236153 -1.4259901 -0.49493089 0.13921617 -0.069152534 0.98784453 1.0201309e-08
1.75934 -1.3548231 -0.58477378 0.20480326 -0.157654 0.96602321 5.3494e-07
2.2583449 -1.1386523 -0.5754168 0.20071594 -0.10113789 0.97441483 4.3394368e-07
2.6368477 -2.0384481 -0.17277671 0.041410387 -0.032500658 0.99861348 2.1110261e-10
2.2668853 -1.7539968 -0.34708437 0.096158259 -0.075051509 0.99253255 9.6750385e-09
5.6204066 -2.8590901 -0.54749346 0.078420036 -0.039662447 0.99613112 0
1.9773949 -1.5318902 -0.47893012 0.1507055 -0.11667794 0.98166907 1.4931156e-07
2.8032072 -1.4280144 -0.49219683 0.13980904 -0.075552396 0.98729187 0
1.760321 -1.3654019 -0.58671188 0.20426734 -0.15837897 0.96601808 4.9463e-07
2.2543569 -1.1465286 -0.57541633 0.20037244 -0.10183868 0.9744125 1.9514984e-07
2.6218407 -2.0415001 -0.17225353 0.041491196 -0.032776449 0.99860114 1.2020897e-10
2.2587924 -1.7603723 -0.34678173 0.095865943 -0.074908912 0.99257159 2.4619494e-08
5.6170421 -2.882097 -0.54814464 0.0038319181 -0.02885209 0.99957633 0
1.9759029 -1.5418056 -0.47988278 0.15032135 -0.11725202 0.98165953 1.4931156e-07
2.7850173 -1.4310391 -0.48985365 0.13918351 -0.072632506 0.98759937 2.4590003e-08
1.7555444 -1.3715382 -0.58671153 0.20370014 -0.15907563 0.96602339 5.6241282e-07
2.2460015 -1.1521749 -0.57429194 0.1989719 -0.10156374 0.97472817 1.128476e-07
2.6088073 -2.0460141 -0.17186251 0.041184507 -0.032214813 0.99863207 8.1231466e-09
2.2428792 -1.7605783 -0.34526348 0.095528506 -0.074158274 0.99266052 2.2555845e-08
5.6135859 -2.9051161 -0.54879582 0.075962961 -0.039589949 0.99632436 0
1.9608663 -1.5411025 -0.47750568 0.14960141 -0.11681791 0.98182124 6.4644034e-08
2.773423 -1.437353 -0.48868001 0.1382231 -0.07037589 0.98789757 0
1.7450565 -1.3731724 -0.58477271 0.20315371 -0.15979946 0.96601897 5.2470733e-07
2.2506292 -1.1644697 -0.57653928 0.19969223 -0.10325138 0.9744035 4.326985e-07
2.5996919 -2.0535595 -0.17172903 0.041013844 -0.031986069 0.99864644 2.9944145e-09
2.2347746 -1.7668563 -0.34495923 0.095638201 -0.076106146 0.99250251 3.0291563e-08
5.6056199 -2.9258444 -0.54901212 0.078617178 -0.040607404 0.99607748 0
1.9516299 -1.5448891 -0.47654614 0.14948663 -0.11827154 0.98166472 1.2736797e-07
2.7574387 -1.4413224 -0.48672694 0.1380545 -0.069955774 0.98795098 5.5943999e-10
1.742144 -1.380757 -0.58541846 0.20258465 -0.16050158 0.96602207 5.0284604e-07
2.2487123 -1.1734416 -0.57710075 0.19978099 -0.10404252 0.97430116 4.0443047e-07
2.5827439 -2.0548439 -0.17107534 0.040922232 -0.032008871 0.99864948 7.9330453e-10
2.216953 -1.7653638 -0.34313229 0.095208116 -0.075765118 0.99256992 4.1753733e-08
5.6014719 -2.9498467 -0.54966325 0.076071575 -0.040173322 0.99629271 0
1.9404715 -1.5470972 -0.47512075 0.14849788 -0.11592935 0.98209405 2.9567543e-08
2.7392743 -1.4440496 -0.48438102 0.1388779 -0.075844325 0.98740089 3.7420764e-09
1.7427293 -1.3916594 -0.58735657 0.20198099 -0.16123521 0.96602637 5.8201647e-07
2.2465541 -1.1828067 -0.57766223 0.19888197 -0.10465769 0.97441918 3.1788338e-07
2.56546 -2.0564828 -0.17042002 0.041071121 -0.03433723 0.99856603 0
2.2104678 -1.7734776 -0.34313285 0.095179878 -0.0768108 0.99249226 3.0400624e-08
5.5911407 -2.9693816 -0.54966211 0.076322816 -0.040306196 0.99626815 0
1.9312351 -1.5507851 -0.47416666 0.14849578 -0.11836118 0.98180425 8.2561314e-08
2.7254884 -1.4489791 -0.48281893 0.14505985 -0.093331732 0.9850111 0
1.7303386 -1.3916728 -0.58477157 0.20144299 -0.161948 0.96601945 5.1747725e-07
2.240258 -1.1895031 -0.57709986 0.19864303 -0.10539309 0.97438866 4.4994758e-07
2.5504994 -2.0591478 -0.16989633 0.040698677 -0.032229658 0.9986515 0
2.1965482 -1.7749391 -0.34191522 0.09429238 -0.075375661 0.99268699 2.3945594e-08
5.5719566 -2.9841835 -0.54879129 0.077370837 -0.041672546 0.99613106 0
1.9160053 -1.5501279 -0.47177947 0.14828527 -0.12003087 0.98163337 4.9693153e-08
2.7114489 -1.4543036 -0.48125485 0.13742407 -0.071741976 0.98791081 5.2788534e-09
1.731096 -1.40227 -0.58670974 0.20085764 -0.1626424 0.96602464 4.0312821e-07
2.240392 -1.1996077 -0.57822329 0.19814996 -0.10604177 0.97441864 3.6216477e-07
2.5316801 -2.0585806 -0.1691107 0.04067516 -0.033649642 0.99860567 5.3597804e-10
2.188416 -1.7810279 -0.34161076 0.094786204 -0.077784687 0.99245411 2.7626358e-08
5.5593138 -3.0024335 -0.54857278 0.0090754963 0.0056853658 0.99994266 0
1.9067804 -1.5537031 -0.470826 0.14788693 -0.12058836 0.98162514 8.6580584e-08
2.6911395 -1.4555594 -0.47851995 0.13772728 -0.075858206 0.98756099 4.3680863e-09
1.722451 -1.4052473 -0.58541697 0.20032491 -0.16335703 0.96601468 4.3647452e-07
2.2361908 -1.2074207 -0.57822275 0.19780944 -0.10674153 0.97441143 1.6048334e-07
2.519047 -2.062217 -0.1687184 0.041569501 -0.036792584 0.99845797 4.1122501e-09
2.1748242 -1.7819788 -0.34039354 0.093964361 -0.076651849 0.99262035 4.4559787e-08
5.5466118 -3.0206311 -0.54835403 0.077054657 -0.041810084 0.99614984 0
1.8978246 -1.556901 -0.46987703 0.14757025 -0.12118423 0.98159939 1.2897476e-07
2.6797881 -1.4609394 -0.47734985 0.13914558 -0.078843355 0.98712826 4.5446238e-09
1.7193998 -1.412786 -0.58606273 0.19973144 -0.16404405 0.96602118 4.8851405e-07
2.2341046 -1.2163802 -0.57878429 0.19746174 -0.10744005 0.97440523 3.9000605e-07
2.5056968 -2.0666668 -0.16832654 0.041569501 -0.036792584 0.99845797 4.1122501e-09
2.1682789 -1.7899382 -0.34039018 0.093709961 -0.07686542 0.99262792 3.717253e-08
5.5425858 -3.0435655 -0.54900521 0.076023325 -0.041631505 0.99623656 0
1.8942699 -1.5650814 -0.47034854 0.14688373 -0.12065802 0.98176718 1.0402993e-07
2.6681755 -1.4667263 -0.4761751 0.13914558 -0.078843355 0.98712826 4.5446238e-09
1.7237539 -1.4264864 -0.58929312 0.19916137 -0.16474186 0.96602011 5.5805259e-07
2.2319822 -1.2253395 -0.57934564 0.19704625 -0.10811699 0.97441441 4.3028913e-07
2.4927089 -2.0706115 -0.16793187 0.040301956 -0.032962605 0.9986437 5.6193744e-10
2.1543896 -1.7911453 -0.33917326 0.093290381 -0.076403476 0.99270308 1.0891822e-08
5.5188494 -3.0556655 -0.54769951 0.076362014 -0.042301752 0.99618244 0
1.8831397 -1.5669702 -0.46891823 0.14658424 -0.12027701 0.98185867 3.5465696e-08
2.6587167 -1.4736438 -0.47539327 0.13655518 -0.074585512 0.98782068 7.9717184e-09
1.7132028 -1.4278513 -0.5873543 0.19857424 -0.16543408 0.96602267 4.0780679e-07
2.234092 -1.2366507 -0.58103102 0.19679534 -0.1090178 0.97436476 3.9611481e-07
2.4705155 -2.0660439 -0.16688515 0.040115364 -0.034022093 0.99861568 2.0767951e-10
2.1427331 -1.7934976 -0.33825934 0.093398027 -0.077341758 0.99262029 1.8472386e-08
5.5130377 -3.0763738 -0.54813337 0.064978018 -0.039126519 0.99711931 0
1.8682594 -1.5656441 -0.46654096 0.14614138 -0.12203448 0.98170781 6.0889747e-08
2.6362972 -1.4733049 -0.47226769 0.13656162 -0.077241555 0.98761564 5.39527e-09
1.7082084 -1.4338228 -0.58735394 0.19800194 -0.16613288 0.96602023 5.5741975e-07
2.2257199 -1.2416867 -0.57990676 0.19638625 -0.10954918 0.97438771 2.8767488e-07
2.4556544 -2.068217 -0.16636178 0.040244583 -0.034585286 0.99859113 0
2.1288753 -1.7945634 -0.33704403 0.092973068 -0.077473596 0.99264991 2.9556672e-08
5.5060687 -3.0989995 -0.54856706 0.076566577 -0.042677365 0.99615067 0
1.8534124 -1.5642344 -0.4641538 0.14542702 -0.1245803 0.98149413 2.646444e-08
2.626832 -1.4800806 -0.47148684 0.066283964 0.022507874 0.99754691 0
1.706879 -1.4428982 -0.58864588 0.19740739 -0.16681938 0.96602362 7.3597676e-08
2.2254045 -1.2522174 -0.58103013 0.19591369 -0.1101796 0.97441179 1.3736927e-07
2.4423497 -2.0723546 -0.16597134 0.039974671 -0.034074266 0.99861956 6.1841487e-09
2.1128325 -1.7943161 -0.33551988 0.092741489 -0.08014673 0.99245936 1.4899991e-08
5.5082192 -3.1255653 -0.54987049 0.074943624 -0.042814512 0.99626821 0
1.8423347 -1.5659214 -0.46272656 0.14542702 -0.1245803 0.98149413 2.646444e-08
2.6173518 -1.4868083 -0.47070414 0.13568163 -0.07598149 0.98783463 5.7659983e-09
1.6999943 -1.4472802 -0.58799934 0.19683388 -0.16750921 0.96602124 4.8387602e-07
2.223141 -1.261176 -0.58159161 0.19552799 -0.11086053 0.97441202 3.6335209e-07
2.4237189 -2.0711288 -0.16518384 0.039794054 -0.034261201 0.99862033 3.022993e-09
2.1009021 -1.7968374 -0.33460912 0.092781037 -0.0808108 0.99240178 9.1478087e-09
1.8275429 -1.5643563 -0.46033922 0.14485657 -0.12394369 0.98165905 6.9083868e-08
2.5971329 -1.4873687 -0.46797013 0.13583294 -0.082230039 0.98731333 0
1.7004284 -1.4579264 -0.58993751 0.19624351 -0.16819209 0.96602273 4.663269e-07
2.2314262 -1.2761616 -0.58496273 0.19515133 -0.11156075 0.97440761 9.2709399e-08
2.4149461 -2.0775256 -0.16505454 0.039707843 -0.034206137 0.9986257 6.8302985e-09
2.0874147 -1.7973127 -0.33339348 0.092159234 -0.07895752 0.9926089 3.5713754e-08
1.8257859 -1.5739337 -0.46129188 0.14439984 -0.12442008 0.98166609 1.8308872e-07
2.579083 -1.4890375 -0.46562719 0.13548657 -0.079226419 0.98760647 2.6806393e-09
1.7044616 -1.471753 -0.5931679 0.19566676 -0.16888146 0.96601945 3.5981122e-07
2.2250693 -1.2823415 -0.58440036 0.19477938 -0.11219401 0.97440928 1.2701082e-07
2.4001358 -2.0793991 -0.16453061 0.039482608 -0.033903718 0.99864489 6.913186e-09
7.0761542 -4.1105542 -0.14213948 0.015222414 -0.0088378796 0.99984509 0
2.0792549 -1.8029612 -0.33308947 0.092135869 -0.080396235 0.99249554 3.1611531e-08
1.8128734 -1.5738558 -0.45938537 0.14766023 -0.12889729 0.98060286 2.1136421e-07
2.563189 -1.491837 -0.46367508 0.13492823 -0.078780785 0.98771858 3.7181586e-08
1.6904656 -1.4694672 -0.58993685 0.19508298 -0.1695185 0.96602595 3.4653175e-07
2.2205796 -1.2901007 -0.58439994 0.19440284 -0.11288811 0.97440434 1.1901777e-07
2.3853419 -2.0811942 -0.16400477 0.039679859 -0.035134144 0.99859458 7.5140422e-10
7.0596051 -4.1339674 -0.14209448 0.015281796 -0.0088798543 0.99984378 0
2.0636096 -1.8020408 -0.33156291 0.091680042 -0.080001019 0.99256968 7.2340072e-08
1.8147535 -1.5866418 -0.46129113 0.13981758 -0.12146139 0.98269945 2.1136421e-07
2.5579655 -1.500775 -0.46367624 0.13467115 -0.07872393 0.98775816 6.3987684e-08
1.6925888 -1.4817286 -0.59252107 0.19451758 -0.17023101 0.96601468 4.3315615e-07
2.2139587 -1.2966172 -0.58383757 0.19398689 -0.1135543 0.97440982 4.1145239e-07
2.3743138 -2.08621 -0.16374524 0.039338518 -0.034557533 0.9986282 6.7025767e-09
2.0573063 -1.8092328 -0.33156615 0.091505714 -0.080523401 0.99254352 4.8191801e-08
1.8018419 -1.5864735 -0.45938462 0.14308989 -0.12592265 0.98166633 1.5893617e-07
2.5420747 -1.5034267 -0.46172297 0.13398147 -0.077986442 0.98791045 2.1463038e-08
1.6801656 -1.4812329 -0.58993614 0.19388978 -0.17087142 0.9660278 5.2000644e-07
2.2094193 -1.3043373 -0.58383709 0.19360121 -0.11423745 0.97440666 4.2890329e-07
2.3539367 -2.082896 -0.1628281 0.039147519 -0.034695435 0.99863094 3.0332863e-09
2.0528355 -1.8180503 -0.33186501 0.090781987 -0.079888411 0.9926613 6.2815175e-09
2.9670823 -1.7685322 -0.29852214 0.074896671 -0.045664903 0.99614519 0
1.7981284 -1.5943834 -0.45986024 0.14273278 -0.12530312 0.98179758 4.9063257e-08
2.5304425 -1.5085076 -0.46055079 0.13477528 -0.081493102 0.98751938 2.3440604e-08
1.6785944 -1.4902989 -0.59122807 0.19329207 -0.17153895 0.96602929 4.7384501e-07
2.198566 -1.3083161 -0.58215094 0.19317076 -0.11491585 0.97441232 2.7453163e-07
2.3447886 -2.0894377 -0.16269676 0.039147519 -0.034695435 0.99863094 3.0332863e-09
2.0390739 -1.8185928 -0.33064905 0.090834349 -0.080950581 0.99257046 3.5203687e-08
2.9502084 -1.7724797 -0.29743442 0.074202366 -0.042645872 0.99633092 0
1.7834055 -1.5924696 -0.45747769 0.14221087 -0.12692714 0.98166472 1.0379465e-07
2.5145681 -1.510989 -0.45859888 0.1337809 -0.079896636 0.98778498 5.3638708e-08
1.6679852 -1.4913152 -0.58928931 0.19267145 -0.17219152 0.96603715 4.5882513e-07
2.1960769 -1.3172315 -0.58271241 0.19277379 -0.11557282 0.97441328 4.0713556e-07
2.3244815 -2.0859299 -0.16178182 0.038964923 -0.034926515 0.99862999 6.7976704e-09
2.0253339 -1.8190616 -0.32943314 0.09073703 -0.082482025 0.99245328 2.9532066e-08
2.9312108 -1.775044 -0.29612932 0.074639149 -0.045973685 0.99615031 0
1.768719 -1.5904731 -0.45509419 0.14169864 -0.12830004 0.98156029 8.5119659e-08
2.5092793 -1.5197576 -0.45859274 0.13370478 -0.080312066 0.98776162 2.7903457e-08
1.6645628 -1.4987462 -0.58993506 0.19210342 -0.17291099 0.96602178 4.6189422e-07
2.1914656 -1.3248893 -0.58271199 0.19238158 -0.11624689 0.97441059 2.7239818e-07
2.3116324 -2.0890062 -0.16138782 0.038500402 -0.03369119 0.99869043 1.0278169e-09
2.0171328 -1.8244543 -0.32912949 0.090407267 -0.081454009 0.99256825 2.4198682e-08
2.9161758 -1.7805954 -0.29526046 0.074617267 -0.046314254 0.99613619 2.9903444e-09
1.7631562 -1.5966368 -0.45509684 0.14169864 -0.12830004 0.98156029 8.5119659e-08
2.4891913 -1.5195247 -0.4558585 0.13341624 -0.080323145 0.9877997 3.5580716e-09
1.6554837 -1.5015885 -0.58864242 0.19146386 -0.17360416 0.9660244 5.3458609e-07
2.1865952 -1.3329126 -0.58271152 0.19195054 -0.11694099 0.97441256 1.6084899e-08
2.298425 -2.0924189 -0.16099629 0.03888841 -0.03584801 0.9986003 5.9398371e-09
2.0030999 -1.8251445 -0.32791415 0.08998438 -0.081898011 0.99257016 3.3471547e-08
2.9014511 -1.7855544 -0.29438871 0.074373245 -0.04601318 0.99616838 0
1.7648202 -1.6094027 -0.45700011 0.14087079 -0.12840571 0.98166561 6.4890145e-08
2.4691358 -1.5191706 -0.4531211 0.13321139 -0.083474711 0.98756605 9.7060342e-09
1.6520141 -1.5089886 -0.58928829 0.19085361 -0.1742734 0.9660247 5.9240756e-07
2.1736176 -1.3354516 -0.58046341 0.19153719 -0.11762687 0.97441131 3.4361102e-07
2.2837505 -2.0936761 -0.16047083 0.038785867 -0.03599631 0.99859899 6.3484582e-09
1.9839271 -1.8203732 -0.32578093 0.089589909 -0.08265771 0.99254286 1.5614869e-08
2.8930824 -1.7943615 -0.29417047 0.073897935 -0.045288838 0.99623692 5.4024318e-09
1.7555795 -1.6122303 -0.45604602 0.14145486 -0.12855157 0.98156255 8.7967699e-08
2.4575157 -1.523886 -0.45195305 0.13334607 -0.084352054 0.98747331 2.5301224e-08
1.6414088 -1.5098363 -0.58734947 0.19026361 -0.17494182 0.96602023 3.8796105e-07
2.1606488 -1.3379163 -0.5782153 0.19112206 -0.1182877 0.97441286 3.1779873e-08
6.7140841 -4.1845741 0.41290626 -0.044714976 0.027953707 0.99860859 0
2.2749617 -2.0995433 -0.16034131 0.038484253 -0.035511449 0.99862802 8.7068637e-09
1.9797007 -1.8286265 -0.32608902 0.089488611 -0.083009876 0.9925226 3.2697972e-08
2.8702049 -1.7934108 -0.29243082 0.073827237 -0.046565469 0.99618334 0
1.7607427 -1.6283545 -0.4589105 0.14014325 -0.12936328 0.98164403 4.9008339e-08
2.4437969 -1.527234 -0.45039237 0.13240616 -0.082404427 0.98776418 6.4138455e-08
1.6378987 -1.5171993 -0.58799523 0.18968004 -0.17563869 0.96600854 4.9907356e-07
2.1520619 -1.3425028 -0.5770908 0.19170938 -0.12025806 0.97405624 4.8534069e-08
2.262136 -2.1023695 -0.15994754 0.038004484 -0.034408182 0.998685 2.3647995e-09
1.966043 -1.8287604 -0.32487142 0.088875152 -0.082172312 0.99264741 3.6903945e-08
2.855176 -1.7986202 -0.29156053 0.073204987 -0.044748727 0.9963125 0
1.7747886 -1.6529061 -0.46414807 0.13902313 -0.13017696 0.98169577 2.246246e-08
2.4342678 -1.5331298 -0.44961026 0.13297556 -0.084833063 0.98748207 3.1339052e-08
1.6325927 -1.5229075 -0.58799487 0.18903586 -0.17627466 0.96601897 5.6019087e-07
2.1491914 -1.3516746 -0.57765251 0.1902429 -0.11956021 0.97442955 2.3409612e-07
2.2489512 -2.1055245 -0.15955378 0.036638014 -0.028314412 0.99892741 2.0027164e-09
1.9557084 -1.8325582 -0.32426178 0.088726297 -0.082391709 0.99264258 3.2158475e-08
2.8383582 -1.8019162 -0.29047287 0.066176824 -0.0084060226 0.99777251 0
1.7654303 -1.65573 -0.46319726 0.13902313 -0.13017696 0.98169577 2.246246e-08
2.4205532 -1.5363382 -0.44804847 0.13168712 -0.083108738 0.98780131 6.6061517e-08
1.627267 -1.528597 -0.58799458 0.18846908 -0.17698173 0.96600044 2.8399334e-08
2.1424003 -1.3578682 -0.57709014 0.18985458 -0.12025237 0.97442013 2.0658888e-07
2.2361414 -2.1082203 -0.15916088 0.036558107 -0.028315479 0.99893028 1.9273731e-09
1.9456929 -1.8359652 -0.32365051 0.088375539 -0.082344338 0.99267781 2.8329779e-08
2.8215525 -1.8051165 -0.2893852 0.073095143 -0.045237027 0.99629849 0
1.7721205 -1.673689 -0.46652901 0.13937083 -0.13039809 0.98161709 0
2.4151766 -1.5447786 -0.44804293 0.13167462 -0.083620377 0.98775983 3.6760088e-08
1.6219213 -1.5342679 -0.58799422 0.18786184 -0.17765173 0.96599573 3.5296903e-08
2.1253135 -1.3574926 -0.57372677 0.18927395 -0.12009473 0.97455251 7.9911764e-08
2.2237089 -2.1104643 -0.15876889 0.038459089 -0.038122158 0.99853271 2.6547968e-09
1.9306049 -1.833856 -0.32212889 0.088436976 -0.084695891 0.99247444 2.0569269e-08
2.802979 -1.8063859 -0.28808016 0.073810875 -0.056346714 0.99567914 0
2.3993809 -1.5465277 -0.44609264 0.1312408 -0.084183171 0.98776972 5.3036931e-08
1.6148092 -1.5382531 -0.58734781 0.18716358 -0.17822292 0.96602607 5.8938417e-07
2.1228514 -1.3658471 -0.57428682 0.18906806 -0.12172801 0.97438985 1.0002159e-07
2.2109172 -2.1130354 -0.1583752 0.038176704 -0.037134644 0.99858075 3.9185963e-10
1.9206076 -1.8371502 -0.32152286 0.08799798 -0.084358282 0.99254221 3.7941152e-08
2.7841125 -1.808038 -0.28677505 0.073252603 -0.049657647 0.99607641 0
2.0472958 -1.9612511 -0.54372478 0.13679281 -0.13230623 0.98172438 7.1149124e-08
2.38153 -1.546844 -0.44374317 0.13118841 -0.086105295 0.987611 1.805711e-08
1.6079577 -1.5419261 -0.58670127 0.18657467 -0.17884633 0.96602476 5.6409624e-07
2.1016989 -1.3626773 -0.56979233 0.18848301 -0.1212243 0.97456598 5.2450872e-08
2.1999323 -2.1172755 -0.1581132 0.038082086 -0.036932047 0.9985919 7.1793652e-12
1.9141831 -1.8438431 -0.32152212 0.087592147 -0.084160112 0.99259496 4.5152422e-08
2.7673547 -1.810941 -0.28568912 0.072830275 -0.048103452 0.99618363 3.2994942e-09
2.0457323 -1.9735006 -0.54515779 0.13679281 -0.13230623 0.98172438 7.1149124e-08
2.3740475 -1.5537986 -0.44335556 0.13118841 -0.086105295 0.987611 1.805711e-08
1.5990942 -1.5441712 -0.58540863 0.18597086 -0.17950307 0.96601939 2.9421591e-07
2.0948887 -1.3686775 -0.56922513 0.18840207 -0.12259088 0.97441065 3.8592397e-08
2.1903663 -2.1235855 -0.15798146 0.037633594 -0.036072649 0.9986403 8.6027546e-10
1.8985143 -1.8421997 -0.32000273 0.087237626 -0.084007911 0.99263906 3.0293982e-08
2.7461329 -1.8114926 -0.28416622 0.072575822 -0.048050296 0.99620473 1.2191638e-08
2.031795 -1.9737846 -0.54324955 0.13669395 -0.13270126 0.98168486 2.1226643e-07
2.3624191 -1.5580084 -0.44217956 0.13038848 -0.084832996 0.987827 5.6548405e-10
1.5968831 -1.5533932 -0.5867005 0.18524583 -0.18013164 0.96604168 5.357806e-07
2.0735617 -1.3656579 -0.56473267 0.18775269 -0.12350881 0.97442007 9.5109975e-08
2.1690276 -2.116878 -0.15693508 0.037459467 -0.036658239 0.99862552 0
1.892395 -1.8484854 -0.32000256 0.087205909 -0.085678972 0.99249899 3.4120323e-08
2.7421868 -1.8219646 -0.28438383 0.072575822 -0.048050296 0.99620473 1.2191638e-08
2.0266459 -1.9825822 -0.54372567 0.13628797 -0.13325782 0.98166591 3.0770588e-07
2.3425541 -1.5567023 -0.43944526 0.13011982 -0.087841861 0.98759943 1.581577e-08
1.5880035 -1.5555747 -0.58540779 0.1846493 -0.18081015 0.96602917 5.4297539e-07
2.0649581 -1.3698421 -0.56360048 0.1864263 -0.12119883 0.97496468 7.0073676e-09
2.1598456 -2.1226857 -0.15680385 0.037339039 -0.036467582 0.99863702 0
1.877093 -1.8463731 -0.31847584 0.086772561 -0.085302249 0.99256945 6.473288e-08
2.723063 -1.8237051 -0.28307834 0.072222188 -0.047830421 0.99624103 4.3609405e-09
2.0144718 -1.9844737 -0.5422979 0.13654031 -0.13452479 0.98145801 1.151587e-07
2.3309433 -1.5607584 -0.43827581 0.1299732 -0.087769166 0.98762518 1.7780955e-08
1.5859996 -1.5645037 -0.58669984 0.18406685 -0.18151724 0.96600771 5.9944284e-07
2.0518129 -1.372 -0.56135517 0.1862772 -0.12056685 0.97507149 4.5284119e-09
2.1378667 -2.1165266 -0.15575707 0.037083555 -0.037391208 0.9986124 1.0668566e-11
1.8703126 -1.85324 -0.31848052 0.086613052 -0.086187541 0.99250686 2.9488117e-08
2.7084148 -1.8276386 -0.28220856 0.072125018 -0.049145073 0.99618411 6.2006329e-09
2.0092733 -1.993223 -0.54277396 0.13654031 -0.13452479 0.98145801 1.151587e-07
2.3152356 -1.5619977 -0.43631777 0.13008526 -0.088315077 0.98756176 2.738896e-08
1.5771052 -1.5666231 -0.58540714 0.18338646 -0.18210679 0.96602613 5.4211637e-07
2.0389194 -1.3737241 -0.5591116 0.18638213 -0.12468226 0.97453374 8.9066383e-08
2.1216311 -2.1151571 -0.15510379 0.037016552 -0.036892068 0.99863344 3.2146004e-09
1.8550563 -1.8509873 -0.31695899 0.08608631 -0.085347503 0.9926253 2.5194511e-08
2.687588 -1.8273001 -0.28068432 0.071945384 -0.049324103 0.99618822 8.3671026e-09
2.004039 -2.0019608 -0.54324543 0.13603868 -0.13443276 0.98154026 8.8588807e-09
2.3118126 -1.5714539 -0.43671429 0.12913637 -0.087589107 0.98775095 7.6134775e-08
1.5699213 -1.5704092 -0.58476073 0.18276006 -0.18275909 0.96602166 4.1542583e-07
2.0240219 -1.3740116 -0.55629593 0.18643895 -0.12844263 0.97403437 3.7622389e-08
2.1093228 -2.1168721 -0.15471166 0.037000552 -0.037574507 0.99860859 2.4081805e-09
1.8506576 -1.8588889 -0.317258 0.085868627 -0.086181104 0.99257213 6.7876513e-08
2.6794567 -1.8347981 -0.28047013 0.07199607 -0.049833339 0.99615926 1.217547e-08
2.0143282 -2.026361 -0.54801285 0.13383774 -0.13527565 0.981727 0
2.3042743 -1.5781227 -0.4363192 0.12844835 -0.087412789 0.98785627 4.1595619e-08
1.5678297 -1.5793105 -0.58605266 0.18211882 -0.18338935 0.96602333 2.3200828e-07
2.0134125 -1.3766021 -0.55461723 0.18565187 -0.12830321 0.97420311 6.6654465e-08
2.0931463 -2.1153429 -0.15405649 0.036868963 -0.037454262 0.99861795 6.4022223e-09
1.8319546 -1.8529757 -0.31513348 0.085524864 -0.086124361 0.9926067 2.6783066e-08
2.6624551 -1.8375479 -0.27938053 0.071576521 -0.048970323 0.99623227 1.1525257e-08
2.0106883 -2.0368755 -0.54896545 0.13458352 -0.1355215 0.98159117 0
2.2885771 -1.5791613 -0.43437088 0.12835065 -0.087560304 0.98785591 2.8929746e-08
1.5606136 -1.5830523 -0.58540618 0.18148692 -0.18402761 0.96602088 5.6309818e-07
1.9942956 -1.3743249 -0.55067474 0.18508798 -0.1289153 0.97422957 2.7307902e-08
2.0853791 -2.1230004 -0.1540575 0.03672481 -0.037418295 0.99862462 7.7596187e-09
1.8268875 -1.8614501 -0.3154372 0.085290246 -0.087116532 0.9925403 2.884264e-08
2.651931 -1.8439927 -0.27894309 0.071420856 -0.048981622 0.99624288 7.0853021e-09
2.0190175 -2.0596654 -0.55325276 0.13201445 -0.13646434 0.98180938 9.1521928e-09
2.2810214 -1.5857341 -0.4339788 0.128308 -0.089070901 0.98772639 5.2149264e-08
1.5601423 -1.5936722 -0.58734429 0.18083385 -0.18465421 0.9660238 2.1577176e-07
1.987481 -1.3798913 -0.55011982 0.18495984 -0.12953834 0.97417128 7.7251528e-08
2.0709875 -2.1231136 -0.15353371 0.036426693 -0.036862463 0.99865621 5.0015743e-09
1.8082647 -1.8553674 -0.31330755 0.08493875 -0.086580448 0.99261737 2.4855819e-08
2.6311851 -1.8432562 -0.27742088 0.071278974 -0.050734416 0.99616534 1.722104e-10
2.0169468 -2.071979 -0.55468577 0.13211578 -0.13650666 0.98178989 1.7741494e-08
2.2612979 -1.5837946 -0.43124112 0.12822467 -0.090268791 0.98762846 4.6938428e-08
1.5545701 -1.5991085 -0.58734399 0.18018292 -0.18528429 0.96602476 4.3489797e-07
1.976656 -1.3826436 -0.54843217 0.18344493 -0.12653771 0.97485185 1.1373569e-07
2.0604632 -2.1263814 -0.15327086 0.036584411 -0.038058698 0.99860561 1.5592668e-09
1.8021024 -1.8613535 -0.31330708 0.08467228 -0.088034429 0.99251223 2.1583332e-08
2.6148727 -1.8448076 -0.27633297 0.071227185 -0.050597221 0.996176 0
2.0165207 -2.0860703 -0.5565865 0.13178761 -0.13643983 0.98184329 2.0252239e-08
2.2517159 -1.588838 -0.4304595 0.12801962 -0.090913348 0.98759592 3.2701941e-08
1.5489786 -1.6045251 -0.58734363 0.17952389 -0.18590298 0.96602857 5.3064997e-07
1.9660782 -1.3849944 -0.54674083 0.18361945 -0.12890823 0.97450835 3.7878504e-08
2.0478389 -2.1281605 -0.15287925 0.036244374 -0.037494469 0.99863935 7.524247e-09
1.7852834 -1.856892 -0.31148121 0.084315062 -0.087497354 0.99259013 3.7761648e-08
2.6040304 -1.8514987 -0.27589807 0.070921518 -0.049839124 0.99623603 7.0873569e-09
2.0041313 -2.0877812 -0.55516183 0.13173741 -0.13658154 0.9818303 1.2601885e-08
2.2461562 -1.5966884 -0.43045765 0.12712018 -0.089629948 0.98782939 4.2607201e-08
1.5350196 -1.601198 -0.58411264 0.17890048 -0.18654889 0.96601975 3.0350864e-07
1.9570109 -1.3893787 -0.54561657 0.18287651 -0.12911659 0.97462046 4.0158358e-08
2.041748 -2.1374583 -0.15300748 0.036192637 -0.037585232 0.9986378 3.5318874e-09
3.0219357 -2.163595 -0.064206965 0.014146009 -0.010133024 0.9998486 0
1.7784657 -1.8634231 -0.31147888 0.084221065 -0.088136211 0.99254161 8.5095131e-09
2.5833635 -1.8504459 -0.27437466 0.070761591 -0.051858388 0.99614429 1.6490583e-09
1.9934472 -2.0912092 -0.55420899 0.13150042 -0.1368954 0.98181838 8.0459756e-08
2.2345386 -1.6002162 -0.42928895 0.12700194 -0.090716965 0.9877454 5.6472476e-08
1.534412 -1.6117984 -0.58605075 0.17823496 -0.18716352 0.96602386 1.9306647e-07
1.94818 -1.3933741 -0.54449624 0.18625142 -0.13776813 0.97279513 7.3521967e-08
2.023973 -2.1336977 -0.15222415 0.036009815 -0.037568066 0.99864507 4.1311075e-09
3.0204523 -2.1785092 -0.064337127 0.014146009 -0.010133024 0.9998486 0
1.7651285 -1.8624107 -0.31025925 0.083931953 -0.087559052 0.99261719 0
2.5688016 -1.8536346 -0.27350652 0.071068488 -0.053479005 0.99603677 3.2817749e-09
1.9760196 -2.0874534 -0.55135411 0.13108203 -0.13728498 0.98181993 7.2199327e-08
2.2128997 -1.5964766 -0.4261595 0.12667626 -0.091983162 0.98767012 2.244402e-08
1.5287765 -1.6171446 -0.58605039 0.17758057 -0.18778373 0.96602404 5.2531942e-07
1.9393468 -1.3973266 -0.54336816 0.18240352 -0.13140114 0.97440374 3.1475329e-07
2.0117536 -2.1349435 -0.15182924 0.035816528 -0.036238715 0.9987011 5.2999383e-10
3.0006855 -2.180239 -0.064075179 0.014130367 -0.010123266 0.9998489 3.8238347e-11
1.7810376 -1.8917578 -0.31421319 0.084881619 -0.088160522 0.99248314 0
2.5545728 -1.8562984 -0.27263871 0.070099786 -0.049787935 0.99629676 1.5570157e-08
1.9653622 -2.0907602 -0.55039638 0.13079809 -0.1392757 0.9815774 3.9598028e-08
2.2093127 -1.6056387 -0.42655554 0.12659767 -0.092411801 0.98764014 4.7574016e-08
1.5280765 -1.6277579 -0.5879885 0.17696616 -0.18841864 0.96601313 4.8358646e-07
1.9327278 -1.4023231 -0.54280585 0.18193348 -0.13194612 0.97441798 2.954902e-07
1.9974705 -2.1346564 -0.15130784 0.035773464 -0.038393486 0.99862218 6.2082788e-09
2.979305 -2.1798635 -0.063769303 0.014113517 -0.010359352 0.99984676 0
1.7879694 -1.9124743 -0.3166472 0.08245866 -0.089054607 0.99260759 1.1295429e-09
2.542042 -1.8608 -0.27198231 0.07006225 -0.050145097 0.99628145 6.9123702e-09
1.9496858 -2.0886331 -0.54800916 0.13055487 -0.13769354 0.98183292 0
2.1957152 -1.60752 -0.42499158 0.12559377 -0.091092639 0.98789084 4.0043595e-08
1.524316 -1.6345841 -0.58863437 0.1763016 -0.18898825 0.96602339 5.0366043e-07
1.9160038 -1.4004594 -0.53943402 0.1814712 -0.13258052 0.9744181 2.1348288e-07
1.9832145 -2.1342957 -0.15078272 0.035721011 -0.039143391 0.99859494 8.1480001e-10
2.9656355 -2.1858082 -0.063637942 0.014051731 -0.010217227 0.99984908 0
1.7930912 -1.9314429 -0.31877509 0.082561336 -0.089106798 0.99259436 0
2.5254984 -1.8622863 -0.27089742 0.070176281 -0.05226367 0.99616456 1.4325509e-08
2.186111 -1.6122502 -0.42421067 0.12620342 -0.094192319 0.98752242 6.1221542e-08
1.5136832 -1.6345747 -0.58669567 0.17566124 -0.18961282 0.96601766 3.345701e-07
1.9130683 -1.4085796 -0.53999555 0.18102127 -0.13323544 0.97441244 3.0922075e-07
1.9706771 -2.1356974 -0.15038955 0.035675928 -0.039222069 0.99859345 1.7730554e-09
2.9419169 -2.1842463 -0.063288644 0.014037765 -0.010428876 0.99984705 0
1.7846577 -1.9358643 -0.31847054 0.082561336 -0.089106798 0.99259436 0
2.508975 -1.8636799 -0.2698079 0.069836944 -0.052213941 0.99619102 1.1095127e-08
1.8204597 -1.9775236 -0.51512772 0.12871464 -0.13978471 0.98178041 0
2.1745157 -1.615464 -0.42303762 0.12528221 -0.092633776 0.98778713 7.0964909e-08
1.5177668 -1.6505234 -0.59057212 0.17499787 -0.19022517 0.96601766 4.2568257e-07
1.9061804 -1.4138013 -0.53943324 0.18055081 -0.13385725 0.97441453 2.2917469e-07
1.9615246 -2.1407216 -0.15026005 0.035259396 -0.038131822 0.99865043 8.3752338e-09
2.9302676 -2.1915138 -0.063200891 0.013963732 -0.010310179 0.99984932 0
1.8163959 -1.9842082 -0.32546455 0.081603035 -0.089994162 0.99259359 1.6707641e-08
2.5004575 -1.8709375 -0.26959118 0.069836944 -0.052213941 0.99619102 1.1095127e-08
1.8102362 -1.9802403 -0.5141784 0.12842003 -0.14140193 0.98158741 4.2626169e-08
2.1629257 -1.6186167 -0.42186257 0.1262439 -0.097169586 0.98722869 5.7052159e-08
1.5071156 -1.6504568 -0.58863342 0.17430882 -0.19082439 0.96602404 4.5686249e-07
1.8934164 -1.4146302 -0.53718525 0.18007539 -0.13447358 0.97441763 3.7583217e-07
1.9506823 -2.1438596 -0.14999662 0.03508044 -0.037833869 0.99866807 3.6429583e-13
2.9106095 -2.1927192 -0.06293878 0.01398091 -0.010591005 0.99984616 0
1.8077904 -1.9886987 -0.32516435 0.081411347 -0.090084195 0.99260116 4.481312e-08
2.4859474 -1.87367 -0.26871946 0.06936311 -0.051424298 0.99626517 4.9669424e-10
1.7934245 -1.9756376 -0.51131403 0.12839325 -0.14211716 0.98148757 3.9577561e-08
2.1533134 -1.6231908 -0.42107981 0.12348138 -0.089720927 0.98828262 4.8222269e-08
1.5094488 -1.6646602 -0.59186381 0.17361324 -0.19141284 0.96603292 3.8662398e-07
1.8865176 -1.4197699 -0.53662294 0.17960908 -0.13510597 0.9744162 1.4114616e-07
1.9381695 -2.1450953 -0.1496039 0.035080999 -0.037842512 0.99866772 1.1634755e-13
2.8969584 -2.1983407 -0.062807441 0.013896858 -0.010386814 0.9998495 0
1.8091446 -2.0042131 -0.32668215 0.081550948 -0.090284504 0.99257147 8.4003482e-08
2.4694624 -1.8748213 -0.26763186 0.069411978 -0.053479034 0.99615359 4.0473369e-10
1.7865169 -1.9818853 -0.51131582 0.12814276 -0.14201449 0.9815352 3.052649e-09
2.141727 -1.626228 -0.41990799 0.12347797 -0.09043587 0.98821789 2.7605156e-09
1.5036288 -1.669919 -0.59186351 0.17298679 -0.19205488 0.96601784 4.4052447e-07
1.8776618 -1.4234109 -0.53549874 0.17913933 -0.13574395 0.97441399 1.9526965e-07
1.9240057 -2.1444101 -0.14908227 0.034969762 -0.039354626 0.99861318 5.5159561e-09
2.8749685 -2.1983333 -0.062501729 0.013897381 -0.0092800949 0.99986035 0
1.7905533 -1.9975733 -0.32455257 0.08124724 -0.090578087 0.99256963 8.4003482e-08
2.4546528 -1.8778185 -0.26676309 0.068986721 -0.052845996 0.99621689 1.3660117e-08
1.781224 -1.9899397 -0.51178968 0.1282486 -0.14203618 0.98151821 4.565802e-09
2.1301453 -1.6292037 -0.41873652 0.12342788 -0.091341786 0.98814082 5.1933554e-08
1.4910672 -1.6682107 -0.58927864 0.17225856 -0.19266218 0.96602708 3.2898086e-07
1.8724324 -1.4302833 -0.53549832 0.17863312 -0.13637993 0.97441816 1.9526965e-07
1.9078376 -2.1421199 -0.14842616 0.034796931 -0.039429307 0.99861628 3.0420562e-09
2.8534014 -2.1976964 -0.06219605 0.013841887 -0.011150722 0.99984205 0
1.7848679 -2.0059774 -0.32485765 0.081327431 -0.090688869 0.99255294 4.8095622e-08
2.4461083 -1.8848581 -0.26654404 0.068624653 -0.052064732 0.99628305 1.5528993e-08
1.7840413 -2.0071583 -0.51465011 0.12805085 -0.14209069 0.98153615 6.6073347e-10
2.1166105 -1.6306154 -0.41717237 0.12442339 -0.097732261 0.98740429 2.1852408e-08
1.491641 -1.6806362 -0.59186292 0.17158155 -0.19325966 0.96602821 4.8921549e-07
1.8558264 -1.4279208 -0.53212655 0.1781493 -0.13702163 0.97441667 2.0938084e-07
1.8986962 -2.1468954 -0.14829665 0.034689374 -0.039081264 0.99863374 6.8143238e-09
2.8338509 -2.1984656 -0.061933968 0.013827633 -0.010786988 0.99984622 0
1.7844214 -2.0196388 -0.32607239 0.081236809 -0.090959892 0.99253559 1.0515385e-09
2.4316349 -1.8872889 -0.26567423 0.068569191 -0.052312266 0.99627388 1.8791511e-09
2.1047595 -1.6338295 -0.41600412 0.12343375 -0.095582105 0.98773891 6.0070498e-08
1.4777896 -1.6767663 -0.58863187 0.17091638 -0.19385949 0.96602595 4.0394852e-07
1.8508309 -1.4343899 -0.53212613 0.17767243 -0.13762212 0.97441912 3.2775546e-07
1.886252 -2.1478791 -0.14790234 0.034564923 -0.038721837 0.99865204 1.7874459e-11
2.8202448 -2.2037349 -0.061802648 0.013693006 -0.010439221 0.99985176 0
2.7322776 -3.1158919 -0.50370914 0.07944639 -0.091330066 0.99264652 0
2.4171746 -1.8896418 -0.26480255 0.068509758 -0.051936883 0.99629766 1.3290007e-09
2.0970964 -1.6396495 -0.41560766 0.1230806 -0.095118836 0.98782772 2.1751163e-08
1.4719276 -1.6819146 -0.58863151 0.17024584 -0.19447094 0.96602142 4.9854191e-07
1.8419662 -1.4378518 -0.53100199 0.17718434 -0.13821936 0.97442347 1.5030287e-07
1.8725597 -2.1465921 -0.14738001 0.034442514 -0.039715622 0.99861723 4.0444932e-09
2.8046703 -2.2073922 -0.061627541 0.013728627 -0.010591013 0.99984968 0
2.7268169 -3.1305513 -0.50462085 0.07944639 -0.091330066 0.99264652 0
2.3988097 -1.8888413 -0.26349857 0.068383008 -0.054241657 0.99618351 7.1250844e-10
1.8723873 -2.1516986 -0.54705179 0.12487712 -0.14432462 0.98161912 0
2.0819328 -1.6389743 -0.41365907 0.12286587 -0.096992299 0.98767227 5.0008275e-08
1.4628829 -1.6833938 -0.58733886 0.16957027 -0.19505277 0.96602297 1.9214137e-07
1.835018 -1.4427708 -0.53043962 0.17672117 -0.13888939 0.97441232 3.0966541e-07
1.8565147 -2.1439989 -0.14672412 0.034245189 -0.039820295 0.99861985 5.1824811e-09
2.781261 -2.204767 -0.061278306 0.013697792 -0.010865643 0.99984711 0
2.7137024 -3.1386464 -0.50431627 0.079381235 -0.091285095 0.99265587 1.1921605e-10
2.3843865 -1.8910246 -0.26262987 0.068023041 -0.053997468 0.99622142 1.1345083e-08
1.8584514 -2.1507883 -0.54515159 0.12393162 -0.14440803 0.98172671 9.3173014e-08
2.0645745 -1.6370474 -0.41131055 0.12227234 -0.097832277 0.98766303 6.8652376e-08
1.4522697 -1.6830004 -0.58540004 0.16887306 -0.19564991 0.96602434 4.1117457e-07
1.8242325 -1.4446421 -0.52875346 0.17628194 -0.13957711 0.97439361 3.7868421e-07
1.852272 -2.1542544 -0.14698757 0.034245189 -0.039820295 0.99861985 5.1824811e-09
2.7696376 -2.2113478 -0.061190583 0.013638938 -0.010761668 0.99984908 0
2.6962683 -3.1405659 -0.50309873 0.079321347 -0.090900078 0.99269599 0
2.3816679 -1.9024391 -0.26306292 0.068023041 -0.053997468 0.99622142 1.1345083e-08
1.86211 -2.1703081 -0.54848474 0.12393162 -0.14440803 0.98172671 9.3173014e-08
2.0627112 -1.6473188 -0.41209731 0.12227234 -0.097832277 0.98766303 6.8652376e-08
1.4526649 -1.6954007 -0.58798426 0.16820318 -0.19624135 0.96602124 5.3713785e-07
1.817271 -1.449486 -0.52819121 0.17573608 -0.14010797 0.97441602 3.9460471e-07
1.8386378 -2.1527867 -0.14646438 0.033923205 -0.039643366 0.99863786 8.7541316e-09
2.7482517 -2.2100549 -0.060884941 0.013628034 -0.010941597 0.99984729 0
2.6761835 -3.1381564 -0.50127321 0.078932583 -0.09394908 0.99244303 0
2.3636873 -1.9009793 -0.26175901 0.067790747 -0.054043069 0.99623477 4.5554538e-09
1.8561136 -2.1786647 -0.54895782 0.12334384 -0.14467907 0.9817608 5.2336105e-08
2.0492418 -1.6483325 -0.41052824 0.12320529 -0.099864066 0.98734373 1.1809671e-07
1.4451751 -1.6986206 -0.58733785 0.16750784 -0.19681925 0.96602446 5.4088008e-07
1.818162 -1.4600687 -0.52987659 0.17527486 -0.14069331 0.97441477 2.755713e-07
1.8375657 -2.1668127 -0.14698476 0.033923205 -0.039643366 0.99863786 8.7541316e-09
2.7405202 -2.2196345 -0.060884394 0.013568659 -0.010893677 0.9998486 0
2.6588023 -3.1399009 -0.50005597 0.079067372 -0.095395796 0.99229431 0
2.3489547 -1.9033701 -0.26088718 0.06757044 -0.053803995 0.99626267 0
1.8374115 -2.1720073 -0.54562074 0.12321347 -0.14555301 0.98164797 1.6915374e-07
2.0415542 -1.6539248 -0.41013718 0.12213019 -0.099287607 0.98753542 1.1809671e-07
1.439237 -1.7036549 -0.58733755 0.16681665 -0.19740151 0.96602529 3.6737072e-07
1.801417 -1.4575522 -0.52650476 0.1747473 -0.14132632 0.97441792 3.8564829e-07
1.8215796 -2.1639774 -0.1463321 0.033706926 -0.039910059 0.99863458 7.1065402e-09
2.7153051 -2.2149904 -0.060491607 0.013541895 -0.011038887 0.99984735 0
2.6424892 -3.143924 -0.49914289 0.07833042 -0.092328422 0.99264282 0
2.3307045 -1.9021273 -0.25958332 0.067363076 -0.055472415 0.99618524 1.5596578e-09
1.8313956 -2.1802878 -0.5460996 0.12307312 -0.1465479 0.98151755 3.8245933e-08
2.0338523 -1.6594831 -0.40974742 0.12069999 -0.097567812 0.98788261 1.1637041e-08
1.431731 -1.7068166 -0.58669114 0.16610219 -0.19795455 0.96603525 1.8736445e-07
1.79821 -1.4653666 -0.52706629 0.17425902 -0.14194405 0.97441554 3.7812114e-07
1.8044163 -2.1588228 -0.1455452 0.033575643 -0.040307488 0.99862307 1.8766373e-09
2.7056231 -2.2228706 -0.060447477 0.013490212 -0.010975379 0.99984878 0
2.6203756 -3.1397877 -0.49701372 0.07793244 -0.094191231 0.99249911 4.2057874e-10
2.3124924 -1.9007807 -0.25827804 0.067175791 -0.055473339 0.99619782 1.0681465e-08
1.8269148 -2.1904385 -0.54705393 0.12368534 -0.14691989 0.98138499 3.4505657e-08
2.0242262 -1.6634438 -0.40896454 0.12074903 -0.099196568 0.98771441 8.1427892e-08
1.4257644 -1.7118039 -0.58669084 0.16542834 -0.19855167 0.96602833 4.2638734e-07
1.7874256 -1.4670095 -0.52538025 0.17375463 -0.14254181 0.97441834 2.9485437e-07
1.8004342 -2.1686385 -0.1458075 0.033575643 -0.040307488 0.99862307 1.8766373e-09
2.6824241 -2.2195737 -0.060098279 0.013467367 -0.01113598 0.99984729 0
2.6036186 -3.1408153 -0.49579594 0.077864788 -0.094080672 0.99251497 0
2.3080971 -1.9100232 -0.25849807 0.067112513 -0.055678889 0.99619061 2.075717e-08
1.8208226 -2.1986945 -0.54752463 0.12294497 -0.14685529 0.98148769 1.7606537e-08
2.0069766 -1.6610732 -0.40662396 0.12046808 -0.099968918 0.98767084 5.8097903e-08
1.4197806 -1.7167704 -0.58669055 0.16477786 -0.1991709 0.966012 3.6989593e-07
1.7881942 -1.4775726 -0.52706558 0.17328303 -0.14312468 0.97441691 2.7747814e-07
1.7928532 -2.1749101 -0.14580625 0.033160362 -0.040024318 0.99864829 0
2.6731265 -2.2268593 -0.06005419 0.013409793 -0.011062496 0.9998489 0
2.5942152 -3.1518006 -0.49610165 0.077448398 -0.093599662 0.99259299 2.7384555e-08
2.2937536 -1.9117024 -0.25762647 0.066636384 -0.054974809 0.99626172 4.1246242e-09
1.8224808 -2.2164166 -0.55038542 0.12254734 -0.1469558 0.98152238 1.1726581e-09
2.0011659 -1.6680684 -0.40662625 0.12021004 -0.1007505 0.98762286 5.2963799e-08
1.420205 -1.7289393 -0.58927482 0.16406718 -0.19967465 0.96602899 4.0828277e-07
1.7755233 -1.4775878 -0.52481765 0.17280149 -0.14373909 0.97441196 3.3906773e-07
2.6519175 -2.2249482 -0.059748594 0.013386547 -0.011320056 0.99984634 0
2.5753512 -3.151227 -0.49457821 0.077156812 -0.094855964 0.99249643 0
2.2832465 -1.916501 -0.25718895 0.066653416 -0.055150688 0.99625081 6.2945067e-09
1.8271393 -2.2379823 -0.5541963 0.1194023 -0.14774618 0.98179132 0
1.9877553 -1.6687069 -0.40506136 0.11988412 -0.10086051 0.98765123 7.655963e-08
1.4111116 -1.7301402 -0.58798218 0.16341291 -0.20027527 0.96601552 4.5407489e-07
1.7759652 -1.4884593 -0.52650303 0.1722941 -0.14433956 0.9744131 3.0277019e-07
2.6364889 -2.2277489 -0.059574183 0.013346421 -0.011359167 0.9998464 2.401995e-10
2.265116 -1.91483 -0.25588527 0.066579394 -0.056632709 0.99617261 1.1506884e-08
1.8254926 -2.2519765 -0.55610198 0.12108517 -0.14791271 0.98156011 0
1.978141 -1.6724534 -0.4042806 0.11933687 -0.1008101 0.98772264 7.0659624e-08
1.4096185 -1.74069 -0.58992028 0.16269022 -0.20083459 0.96602142 2.3664528e-07
1.7763529 -1.4993521 -0.52818835 0.17179354 -0.14494069 0.9744122 3.735544e-07
2.6172616 -2.2272339 -0.059312105 0.01328382 -0.011284315 0.99984807 4.2880499e-10
2.2527213 -1.9178907 -0.25523344 0.066066712 -0.056203075 0.99623108 7.6812769e-09
1.8314575 -2.2755511 -0.56039029 0.11823027 -0.14867735 0.98179257 0
1.9722918 -1.6793486 -0.40427378 0.11870769 -0.099974722 0.98788339 1.9008036e-08
1.4065571 -1.7493669 -0.59121233 0.16199677 -0.20140885 0.96601838 5.7824627e-07
1.7673901 -1.5023957 -0.5270642 0.17126361 -0.14552973 0.97441769 2.5429995e-07
1.8278155 -2.2816091 -0.151297 0.033776592 -0.040491108 0.99860883 0
2.6075709 -2.2347322 -0.059267983 0.01328382 -0.011284315 0.99984807 4.2880499e-10
2.2479064 -1.9273607 -0.2554484 0.066066712 -0.056203075 0.99623108 7.6812769e-09
1.831157 -2.2915211 -0.56277251 0.12381808 -0.14867967 0.98110318 0
1.9570305 -1.6782025 -0.40232626 0.11850571 -0.10053188 0.98785108 3.7491187e-08
1.3974323 -1.7504886 -0.58991975 0.1612775 -0.201959 0.96602386 4.8889132e-07
1.7714037 -1.516458 -0.52987331 0.17078315 -0.14613917 0.97441083 2.9689159e-07
1.8369209 -2.3094795 -0.15273547 0.032321632 -0.040990025 0.99863666 1.3901079e-10
2.5883875 -2.2340367 -0.059005819 0.013233254 -0.011204403 0.99984968 3.7498202e-11
1.8478453 -2.3257384 -0.35982969 0.075397037 -0.095291577 0.99258995 0
2.2279515 -1.9238219 -0.25392956 0.065811515 -0.05660874 0.996225 1.7460929e-08
1.8322916 -2.3094409 -0.56563091 0.1169067 -0.14920901 0.98187041 5.174669e-10
1.9436742 -1.6785821 -0.40075955 0.11850841 -0.10414613 0.98747623 1.2596901e-09
1.3883165 -1.751568 -0.58862722 0.16055381 -0.20249701 0.96603179 5.8944971e-07
1.7624034 -1.5194585 -0.52874917 0.1702631 -0.14673282 0.97441262 2.6966708e-07
1.8427615 -2.3335207 -0.15391128 0.032281406 -0.041014783 0.9986369 5.3510785e-10
2.5669625 -2.2320454 -0.058699984 0.013183657 -0.011558156 0.99984628 2.4071878e-10
1.842787 -2.3360732 -0.36043763 0.075397037 -0.095291577 0.99258995 0
2.2133594 -1.9254484 -0.25305551 0.065946408 -0.058486242 0.99610764 2.1890503e-09
1.8287704 -2.3216088 -0.56706494 0.11867079 -0.15026858 0.98149711 5.5507805e-08
1.932204 -1.6805044 -0.39959177 0.11791024 -0.10241463 0.98772889 6.0501726e-08
1.3878535 -1.7642424 -0.59121144 0.15984207 -0.20314771 0.96601319 5.854979e-07
1.7586648 -1.5275015 -0.5293107 0.16972549 -0.14736648 0.97441077 2.3434583e-07
1.8311191 -2.3363273 -0.15365131 0.032232445 -0.041091982 0.99863535 7.3135653e-09
2.5553901 -2.237704 -0.058612354 0.013094413 -0.011288146 0.99985057 0
1.8189286 -2.3232629 -0.35739759 0.075127281 -0.095958799 0.99254614 2.2845573e-08
2.2028728 -1.9298865 -0.2526235 0.065310575 -0.056628425 0.99625689 1.7506149e-08
1.8221655 -2.3299117 -0.56754529 0.11606972 -0.14948916 0.9819271 9.4811362e-08
1.9244663 -1.6856159 -0.39919579 0.11758067 -0.10183294 0.98782837 2.2688559e-08
1.3787171 -1.7652671 -0.58991885 0.15911984 -0.20367698 0.966021 4.9515251e-07
1.7514855 -1.5320309 -0.52874845 0.1692141 -0.14795907 0.97440994 4.3087198e-08
1.8183569 -2.3367908 -0.15325662 0.032320771 -0.041331414 0.9986226 1.5490501e-09
2.5400555 -2.2400076 -0.058437765 0.013056628 -0.011189336 0.99985212 7.6378272e-11
1.807765 -2.3256779 -0.35678682 0.074899502 -0.096056066 0.99255395 0
2.1923823 -1.9342746 -0.25218904 0.065348953 -0.057813674 0.99618626 2.1766516e-08
1.8200376 -2.3440173 -0.569444 0.11668208 -0.15006931 0.98176599 6.3622807e-08
1.9092963 -1.6841725 -0.3972463 0.11731859 -0.10377813 0.98765707 4.5490474e-08
1.3725469 -1.7700688 -0.58991855 0.15839484 -0.20420448 0.96602875 5.260348e-07
1.7589447 -1.5493805 -0.53268516 0.16961619 -0.14815518 0.97431022 3.0464975e-08
1.8182243 -2.3526897 -0.1539119 0.032214664 -0.04144007 0.99862152 5.2030105e-09
2.5247359 -2.2422311 -0.058262713 0.013030558 -0.011166253 0.99985278 0
1.8151932 -2.3513117 -0.35983014 0.074957401 -0.096142255 0.99254119 3.1876104e-09
2.1766326 -1.9332796 -0.25110021 0.06510298 -0.057933189 0.99619544 2.2480094e-08
1.8118449 -2.3503561 -0.56944132 0.11726878 -0.15078397 0.98158658 1.7482188e-08
1.8941603 -1.6826441 -0.39529365 0.11636518 -0.10377996 0.98776966 5.6970308e-08
1.3648884 -1.7729342 -0.5892722 0.15770777 -0.20480083 0.96601492 4.7323311e-07
1.7592753 -1.560043 -0.53436816 0.16927786 -0.14850953 0.97431511 2.413783e-08
1.8175931 -2.3689308 -0.15456389 0.031557146 -0.041406974 0.99864388 0
2.5075667 -2.2427113 -0.058044318 0.013047639 -0.011780306 0.9998455 0
1.8190402 -2.3733978 -0.36226112 0.073041931 -0.096626081 0.99263704 0
2.1713908 -1.9429022 -0.25131693 0.064968556 -0.057937071 0.99620396 1.2578304e-08
1.8200221 -2.3781152 -0.57468319 0.11495043 -0.15155557 0.98174196 1.8943245e-08
1.8956492 -1.6958178 -0.39685312 0.11636518 -0.10377996 0.98776966 5.6970308e-08
1.3586916 -1.7776878 -0.5892719 0.15700415 -0.20535344 0.96601224 4.7710012e-07
1.7699255 -1.5810542 -0.53942353 0.16416229 -0.1513841 0.97474796 0
1.8119208 -2.3795516 -0.15482488 0.032038901 -0.041541766 0.99862295 1.3076288e-09
2.494144 -2.2464399 -0.057913087 0.01298575 -0.011557393 0.9998489 0
1.8178338 -2.3899291 -0.36378154 0.088978365 -0.097660057 0.99123424 0
2.1571844 -1.9438128 -0.25044608 0.064557724 -0.057571352 0.99625188 7.2020949e-09
1.8131934 -2.3864088 -0.57515943 0.11604345 -0.15190245 0.98155975 0
1.8805298 -1.6941774 -0.39490148 0.11596604 -0.10398795 0.9877947 3.8618708e-08
1.3597686 -1.7920457 -0.59250224 0.15626326 -0.20587282 0.96602184 4.6532429e-07
1.7770962 -1.5986022 -0.54335648 0.16558859 -0.15076858 0.9746021 0
2.4696033 -2.2400413 -0.057520539 0.012922537 -0.011740677 0.99984759 2.9036934e-10
2.1393042 -1.9413072 -0.24914178 0.064333074 -0.058454037 0.99621505 7.5001472e-09
1.813712 -2.404485 -0.5780192 0.11629367 -0.15199055 0.98151648 1.3598185e-09
1.8672776 -1.6941085 -0.39333493 0.11574899 -0.10497659 0.9877156 1.4920792e-07
1.3476994 -1.7890601 -0.58991742 0.15552379 -0.2063958 0.96602958 4.1193826e-07
1.7787389 -1.6113231 -0.54560775 0.1654288 -0.15132369 0.97454321 2.8299272e-08
2.4617691 -2.2486482 -0.057519905 0.012886689 -0.011672619 0.99984884 0
2.3771725 -3.1709011 -0.48149282 0.073085994 -0.098258972 0.99247348 0
2.1273298 -1.94336 -0.24849007 0.064287052 -0.059177931 0.99617523 6.0401915e-09
1.8170657 -2.4265249 -0.58182997 0.11170692 -0.15282626 0.98191941 0
1.8577005 -1.6972917 -0.39255512 0.11602974 -0.10774419 0.98738456 6.2441163e-09
1.347225 -1.801495 -0.59250164 0.15484184 -0.20700236 0.96600932 4.4371421e-07
1.7860086 -1.6286786 -0.54953665 0.16548003 -0.15153077 0.97450233 0
2.4432447 -2.2466631 -0.057259005 0.012824612 -0.011666764 0.99984968 1.2336853e-09
2.3631287 -3.1751971 -0.48088396 0.073085994 -0.098258972 0.99247348 0
2.1095197 -1.9406745 -0.24718446 0.064062469 -0.059100378 0.9961943 2.0654475e-08
1.817362 -2.4446757 -0.5846889 0.11253988 -0.15281431 0.98182613 1.1088185e-10
1.8481241 -1.700429 -0.39177176 0.11497004 -0.10564551 0.98773527 1.1480593e-07
1.3340527 -1.796252 -0.58927095 0.15407124 -0.20741631 0.96604377 3.9569119e-07
1.78211 -1.636547 -0.55010015 0.16617858 -0.1516244 0.97436887 2.9158143e-08
2.4317148 -2.2517865 -0.05717032 0.012683356 -0.011452123 0.99985397 1.3050738e-10
2.3535044 -3.1854231 -0.48118708 0.07232371 -0.097131491 0.99264032 1.6173693e-08
2.1063921 -1.9514055 -0.24761915 0.063921534 -0.059020329 0.99620813 1.4796518e-08
1.813185 -2.4569309 -0.58612269 0.11340301 -0.1537862 0.98157507 4.9809564e-08
1.8403629 -1.7051948 -0.39138082 0.11457643 -0.10606019 0.98773652 1.2349938e-07
1.3306372 -1.804788 -0.59056276 0.15336293 -0.20799389 0.96603227 3.8282559e-07
1.7925124 -1.6576124 -0.55515438 0.16319349 -0.15333667 0.97460544 7.8276485e-10
2.4161243 -2.2538741 -0.056996506 0.012668945 -0.011401265 0.99985474 7.1874527e-11
2.3315499 -3.1800141 -0.47905904 0.071536779 -0.10017661 0.99239463 0
2.0901084 -1.9506314 -0.24653226 0.063502923 -0.058772322 0.99624956 9.2422061e-09
1.8031484 -2.4612639 -0.58564931 0.11249045 -0.15365981 0.98169982 1.1816113e-07
1.8271652 -1.7048833 -0.38981852 0.11427575 -0.10661861 0.98771125 1.081162e-07
1.3211652 -1.805752 -0.58927083 0.1525497 -0.20849536 0.96605295 4.8388347e-07
1.7953531 -1.6724559 -0.55796438 0.16076067 -0.15384182 0.97493011 3.0754894e-08
2.4027693 -2.2571673 -0.056865592 0.012740889 -0.011993753 0.99984688 4.8345727e-10
2.313694 -3.1776946 -0.47753772 0.071590029 -0.099318787 0.992477 1.7314465e-08
2.0763571 -1.9507422 -0.24566148 0.063317843 -0.059930064 0.9961924 9.4925223e-09
1.8031996 -2.4794581 -0.58850205 0.11159252 -0.15366369 0.98180169 8.4112457e-08
1.8230059 -1.7129387 -0.39020875 0.11382447 -0.10685831 0.98773748 1.081162e-07
1.3219414 -1.8201294 -0.59250104 0.15188485 -0.20911162 0.96602452 4.4493902e-07
1.795137 -1.6833888 -0.55965394 0.16076067 -0.15384182 0.97493011 3.0754894e-08
2.3879969 -2.2582631 -0.056690581 0.012705374 -0.01188391 0.99984866 4.6470711e-10
2.3011353 -3.1837394 -0.47723308 0.070972972 -0.097418256 0.9927097 0
2.0640993 -1.9528521 -0.24500835 0.06313099 -0.057635494 0.99633962 7.2866997e-09
1.7930983 -2.4837465 -0.58802772 0.11103803 -0.15391752 0.98182482 7.4647097e-08
1.8152187 -1.7175977 -0.3898178 0.11347723 -0.10729071 0.98773056 1.1555591e-07
1.3173094 -1.8264631 -0.5931471 0.15122423 -0.2096366 0.96601433 4.3890361e-07
1.7963469 -1.6963208 -0.56190401 0.16292447 -0.15436262 0.9744885 8.5387491e-08
2.3746622 -2.261421 -0.056558959 0.012658171 -0.01177197 0.99985057 1.8366589e-10
2.2856712 -3.1857023 -0.47632012 0.070973076 -0.097418576 0.99270964 0
2.050046 -1.953185 -0.24414067 0.063043356 -0.060601313 0.99616915 1.5160174e-08
1.7815616 -2.4859993 -0.58707076 0.11203071 -0.15688953 0.98124146 1.009118e-07
1.8002578 -1.7154231 -0.38786441 0.11313946 -0.10774529 0.98771983 1.8624409e-07
1.3053093 -1.8231905 -0.59056222 0.15049563 -0.21013491 0.96601987 4.6815893e-07
1.8010268 -1.7126342 -0.56526726 0.16135472 -0.15506963 0.97463739 4.4542974e-09
1.5981734 -2.2362854 0.42941448 -0.09043128 0.12736063 0.98772538 0
3.1589849 -4.4319019 -0.28323185 0.030525889 -0.042687818 0.998622 0
2.3559146 -2.2593312 -0.056297101 0.01261207 -0.012167589 0.99984646 0
2.267345 -3.1835515 -0.47479889 0.070563562 -0.10011757 0.99247026 1.8373992e-08
2.0342162 -1.9517229 -0.24304928 0.062944695 -0.061055019 0.99614769 3.2059237e-09
1.7742932 -2.4942021 -0.58755499 0.11135902 -0.15675747 0.98133904 1.26255e-07
1.794259 -1.7216966 -0.38786405 0.1127717 -0.10815487 0.98771709 3.1318223e-08
1.3017318 -1.8316753 -0.59185421 0.14974517 -0.21065149 0.96602398 5.354492e-07
1.7985622 -1.7222725 -0.56639606 0.16096896 -0.15535407 0.97465587 9.0431904e-08
2.342612 -2.2623394 -0.056166366 0.012523113 -0.012028337 0.99984926 3.4660647e-10
2.2547867 -3.1894195 -0.47449419 0.069950119 -0.098165497 0.99270868 0
2.0255966 -1.9570839 -0.24283499 0.062728308 -0.060940981 0.99616832 1.897728e-08
1.7641627 -2.4983757 -0.58707327 0.11107223 -0.15690133 0.98134851 8.882116e-08
1.7864591 -1.7262367 -0.38747653 0.11328984 -0.10952077 0.98750728 6.09975e-08
1.2939399 -1.8342336 -0.59120792 0.14901111 -0.21117263 0.96602368 5.3727967e-07
1.7942961 -1.7302278 -0.56695855 0.16251002 -0.15615854 0.97427154 1.5523499e-07
1.5513203 -2.2037823 0.61373556 -0.12874298 0.18546909 0.97417986 0
2.3343046 -2.2709103 -0.056165427 0.012523113 -0.012028337 0.99984926 3.4660647e-10
2.239367 -3.1911747 -0.47358066 0.070086084 -0.098639384 0.99265212 6.5935085e-10
2.0166228 -1.962761 -0.24261448 0.062122893 -0.059746385 0.99627864 1.5036918e-09
1.7554306 -2.504518 -0.58707678 0.10925736 -0.1558582 0.98171842 1.5343032e-07
1.7786502 -1.7307436 -0.38708219 0.11200761 -0.10893403 0.9877184 3.1449321e-08
1.2885916 -1.8409435 -0.59185374 0.14825939 -0.21175057 0.96601284 3.3967865e-07
1.7949442 -1.7435683 -0.56920874 0.16331592 -0.15678415 0.97403628 7.9069515e-08
1.538043 -2.2011924 0.61148709 -0.12853463 0.18632679 0.97404373 4.3563976e-08
2.3156352 -2.2685645 -0.055903748 0.012495232 -0.012040899 0.99984944 5.8497936e-11
2.216321 -3.1830645 -0.47114724 0.0694407 -0.10041187 0.99251974 1.5794837e-08
2.0044143 -1.9645671 -0.24196519 0.062171973 -0.060964894 0.99620175 2.3159279e-08
1.7508782 -2.5166769 -0.58850533 0.10884178 -0.15643075 0.98167354 1.4830033e-07
1.7761317 -1.7403916 -0.38786238 0.11280609 -0.10934418 0.98758221 4.7315805e-09
1.2766531 -1.8374921 -0.58926892 0.14750591 -0.21227796 0.96601248 5.5734102e-07
1.7905921 -1.7515237 -0.56976855 0.16076529 -0.15713003 0.97440475 1.2670688e-07
1.5285773 -2.2048101 0.61093372 -0.12829791 0.18715741 0.9739157 1.1908989e-07
2.2970109 -2.2661159 -0.055641539 0.012434741 -0.012404469 0.99984574 2.1638457e-11
2.2066064 -3.1928232 -0.47145259 0.068838805 -0.099789508 0.99262446 3.0781241e-08
1.9886675 -1.9628192 -0.24087465 0.06192787 -0.061068859 0.99621058 1.7989272e-08
1.7374643 -2.5170159 -0.58707356 0.10860205 -0.15708923 0.98159492 1.3490175e-07
1.7785434 -1.755546 -0.38982058 0.11093014 -0.10973124 0.98775178 3.877679e-08
1.2743391 -1.8479054 -0.59120703 0.14675099 -0.21273813 0.96602619 4.6688228e-07
1.7931615 -1.7662956 -0.57257104 0.15960015 -0.15753685 0.97453064 1.7279685e-07
1.5181133 -2.2061179 0.60980457 -0.12696017 0.18042371 0.97536063 7.8969871e-09
1.4955677 -2.1725345 0.4118332 -0.088089913 0.12970665 0.98763168 7.1275548e-13
2.2837594 -2.2688429 -0.05551045 0.012483397 -0.012568123 0.99984312 0
2.1912398 -3.1943648 -0.47054189 0.068838805 -0.099789508 0.99262446 3.0781241e-08
1.9835731 -1.9715016 -0.24109502 0.061895452 -0.061682966 0.99617475 1.9650676e-08
1.732825 -2.5291414 -0.58850449 0.10860641 -0.15801811 0.98144531 9.5573562e-08
1.7864416 -1.7756442 -0.39294192 0.11056977 -0.11030293 0.98772848 2.3644704e-08
1.2610694 -1.8423716 -0.5879761 0.14601722 -0.21327239 0.96601957 4.3235099e-07
1.7904503 -1.7759684 -0.57369787 0.15693875 -0.15790233 0.97490364 3.9369844e-08
1.5076586 -2.2073786 0.60868031 -0.12663792 0.18043126 0.97540116 1.0884786e-07
1.4810174 -2.1675425 0.40987909 -0.087913789 0.1302691 0.98757333 1.314688e-08
2.4998496 -3.668035 -0.2306619 0.029297655 -0.043001313 0.99864537 0
2.2722862 -2.2732701 -0.055422746 0.012361237 -0.012155093 0.99984974 1.2948839e-10
2.1800761 -3.2019949 -0.47053736 0.068639696 -0.099881291 0.99262899 1.379765e-08
1.9731528 -1.9748957 -0.24065793 0.061289959 -0.060891338 0.99626088 2.7098823e-09
1.7258081 -2.5369046 -0.58897674 0.10433939 -0.15540861 0.98232454 3.3703472e-08
1.777046 -1.7780719 -0.39216125 0.11056977 -0.11030293 0.98772848 2.3644704e-08
1.2586968 -1.852759 -0.58991426 0.14525907 -0.21375492 0.96602726 5.7869124e-07
1.7876934 -1.7856433 -0.57482463 0.12354159 -0.14945748 0.98101985 9.8766243e-08
1.4962333 -2.2063146 0.60699409 -0.12640485 0.19022875 0.97356808 7.2130391e-08
1.4724361 -2.1703963 0.40949404 -0.087690242 0.13043241 0.98757166 5.4517059e-08
2.4862738 -3.6742361 -0.23053063 0.02929513 -0.042995777 0.99864566 0
2.2519929 -2.2687876 -0.055117544 0.012273779 -0.012520236 0.99984628 2.377205e-11
2.1597257 -3.1948113 -0.4684082 0.068178393 -0.10108846 0.99253857 0
1.9648356 -1.9796634 -0.2404387 0.061282661 -0.061687481 0.99621236 2.3308216e-08
1.7183141 -2.5449481 -0.58945322 0.10437164 -0.15542191 0.982319 3.6273455e-08
1.7830276 -1.7965102 -0.39489236 0.1107126 -0.1105288 0.98768723 0
1.2535703 -1.8591449 -0.59056008 0.14450684 -0.21425405 0.96602947 4.709778e-07
1.7852051 -1.795011 -0.57594138 0.15820317 -0.15928598 0.97447407 8.5002604e-08
1.4858053 -2.2074804 0.60586917 -0.12606788 0.18934238 0.97378457 1.374061e-10
1.4620961 -2.1714251 0.40870807 -0.087285154 0.12717138 0.98803276 9.5523353e-11
2.4664783 -3.6725266 -0.22987634 0.029247563 -0.043538146 0.99862355 0
2.233516 -2.265969 -0.054855436 0.012257868 -0.01255379 0.99984604 1.6233995e-10
2.1499417 -3.2043915 -0.46871555 0.067670517 -0.10127319 0.99255449 2.8611662e-08
1.9470612 -1.9762243 -0.23913753 0.061036032 -0.061707914 0.99622625 1.8472583e-08
1.7107857 -2.5529711 -0.58992428 0.1040676 -0.15553413 0.98233348 4.1948418e-08
1.2457317 -1.8615011 -0.58991373 0.14376615 -0.21476659 0.96602619 3.9895346e-07
1.7820435 -1.8050029 -0.57706469 0.16008896 -0.15994871 0.97405744 5.8192537e-08
1.4767389 -2.2106271 0.60530609 -0.12534706 0.18585108 0.97454989 1.388093e-08
1.4503963 -2.1703534 0.40753648 -0.087296061 0.12708612 0.98804277 1.1790587e-10
2.2220905 -2.2701838 -0.054768443 0.012257804 -0.012654796 0.99984479 2.8055966e-10
2.1285655 -3.1977856 -0.46658361 0.067333408 -0.10158511 0.99254555 2.4355932e-08
1.9401511 -1.9830087 -0.23913743 0.060910892 -0.062554099 0.99618113 1.6457959e-08
1.7005053 -2.5568814 -0.58945608 0.10370137 -0.15537292 0.98239774 6.073347e-08
2.582016 -2.6350775 -0.57808089 0.1084541 -0.11171383 0.98780447 2.2909356e-10
1.2392266 -1.8658382 -0.58991349 0.14300376 -0.21525082 0.96603155 5.1043043e-07
1.7859842 -1.8216304 -0.58043581 0.15742671 -0.16046253 0.97440678 1.4515851e-07
1.4565288 -2.1977403 0.60024929 -0.12071402 0.19288909 0.97376686 0
1.4369798 -2.167418 0.40597615 -0.08675956 0.12888792 0.98785663 3.6082032e-08
2.2089181 -2.2725573 -0.054637633 0.012040127 -0.011939443 0.99985623 6.0770783e-10
2.12149 -3.2114093 -0.46749797 0.067333408 -0.10158511 0.99254555 2.4355932e-08
1.9245248 -1.9808522 -0.23804969 0.060543362 -0.06168434 0.99625778 1.162156e-08
1.6915705 -2.5628026 -0.58945 0.10362142 -0.15545996 0.98239237 5.8245799e-08
2.5796993 -2.6511445 -0.57964218 0.10794574 -0.11152633 0.98788136 3.8942316e-09
1.2353607 -1.8741878 -0.59120548 0.14226918 -0.21577732 0.96602261 4.9832539e-07
1.7847224 -1.8330803 -0.58212113 0.15677847 -0.16100447 0.97442192 1.9403481e-07
1.4216484 -2.1597903 0.40362957 -0.085584737 0.13147603 0.98761797 0
3.0276024 -4.6125302 -0.28714761 0.029566672 -0.052969109 0.99815834 0
2.1974945 -2.2766619 -0.054550074 0.012219085 -0.012851399 0.99984276 8.5599544e-10
2.1053901 -3.2101245 -0.46628222 0.066670701 -0.10142039 0.99260712 4.7219576e-08
1.9162128 -1.9854341 -0.23783219 0.060474161 -0.063184194 0.99616796 1.4436573e-08
1.681271 -2.566638 -0.58897316 0.10322559 -0.15570925 0.98239458 5.7579733e-08
2.5704288 -2.6601329 -0.57964939 0.10843018 -0.11222703 0.98774892 9.4315922e-08
1.2274908 -1.8764664 -0.59055907 0.14150955 -0.21625952 0.96602631 5.7120536e-07
1.7735437 -1.833745 -0.5804351 0.15631028 -0.16154727 0.97440732 2.6811477e-07
1.410054 -2.1585345 0.40245825 -0.085973658 0.13003147 0.98777544 1.3105427e-08
2.1847353 -2.2785313 -0.054418661 0.012031999 -0.012245309 0.99985266 3.0106606e-10
2.0874088 -3.2070522 -0.4647589 0.066218026 -0.10205735 0.99257213 2.7811735e-08
1.9006394 -1.983135 -0.23674467 0.060143474 -0.062427428 0.99623573 1.9709054e-08
1.669629 -2.5683742 -0.5880205 0.1048671 -0.16227482 0.98115736 5.1554874e-08
2.5594158 -2.6673093 -0.57925916 0.10806516 -0.11257854 0.98774898 1.0006782e-07
1.2199481 -1.8785 -0.58991271 0.14078145 -0.21671624 0.96603036 5.43515e-07
1.7738944 -1.8469398 -0.58268231 0.15570645 -0.16206473 0.97441804 3.5952488e-07
1.368984 -2.112402 0.57271069 -0.12187499 0.18812492 0.974554 0
1.3917775 -2.1468594 0.39933211 -0.084505163 0.13202173 0.98763818 1.3814095e-08
2.1733155 -2.2825282 -0.054330468 0.012040622 -0.012386661 0.99985081 2.3086653e-10
2.0775468 -3.2164042 -0.46506256 0.066218026 -0.10205735 0.99257213 2.7811735e-08
1.8919858 -1.9879564 -0.23652507 0.059958454 -0.062401403 0.99624848 1.5136273e-08
1.6593248 -2.5721238 -0.58754081 0.10457982 -0.162514 0.98114842 3.0826737e-08
2.5569124 -2.6833694 -0.58081931 0.10766389 -0.11296117 0.9877491 9.9139918e-08
1.2173029 -1.8888403 -0.59185088 0.14004219 -0.21722829 0.96602279 3.2860751e-07
1.7708057 -1.85664 -0.58380568 0.15514682 -0.16260689 0.97441697 4.1622155e-07
1.3589693 -2.1130669 0.57159144 -0.12117454 0.18996643 0.97428411 5.3371252e-08
1.3816065 -2.1475494 0.39855045 -0.084672548 0.1301257 0.9878754 1.489521e-08
2.1563368 -2.2814083 -0.054112956 0.011996206 -0.012591015 0.99984878 8.2458251e-10
2.0596168 -3.2131877 -0.46354061 0.065828525 -0.10155314 0.99264979 5.0369477e-09
1.877833 -1.9876477 -0.23565637 0.059761193 -0.063248441 0.99620694 2.0298421e-08
1.6516577 -2.5799673 -0.58802205 0.1038934 -0.16152443 0.98138475 2.7076771e-08
2.5424316 -2.6869037 -0.57964945 0.10677176 -0.11275443 0.98786956 5.460878e-08
1.210372 -1.8932893 -0.59185058 0.13924094 -0.21773408 0.96602476 3.7539783e-07
1.758955 -1.8578203 -0.5821197 0.15454908 -0.16317779 0.97441655 2.7388154e-07
1.3437322 -2.1054718 0.56821501 -0.12089857 0.18943104 0.97442263 1.5761985e-07
1.3674656 -2.1419466 0.39660212 -0.084015146 0.1320364 0.98767799 5.1298866e-08
2.1432199 -2.2834609 -0.053981081 0.010292633 -0.0018888541 0.99994522 0
1.8623482 -1.9851234 -0.234566 0.059529256 -0.063393496 0.99621159 3.4804821e-09
1.6426423 -2.5857174 -0.58801877 0.10330278 -0.16157062 0.98143947 9.0021267e-08
2.5364237 -2.6993573 -0.5804252 0.10721368 -0.1136432 0.98771983 5.4838125e-08
1.201172 -1.8934219 -0.59055805 0.1384792 -0.21821564 0.96602559 4.7501493e-07
1.7541312 -1.8657205 -0.58268124 0.15398042 -0.16371781 0.97441596 4.5495821e-07
1.3373076 -2.112442 0.56877732 -0.12021927 0.18995486 0.97440469 8.5263501e-08
1.3543283 -2.1385961 0.39503485 -0.083586492 0.13207772 0.98770887 3.2321296e-08
2.1301153 -2.2854502 -0.05384995 0.010292633 -0.0018888541 0.99994522 0
1.8554074 -1.9916121 -0.23456682 0.059598822 -0.064078212 0.99616361 4.7281956e-09
1.640143 -2.60182 -0.59040475 0.10112505 -0.16087958 0.98177975 1.1669984e-07
2.5219262 -2.7027853 -0.5792495 0.10668272 -0.11339944 0.98780531 0
1.203549 -1.9119183 -0.59508067 0.13771187 -0.21869777 0.96602625 4.4389753e-07
1.7492738 -1.8736099 -0.58324277 0.15339848 -0.16424274 0.97441941 4.2443986e-07
1.3264115 -2.1106744 0.56709152 -0.1195992 0.19040975 0.97439218 2.3397661e-07
1.3446037 -2.1388922 0.39425367 -0.083154157 0.13235527 0.98770821 2.364672e-08
2.1170228 -2.2873762 -0.053718712 0.011887487 -0.012565766 0.99985039 6.7151437e-11
1.8487927 -1.9977537 -0.23456715 0.058914848 -0.063455611 0.99624413 1.0024866e-08
1.6323516 -2.6096108 -0.59087849 0.10074662 -0.16099995 0.98179895 1.1223498e-08
1.8284824 -1.975239 -0.42027748 0.10602379 -0.11505951 0.98768431 0
1.1968679 -1.9161078 -0.59508055 0.13694684 -0.21917659 0.96602648 4.4881855e-07
1.7413913 -1.8776172 -0.58268058 0.15282381 -0.16471955 0.97442925 4.2716519e-07
1.3177483 -2.1132231 0.56652975 -0.11894278 0.19085446 0.97438556 3.7216026e-07
1.3306035 -2.1330926 0.39229873 -0.082952909 0.13310714 0.98762405 1.7253718e-08
2.0992591 -2.2833581 -0.053457052 0.011795526 -0.012957337 0.99984646 1.4783454e-10
1.8434967 -2.0060263 -0.23478088 0.058914848 -0.063455611 0.99624413 1.0024866e-08
1.6245257 -2.6173797 -0.59135091 0.10072941 -0.16120763 0.98176664 1.0308518e-08
1.8182275 -1.9779791 -0.41949841 0.10536624 -0.11536295 0.98771924 5.6187222e-08
1.1905074 -1.9200662 -0.5950802 0.13623604 -0.2196403 0.96602166 3.6646594e-07
1.7348267 -1.8836844 -0.58268023 0.15221256 -0.16521157 0.97444165 1.9072259e-07
1.3154839 -2.1261005 0.56877816 -0.11821339 0.19113109 0.97442007 3.6779196e-07
1.3283409 -2.1461265 0.39386347 -0.082261994 0.1329383 0.98770458 4.4146407e-08
1.3984667 -2.2596607 0.22952488 -0.045521297 0.074494667 0.99618191 0
2.0862114 -2.2851415 -0.053326219 0.011763586 -0.012918849 0.99984735 4.2973508e-10
1.8247092 -1.999591 -0.23326305 0.058643762 -0.064209871 0.99621183 1.4851525e-08
1.6050942 -2.6063087 -0.58754653 0.09999226 -0.16225854 0.98166883 7.575769e-08
1.8229877 -1.9970598 -0.42223129 0.10508493 -0.11512068 0.98777747 5.860511e-08
1.1875887 -1.9303842 -0.59701836 0.13559502 -0.22019568 0.96598542 1.6044091e-07
1.728241 -1.8897287 -0.58267987 0.1516277 -0.16573077 0.97444463 4.4243041e-07
1.3067815 -2.1286023 0.56821668 -0.11756293 0.19157745 0.97441113 3.1761064e-07
1.3247128 -2.1570654 0.39503968 -0.082633168 0.13323946 0.98763305 4.9054051e-08
1.3788556 -2.245419 0.22756289 -0.045268212 0.074849106 0.99616683 6.8005126e-09
2.0694156 -2.2835238 -0.053107508 0.011764546 -0.013234632 0.99984318 4.0882472e-10
1.4419464 -2.355741 -0.33426845 0.062880062 -0.10488772 0.99249417 0
1.8056419 -1.9933649 -0.23173784 0.058438025 -0.064614959 0.9961977 0
1.5883178 -2.5993268 -0.5846799 0.099383309 -0.16321032 0.98157287 0
1.7910825 -1.9760113 -0.41637039 0.1052668 -0.115934 0.98766303 3.4936757e-08
1.1817619 -1.9367869 -0.597664 0.13481639 -0.22067952 0.96598399 4.0566582e-07
1.7229441 -1.8978512 -0.58324116 0.15104775 -0.16633238 0.97443223 3.84852e-07
1.2993431 -2.1331508 0.56821698 -0.11690911 0.19200034 0.97440654 3.8657396e-07
1.3184584 -2.1637864 0.39542726 -0.080849789 0.13271776 0.98785084 0
1.3706162 -2.2504575 0.22756705 -0.045268212 0.074849106 0.99616683 6.8005126e-09
2.0564075 -2.2851672 -0.052976299 0.011738392 -0.013147946 0.99984467 1.4335889e-11
1.4255855 -2.3482778 -0.33244318 0.062880062 -0.10488772 0.99249417 0
1.8003416 -2.0015047 -0.23195477 0.058438957 -0.06458775 0.99619943 2.9519956e-11
1.5792348 -2.6048555 -0.58467954 0.099383309 -0.16321032 0.98157287 0
1.7990701 -1.9987433 -0.41988805 0.1050164 -0.11580353 0.98770499 5.413289e-08
1.1774917 -1.9450341 -0.59895593 0.13717338 -0.22267111 0.96519482 2.8878316e-07
1.7195777 -1.9074663 -0.58436465 0.15055877 -0.16697629 0.97439778 2.243443e-07
1.2927741 -2.1399848 0.56877929 -0.11617769 0.19239381 0.97441643 1.5636707e-07
1.3550339 -2.2424335 0.22626016 -0.045098398 0.074384362 0.99620938 1.6570334e-08
1.4288181 -2.3666396 0.047737267 -0.0089516165 0.015001882 0.99984741 0
1.4220023 -2.3581274 -0.14239275 0.026978705 -0.045196116 0.99861377 0
2.0450814 -2.2886083 -0.052889358 0.011638154 -0.012961951 0.99984825 1.0562798e-09
1.413543 -2.3468597 -0.33153558 0.062243365 -0.10608727 0.99240679 2.1746201e-08
1.8099669 -2.0263226 -0.23412842 0.057645977 -0.064891718 0.99622589 0
1.7920827 -2.0050113 -0.41988486 0.1041998 -0.1161158 0.98775476 0
1.1769024 -1.9594879 -0.60219508 0.13389473 -0.22172998 0.96587163 1.1057806e-07
1.7080246 -1.9080211 -0.58267862 0.14990993 -0.16740054 0.97442502 2.7402669e-07
1.2844194 -2.14217 0.56821668 -0.11728575 0.19374739 0.97401541 1.7305739e-07
1.3248838 -2.2089531 0.40207317 -0.079761729 0.13414748 0.98774618 1.0650305e-08
1.3497561 -2.2514238 0.22669253 -0.045098398 0.074384362 0.99620938 1.6570334e-08
1.4299452 -2.3863802 0.048043549 -0.0089516165 0.015001882 0.99984741 0
1.4116137 -2.3585441 -0.142132 0.026791807 -0.044650394 0.99864334 2.6037283e-09
2.0370803 -2.2957332 -0.052888285 0.011584224 -0.01289248 0.9998498 3.9053899e-10
1.808206 -2.037894 -0.23478025 0.05827824 -0.064985521 0.99618298 0
1.1688222 -1.9615102 -0.60153991 0.13226157 -0.22196959 0.96604162 1.813594e-07
1.7033104 -1.9154922 -0.58324021 0.14938071 -0.16793032 0.97441512 3.0164003e-07
1.2794214 -2.1508298 0.56933951 -0.11648703 0.19331501 0.97419715 1.030127e-07
1.3297757 -2.2347949 0.40597713 -0.079419076 0.13430637 0.9877522 9.7804893e-09
1.3333793 -2.2408986 0.22517028 -0.044624653 0.074585669 0.99621564 1.1593403e-08
1.412676 -2.3763103 0.047738139 -0.008930306 0.015000392 0.99984759 1.40417e-10
1.4033724 -2.363457 -0.14213057 0.026791807 -0.044650394 0.99864334 2.6037283e-09
2.022433 -2.2953382 -0.052714273 0.011548642 -0.013047339 0.99984819 8.6611379e-10
1.8122697 -2.0575709 -0.23630175 0.057078958 -0.065247908 0.99623525 5.966657e-11
2.4536567 -2.7813966 -0.58119822 0.10251508 -0.11696942 0.98783034 0
1.1717856 -1.9822185 -0.60670865 0.13181573 -0.22257297 0.96596372 1.3676089e-07
1.6930474 -1.9180756 -0.58211607 0.14876069 -0.16847293 0.97441632 1.3163746e-07
1.3182058 -2.2330408 0.40480608 -0.079425722 0.13460867 0.98771054 5.90158e-08
1.3213651 -2.2393334 0.22451513 -0.044120241 0.075758107 0.99614966 5.3635669e-09
1.3988853 -2.3728557 0.047563296 -0.0089188414 0.01491555 0.99984896 0
1.3883741 -2.3578234 -0.14147887 0.026570603 -0.044861674 0.99863976 7.6958733e-09
2.0045159 -2.2911115 -0.052451879 0.011491814 -0.013162049 0.99984735 3.9989803e-10
1.8100046 -2.0695 -0.23695341 0.057103612 -0.065277338 0.99623191 0
2.4471915 -2.7936547 -0.58198339 0.10321571 -0.11795053 0.98764074 3.3072531e-08
1.1672994 -1.9904658 -0.60800064 0.13048477 -0.22277798 0.96609718 6.7986335e-08
1.6863419 -1.9239736 -0.58211571 0.14815755 -0.16897777 0.97442079 1.5743481e-07
1.3087664 -2.2357252 0.40441561 -0.078930877 0.13488697 0.9877122 1.0468994e-07
1.3085141 -2.2353308 0.2236449 -0.044046748 0.075163171 0.99619794 1.9800577e-08
1.9981484 -2.2999792 -0.052495766 0.011482226 -0.013215847 0.99984676 7.3852174e-10
1.2669845 -2.1712449 -0.30385089 0.060979571 -0.10561351 0.99253577 4.5834451e-11
1.7994974 -2.0720506 -0.23651826 0.057103612 -0.065277338 0.99623191 0
1.2509227 -2.1462429 -0.47555691 0.095518917 -0.16581441 0.98152012 0
2.4341795 -2.7984583 -0.5811972 0.10321571 -0.11795053 0.98764074 3.3072531e-08
1.1627692 -1.9987051 -0.6092934 0.12977004 -0.22268058 0.96621585 1.3814557e-07
1.6876291 -1.9390213 -0.58492482 0.14758241 -0.16950725 0.97441608 3.8979471e-07
1.3105829 -2.25684 0.59406871 -0.11150177 0.19413342 0.97461766 9.6145413e-08
1.2988678 -2.235781 0.40363443 -0.078486048 0.13516562 0.98770958 7.85911e-08
1.3007034 -2.2398846 0.22364424 -0.043790247 0.075220749 0.99620491 1.9155513e-08
1.9852011 -2.3012691 -0.052364431 0.011360163 -0.013004705 0.99985093 2.7502772e-10
1.25481 -2.1668408 -0.30263633 0.060832791 -0.10517869 0.99259096 1.9281972e-08
1.2397432 -2.1442189 -0.47412938 0.094851896 -0.1657811 0.98159039 9.7506891e-08
2.434094 -2.8181374 -0.58354837 0.10251145 -0.11839715 0.98766065 8.1825604e-08
1.1485536 -1.9901953 -0.6054157 0.12920296 -0.2238217 0.96602815 1.4552981e-07
1.6811899 -1.9446071 -0.58492452 0.14702253 -0.16999578 0.9744156 2.8862087e-07
1.301482 -2.2592881 0.59351307 -0.11179999 0.19582799 0.97424442 2.0437119e-07
1.2898242 -2.2381606 0.40324393 -0.078016005 0.13544361 0.98770875 9.7016454e-08
1.2870592 -2.2333918 0.22255261 -0.043510836 0.075466223 0.99619859 2.9491462e-08
1.9759294 -2.3059437 -0.052319966 0.011332032 -0.012959298 0.99985182 5.7090738e-10
1.2472386 -2.1712077 -0.30263683 0.060650542 -0.10528217 0.99259114 3.6415766e-08
1.2322512 -2.1485338 -0.47412688 0.094851553 -0.1653423 0.98166448 1.3329931e-07
2.4258528 -2.8284898 -0.58393389 0.1006648 -0.11791124 0.98790866 2.0337161e-08
1.1431462 -1.9960898 -0.60606164 0.12845623 -0.22429377 0.96601826 4.1036407e-07
1.6807514 -1.9578446 -0.5871774 0.14625663 -0.17041622 0.97445744 1.8016878e-07
1.2947948 -2.265934 0.59407276 -0.11154418 0.19529292 0.97438115 2.2507824e-07
1.279556 -2.2383604 0.40246272 -0.077549443 0.1357176 0.98770785 9.4499875e-08
1.2767867 -2.2335451 0.2221175 -0.043278273 0.076233499 0.99615031 1.0353745e-08
1.2830849 -2.2464294 0.044635419 -0.0085735051 0.015304404 0.9998461 2.2327431e-12
1.9613774 -2.305222 -0.052145887 0.011330929 -0.013317558 0.99984711 8.776897e-10
1.2335185 -2.1647635 -0.30111283 0.060258932 -0.10566428 0.99257439 6.0719991e-08
1.217473 -2.1400175 -0.47126752 0.094269432 -0.16565406 0.981668 1.8480917e-07
2.4191706 -2.8406959 -0.58471924 0.10167429 -0.1192037 0.98765016 9.4491718e-08
1.1325983 -1.993765 -0.604123 0.12768222 -0.22468683 0.96602952 3.026995e-07
1.669157 -1.9581478 -0.58548576 0.14583158 -0.17102064 0.97441524 2.8011081e-07
1.2844781 -2.2661996 0.59294891 -0.11081004 0.19553612 0.97441614 4.4799233e-07
1.2741675 -2.2471108 0.40324447 -0.077063598 0.13596462 0.98771191 2.1628694e-07
1.2702092 -2.2401555 0.22233652 -0.043111555 0.075777829 0.99619234 1.7388913e-08
1.269083 -2.2400157 0.0444175 -0.0085897278 0.015181012 0.99984789 2.8435626e-10
1.2504284 -2.2097318 -0.13114555 0.025623836 -0.045965809 0.99861431 0
1.9484706 -2.3063335 -0.052014124 0.011328522 -0.013528965 0.99984431 4.7059162e-11
1.223516 -2.1647336 -0.30050427 0.05988916 -0.10589267 0.99257243 2.213943e-08
1.2124044 -2.148531 -0.4722203 0.093696512 -0.16598678 0.98166662 1.9958091e-07
2.4060464 -2.8453557 -0.58393848 0.10044593 -0.11877103 0.98782796 7.7977283e-08
1.1197137 -1.9871811 -0.60089219 0.12689672 -0.22515571 0.96602386 2.8180739e-07
1.6670434 -1.9695319 -0.58717108 0.14523081 -0.17152309 0.97441667 4.2488972e-07
1.2777518 -2.2727935 0.59351122 -0.11015731 0.19600987 0.97439492 4.1586605e-07
1.265107 -2.2493918 0.402854 -0.076589473 0.1362374 0.98771119 1.353056e-07
1.2599432 -2.2402325 0.22189948 -0.042714309 0.07600908 0.9961918 2.5474973e-08
1.2588103 -2.2400718 0.044330098 -0.0085897278 0.015181012 0.99984789 2.8435626e-10
1.2390468 -2.2075489 -0.13075292 0.02555285 -0.046239626 0.99860352 1.9310022e-09
1.9387987 -2.3112082 -0.051970869 0.011200358 -0.01322283 0.99984986 9.2294655e-10
1.2159523 -2.1689916 -0.30050403 0.059516519 -0.10610019 0.99257267 3.0289055e-08
1.2037004 -2.1506073 -0.47174352 0.093113691 -0.16630037 0.98166901 1.6623059e-07
2.4024606 -2.8612933 -0.58550042 0.10089839 -0.11998221 0.98763543 7.3892835e-08
1.115123 -1.9952959 -0.60218418 0.12611163 -0.22558628 0.96602625 1.344674e-07
1.6507338 -1.9641666 -0.58379936 0.1446334 -0.17204192 0.97441405 2.6125701e-07
1.2662562 -2.2708542 0.59182543 -0.10944761 0.19633779 0.97440892 2.1467307e-07
1.2572473 -2.2537942 0.40285426 -0.076104313 0.13648756 0.98771417 2.1649204e-07
1.2424231 -2.2272093 0.22015446 -0.042202756 0.076688007 0.99616158 8.1742355e-09
1.2436916 -2.2313461 0.044068314 -0.0084708538 0.015359712 0.99984616 4.4710766e-10
1.2301209 -2.2096784 -0.13062201 0.025464596 -0.045678854 0.99863154 2.3321207e-09
1.9291167 -2.3160441 -0.051926583 0.011138699 -0.013221999 0.99985057 8.7570079e-10
1.2059654 -2.1688833 -0.29989544 0.059152406 -0.10632524 0.99257034 3.4251212e-08
1.1926178 -2.148356 -0.47031376 0.092536286 -0.16662692 0.98166823 3.0579832e-07
2.3861239 -2.8620834 -0.58393764 0.09980689 -0.11972405 0.98777765 8.3764483e-08
1.1058135 -1.9949497 -0.60089171 0.12532665 -0.22602879 0.96602494 1.810855e-07
1.6469963 -1.9736518 -0.58492285 0.1440336 -0.17253995 0.97441483 3.9111401e-07
1.2606763 -2.279526 0.59294975 -0.10877493 0.19674715 0.97440165 4.633396e-07
1.2469848 -2.2538457 0.40207306 -0.075586423 0.13655096 0.98774517 1.0203753e-07
1.2358451 -2.2337129 0.22037418 -0.042184137 0.076303422 0.99619192 9.5560049e-09
1.2298571 -2.2247312 0.043849446 -0.0083998824 0.015424213 0.99984574 6.4106759e-10
1.21999 -2.2095857 -0.13036025 0.02530455 -0.045769274 0.99863148 1.6767736e-08
1.9146364 -2.3150687 -0.0517525 0.011117404 -0.013330536 0.99984932 9.8164288e-10
1.1983873 -2.1730797 -0.2998952 0.058761332 -0.10649683 0.99257523 7.141319e-08
1.1886573 -2.1589582 -0.47174302 0.091945812 -0.1669424 0.98167008 1.9461415e-07
2.3855815 -2.8817971 -0.58627498 0.099860601 -0.12014574 0.98772103 5.2613444e-08
1.1034896 -2.007267 -0.60347593 0.12453466 -0.2264609 0.96602619 3.8806803e-07
1.6432121 -1.9831346 -0.58604622 0.14342329 -0.1730364 0.97441685 3.7988011e-07
1.2527114 -2.2839127 0.59295005 -0.10809657 0.19713047 0.97439969 3.3193467e-07
1.2379235 -2.2560191 0.40168256 -0.075133674 0.13689382 0.98773223 1.2792816e-07
1.2256476 -2.2336447 0.21993907 -0.042266395 0.076995209 0.99613518 1.8805737e-08
1.2244837 -2.2333963 0.043937303 -0.0083815232 0.015349551 0.99984705 1.6179328e-09
1.2134671 -2.2160215 -0.13049074 0.025143873 -0.045856502 0.99863154 1.6882787e-08
1.9045495 -2.3201408 -0.051708169 0.01112339 -0.013514813 0.99984682 4.7491583e-10
1.1919836 -2.1794279 -0.30019909 0.058389168 -0.10669763 0.99257559 1.1804308e-07
1.1811138 -2.1630943 -0.47174278 0.091364376 -0.16726661 0.98166919 1.3543071e-07
2.369226 -2.8824837 -0.58471406 0.09903428 -0.12024871 0.98779172 6.4704651e-08
1.0961254 -2.0112979 -0.60347569 0.12368763 -0.22690853 0.96602994 2.745895e-07
1.6359328 -1.989144 -0.58604592 0.14278881 -0.17355902 0.97441709 3.9311502e-07
1.2458936 -2.2904122 0.59351224 -0.1074005 0.19750002 0.97440183 4.2498863e-07
1.233577 -2.2668359 0.40285507 -0.074680775 0.13729484 0.98771095 6.7542707e-08
1.2186409 -2.2403104 0.22015674 -0.041640703 0.076608896 0.99619132 4.7066933e-08
1.2127138 -2.2312777 0.043806423 -0.00832556 0.015379498 0.99984705 1.8007129e-09
1.2053369 -2.2204542 -0.13049047 0.024976349 -0.045950122 0.99863148 1.9484053e-08
1.8916923 -2.3209696 -0.051577266 0.011037762 -0.013466188 0.99984843 7.8334483e-10
1.1839876 -2.1837819 -0.30019882 0.058006056 -0.10693 0.99257308 1.6850814e-08
1.1735562 -2.1672039 -0.47174254 0.09077727 -0.16757953 0.98167032 1.5359981e-07
2.3513324 -2.8811817 -0.58275533 0.098968975 -0.12149721 0.98764545 0
1.0971229 -2.0299914 -0.60799825 0.12289341 -0.22733997 0.96602988 2.8454463e-07
1.6289794 -1.9948424 -0.58604556 0.14166108 -0.17341363 0.97460753 2.8678349e-07
1.2351815 -2.2906733 0.59238851 -0.10666813 0.19789226 0.97440267 3.4274132e-07
1.2252601 -2.2713423 0.40285534 -0.074178316 0.13756737 0.98771089 8.4760607e-08
1.2131748 -2.2489362 0.22059296 -0.041369103 0.076749757 0.9961918 5.8316651e-08
1.2072865 -2.2399001 0.043894116 -0.0082704918 0.015403988 0.99984717 2.7264289e-09
1.1940337 -2.2180505 -0.13009797 0.02481843 -0.046038374 0.9986313 2.0127221e-08
1.8709756 -2.3120334 -0.051227793 0.010988734 -0.013559962 0.99984765 0
1.1763576 -2.1879015 -0.30019858 0.057635237 -0.10713481 0.99257255 4.5072239e-09
1.1671436 -2.1734505 -0.47221881 0.090205498 -0.16789822 0.98166853 2.3379673e-08
2.3428178 -2.8912883 -0.58314538 0.098968975 -0.12149721 0.98764545 0
1.0877523 -2.0295494 -0.60670578 0.12211148 -0.22777458 0.96602666 2.3251144e-07
1.6220063 -2.0005167 -0.58604527 0.14178905 -0.17482485 0.97433674 3.4980836e-08
1.232168 -2.3033521 0.59463692 -0.10602074 0.19824892 0.97440082 4.4786782e-07
1.2177213 -2.2753928 0.40285558 -0.073724724 0.13782665 0.98770869 6.8647928e-08
1.2100093 -2.2619448 0.22146511 -0.041103866 0.076898113 0.99619132 1.3061642e-08
1.1951441 -2.2350705 0.043719478 -0.0082180304 0.015421587 0.99984729 2.4215541e-09
1.1913694 -2.2308104 -0.13062073 0.024664553 -0.046122298 0.99863124 2.1508647e-08
1.8644624 -2.3204963 -0.051270984 0.010988734 -0.013559962 0.99984765 0
1.1655976 -2.1852193 -0.29928592 0.057284653 -0.10732661 0.99257213 4.7254584e-08
1.1653082 -2.1883461 -0.4746052 0.091553569 -0.1685847 0.98142606 2.2524111e-08
1.084056 -2.0397348 -0.60864395 0.12130547 -0.22819628 0.96602869 3.1263565e-07
1.6199578 -2.0115678 -0.58773065 0.14101538 -0.17502591 0.97441298 3.9418865e-08
1.2241201 -2.3076391 0.59463716 -0.10532427 0.19861186 0.97440243 4.3759204e-07
1.2155505 -2.2905397 0.40480953 -0.07324066 0.13807239 0.98771042 8.8423732e-08
1.2001702 -2.2615433 0.2210294 -0.040844414 0.077027261 0.99619204 2.5685319e-08
1.1896734 -2.2436471 0.043807168 -0.0081679691 0.015469389 0.99984699 2.2136495e-09
1.1824085 -2.2327483 -0.13048972 0.02450153 -0.046205878 0.99863142 2.0908944e-08
1.8376088 -2.3035712 -0.050747879 0.010819578 -0.013579178 0.99984926 0
1.1544874 -2.1826913 -0.29837257 0.05752112 -0.10634071 0.99266458 4.3174624e-09
1.8434246 -2.3108711 -0.2549918 0.053911015 -0.068092979 0.99622136 0
1.1610955 -2.198915 -0.47603038 0.087976806 -0.16786408 0.98187661 0
1.8471588 -2.3139355 -0.46284384 0.097054616 -0.12224594 0.98774302 0
1.0780536 -2.0456438 -0.60928982 0.12050822 -0.22862811 0.96602637 4.5070774e-07
1.6217207 -2.0288923 -0.59110165 0.14033318 -0.17552122 0.97442234 4.8705012e-08
1.2171899 -2.3140547 0.59519947 -0.10465784 0.19901523 0.97439194 3.5803214e-07
1.2109917 -2.3013263 0.40598693 -0.072644308 0.13830635 0.98772168 5.6216642e-08
1.1941885 -2.2703371 0.22146562 -0.040562924 0.077176064 0.99619198 6.3199984e-08
1.180281 -2.2457788 0.043763719 -0.0081117172 0.015502212 0.99984694 2.3811599e-09
1.1765343 -2.2414899 -0.13075097 0.024332533 -0.046298489 0.99863124 1.1253563e-08
1.8311117 -2.3119287 -0.050791495 0.010848127 -0.0136888 0.99984747 5.7877092e-10
1.8477417 -2.3328912 -0.25672999 0.053790215 -0.068095587 0.99622768 2.7454858e-09
1.846754 -2.3300323 -0.46480298 0.097122394 -0.12268827 0.98768157 2.4389617e-08
1.0653235 -2.0386875 -0.60605901 0.11971849 -0.22904459 0.96602589 3.0203302e-07
1.6191822 -2.0402575 -0.59278697 0.13976632 -0.17602916 0.9744122 1.2757334e-08
1.2087003 -2.3185005 0.59519976 -0.099373564 0.19245586 0.97626108 1.1795998e-07
1.203689 -2.3079393 0.4063786 -0.072089233 0.13850749 0.9877342 6.567064e-08
1.1828063 -2.2678645 0.22081196 -0.040293012 0.077316925 0.99619204 2.3258671e-08
1.1678207 -2.2410147 0.043589085 -0.0080543896 0.015512794 0.99984723 2.1570039e-09
1.1617978 -2.2322903 -0.12996621 0.024169303 -0.04637903 0.99863148 2.2793087e-08
1.8183858 -2.3124192 -0.050659951 0.010876521 -0.013742462 0.9998464 4.9937954e-10
1.8334169 -2.3315053 -0.25586286 0.053656038 -0.068107851 0.99623406 1.2851704e-08
1.8213754 -2.315464 -0.46049955 0.097054616 -0.12224594 0.98774302 0
1.0593097 -2.0445387 -0.60670483 0.11891648 -0.22947463 0.96602291 4.8187474e-07
1.6165843 -2.0516293 -0.59447014 0.13863397 -0.17575805 0.97462285 1.9962568e-08
1.2028334 -2.327035 0.59632409 -0.10330518 0.19982648 0.97437024 6.9840738e-08
1.2024206 -2.3252923 0.40872288 -0.071807802 0.13885683 0.98770565 6.5462913e-08
1.1760249 -2.2741923 0.22103016 -0.040024456 0.077457674 0.99619192 1.649671e-08
1.1611367 -2.247299 0.043633051 -0.0080030104 0.015555622 0.99984699 1.0455757e-09
1.1574277 -2.2429903 -0.13035822 0.02400662 -0.046457458 0.99863178 1.3911864e-08
1.8149269 -2.3246558 -0.050790619 0.01085301 -0.013762932 0.9998464 1.8503492e-10
1.8206604 -2.3320091 -0.25520784 0.053743534 -0.069415301 0.99613911 2.9381078e-10
1.8315567 -2.3451314 -0.46519172 0.096712932 -0.12335195 0.98763907 3.1648302e-08
1.0510651 -2.0460751 -0.6060586 0.11810941 -0.22982791 0.96603793 3.3201383e-07
1.6033952 -2.0495954 -0.59222442 0.13851258 -0.17704569 0.97440702 6.1526833e-08
1.1958125 -2.3333883 0.59688634 -0.10258997 0.20015895 0.97437757 3.804885e-07
1.1942962 -2.3294754 0.40872407 -0.070610307 0.13878024 0.98780274 5.1896016e-08
1.1726176 -2.2871523 0.22190233 -0.040018495 0.07770852 0.99617261 9.2400176e-09
1.1510093 -2.2468877 0.043545861 -0.0079486836 0.015580887 0.99984699 6.6784189e-10
1.1450499 -2.2381229 -0.12983562 0.023942854 -0.04665073 0.99862427 6.5270682e-09
1.8114046 -2.3368967 -0.050920561 0.011272082 -0.013861527 0.99984038 8.1780423e-11
1.8109801 -2.3363843 -0.25498992 0.053584393 -0.068705991 0.99619687 9.5648556e-10
1.8203278 -2.3476131 -0.46440467 0.096021093 -0.1234811 0.98769045 0
1.0406342 -2.0432727 -0.60411996 0.11731444 -0.23031691 0.96601832 3.4431804e-07
1.5917377 -2.0494165 -0.5905385 0.13789256 -0.17747635 0.97441661 3.5795293e-07
1.1920668 -2.3462379 0.59913772 -0.10084101 0.19965386 0.97466373 9.0453369e-08
1.1906266 -2.3424387 0.41028604 -0.072292149 0.14010212 0.98749441 2.8207063e-08
1.168007 -2.2978947 0.22255766 -0.037477698 0.076894149 0.99633461 1.5033506e-09
1.142029 -2.2486618 0.043502383 -0.0079001207 0.015638663 0.99984652 6.0889643e-10
1.1394856 -2.2465613 -0.13009624 0.023612728 -0.046588242 0.99863505 7.2259954e-09
1.8093464 -2.3511195 -0.051094543 0.011037929 -0.013820597 0.99984354 0
1.8180336 -2.3624051 -0.25716385 0.052243005 -0.069053471 0.99624407 0
1.3864297 -2.7426765 -0.58991432 0.085885748 -0.17079228 0.98155671 0
1.8272156 -2.3734961 -0.46831018 0.096021093 -0.1234811 0.98769045 0
1.032409 -2.0447357 -0.60347366 0.1165007 -0.23081845 0.9659971 2.9446758e-07
1.5815921 -2.0511072 -0.58941436 0.1373332 -0.17834736 0.97433662 2.3022517e-07
1.1864685 -2.3545299 0.60026664 -0.10126139 0.20090739 0.97436255 1.4729355e-07
1.1850721 -2.350786 0.41106409 -0.072743967 0.14040892 0.98741764 3.1322639e-08
1.1637386 -2.308429 0.22321387 -0.039632507 0.078077711 0.9961592 1.8595927e-08
1.1390569 -2.2613699 0.043677729 -0.007822644 0.015629828 0.99984723 3.6249384e-10
1.1365105 -2.2592523 -0.13061878 0.023223728 -0.04656459 0.99864531 4.7582729e-09
2.1317799 -4.2471375 -0.57819098 0.054694694 -0.1097004 0.9924587 0
1.8203818 -2.3825734 -0.25868493 0.051694009 -0.069119208 0.99626815 0
1.3762283 -2.745064 -0.58943951 0.085351281 -0.17074588 0.98161143 7.3512183e-08
1.0198699 -2.0375245 -0.60024261 0.1156304 -0.23138809 0.96596539 2.6935174e-07
1.5714543 -2.0527523 -0.58829004 0.13671571 -0.17863524 0.97437072 2.4383448e-07
1.1760689 -2.3542979 0.59913802 -0.10126139 0.20090739 0.97436255 1.4729355e-07
1.1812679 -2.3637471 0.41262722 -0.072033048 0.14035651 0.98747724 1.358303e-09
1.1574925 -2.3171368 0.22364746 -0.039761968 0.078269102 0.99613899 7.3497946e-09
1.1341045 -2.2722416 0.043809652 -0.0078489678 0.015686363 0.99984616 4.659903e-10
1.1315582 -2.2701082 -0.13101146 0.022118716 -0.046260539 0.99868453 5.6421917e-10
1.8277037 -2.4094448 -0.052095462 0.01059141 -0.013864399 0.99984777 0
2.1150949 -4.2527003 -0.57788634 0.054252442 -0.10836455 0.99262977 0
1.3710014 -2.7586446 -0.59134507 0.084493868 -0.16997164 0.98181993 6.8365587e-08
2.2493494 -2.9614873 -0.58275044 0.093880042 -0.12417722 0.98780894 0
1.0138229 -2.0432363 -0.60088855 0.11495506 -0.23122193 0.96608579 2.6935174e-07
1.5672345 -2.0620987 -0.58941352 0.13599487 -0.17885084 0.97443205 2.9123225e-07
1.1749846 -2.3738804 0.60307258 -0.10086029 0.20152703 0.97427619 9.4368264e-09
1.1780666 -2.3791292 0.41457975 -0.071633197 0.1402449 0.98752218 1.2528963e-09
1.153811 -2.3300939 0.22451931 -0.039586313 0.078299962 0.99614358 0
1.1283796 -2.2806692 0.043896668 -0.0079857372 0.015772751 0.99984372 2.3401661e-10
1.1269399 -2.280762 -0.13140249 0.021888323 -0.04614377 0.99869496 1.1156858e-09
1.8343494 -2.4357545 -0.052530684 0.01040727 -0.013910933 0.99984908 0
1.3613632 -2.763413 -0.59134942 0.084223926 -0.17092185 0.98167819 1.3424972e-07
2.2404869 -2.9712896 -0.58314395 0.093863003 -0.12487227 0.98772299 5.4953961e-08
1.0003008 -2.0337543 -0.59701163 0.1140879 -0.23188852 0.96602881 2.4358184e-07
1.5541439 -2.0597892 -0.58716571 0.13538608 -0.17938542 0.97441852 3.1231639e-07
1.1777778 -2.3985436 0.41731581 -0.067799002 0.14018551 0.98780125 0
1.1263069 -2.2956233 0.044115979 -0.0078565776 0.015744286 0.99984521 1.7663175e-10
1.121564 -2.2889719 -0.13166405 0.02243015 -0.046469294 0.99866784 0
1.8333349 -2.452141 -0.05274811 0.010556783 -0.013920167 0.99984735 0
1.3463324 -2.7571199 -0.58895844 0.084072605 -0.17184596 0.98152983 6.1091782e-08
2.2241724 -2.9711921 -0.5815838 0.093759716 -0.12526192 0.98768342 9.7830316e-08
0.99425215 -2.0394053 -0.5976575 0.11327798 -0.23229904 0.96602547 4.296725e-07
1.5502335 -2.068825 -0.58828914 0.1348013 -0.17983869 0.97441608 4.5641957e-07
1.1226524 -2.3085356 0.044290785 -0.0074114702 0.015658334 0.99984992 0
1.8401245 -2.4782538 -0.053183347 0.0095231943 -0.014189019 0.99985397 0
1.3431059 -2.7750595 -0.59182596 0.083526827 -0.17196181 0.98155612 8.3989214e-08
2.2152627 -2.9809184 -0.58197206 0.093811758 -0.1260374 0.98757982 2.9157258e-08
0.98433638 -2.0361657 -0.59571898 0.11251872 -0.23269206 0.96601963 2.5952241e-07
1.5430026 -2.0742238 -0.58828878 0.13417682 -0.18031338 0.97441453 4.4793359e-07
1.8463237 -2.5047607 -0.053618554 0.010265322 -0.014015375 0.99984908 0
3.9689274 -5.3754449 -0.58019084 0.051994972 -0.070425056 0.99616104 0
1.3355314 -2.7841582 -0.59277368 0.081747256 -0.17116345 0.98184544 6.8524573e-09
2.2033756 -2.9866474 -0.58158243 0.092671506 -0.12540361 0.98776817 8.6973955e-08
0.98034757 -2.0461257 -0.59765708 0.11169413 -0.23306035 0.96602654 2.904265e-07
1.5372037 -2.0815542 -0.58885044 0.13359651 -0.18083149 0.97439826 4.3959068e-07
1.3279092 -2.7932372 -0.59372985 0.081723236 -0.17192239 0.98171484 1.3927655e-07
2.1841683 -2.982379 -0.57923478 0.092181951 -0.12645577 0.98767984 4.3567884e-08
0.96974093 -2.0431573 -0.59571856 0.11085206 -0.23348972 0.96601987 5.1764511e-07
1.5266771 -2.08325 -0.58772635 0.13283394 -0.18120305 0.97443348 4.4292759e-07
1.3139727 -2.7889721 -0.59182489 0.081250966 -0.17239517 0.98167109 1.4577512e-07
2.1766534 -2.9939756 -0.58001816 0.092181951 -0.12645577 0.98767984 4.3567884e-08
0.968759 -2.0596476 -0.59959507 0.1100853 -0.23391202 0.96600538 4.1992948e-07
1.5193961 -2.0885663 -0.58772606 0.13224338 -0.1817269 0.97441626 3.9552515e-07
1.9901224 -4.25349 -0.24410684 0.022273317 -0.047479451 0.99862385 0
1.8503104 -2.5668123 -0.054532133 0.010361139 -0.014121407 0.99984658 0
1.3083766 -2.8024392 -0.59373224 0.0811055 -0.17338932 0.98150802 8.302824e-08
2.1603994 -2.9935536 -0.57845318 0.09149465 -0.12568815 0.98784173 7.640204e-09
0.96258211 -2.0652065 -0.60024095 0.10922199 -0.23424459 0.96602279 4.219491e-07
1.5163857 -2.0997741 -0.58941138 0.13162537 -0.1822025 0.97441113 4.6054359e-07
1.8515424 -2.5874701 -0.054836661 0.004722747 -0.014458204 0.99988431 0
1.2965282 -2.8025331 -0.5927788 0.079770513 -0.17267744 0.98174292 1.301044e-07
2.1441748 -2.9930546 -0.57688814 0.094690464 -0.036758721 0.99482787 0
0.95031393 -2.0575869 -0.5970102 0.10838559 -0.23460746 0.96602893 2.6859411e-07
1.5051447 -2.09886 -0.58772546 0.1372831 -0.19137593 0.97186863 3.0546724e-07
1.8526523 -2.6081674 -0.055141184 0.0096769314 -0.014192052 0.99985248 0
1.2908229 -2.8159685 -0.59468162 0.079235196 -0.17292787 0.9817422 1.4057665e-07
2.1279798 -2.9924786 -0.57532537 0.090844773 -0.12598738 0.98786354 0
0.94513208 -2.0652857 -0.59830219 0.10757797 -0.23486346 0.966057 3.9487239e-07
1.5016899 -2.1103094 -0.58941078 0.13922572 -0.19540951 0.97078902 3.5832528e-07
1.5442648 -2.1786134 0.51194125 -0.10979096 0.15645552 0.98156387 1.1841375e-08
1.2809858 -2.8204582 -0.59467715 0.07824216 -0.17228787 0.98193437 1.1114147e-08
2.1075354 -2.9857798 -0.57259059 0.089764796 -0.12922698 0.98754376 2.6744659e-10
0.93592638 -2.0641711 -0.59700972 0.10674544 -0.23536798 0.96602654 4.3095679e-07
1.4900875 -2.1095769 -0.58772486 0.12298319 -0.17404985 0.977027 4.3008748e-07
1.5348536 -2.1822534 0.51146555 -0.1095335 0.15464744 0.98187912 4.832839e-11
2.5346808 -3.6185911 -0.38258716 0.050779663 -0.071248837 0.99616516 0
1.2701267 -2.8226724 -0.59420592 0.078600004 -0.17495862 0.98143339 1.2447602e-07
2.0914223 -2.9850361 -0.57102817 0.089796498 -0.12955579 0.98749781 0
0.92674023 -2.0630178 -0.59571737 0.10592592 -0.23573405 0.9660275 4.4996895e-07
1.4827148 -2.1147656 -0.58772457 0.12917654 -0.18418261 0.97436655 3.8150188e-07
1.5233818 -2.1813016 0.51004183 -0.10914627 0.15623471 0.98167092 1.0214892e-07
1.8595363 -2.6766446 -0.056185409 0.010095784 -0.014285646 0.99984699 0
2.5354853 -3.6453645 -0.38454309 0.049079672 -0.071305841 0.99624628 0
1.2582712 -2.8226058 -0.59324646 0.07813327 -0.17556916 0.98136163 1.0267848e-07
2.0781651 -2.9882672 -0.57024759 0.089454353 -0.12694086 0.98786837 3.2439257e-08
0.91659343 -2.0596182 -0.59377879 0.10510945 -0.23611321 0.9660241 2.3215436e-07
1.4756938 -2.1196706 -0.58772427 0.12844272 -0.18444534 0.97441387 2.7657069e-07
1.5402011 -2.2127542 0.71219891 -0.14628993 0.21231669 0.96618885 0
1.50875 -2.1765335 0.50765955 -0.10860006 0.15652867 0.98168468 8.4838788e-08
1.5010711 -2.1719115 0.31953236 -0.068471625 0.10258891 0.99236441 0
1.8629789 -2.7016213 -0.056577034 0.0096541978 -0.014346567 0.99985045 0
2.529191 -3.6648748 -0.38562945 0.049249724 -0.071360022 0.996234 0
1.2503901 -2.8314703 -0.59420747 0.077602983 -0.17558515 0.98140085 1.2251375e-07
2.0606949 -2.9853518 -0.56829268 0.088598274 -0.13091253 0.98742712 8.0550105e-10
0.91231543 -2.0694375 -0.59571695 0.1042778 -0.23646908 0.9660272 5.2331427e-07
1.4679151 -2.1250648 -0.58772397 0.14589198 -0.21115348 0.96650386 3.9098137e-07
1.5379725 -2.2260549 0.71478492 -0.1464331 0.2123946 0.96615005 9.2028557e-10
1.5011437 -2.1817875 0.5076555 -0.10834503 0.15663442 0.98169601 4.9005024e-08
1.4878514 -2.1689627 0.3183158 -0.068608157 0.10179971 0.99243629 5.2184362e-10
1.8634402 -2.7225332 -0.056881547 0.010162556 -0.014335284 0.99984562 0
1.9605042 -4.4782634 -0.59491259 0.048375644 -0.11114156 0.99262649 0
2.5121541 -3.6675212 -0.38497677 0.049354654 -0.072049029 0.99617922 0
1.2395169 -2.8335693 -0.59373039 0.075538903 -0.17304598 0.98201269 1.2342481e-07
2.0460668 -2.9864206 -0.56712109 0.088748813 -0.13193458 0.98727751 0
0.90605074 -2.0748236 -0.59636283 0.10344397 -0.23682886 0.96602869 5.7648793e-07
1.4577259 -2.1261628 -0.58659989 0.12723146 -0.18542303 0.97438723 1.6116422e-07
1.5284336 -2.2296867 0.71414357 -0.14606646 0.21280311 0.96611565 1.7268846e-07
1.4848129 -2.1751275 0.50479877 -0.10767604 0.15675896 0.98174971 5.8867194e-08
1.4760704 -2.1679974 0.31740272 -0.068481453 0.10065325 0.99256194 1.3852997e-09
1.8665931 -2.7476122 -0.057273164 0.0095515307 -0.01441218 0.99985051 0
1.9458463 -4.4873562 -0.59521633 0.09982875 -0.19353004 0.97600222 0
1.2305926 -2.840131 -0.59420586 0.076592945 -0.17659746 0.98129857 1.421385e-07
2.0328472 -2.9894636 -0.56634623 0.08770173 -0.12783828 0.98790979 6.5467916e-08
0.8978461 -2.0757563 -0.59571654 0.10262959 -0.23720802 0.96602255 2.7746754e-07
1.4530438 -2.1352611 -0.58772337 0.12647648 -0.18579079 0.97441548 3.9131501e-07
1.5101327 -2.2187905 0.70897156 -0.14544898 0.21432199 0.965873 1.6443504e-07
1.4693093 -2.1678662 0.50193328 -0.1066256 0.15897171 0.98150849 1.3943512e-09
1.4671007 -2.1710832 0.31709874 -0.068124391 0.10086714 0.9925648 1.0537382e-08
1.8667929 -2.768605 -0.05757767 0.0095429001 -0.014412262 0.99985057 0
1.9319341 -4.4960647 -0.59552014 0.049014814 -0.11292423 0.99239391 0
1.2206715 -2.8444097 -0.59420216 0.076178573 -0.1764839 0.98135126 7.2849424e-08
2.0210154 -2.9944963 -0.56595665 0.087592378 -0.13013224 0.98761994 7.8782449e-08
0.88964599 -2.0766571 -0.59507018 0.10181653 -0.23760393 0.96601129 3.9851602e-07
1.445955 -2.1400681 -0.58772308 0.12586653 -0.18621731 0.97441304 4.2075698e-07
1.5064436 -2.2300436 0.71091574 -0.14464669 0.21424332 0.96601093 1.7449842e-07
1.4589862 -2.1689141 0.50098151 -0.1066256 0.15897171 0.98150849 1.3943512e-09
1.4581276 -2.1741326 0.31679469 -0.067781977 0.10112171 0.99256235 1.1234713e-08
1.9191405 -4.5096321 -0.59643209 0.034353185 -0.099238373 0.99447054 0
1.2107351 -2.8486528 -0.59420532 0.074328549 -0.17494342 0.98176885 1.2932701e-07
2.0036662 -2.9912837 -0.56400388 0.08691106 -0.12926447 0.9877941 6.9626481e-08
0.88333303 -2.0819738 -0.59571618 0.10097366 -0.23792952 0.96601957 4.7715821e-07
1.4421822 -2.1514163 -0.5894084 0.12516426 -0.18665342 0.97442001 4.0755623e-07
1.4946053 -2.2292783 0.70897549 -0.14381123 0.21407396 0.96617323 1.7653028e-07
1.4514064 -2.1739936 0.50098109 -0.10678651 0.15941033 0.98141986 0
1.4519081 -2.1812723 0.3170993 -0.067416333 0.10134462 0.9925645 1.1663678e-07
1.9054862 -4.5234981 -0.5973441 0.04791791 -0.11246634 0.99249947 0
1.2045869 -2.8619125 -0.59610999 0.073953122 -0.1756479 0.98167139 1.4099885e-07
1.9959526 -3.0023696 -0.56477797 0.086731687 -0.12971194 0.98775119 3.8659024e-08
0.87512684 -2.0828173 -0.59506983 0.10014728 -0.23828717 0.96601748 3.1629381e-07
1.4319575 -2.152386 -0.58828431 0.12454033 -0.18713301 0.97440797 3.2086254e-07
1.4797201 -2.2247005 0.70573801 -0.14313623 0.21529503 0.96600211 2.107397e-07
1.444285 -2.186327 0.3170996 -0.067062482 0.1015824 0.9925642 6.5734099e-08
1.8721617 -2.8401299 -0.058665395 0.0097740637 -0.014512421 0.99984694 0
1.1908185 -2.8570356 -0.59420615 0.073122822 -0.17544158 0.98177052 1.1954319e-07
1.9759226 -2.9949033 -0.56204152 0.08648105 -0.12976027 0.9877668 0
0.8706283 -2.0925508 -0.59700799 0.099320464 -0.23862737 0.96601886 5.3395325e-07
1.4271276 -2.161432 -0.5894078 0.12386018 -0.18753383 0.97441763 4.3537929e-07
1.4736671 -2.2316055 0.70639527 -0.14247367 0.21663225 0.96580106 1.5740839e-07
1.4407371 -2.1975739 0.31801283 -0.066631369 0.10174695 0.99257636 2.8280763e-08
1.8773204 -2.869637 -0.059144109 0.0094016716 -0.014577568 0.99984956 0
1.1845776 -2.8702519 -0.59611171 0.072923556 -0.17666763 0.98156542 1.2582282e-07
0.86148292 -2.0911098 -0.59571558 0.098420858 -0.23888129 0.96604818 5.4430495e-07
1.4226308 -2.1702228 -0.59053141 0.12326829 -0.18797435 0.97440779 4.3620665e-07
1.457906 -2.2246332 0.7025072 -0.14165945 0.21626969 0.96600211 3.0163429e-07
1.3787999 -2.1131189 0.48334512 -0.10294554 0.16311561 0.98122144 0
1.4235587 -2.1880462 0.31588587 -0.066637866 0.10136012 0.99261552 2.0189255e-08
1.8773441 -2.8905077 -0.059448622 0.0097474894 -0.014577126 0.99984622 0
1.171771 -2.8675518 -0.5946815 0.071762688 -0.17558771 0.98184472 9.3259921e-08
1.9320482 -2.9734545 -0.55540097 0.085352324 -0.13024558 0.98780113 0
0.85909653 -2.1051388 -0.59894598 0.097773097 -0.23937967 0.9659906 5.3852983e-07
1.4097182 -2.167017 -0.58828348 0.12265311 -0.1884127 0.97440076 2.8060492e-07
1.4527719 -2.2337527 0.70379996 -0.14090699 0.21668932 0.96601808 3.0163429e-07
1.3660643 -2.1096883 0.48144057 -0.10304479 0.16174276 0.98143828 1.9710123e-08
1.413213 -2.1888378 0.31527531 -0.066335127 0.10180639 0.99259013 9.4532142e-09
1.8808129 -2.9180355 -0.059883777 0.0093735904 -0.014624286 0.99984914 0
1.1635922 -2.8761761 -0.59563386 0.07166715 -0.17727783 0.98154795 1.3641051e-07
1.9109302 -2.9635925 -0.5522759 0.084392667 -0.13224262 0.98761821 0
0.84813219 -2.099165 -0.59636122 0.096838862 -0.23958789 0.96603304 4.5794249e-07
1.4087701 -2.1821456 -0.59109253 0.12195878 -0.18882802 0.97440755 4.0580565e-07
1.4380102 -2.2289264 0.7005744 -0.14043334 0.21628159 0.96617842 8.0138669e-08
1.3543324 -2.1084943 0.48000932 -0.10299938 0.16049385 0.98164803 1.668896e-08
1.3934823 -2.1749747 0.31253725 -0.065251127 0.10307384 0.99253112 9.6374642e-10
1.8808997 -2.9417429 -0.060231347 0.0092251357 -0.01462485 0.99985051 0
1.1517236 -2.875663 -0.59467769 0.071172111 -0.1775202 0.98154014 1.4405957e-07
1.8952391 -2.9619322 -0.55071276 0.084574588 -0.1307018 0.98780775 0
0.8422218 -2.1067462 -0.59765309 0.095971383 -0.23996365 0.96602637 5.1331608e-07
1.398128 -2.1831968 -0.58996826 0.1209534 -0.18903553 0.97449261 4.2497228e-07
1.4293058 -2.2316532 0.69991964 -0.14043334 0.21628159 0.96617842 8.0138669e-08
1.3433629 -2.1067734 0.47857958 -0.10249357 0.16078787 0.98165286 6.7634062e-08
1.3752011 -2.1630931 0.31010023 -0.064971343 0.10346007 0.99250931 2.2918577e-08
1.8759874 -2.9567256 -0.060405176 0.0094916997 -0.014712202 0.9998467 0
1.8038146 -4.5436411 -0.59490776 0.044923745 -0.11334853 0.99253917 0
1.1416793 -2.879667 -0.59467113 0.071190894 -0.17861871 0.98133951 1.4640202e-09
1.8729513 -2.9497843 -0.5471977 0.083538644 -0.13249899 0.98765647 4.0494585e-10
0.83663613 -2.114166 -0.59894502 0.095141724 -0.24035501 0.96601117 5.6049305e-07
1.3948114 -2.1939795 -0.59166229 0.12104698 -0.19018753 0.97425681 2.0116475e-07
1.3386328 -2.1155925 0.47953317 -0.10192045 0.16113488 0.98165566 2.4181375e-07
1.3689699 -2.1699762 0.31040663 -0.064917997 0.10296208 0.99256462 2.6556643e-08
1.8755167 -2.9777236 -0.060709827 0.0091861999 -0.014715465 0.9998495 2.3217966e-11
1.7906634 -4.5568399 -0.59581983 0.04705381 -0.11544738 0.99219847 0
1.1334102 -2.8882041 -0.59563088 0.069185473 -0.17671478 0.9818275 1.1202901e-07
1.8573669 -2.9479542 -0.54563624 0.083196938 -0.13251868 0.9876827 4.9723781e-08
0.82522482 -2.1056826 -0.59571433 0.094351612 -0.24063039 0.96602005 5.6934658e-07
1.3858422 -2.1967785 -0.59109145 0.11993123 -0.19005555 0.97442055 1.298078e-07
1.3325487 -2.1223283 0.48001012 -0.10135483 0.16148609 0.98165649 2.7161448e-07
1.3600663 -2.1726406 0.31010258 -0.064559266 0.1031881 0.9925645 3.2972409e-08
1.8730763 -2.9969599 -0.060970873 0.0092053572 -0.014761138 0.99984866 4.8111093e-10
1.7783405 -4.5723147 -0.597036 -0.021372879 -0.061404619 0.99788409 0
1.1259829 -2.8990073 -0.5970605 0.06901709 -0.17764811 0.98167092 1.334914e-07
1.8523122 -2.9627874 -0.54720062 0.083196938 -0.13251868 0.9876827 4.9723781e-08
0.82135516 -2.1175597 -0.59829861 0.093488514 -0.24094866 0.96602464 3.6621722e-07
1.3794621 -2.2036653 -0.59165305 0.11927852 -0.19047882 0.97441798 1.4004968e-07
1.325132 -2.1269667 0.48001039 -0.10078749 0.16183546 0.98165739 2.2546483e-07
1.3511608 -2.1752694 0.30979854 -0.06420169 0.10341524 0.99256408 3.2972409e-08
1.8620795 -3.0038049 -0.060970686 0.0092053572 -0.014761138 0.99984866 4.8111093e-10
1.7659312 -4.5877595 -0.59825218 0.043378249 -0.11301693 0.99264568 0
1.4569036 -2.352138 -0.2384591 0.04550983 -0.07428401 0.99619812 0
1.1132193 -2.8960457 -0.59563279 0.068209931 -0.17754477 0.98174602 1.2957436e-07
1.8393505 -2.9650426 -0.54641491 0.08253742 -0.13213326 0.98778963 0
0.81272537 -2.1183004 -0.59765226 0.092609316 -0.24129578 0.96602267 5.2765569e-07
1.3584877 -2.1880322 -0.5860427 0.11867274 -0.1906126 0.97446579 9.6346298e-08
1.3328477 -2.1468737 0.66696006 -0.13520242 0.22085634 0.96588963 1.181043e-07
1.315111 -2.1274095 0.47905681 -0.10120336 0.16238457 0.98152387 1.2485728e-07
1.346171 -2.1841927 0.31040743 -0.063825242 0.1036384 0.9925651 1.5417254e-09
1.8581445 -3.0209234 -0.061187584 0.0092645427 -0.014825711 0.99984717 0
1.7482227 -4.5918818 -0.59794766 0.043861337 -0.11511155 0.99238378 0
1.4395312 -2.3423715 -0.23693602 0.045291997 -0.074701898 0.99617684 1.2986045e-08
1.1074591 -2.9113863 -0.59801424 0.067875817 -0.17832148 0.98162842 1.414942e-07
1.4359472 -2.3347988 -0.42807001 -0.021315658 -0.034284826 0.99918479 0
0.80789191 -2.1278999 -0.59959042 0.091797002 -0.24165739 0.96600986 2.6168385e-07
1.3534055 -2.1969056 -0.58716208 0.11817925 -0.19137526 0.97437632 4.4154788e-08
1.323698 -2.1496878 0.66632551 -0.1351376 0.22223051 0.96558344 1.105423e-07
1.3124514 -2.1405745 0.48096418 -0.10096711 0.16264001 0.98150593 1.4003578e-08
1.3437321 -2.1973369 0.311625 -0.063494124 0.10386694 0.99256241 3.7124902e-08
1.7330574 -4.6002789 -0.5982514 0.04243717 -0.11255233 0.99273914 0
1.4313459 -2.3473818 -0.23693958 0.045291997 -0.074701898 0.99617684 1.2986046e-08
1.0947005 -2.9083416 -0.59658414 0.066823021 -0.17752923 0.98184419 6.9307255e-08
1.4290782 -2.3419027 -0.4284603 -0.021315658 -0.034284826 0.99918479 0
0.80130672 -2.1329687 -0.60023636 0.090904772 -0.24191166 0.9660306 3.1210269e-07
1.3368093 -2.1870837 -0.58322471 0.11791568 -0.19087857 0.97450566 4.4071449e-10
1.31151 -2.1458342 0.66373312 -0.13488857 0.22073214 0.96596187 1.3680933e-07
1.3425087 -2.2126093 0.31315127 -0.063441128 0.10414894 0.99253625 2.6758897e-08
1.4218155 -2.3501408 -0.047250751 0.0089899637 -0.014877591 0.9998489 0
1.7169267 -4.6036749 -0.59794688 0.04242542 -0.11249591 0.99274606 0
1.4209681 -2.3478589 -0.23650289 0.044987664 -0.07333862 0.99629188 2.9145664e-09
1.086252 -2.9167461 -0.59753853 0.066764653 -0.17952171 0.98148584 1.1301597e-07
1.4221774 -2.3489869 -0.42885059 -0.021315658 -0.034284826 0.99918479 0
0.7921775 -2.1312237 -0.59894395 0.090068825 -0.24225533 0.96602273 2.3902032e-07
1.3040115 -2.1503994 0.66373336 -0.13408826 0.22116864 0.9659735 2.9891459e-07
1.3360608 -2.2194064 0.3134515 -0.062753096 0.10430121 0.99256402 2.2514355e-08
1.3447797 -2.238214 0.13511141 -0.026691454 0.045254879 0.99861884 1.3868467e-11
1.4153048 -2.3569837 -0.047294129 0.0089637153 -0.014895346 0.9998489 4.4657181e-10
1.6982722 -4.6026549 -0.5970341 0.042300027 -0.11458065 0.99251294 0
1.4101923 -2.3485386 -0.23606636 0.044987664 -0.07333862 0.99629188 2.9145664e-09
1.073523 -2.91361 -0.59610742 0.065818779 -0.1785503 0.98172688 1.4811647e-07
1.3183372 -2.1953409 -0.39955714 0.080022998 -0.13410665 0.98773062 0
0.78593785 -2.1361063 -0.59958994 0.089255311 -0.24253921 0.96602702 4.8319544e-07
1.2853488 -2.1356728 -0.56692922 0.11545126 -0.19314061 0.97435504 0
1.2977459 -2.1570048 0.66437995 -0.13324836 0.22151695 0.96600991 3.6190914e-07
1.3434734 -2.2422993 0.5009824 -0.097217485 0.16447566 0.98157859 6.3843814e-08
1.3372384 -2.2389529 0.31558278 -0.062150616 0.10431749 0.9926002 1.536792e-08
1.3292662 -2.230041 0.13432659 -0.026597604 0.045347165 0.99861717 2.2411308e-09
1.4006543 -2.3511834 -0.047075998 0.0089407954 -0.014952181 0.99984825 1.4243644e-09
1.6847456 -4.6155491 -0.59794617 0.041391127 -0.11363754 0.99265969 0
1.065024 -2.9219518 -0.59706056 0.0655604 -0.17999837 0.9814797 1.2949467e-07
0.77682877 -2.1342967 -0.5982976 0.088424586 -0.24290486 0.96601152 4.140341e-07
1.2728745 -2.1317887 -0.56468594 0.11490162 -0.1929411 0.97445953 4.9189957e-08
1.2902088 -2.1615217 0.66438025 -0.13248627 0.22201139 0.96600121 5.7546578e-07
1.3356375 -2.246974 0.50098962 -0.097217485 0.16447566 0.98157859 6.3843814e-08
1.3306837 -2.2457397 0.31588694 -0.061902255 0.10446538 0.99260014 1.6584377e-08
1.31765 -2.2282274 0.13393524 -0.026466258 0.045676686 0.99860561 1.6526164e-09
1.3911632 -2.3539083 -0.047032531 0.0089008426 -0.015148409 0.99984562 1.8604661e-10
1.6677823 -4.6190677 -0.59764165 0.041654758 -0.11492226 0.99250078 0
1.0539874 -2.9233429 -0.59658188 0.064880811 -0.17972629 0.98157471 1.4814947e-07
0.76937407 -2.1369948 -0.59829736 0.087571137 -0.24318476 0.96601886 5.593634e-07
1.2728989 -2.1487811 -0.56805325 0.11490162 -0.1929411 0.97445953 4.9189957e-08
1.2814212 -2.1639364 0.6637342 -0.13168828 0.22244874 0.96600974 2.4830524e-07
1.3227847 -2.243176 0.49907917 -0.096820496 0.16423608 0.98165792 1.8850665e-07
1.3140075 -2.2354121 0.31375659 -0.061658531 0.10495438 0.99256372 1.874575e-08
1.3035283 -2.2220578 0.13327941 -0.026472859 0.045186542 0.99862772 2.2265796e-09
1.3804023 -2.3544416 -0.046945434 0.0088149756 -0.014854965 0.99985081 6.7896705e-10
1.6549829 -4.6342096 -0.59885776 0.040621396 -0.1140602 0.992643 0
1.2806691 -2.185029 -0.21802402 0.043609835 -0.076473624 0.99611747 0
1.0437769 -2.9270046 -0.59657991 0.064474449 -0.18057786 0.98144519 1.3603467e-07
0.76110184 -2.1373918 -0.59765106 0.086717285 -0.24346827 0.96602452 1.5726522e-07
1.253009 -2.1322324 -0.56243348 0.11389109 -0.19376405 0.97441489 1.877125e-07
1.2750869 -2.1704762 0.66438073 -0.13091604 0.22290576 0.96600932 4.7024557e-08
1.3174323 -2.252012 0.50003278 -0.096253648 0.16460465 0.98165196 1.8850665e-07
1.306196 -2.2399848 0.31376177 -0.06118609 0.10558647 0.99252594 2.7504305e-08
1.2945044 -2.2244389 0.13314958 -0.026368616 0.045567889 0.99861318 9.5195474e-10
1.3721755 -2.359246 -0.046944283 0.0088149756 -0.014854965 0.99985081 6.7896766e-10
1.6379713 -4.637619 -0.59855336 0.040831327 -0.11511937 0.99251211 0
1.2692668 -2.1830337 -0.21737289 0.04376135 -0.074674286 0.99624729 2.5300249e-09
1.0351833 -2.9352612 -0.5975281 0.06251131 -0.17766611 0.98210341 9.922887e-08
1.2551754 -2.1580963 -0.38940367 0.078187056 -0.13578422 0.98764843 1.1982895e-08
0.75443661 -2.1423142 -0.598297 0.085862152 -0.24375483 0.96602863 2.9460679e-07
1.2418659 -2.1302867 -0.56074804 0.11303359 -0.19595271 0.97407699 4.4480803e-08
1.2687227 -2.1769984 0.66502732 -0.13014701 0.22336976 0.96600604 1.4518916e-08
1.304621 -2.2481155 0.49812639 -0.095686987 0.16496648 0.9816466 2.2694543e-07
1.2908912 -2.2316568 0.31193122 -0.060930055 0.10530827 0.99257123 6.0115788e-08
1.2842276 -2.2246242 0.13288717 -0.026156697 0.045373891 0.9986276 1.1858402e-08
1.3589203 -2.3553693 -0.046770032 0.0087804338 -0.01497722 0.99984926 0
1.6258595 -4.6550226 -0.6000737 0.039358933 -0.11411005 0.99268818 0
1.2591424 -2.183141 -0.21693622 0.04376135 -0.074674286 0.99624729 2.5300249e-09
1.0241241 -2.936538 -0.59705681 0.061987296 -0.17749017 0.98216844 5.0315968e-08
1.2402071 -2.1496456 -0.38705638 0.077676155 -0.13616771 0.98763597 6.0797092e-08
0.74616176 -2.142653 -0.59765071 0.085018449 -0.24406746 0.96602428 5.5435089e-07
1.2319751 -2.1303957 -0.5596236 0.1125264 -0.19465838 0.97439516 1.2628969e-07
1.2647537 -2.1876795 0.66696447 -0.13208239 0.22416969 0.96555799 1.4210667e-08
1.2992218 -2.2569051 0.49907997 -0.09509822 0.16525702 0.98165494 2.8717406e-07
1.2806157 -2.2318492 0.31132281 -0.060559552 0.10558369 0.99256468 3.734046e-08
1.2801878 -2.2355862 0.1332802 -0.026000498 0.045457095 0.9986279 1.1858402e-08
1.6112188 -4.6653609 -0.6006816 0.042097453 -0.11795519 0.99212617 0
1.2424499 -2.1726236 -0.21541478 0.043197893 -0.075427815 0.99621511 1.6058738e-08
1.0138675 -2.9400947 -0.59705603 0.062840208 -0.18202144 0.9812845 4.8039389e-08
1.2339264 -2.1561022 -0.3874478 0.077627592 -0.13556726 0.9877224 7.5250128e-08
0.74065524 -2.1522267 -0.59958887 0.08411596 -0.24437094 0.9660266 5.588422e-07
1.2265903 -2.1391187 -0.56074709 0.11181619 -0.19494285 0.97442007 4.1418923e-07
0.64525735 -1.878424 0.45020166 -0.071600325 0.21240392 0.97455525 2.4943359e-08
1.2643404 -2.2046356 0.67085111 -0.12716424 0.2240743 0.96624011 8.9307733e-08
1.2876735 -2.2550395 0.49765024 -0.094750591 0.165821 0.98159349 1.7741894e-07
1.2728173 -2.236306 0.31132308 -0.060181927 0.10577936 0.99256682 6.0143613e-08
1.2645659 -2.2272503 0.13249494 -0.025828084 0.04553451 0.9986288 1.4247882e-08
1.5965102 -4.6782813 -0.60159361 0.039084375 -0.11456185 0.99264699 0
1.23116 -2.1704555 -0.21476312 0.04267833 -0.076070718 0.99618864 2.5378823e-08
1.0028081 -2.9412923 -0.59658134 0.061516915 -0.1803688 0.98167348 1.504945e-07
1.2251697 -2.1582513 -0.38705698 0.07715264 -0.13585234 0.98772043 1.3035014e-07
0.73313814 -2.1547987 -0.59958875 0.083245084 -0.24461815 0.96603948 5.810237e-07
1.219116 -2.1433873 -0.56074685 0.11114322 -0.19534752 0.97441602 1.9339676e-07
0.64227122 -1.8923141 0.45301124 -0.071754165 0.21257348 0.97450697 3.2582872e-08
1.2634381 -2.2218385 0.67472303 -0.12628634 0.22462597 0.96622717 6.2639813e-08
1.2806126 -2.2618775 0.49812722 -0.093916818 0.16593646 0.98165405 1.373763e-07
1.2613319 -2.2342594 0.31041035 -0.05982361 0.10605113 0.99255949 9.9540443e-08
1.2555548 -2.2294779 0.13236427 -0.02566989 0.045631614 0.99862844 2.1538536e-08
1.5785857 -4.6791229 -0.60098499 0.039153781 -0.11617788 0.99245638 0
1.2235762 -2.1747396 -0.21476217 0.042659134 -0.075766899 0.9962126 1.862578e-08
0.99488205 -2.9517531 -0.5980128 0.061361201 -0.1813987 0.98149341 1.122341e-07
1.2151974 -2.158216 -0.38627559 0.076674417 -0.13612133 0.98772061 1.0200398e-07
0.7233085 -2.1504757 -0.59765023 0.08244095 -0.24498945 0.96601433 5.8639233e-07
1.2116269 -2.1476297 -0.56074661 0.1104601 -0.19573635 0.97441566 2.4150339e-08
0.63367361 -1.8875033 0.45132601 -0.071534008 0.2131338 0.97440076 3.4177864e-07
1.2572528 -2.2281153 0.67537802 -0.12482901 0.22443955 0.96645981 9.7042012e-08
1.2743107 -2.268249 0.49860412 -0.093544945 0.1664242 0.98160702 2.0987459e-07
1.2523088 -2.2364857 0.31010631 -0.059440918 0.10620797 0.99256569 1.0205597e-07
1.2481545 -2.233629 0.13236451 -0.025508758 0.045692626 0.99862981 1.373668e-08
1.2460493 -2.2326136 -0.043938424 0.0084598856 -0.01526715 0.99984765 1.155916e-11
1.5638452 -4.6866865 -0.60128886 0.038396005 -0.11470911 0.99265683 0
1.2127035 -2.1722679 -0.21410979 0.042407341 -0.075905167 0.99621284 1.2694585e-08
0.983024 -2.9505503 -0.59705925 0.059946533 -0.18009798 0.98182029 9.684161e-08
1.2088646 -2.1645982 -0.38666591 0.076199472 -0.13638675 0.98772073 1.1107876e-07
0.71807736 -2.1598644 -0.59958839 0.081551798 -0.2452293 0.96602893 5.6496276e-07
1.2009165 -2.1452656 -0.55906075 0.10980431 -0.19618951 0.97439861 7.8913132e-08
0.62631619 -1.8873907 0.45076406 -0.070787124 0.21338034 0.97440135 4.9936006e-07
1.2542011 -2.2409117 0.67796153 -0.12888159 0.2264957 0.96544766 4.8783303e-08
1.2675835 -2.2748251 0.49908099 -0.092583805 0.16635728 0.98170948 2.5617905e-07
1.2457031 -2.2430105 0.31041086 -0.059075318 0.10642925 0.99256378 4.1116326e-08
1.2379218 -2.2336097 0.13210292 -0.025362657 0.045826059 0.99862742 1.276584e-08
1.2297467 -2.2216561 -0.043633044 0.0084162978 -0.015315784 0.99984729 6.8066769e-10
1.5451472 -4.6850457 -0.60037601 0.038176332 -0.11706416 0.99239033 0
1.2035236 -2.1745214 -0.21389218 0.042130347 -0.076057859 0.99621296 1.5103241e-08
0.97578317 -2.9632897 -0.59896535 0.059853528 -0.18147978 0.9815715 1.1970091e-07
1.2025019 -2.1709626 -0.38705626 0.075725265 -0.13665171 0.98772061 1.5034887e-07
0.71128565 -2.1646531 -0.60023433 0.080703385 -0.24552581 0.96602488 4.807805e-07
1.1906731 -2.1453972 -0.55793673 0.10909062 -0.19647065 0.97442216 1.1043497e-07
0.61593992 -1.8779883 0.447954 -0.070048951 0.21363685 0.97439849 6.2687747e-07
1.2487228 -2.2494938 0.67925686 -0.12409914 0.22560115 0.96628338 1.2233582e-07
1.2632079 -2.2856734 0.50051135 -0.09245038 0.16720195 0.98157853 2.7582985e-07
1.2354637 -2.2430024 0.30980247 -0.058711044 0.10664757 0.992562 5.1567838e-08
1.2285206 -2.2359457 0.13197225 -0.025194108 0.045917086 0.99862748 2.2344986e-08
1.2243981 -2.2303131 -0.043720089 0.0084070759 -0.015255217 0.99984831 9.3623065e-10
1.5271978 -4.6883183 -0.60007155 0.03849002 -0.11880506 0.99217129 0
1.1983309 -2.1830714 -0.21432666 0.04186675 -0.076207973 0.9962126 3.4194134e-08
0.96240169 -2.957341 -0.59705842 0.05887736 -0.18099955 0.9817192 1.3276964e-07
1.1973025 -2.1794705 -0.38783711 0.075253814 -0.13692021 0.98771948 1.8006763e-07
0.7037254 -2.1671228 -0.60023415 0.079847015 -0.24580747 0.9660244 4.495115e-07
1.1808197 -2.145277 -0.55681276 0.1084002 -0.19715789 0.97436041 1.6890861e-07
0.60980088 -1.8825517 0.44851628 -0.069260687 0.2138849 0.97440046 2.3593445e-07
1.2474804 -2.2667398 0.68312538 -0.12317166 0.22580695 0.96635395 1.1547839e-07
1.2536389 -2.2881374 0.50003493 -0.091038227 0.16666281 0.98180217 2.6673496e-07
1.2276266 -2.2473013 0.30980271 -0.058341678 0.10685606 0.99256134 6.208117e-08
1.2219069 -2.2424107 0.13210344 -0.02503274 0.045997281 0.99862784 1.6798285e-08
1.2154061 -2.2323799 -0.043676287 0.0083536115 -0.015285319 0.99984831 1.5184151e-09
1.5108234 -4.6936202 -0.60007119 0.037913125 -0.11702338 0.99240524 0
1.1930929 -2.1916115 -0.21476118 0.041606229 -0.076361448 0.99621177 5.743852e-08
0.95582217 -2.9723673 -0.59943664 0.058294885 -0.18106261 0.98174232 1.2599592e-07
1.1885021 -2.1814709 -0.38744631 0.074770302 -0.13717486 0.98772085 2.0010278e-07
0.69542062 -2.1672657 -0.59958792 0.078952625 -0.24602641 0.96604216 5.7210701e-07
1.1698104 -2.142978 -0.55512691 0.10770964 -0.19726057 0.9744162 4.1826965e-08
0.60799855 -1.8984872 0.45188862 -0.068528466 0.21403937 0.97441828 2.6702298e-07
1.2399555 -2.2708621 0.68313313 -0.12379694 0.22688535 0.96602142 1.7342263e-07
1.2472202 -2.2944365 0.50051183 -0.090642609 0.16712974 0.98175943 2.1291258e-07
1.2233323 -2.258112 0.31071594 -0.057968613 0.10705315 0.992562 4.4357261e-08
1.2144641 -2.2464504 0.13210376 -0.029037749 0.053799514 0.99812949 2.0754321e-08
1.2064146 -2.2344117 -0.043632533 0.0082620159 -0.015243857 0.99984968 1.6561523e-09
1.4967536 -4.7033343 -0.60067916 0.035607118 -0.11371282 0.9928754 0
1.1870062 -2.1977448 -0.21497831 0.041374199 -0.076539613 0.99620771 1.7505913e-08
0.94395769 -2.9710069 -0.59848452 0.057575412 -0.18111059 0.98177594 1.1458214e-07
1.1749908 -2.1747549 -0.38549322 0.074246608 -0.13734871 0.98773617 2.0696311e-07
0.69076252 -2.1788909 -0.6021722 0.078228049 -0.24649437 0.96598184 6.0532085e-07
1.1603692 -2.1425657 -0.55400294 0.10704564 -0.19759691 0.9744212 1.8430573e-07
0.59770513 -1.8889819 0.4490785 -0.067890495 0.21445364 0.97437185 2.5256617e-07
1.2343297 -2.2794213 0.68441999 -0.12476785 0.22818841 0.96558946 9.5731011e-08
1.2415401 -2.3030922 0.50146544 -0.090438209 0.16781956 0.9816606 1.6983439e-07
1.2166207 -2.2645521 0.31102049 -0.057563063 0.10722289 0.99256724 3.7738698e-08
1.2042478 -2.2462797 0.13184208 -0.025202693 0.047116555 0.9985714 1.8374948e-08
1.2001827 -2.2406011 -0.043675795 0.008269079 -0.015396849 0.99984729 3.2005607e-09
1.4810703 -4.7108979 -0.60098296 0.036925256 -0.11643142 0.99251211 0
1.1793276 -2.2018747 -0.21497805 0.04114145 -0.076757409 0.99620062 2.7118073e-08
0.93138134 -2.9672592 -0.59704655 0.057365965 -0.18336913 0.9813689 3.2275629e-08
1.1732439 -2.1897151 -0.38744584 0.073782064 -0.13771881 0.98771948 1.1306805e-07
0.68209302 -2.1765594 -0.60087973 0.077286854 -0.24662821 0.96602345 4.3326014e-07
1.1528832 -2.1466031 -0.55400264 0.1063285 -0.19792254 0.97443366 1.3501155e-07
0.59472954 -1.902685 0.4518916 -0.067852437 0.21442269 0.97438133 1.1999865e-07
1.2320973 -2.2943437 0.68765205 -0.12024349 0.22691205 0.96646386 1.2360117e-07
1.2334931 -2.3074119 0.50146568 -0.08974921 0.16806643 0.98168159 1.7877448e-07
1.2098793 -2.2709732 0.31132454 -0.058149036 0.10755716 0.99249691 3.1828197e-08
1.1987513 -2.2548745 0.13210405 -0.02786297 0.05236499 0.99823922 2.1347553e-08
1.1911777 -2.2425716 -0.043632016 0.0081771621 -0.015351016 0.99984872 2.8101266e-09
1.4697623 -4.7326298 -0.60311162 0.039488211 -0.11774024 0.99225903 0
1.1716344 -2.2059777 -0.21497782 0.040911216 -0.076978542 0.99619305 1.6583611e-08
0.9224683 -2.9751799 -0.59800565 0.057102747 -0.18292905 0.98146635 3.2631576e-08
1.1632677 -2.18944 -0.38666677 0.073929965 -0.13794394 0.98767698 9.1195382e-08
0.6752035 -2.1812348 -0.60152608 0.076431058 -0.24697769 0.96600223 3.4653581e-07
1.1453832 -2.1506143 -0.55400252 0.1056627 -0.19838393 0.97441226 3.1463668e-07
0.58918363 -1.9095098 0.45301196 -0.067720853 0.21489559 0.97428626 1.1458344e-08
1.2259568 -2.3031037 0.68894529 -0.11838164 0.22660287 0.96676624 3.229075e-08
1.2296385 -2.3205819 0.50338 -0.090307951 0.16911291 0.98145062 9.1320452e-08
1.2077599 -2.2861421 0.3128477 -0.057910252 0.10776395 0.99248844 4.1205692e-09
1.1904788 -2.2592528 0.13210389 -0.025194461 0.04783072 0.99853766 2.4447314e-08
1.1806133 -2.2425032 -0.043545406 0.0081009511 -0.015329323 0.99984968 1.9779156e-09
1.4589435 -4.7593393 -0.6058504 0.035292245 -0.11607694 0.99261302 0
1.1647058 -2.2124593 -0.21519424 0.041106954 -0.077005669 0.99618286 6.3727019e-09
0.91279495 -2.9807293 -0.59847933 0.054401826 -0.17935242 0.98227954 0
1.1567734 -2.1956699 -0.38705355 0.073226087 -0.13751495 0.98778921 3.3624907e-08
0.66720444 -2.1836946 -0.60152632 0.075546071 -0.24739403 0.96596533 3.2823766e-07
1.1352105 -2.1504936 -0.55287927 0.10911389 -0.20442446 0.97278202 3.6801379e-07
1.2205751 -2.3114221 0.6902433 -0.12027063 0.22833261 0.96612585 1.4743195e-07
1.2219371 -2.3246484 0.50337201 -0.087852955 0.16820639 0.98182917 1.4193779e-07
1.2055491 -2.3013244 0.31436923 -0.054363627 0.10754488 0.9927128 2.2059303e-09
0.59155685 -1.9414994 0.034897611 -0.0050143013 0.016794404 0.9998464 0
1.1806592 -2.2587671 0.13184188 -0.023952622 0.045894548 0.99865907 2.779721e-08
1.1727782 -2.2466104 -0.043545235 0.0080147441 -0.015442683 0.9998486 1.1541158e-09
1.166618 -2.2339532 -0.21693447 0.040670596 -0.076968983 0.99620366 0
0.65888244 -2.1836977 -0.60088021 0.074703291 -0.24755368 0.96598995 6.4761394e-08
1.1303418 -2.1585579 -0.55400264 0.10426443 -0.19908679 0.97441953 4.1582359e-07
1.2214926 -2.3327692 0.69540977 -0.11955249 0.22927541 0.96599174 6.8914837e-08
1.2183672 -2.3375959 0.50528336 -0.089506365 0.16963786 0.98143345 1.6935902e-08
0.56976122 -1.8910389 0.16981383 -0.024679441 0.083924085 0.99616647 0
1.2032473 -2.316519 0.31588989 -0.055008862 0.10775882 0.99265403 0
0.58190471 -1.9339753 0.034723092 -0.0050167022 0.016732903 0.99984741 1.2912778e-10
1.1727674 -2.2628746 0.13184218 -0.024083694 0.046520386 0.99862695 1.2854527e-08
0.59165436 -1.9702356 -0.10589899 0.014696241 -0.050373912 0.9986223 5.8406951e-10
1.1687821 -2.2571402 -0.043675639 0.0080284951 -0.015454652 0.99984837 9.1797392e-10
0.87444592 -2.9282291 -0.58656651 0.054325495 -0.18301584 0.98160785 0
0.65163791 -2.1858716 -0.60087651 0.074800551 -0.24544272 0.96652097 6.5790388e-08
1.1216733 -2.1603305 -0.55344069 0.10357744 -0.19941883 0.9744249 3.7602962e-07
1.2055255 -2.3220291 0.69088519 -0.11988586 0.22905445 0.96600282 1.4020023e-07
0.55777562 -1.8748059 0.30400935 -0.044152543 0.15004297 0.98769307 1.3976253e-08
1.2124609 -2.3461905 0.50623995 -0.086894207 0.16919741 0.98174417 7.106155e-08
0.56032574 -1.8834651 0.16894284 -0.024433881 0.083858415 0.99617809 1.278449e-08
1.1985738 -2.327317 0.3168031 -0.055008862 0.10775882 0.99265403 0
0.57585979 -1.9383914 0.034766667 -0.0050167022 0.016732903 0.99984741 1.2912778e-10
1.1671515 -2.2713916 0.13210432 -0.023911258 0.046591543 0.99862778 7.4364506e-09
0.58052909 -1.9579233 -0.10511406 0.014599954 -0.050430559 0.99862087 4.4587347e-09
1.154022 -2.2478764 -0.043414101 0.0080480389 -0.015477137 0.99984783 8.1510565e-10
0.64128417 -2.1788623 -0.59829551 0.072984613 -0.24792464 0.96602619 1.0798403e-07
1.1152447 -2.1663969 -0.55400234 0.10288588 -0.19980022 0.97442001 3.7834022e-07
1.2085044 -2.3476756 0.69734961 -0.11899402 0.22981304 0.96593291 4.4734708e-08
0.54568022 -1.857783 0.3008799 -0.04318355 0.15073825 0.98763007 1.4817846e-08
1.2121245 -2.3656843 0.50957257 -0.086258501 0.16946933 0.98175335 7.7961779e-08
0.55304825 -1.8830191 0.1687268 -0.024433881 0.083858415 0.99617809 1.278449e-08
0.56207865 -1.916397 0.034329511 -0.0048915911 0.016787071 0.99984711 6.3144723e-10
1.1580783 -2.2732294 0.13197362 -0.023750192 0.046677209 0.99862766 1.0991603e-08
0.57299209 -1.9575411 -0.10498457 0.014599954 -0.050430559 0.99862087 4.4587347e-09
1.1560131 -2.2721231 -0.043805804 0.0079304548 -0.015519352 0.99984813 1.3254565e-09
1.7073622 -3.3481832 -0.58897996 0.072399795 -0.14007547 0.9874903 0
0.62792337 -2.1626391 -0.59312612 0.071034551 -0.24917813 0.96584904 3.600886e-08
1.1039635 -2.1639662 -0.55231649 0.10216577 -0.20020132 0.97441345 2.7758449e-07
0.54056555 -1.8655748 0.44008237 -0.06114867 0.21595703 0.97448623 8.1269881e-08
1.2025057 -2.356179 0.69863731 -0.11837684 0.2303893 0.96587145 0
0.53782153 -1.8549316 0.30009988 -0.043527164 0.15006647 0.98771727 4.327665e-08
1.2038592 -2.3699007 0.509574 -0.086029738 0.1696423 0.98174351 3.4753747e-08
0.54130834 -1.8682839 0.16719836 -0.024250152 0.083742484 0.99619234 2.2439337e-08
0.55366617 -1.9136406 0.034242131 -0.0049686925 0.016534293 0.99985093 3.2380463e-11
1.1519971 -2.2819118 0.13223572 -0.026258176 0.04860286 0.99847299 8.2304537e-09
0.56512326 -1.9572289 -0.10485266 0.014529022 -0.050228406 0.99863207 8.5427194e-09
1.1503344 -2.2806041 -0.043892425 0.0072799418 -0.014979989 0.9998613 8.1755885e-10
0.58060706 -2.0150132 -0.25274032 0.031910513 -0.11897964 0.99238378 0
2.765964 -5.4693837 -0.53190207 0.039364453 -0.0781174 0.99616671 0
1.7001317 -3.3629313 -0.59054345 0.069611512 -0.13890049 0.98785669 3.8182875e-09
0.61970711 -2.1624947 -0.59248459 0.071034551 -0.24917813 0.96584904 3.600886e-08
1.1019214 -2.1786652 -0.55512559 0.10142722 -0.2005036 0.97442847 4.1090883e-07
0.53372377 -1.8675423 0.44008908 -0.06114867 0.21595703 0.97448623 8.1269881e-08
0.53101915 -1.8568904 0.3001 -0.04316017 0.14978777 0.98777568 6.1428686e-08
1.1995943 -2.3830585 0.51147681 -0.08692722 0.17044237 0.9815259 0
0.53546584 -1.8725574 0.16741647 -0.02394277 0.083856717 0.99619013 3.2355377e-08
0.54493105 -1.908349 0.03411112 -0.0047824816 0.016830241 0.99984694 8.2651347e-10
1.1462674 -2.2903802 0.13249852 -0.02402682 0.047153503 0.99859864 2.4180873e-09
0.55624223 -1.9519846 -0.10446032 0.014350456 -0.050284855 0.99863183 1.199962e-08
1.1434886 -2.2868397 -0.043936159 0.0075663528 -0.015295638 0.99985439 1.1166629e-10
0.57086396 -2.0074778 -0.25152516 0.033931375 -0.11608951 0.99265897 4.1822541e-09
2.7468557 -5.4790058 -0.53190154 0.038908452 -0.077211834 0.99625522 0
1.6917096 -3.3754637 -0.5917179 0.07002154 -0.14003204 0.98766798 4.5522686e-08
0.6095348 -2.1553473 -0.58989525 0.07161811 -0.24753268 0.96622896 3.1730787e-10
1.0943099 -2.1824982 -0.55512542 0.10074184 -0.20087038 0.974424 3.4362631e-07
0.53016472 -1.8786829 0.44233462 -0.06114867 0.21595703 0.97448623 8.1269881e-08
0.5235213 -1.8538868 0.29931861 -0.042603187 0.15006082 0.98775846 6.7298309e-08
0.52623028 -1.8648247 0.1665466 -0.023778701 0.083665706 0.99621016 1.640589e-08
0.5365718 -1.9029261 0.033980045 -0.0047272211 0.016844071 0.99984694 1.3894106e-09
1.1408937 -2.2986374 0.1327596 -0.023596285 0.04695835 0.99861813 4.1821044e-10
0.54639679 -1.9417989 -0.1038065 0.014179579 -0.050359737 0.99863046 3.8416057e-09
1.1366131 -2.2930543 -0.043979201 0.0075663528 -0.015295638 0.99985439 1.1166629e-10
0.5621981 -2.0021906 -0.25061521 0.032117303 -0.11814333 0.992477 1.9217769e-08
2.723119 -5.4769378 -0.53081423 0.039001402 -0.076184645 0.99633068 0
1.6777139 -3.3769276 -0.59093976 0.069412552 -0.13975631 0.98774999 9.4200615e-08
0.5968315 -2.1388478 -0.58472663 0.067619346 -0.25049049 0.96575469 0
1.0881554 -2.1882944 -0.55568707 0.10007645 -0.20120515 0.97442353 2.1577104e-07
0.51774454 -1.8593954 0.43727604 -0.060290512 0.21657541 0.97440243 6.411409e-08
0.51572615 -1.8509444 0.29853722 -0.041949384 0.15053225 0.98771471 4.0463927e-08
0.51804554 -1.8593601 0.1658908 -0.02338334 0.08400052 0.99619132 2.7554947e-08
0.5265882 -1.8927433 0.033761516 -0.0046723648 0.016856803 0.99984699 1.1706853e-09
0.53894979 -1.941288 -0.10367563 0.014020965 -0.05035061 0.99863321 7.1010264e-09
0.55124468 -1.9897891 -0.24878611 0.032478623 -0.11725344 0.99257082 3.0996777e-08
2.6962657 -5.470778 -0.52929205 0.03820407 -0.079602167 0.99609435 0
0.56608963 -2.0491209 -0.40597332 0.093449973 -0.12949814 0.98716629 0
1.6713849 -3.3938341 -0.59288651 0.068742096 -0.13952368 0.9878298 6.3031678e-08
0.58653921 -2.1291707 -0.581496 0.070013627 -0.24809358 0.96620274 0
1.0805103 -2.1920793 -0.55568683 0.099358663 -0.20151992 0.97443193 3.5403022e-07
0.51125085 -1.8611914 0.43727615 -0.059533928 0.21679413 0.97440034 6.411409e-08
0.50795805 -1.84797 0.29775584 -0.041302182 0.1509871 0.98767251 2.8753078e-08
0.51089442 -1.8587551 0.16567293 -0.023081683 0.08409024 0.99619079 1.9903354e-08
0.52261478 -1.9042146 0.033936556 -0.0046119224 0.01687244 0.99984699 1.1706853e-09
0.53085601 -1.9383404 -0.10341403 0.013827844 -0.050441083 0.9986313 5.8196763e-09
1.2979009 -2.6622014 -0.050989553 0.0075710281 -0.015589638 0.9998498 0
0.54103643 -1.9797301 -0.24726529 0.032092094 -0.11730887 0.99257684 6.6477909e-08
2.6716783 -5.4689717 -0.52820468 0.037071604 -0.094272174 0.994856 0
0.55636126 -2.0416107 -0.40406886 0.04904997 -0.18523124 0.98147005 5.6538378e-09
1.6584421 -3.3974297 -0.59249669 0.068267748 -0.13969424 0.98783857 5.6521095e-08
0.57342315 -2.1102252 -0.57568008 0.066538379 -0.25039881 0.96585357 2.0568431e-08
1.0707047 -2.1914639 -0.55456287 0.098731309 -0.2020278 0.97439051 4.3815456e-07
0.50030851 -1.8465009 0.43334454 -0.059821811 0.21620269 0.97451413 1.1942804e-08
0.5002169 -1.8449641 0.29697445 -0.040870126 0.15088591 0.98770595 9.9413214e-08
0.49985859 -1.8436967 0.16414711 -0.022797951 0.08415819 0.99619156 1.9480792e-08
0.51271099 -1.8939601 0.033718023 -0.0045537618 0.016888879 0.99984699 1.6107184e-09
0.52278936 -1.93536 -0.10315243 0.013653237 -0.050486069 0.99863142 8.2654825e-09
1.2892255 -2.6691895 -0.051032789 0.0075651901 -0.015576652 0.99985003 3.7378759e-12
0.53669661 -1.9911925 -0.24848172 0.031676292 -0.1174557 0.99257278 4.6096407e-08
2.6461823 -5.4675221 -0.52711725 0.037939336 -0.079927154 0.99607843 0
0.54669249 -2.0340579 -0.40216109 0.049491685 -0.18405929 0.98166835 5.3272544e-08
1.6422606 -3.3943129 -0.59092945 0.06846007 -0.14199643 0.98749697 3.6398301e-08
0.56443977 -2.1076458 -0.57438815 0.067955747 -0.24728873 0.96655589 4.7040512e-08
1.0647967 -2.1997547 -0.55568635 0.097941764 -0.20227776 0.97441834 1.963641e-07
0.4907279 -1.8364656 0.4305346 -0.056826279 0.21809193 0.97427237 1.9472928e-08
0.48996153 -1.8323822 0.29463002 -0.040355299 0.15099877 0.98770988 2.3278501e-08
0.49309769 -1.8455162 0.16414723 -0.022488635 0.08424636 0.99619114 2.3389562e-08
0.50512385 -1.8934107 0.033674411 -0.0044929064 0.016904021 0.99984699 1.4276201e-09
0.5144127 -1.9324368 -0.10289082 0.013468838 -0.05053889 0.99863124 1.9035566e-08
1.2777349 -2.6691678 -0.050946105 0.0075437962 -0.015692985 0.99984843 1.1874104e-09
0.52558672 -1.9787531 -0.24665676 0.031248285 -0.11754646 0.99257565 1.0525156e-07
0.53457719 -2.0169709 -0.39834929 0.048589155 -0.18445985 0.98163825 3.1002138e-08
1.6314722 -3.4022489 -0.59132397 0.068220817 -0.14208631 0.98750061 1.738637e-08
0.55462116 -2.1002593 -0.57180876 0.068457253 -0.24639601 0.96674848 2.4027138e-08
1.0549958 -2.1990697 -0.55456245 0.097239785 -0.20262058 0.97441745 1.3920152e-07
0.47905165 -1.8194014 0.42603549 -0.057224382 0.21741612 0.9744001 1.5390097e-07
0.48198894 -1.8293889 0.29384866 -0.039800305 0.15114814 0.98770958 1.2773778e-08
0.48538864 -1.8424083 0.16371137 -0.022192739 0.084334992 0.99619031 5.7222355e-08
0.49471086 -1.8806543 0.033412147 -0.0044339453 0.016918501 0.99984705 9.3463992e-10
0.50892693 -1.9390514 -0.10315219 0.013291668 -0.050573934 0.99863189 2.7388504e-08
1.2641101 -2.6645851 -0.050770972 0.0075215627 -0.015787344 0.99984705 2.7141739e-10
0.52055544 -1.9877789 -0.24756905 0.030836124 -0.11768152 0.99257249 1.3602474e-07
0.53247899 -2.0378249 -0.40216085 0.048198894 -0.18439806 0.98166913 2.8803976e-07
1.6206489 -3.4101524 -0.5917142 0.069928303 -0.14455619 0.98702258 7.9541081e-08
0.54546762 -2.0951686 -0.56987292 0.06373585 -0.2521145 0.9655962 8.2491198e-08
1.0494139 -2.207135 -0.55568594 0.096637577 -0.20302832 0.97439247 7.4574075e-08
0.4742355 -1.8256967 0.4271597 -0.056503911 0.21760185 0.9744007 2.2539685e-07
0.47777587 -1.8381485 0.29502103 -0.039302293 0.15127736 0.9877097 6.1314672e-08
0.47770727 -1.8392692 0.1632755 -0.021901716 0.084400177 0.9961912 6.615727e-08
0.48972252 -1.8871247 0.03349971 -0.0043768515 0.016937846 0.99984694 1.8034537e-09
0.50187063 -1.9383109 -0.10302133 0.013124339 -0.050621554 0.99863166 3.8608089e-08
1.2569355 -2.673502 -0.050857864 0.0074971537 -0.015768034 0.99984759 0
0.51334256 -1.9870911 -0.2472648 0.03044593 -0.11778268 0.99257255 1.3602474e-07
2.0079761 -4.2626252 -0.40821543 0.036925707 -0.078448936 0.99623406 0
0.52475256 -2.0372939 -0.40168422 0.04755516 -0.18456529 0.98166907 2.3916084e-07
1.6108449 -3.4202528 -0.59250152 0.069561027 -0.14471474 0.98702526 7.8164106e-08
0.53516066 -2.0853627 -0.56663477 0.06547422 -0.24793862 0.96656066 1.6213745e-07
1.0441751 -2.2150061 -0.55680877 0.097623512 -0.20368007 0.97415817 5.9522547e-09
0.46785966 -1.827341 0.42715982 -0.055745229 0.21779571 0.97440112 2.820195e-07
0.47196689 -1.8421977 0.29541188 -0.038774624 0.1514122 0.98770994 2.8501026e-07
0.47222099 -1.8432565 0.16349362 -0.021621978 0.084473379 0.99619114 6.615727e-08
0.48066428 -1.8791335 0.033324905 -0.0043185665 0.016951146 0.99984699 1.8962225e-09
0.49571657 -1.9424707 -0.10315195 0.012946798 -0.050664272 0.99863183 3.9519659e-08
0.50579321 -1.9864656 -0.24696054 0.030042021 -0.11789291 0.99257177 1.1177442e-07
1.9891738 -4.2631893 -0.40756294 0.036941834 -0.079041332 0.99618661 0
0.52124745 -2.0533884 -0.40454686 0.04687579 -0.18464127 0.98168749 1.1258508e-07
1.5999436 -3.428092 -0.59288794 0.064494014 -0.13942984 0.9881295 3.2118677e-08
0.52728772 -2.0848742 -0.56599706 0.062499873 -0.2520389 0.96569669 1.1854578e-07
1.0422591 -2.2320497 -0.56018043 0.096922882 -0.20358285 0.97424841 0
0.46029118 -1.8242378 0.42603582 -0.054983389 0.21798259 0.97440261 4.5672459e-07
0.46794137 -1.8534131 0.29697499 -0.038244396 0.15155049 0.9877094 7.2512549e-08
0.46485519 -1.8425592 0.16327572 -0.021312825 0.084546842 0.99619156 8.7693955e-08
0.47498989 -1.8857317 0.033412486 -0.004256668 0.016966334 0.99984699 1.9931827e-09
0.48738158 -1.9394308 -0.10289036 0.012761246 -0.050714593 0.99863166 1.98082e-08
0.50091368 -1.997936 -0.24817698 0.029601209 -0.11799718 0.99257261 1.3689774e-07
0.50992376 -2.0385263 -0.40120754 0.046264391 -0.18489711 0.98166829 3.2838625e-07
1.5900466 -3.4381368 -0.59366095 0.064520344 -0.13976571 0.98808032 1.8526464e-08
0.51768005 -2.0773265 -0.56341124 0.061409049 -0.25226143 0.96570861 2.9931974e-07
0.45418665 -1.8282773 0.42659798 -0.054185268 0.21818678 0.97440159 3.295003e-07
0.4611451 -1.8551157 0.29697511 -0.037686527 0.15168357 0.98771042 1.8093478e-07
0.45782229 -1.8417531 0.16305785 -0.021017872 0.084622242 0.99619138 1.0584049e-07
0.46480674 -1.8728185 0.033150204 -0.0041974825 0.016982106 0.99984699 2.6385236e-09
0.48120639 -1.9435441 -0.10302097 0.012583395 -0.050756153 0.99863178 3.1246522e-08
0.4939366 -1.9996724 -0.24817686 0.029192766 -0.11810482 0.99257195 1.3689774e-07
0.50514483 -2.0498276 -0.40311334 0.045620598 -0.18504798 0.98167002 3.2838625e-07
1.5770041 -3.441422 -0.59327573 0.064290121 -0.13980553 0.98808968 2.8446816e-08
0.50927889 -2.0744307 -0.56211174 0.061670739 -0.25087294 0.96605355 1.7207053e-07
1.0786443 -2.3521073 -0.5888353 -0.00028527741 0.0006916743 0.9999997 0
0.44812131 -1.8297734 0.42659807 -0.053461496 0.21836692 0.97440124 7.2961899e-07
0.45557597 -1.8590336 0.29736596 -0.0371814 0.15180451 0.98771095 2.4906726e-07
0.45139059 -1.84334 0.16305795 -0.020722779 0.084696718 0.99619126 1.0603043e-07
0.45918524 -1.876778 0.033194035 -0.0041415063 0.016994916 0.99984699 3.0048459e-09
0.47416914 -1.9427032 -0.10289014 0.01241521 -0.050799172 0.99863172 2.4611278e-08
0.48788753 -2.003711 -0.2484809 0.028750565 -0.11812776 0.99258208 5.8100479e-08
2.4828463 -5.4643703 -0.52080995 0.0305275 -0.073549315 0.99682426 0
0.49164334 -2.0253379 -0.3978734 0.044990666 -0.18542922 0.98162717 6.4819631e-08
1.563958 -3.4446588 -0.59288496 0.065143384 -0.14330868 0.98753172 2.8837533e-08
0.49581531 -2.0503688 -0.5550043 0.059815623 -0.25166526 0.96596414 1.31243e-07
1.0708383 -2.3556709 -0.58883739 0.093223862 -0.20512988 0.97428489 1.2120799e-08
0.44230008 -1.8336952 0.42716023 -0.052698053 0.21855491 0.97440064 7.4054083e-07
0.4473533 -1.8534096 0.29619384 -0.036653984 0.15192854 0.98771161 2.2895171e-07
0.44294807 -1.8351406 0.16218609 -0.020440698 0.084765978 0.9961912 7.6475366e-08
0.45438063 -1.8856615 0.033325341 -0.0040821689 0.017010333 0.99984699 3.0048459e-09
0.46738499 -1.9443467 -0.10289003 0.012238806 -0.050841339 0.99863178 1.2431472e-08
0.48377195 -2.0174696 -0.25000149 0.028417975 -0.11832573 0.99256808 5.1335647e-08
0.48684394 -2.0365915 -0.39977923 0.044990666 -0.18542922 0.98162717 6.4819631e-08
1.550909 -3.4478467 -0.59249103 0.064703062 -0.14331023 0.98756045 5.8242506e-08
0.49255571 -2.0685363 -0.55952704 0.059517581 -0.25237805 0.96579653 1.7711626e-07
1.0621965 -2.3595774 -0.5888468 0.091598667 -0.20478508 0.97451156 2.668408e-07
0.43421531 -1.8281159 0.42547417 -0.051936891 0.21873966 0.9744001 7.3474479e-07
0.44201791 -1.8597658 0.29697543 -0.036124524 0.15206574 0.98771 3.0927927e-07
0.43908364 -1.84887 0.16327615 -0.020133266 0.084843799 0.99619085 8.4271157e-08
0.44402111 -1.8727177 0.033063062 -0.0040204311 0.017025312 0.99984699 3.1037035e-09
0.45911103 -1.9411864 -0.10262843 0.012054692 -0.05088339 0.99863183 1.0946243e-08
0.4746719 -2.011982 -0.24908893 0.027922127 -0.1183628 0.99257773 5.1335647e-08
0.48197201 -2.0478368 -0.40168348 0.043749258 -0.18554363 0.98166162 4.9405003e-08
1.5439037 -3.46451 -0.59444565 0.063165344 -0.14202082 0.98784626 6.9440709e-08
0.48258698 -2.0584826 -0.55630028 0.059352577 -0.25118604 0.96611738 5.5059413e-08
1.0619247 -2.3810577 -0.59332955 0.091569982 -0.20524924 0.97441661 1.1071364e-07
0.42585677 -1.8225771 0.42378813 -0.051129635 0.21895085 0.97439533 5.2407586e-07
0.43575814 -1.8637784 0.29736629 -0.035576165 0.15222983 0.98770463 2.2971649e-07
0.43093374 -1.8431146 0.16262224 -0.019833723 0.084906638 0.9961915 9.8966765e-08
0.43917847 -1.8815604 0.033194341 -0.0039605601 0.017042719 0.99984694 3.7668828e-09
0.45571464 -1.9573698 -0.10341275 0.011872794 -0.050931428 0.9986316 5.1513429e-09
0.47155926 -2.0305505 -0.25121781 0.028072884 -0.11850271 0.99255681 0
2.4134445 -5.4654422 -0.51841742 0.035211794 -0.0800457 0.99616909 0
0.47923404 -2.0686376 -0.40549541 0.041993383 -0.18544275 0.9817574 0
1.5318006 -3.469878 -0.59444767 0.062722072 -0.14234433 0.98782796 7.6240489e-08
0.47539902 -2.0601563 -0.55629385 0.059352577 -0.25118604 0.96611738 5.5059413e-08
1.0565718 -2.391428 -0.59502149 0.090271026 -0.20627856 0.97432041 1.4462996e-07
0.42198586 -1.8334774 0.42603645 -0.050406378 0.21909429 0.97440076 5.1328243e-07
0.42957518 -1.865213 0.29736638 -0.035066258 0.15235311 0.98770386 2.910366e-07
0.42338541 -1.8397523 0.16218641 -0.019533863 0.084970988 0.99619192 1.1478332e-07
0.43070608 -1.87326 0.033019532 -0.003904209 0.017041409 0.99984717 2.2008178e-09
0.44977692 -1.9613041 -0.10354295 0.01208382 -0.051012911 0.99862486 8.661048e-10
1.5176953 -3.4706817 -0.59366441 0.062984228 -0.14393008 0.98758143 8.9000416e-08
1.0427498 -2.3815415 -0.59164357 0.090169042 -0.20586389 0.97441757 2.8353671e-07
0.41504762 -1.8325628 0.42547449 -0.049640913 0.21927315 0.97439986 7.0767044e-07
0.42143187 -1.8594751 0.29619423 -0.034524743 0.15242302 0.98771214 3.3612872e-07
0.41892606 -1.8484347 0.16284049 -0.019250937 0.085030302 0.9961924 1.1403595e-07
0.42471373 -1.8771906 0.033063367 -0.003832927 0.017052518 0.99984723 1.9162685e-09
1.5085236 -3.4827516 -0.59483945 0.062108122 -0.14331582 0.98772627 9.8859225e-08
0.41990921 -1.877112 -0.50525361 0.053806815 -0.25387302 0.96573979 0
1.0344304 -2.3851669 -0.59164327 0.089460343 -0.20618472 0.97441506 3.6092382e-07
0.40812093 -1.8316221 0.42491257 -0.048874408 0.21944192 0.97440058 6.5443942e-07
0.41493845 -1.8609349 0.29619437 -0.033992775 0.15254582 0.98771161 3.5114374e-07
0.41301072 -1.852317 0.16305861 -0.018953128 0.085098155 0.99619228 1.1134014e-07
0.42032084 -1.8884236 0.033238508 -0.0037817718 0.01708184 0.99984694 3.6481154e-09
0.40646851 -1.8410323 -0.3592751 0.041748133 -0.1842197 0.98199809 0
1.4953812 -3.4857287 -0.59444547 0.061089098 -0.14208658 0.98796737 1.1925082e-08
0.41025516 -1.8644109 -0.50137794 0.053453945 -0.2539131 0.96574885 2.0571601e-08
1.0299604 -2.3977094 -0.59389055 0.08874175 -0.20651002 0.9744119 2.413874e-07
0.40399757 -1.8450062 0.42772311 -0.048082527 0.21961829 0.97440028 5.1355164e-07
0.40706289 -1.857618 0.29541314 -0.033430878 0.15264224 0.9877159 3.0842614e-07
0.40568829 -1.851385 0.16284087 -0.018635208 0.085152447 0.99619365 9.6187335e-08
0.41392827 -1.8923936 0.033282395 -0.0037194963 0.017097382 0.99984694 3.6930423e-09
0.41244966 -1.8903496 -0.09948995 0.0090790903 -0.063541912 0.99793786 0
0.40271997 -1.8501954 -0.22779842 0.025031708 -0.11871395 0.9926129 0
0.39900318 -1.8376417 -0.35832474 0.039967231 -0.18651314 0.98163915 1.9402506e-08
1.4832046 -3.490927 -0.59444791 0.061467428 -0.14454795 0.9875868 5.4398267e-08
0.40138763 -1.8564581 -0.49879217 0.054691803 -0.25255194 0.96603638 1.8967645e-08
1.0182937 -2.3947484 -0.59220445 0.0880033 -0.20684052 0.97440875 4.3775742e-07
0.39634511 -1.8391904 0.42603707 -0.047343809 0.21978588 0.97439867 7.2083458e-07
0.40141857 -1.8613719 0.29580399 -0.032928225 0.15278305 0.98771101 1.916444e-07
0.39870119 -1.8503547 0.16262303 -0.018350786 0.085248008 0.99619079 8.6820293e-08
0.40817413 -1.8962001 0.033326335 -0.0036507181 0.017093591 0.99984723 3.5959613e-10
0.40565714 -1.8892655 -0.09935952 0.011003897 -0.051017668 0.99863714 3.2735706e-10
0.40330568 -1.8830708 -0.23175213 0.024753083 -0.11933885 0.99254495 0
0.38748804 -1.8150172 -0.353558 0.039080501 -0.18662959 0.98165274 4.9308269e-08
1.4681289 -3.489259 -0.59327275 0.06082198 -0.14437318 0.9876523 9.0319091e-08
0.39240685 -1.8460338 -0.49556151 0.05374936 -0.25278893 0.96602732 1.8996279e-07
1.0122465 -2.4025984 -0.59332794 0.087294295 -0.2071147 0.97441429 2.9963388e-07
0.38891801 -1.8357954 0.42491305 -0.0465771 0.21995264 0.97439796 7.4813835e-07
0.39542827 -1.865178 0.29619485 -0.0323909 0.15288396 0.98771316 3.0976574e-07
0.39359093 -1.8565406 0.1630591 -0.018056018 0.085271023 0.99619418 8.3785082e-08
0.4036127 -1.9073974 0.033501338 -0.0036230097 0.017093556 0.99984735 4.0173465e-10
0.39854679 -1.8882266 -0.099228285 0.010823225 -0.05109844 0.99863499 9.5221981e-09
0.39316911 -1.8674659 -0.22962451 0.025228281 -0.11891594 0.99258375 3.823756e-09
2.0373623 -4.889699 -0.45929059 0.033520918 -0.08044111 0.99619555 0
0.38265452 -1.8235663 -0.35498613 0.03920377 -0.18647799 0.98167664 7.7921406e-08
1.461655 -3.5080309 -0.59562147 0.060413465 -0.14460286 0.98764378 7.9090491e-08
0.38645208 -1.849757 -0.49620757 0.052865047 -0.25297862 0.96602643 1.6426957e-07
1.0053172 -2.4107854 -0.59445149 0.086532779 -0.20743512 0.97441405 3.8232227e-07
0.38300145 -1.8395271 0.42547524 -0.045811314 0.2201096 0.97439885 7.0493985e-07
0.38741159 -1.8592931 0.29502273 -0.031876121 0.15303344 0.98770678 2.9044858e-07
0.3857736 -1.853093 0.1626232 -0.017769875 0.085405387 0.99618781 8.1607929e-08
0.39510089 -1.9015201 0.033370253 -0.003549146 0.017123014 0.99984711 1.3582122e-09
0.38708621 -1.8676684 -0.098051548 0.010626187 -0.051199853 0.99863189 7.1780097e-09
0.38532227 -1.8640331 -0.2290177 0.024940303 -0.1188525 0.99259865 1.9251305e-08
0.37431434 -1.8152729 -0.3530876 0.037706267 -0.18741861 0.98155618 2.3146109e-07
1.447512 -3.508549 -0.59483528 0.05964515 -0.14410126 0.98776376 4.3264023e-08
0.37999296 -1.8510946 -0.49620748 0.051982988 -0.25315493 0.96602815 2.5208928e-07
0.99689597 -2.4142802 -0.59445131 0.085798122 -0.20772633 0.97441697 3.3909581e-07
0.37577134 -1.8385314 0.42491326 -0.045004401 0.22027273 0.97439957 1.3529178e-07
0.38059434 -1.8607005 0.29502279 -0.031306349 0.15312494 0.98771083 2.5147196e-07
0.37979928 -1.8568687 0.16284129 -0.017457537 0.085425071 0.99619162 9.9626412e-08
0.38796341 -1.9004382 0.033326607 -0.0034852703 0.01714189 0.99984699 1.4846603e-09
0.38106009 -1.8714552 -0.098182186 0.010448437 -0.051238861 0.99863178 1.5407178e-08
0.37291759 -1.8361797 -0.22536317 0.023392422 -0.11916962 0.9925983 4.4400775e-08
0.36555263 -1.8045408 -0.35069752 0.037844487 -0.18680711 0.9816674 2.1124308e-07
1.4390024 -3.5227191 -0.59639978 0.059403852 -0.14497851 0.98764992 8.5288136e-08
0.37210461 -1.845306 -0.49426901 0.051109321 -0.25336868 0.96601874 3.7662338e-07
0.98475891 -2.4087324 -0.59220362 0.085078806 -0.20805246 0.97441047 3.2525898e-07
0.37014973 -1.8421561 0.42547539 -0.044276603 0.22042222 0.97439909 6.4388746e-07
0.37684327 -1.8740591 0.29697666 -0.030792728 0.15321961 0.98771226 2.3050939e-07
0.37331524 -1.8581831 0.16284138 -0.017159719 0.085485816 0.99619162 9.7851391e-08
0.37970176 -1.8919092 0.033151761 -0.0034277453 0.017156901 0.99984694 3.8721715e-09
0.37436458 -1.8702601 -0.098051362 0.010278068 -0.051272806 0.99863178 1.2881521e-08
0.36875954 -1.8471416 -0.22658141 0.023858182 -0.11927234 0.99257487 3.0998244e-08
0.35639396 -1.7913607 -0.34783846 0.037194841 -0.1869227 0.98167026 1.4745636e-07
1.4294832 -3.5345852 -0.59756863 0.05872149 -0.14532028 0.9876405 4.6672223e-08
0.36612773 -1.8489633 -0.49491507 0.050222442 -0.25352794 0.96602345 2.472357e-07
0.97768444 -2.4142408 -0.59276533 0.084384613 -0.20831846 0.97441399 3.9043547e-07
0.36418608 -1.8458273 0.42603755 -0.043499388 0.22056 0.97440296 5.4206578e-07
0.36887175 -1.8680941 0.29580447 -0.030280877 0.15336242 0.98770595 3.0044976e-07
0.36811101 -1.8642986 0.16327745 -0.016876476 0.085547574 0.99619114 9.4337267e-08
0.37405708 -1.8981291 0.033239324 -0.0033690431 0.017162949 0.99984705 2.3244173e-09
0.36974961 -1.8813562 -0.098574206 0.010096841 -0.051310882 0.99863172 3.0544022e-08
0.36088538 -1.8411109 -0.22566889 0.023413008 -0.11938222 0.99257225 9.2564228e-08
0.35060665 -1.7950031 -0.34831488 0.036544964 -0.18705085 0.98167026 2.3864342e-07
1.4171364 -3.5395534 -0.59757084 0.057638038 -0.14425895 0.9878599 4.492361e-08
0.3605881 -1.8549724 -0.49620718 0.049333304 -0.25369117 0.96602643 7.5048405e-08
0.96973938 -2.4200675 -0.59332699 0.083614342 -0.20860846 0.97441834 3.9393993e-07
0.35774064 -1.8470873 0.42603764 -0.042734414 0.22071253 0.97440225 4.8159922e-07
0.36328331 -1.8742195 0.2965861 -0.029745206 0.15346543 0.98770624 2.924082e-07
0.36080453 -1.8631896 0.16305955 -0.016564364 0.085606344 0.99619132 9.8916182e-08
0.36521032 -1.8896687 0.033064485 -0.003305953 0.017178318 0.99984699 2.0936033e-09
0.36191177 -1.8777951 -0.098312646 0.0099104624 -0.051346198 0.99863172 3.8804291e-08
0.35320333 -1.8375465 -0.22506052 0.022975003 -0.11946458 0.99257261 1.4847544e-07
0.34801432 -1.8155022 -0.35212669 0.03588926 -0.18718402 0.98166907 2.7630105e-07
1.4084232 -3.5536568 -0.59912878 0.057388783 -0.14476769 0.9878 8.6800114e-08
0.354561 -1.8585926 -0.4968532 0.048445266 -0.25386059 0.96602684 2.3662809e-08
0.96489489 -2.4324884 -0.59557754 0.082698956 -0.20849235 0.97452134 1.6586597e-07
0.35187206 -1.8531736 0.42716181 -0.041935477 0.220883 0.97439831 5.9003315e-07
0.35778689 -1.8828174 0.29775846 -0.029169448 0.15356132 0.98770851 2.6862705e-07
0.35291135 -1.8570962 0.16240567 -0.016264834 0.085674986 0.99619037 1.1266192e-07
0.35814866 -1.8884755 0.033020843 -0.0032461302 0.017188318 0.99984699 3.3711329e-09
0.35443208 -1.8741397 -0.098051079 0.0097303288 -0.051380061 0.99863178 4.0980993e-08
0.34724429 -1.841207 -0.22536457 0.022558032 -0.11954227 0.99257278 1.938664e-07
0.33806685 -1.7974069 -0.34831473 0.03524131 -0.18730086 0.9816702 3.3831549e-07
1.3914869 -3.5470626 -0.5971818 0.056932036 -0.14473963 0.98783052 6.4952957e-08
0.34983826 -1.8693163 -0.49943691 0.050248548 -0.25485861 0.9656719 1.4607793e-08
0.95192647 -2.4245129 -0.59276474 0.082159683 -0.20919357 0.97441667 3.1373744e-07
0.34483683 -1.8495398 0.42603782 -0.041186556 0.22099167 0.97440565 6.7192974e-07
0.35154122 -1.8839935 0.29775855 -0.02865758 0.15364793 0.98771 2.9825847e-07
0.34733444 -1.8632144 0.16284174 -0.015965728 0.08571814 0.9961915 7.9561396e-08
0.35324952 -1.8970264 0.033152126 -0.003189198 0.017199164 0.99984699 2.9967477e-09
0.34821525 -1.8753047 -0.098050997 0.0095598372 -0.051413611 0.99863172 3.4459124e-08
0.33978909 -1.8350272 -0.22445208 0.022163574 -0.11963153 0.99257094 4.2784766e-08
0.33356109 -1.8082317 -0.35022056 0.034590166 -0.18742472 0.98166972 4.2669373e-07
1.38089 -3.5564995 -0.59796268 0.056692701 -0.14648041 0.98758769 6.3423833e-08
0.3459118 -1.884781 -0.50331444 0.050542451 -0.25493249 0.96563703 2.2133238e-10
0.94654202 -2.434463 -0.59445012 0.081459343 -0.20944591 0.97442126 4.2895761e-07
0.34055641 -1.8627158 0.42884815 -0.040429022 0.22117002 0.97439688 5.410937e-07
0.34496269 -1.8852093 0.29775867 -0.028116614 0.15373805 0.98771155 3.0226883e-07
0.34026235 -1.8594552 0.16240585 -0.015682079 0.085771628 0.99619138 3.9838156e-08
0.34528598 -1.8908696 0.033021018 -0.0031296145 0.017211147 0.99984699 2.0568993e-09
0.3421118 -1.8789654 -0.09818165 0.009379698 -0.051444985 0.99863178 5.4260361e-09
0.33338162 -1.8362021 -0.224452 0.021748431 -0.11970706 0.992571 4.2784766e-08
0.32551056 -1.7997233 -0.34831455 0.033940088 -0.18754989 0.98166853 2.8090011e-07
1.3649132 -3.5520835 -0.59639627 0.056173399 -0.14616309 0.98766434 9.7780315e-08
0.93452269 -2.4286644 -0.59220248 0.080736659 -0.2097522 0.97441554 3.0534508e-07
0.33405218 -1.8638934 0.42884824 -0.039648075 0.22129439 0.97440076 4.6062721e-07
0.33881336 -1.8888328 0.29814947 -0.02758085 0.15383668 0.98771125 3.3666555e-07
0.33464396 -1.8655354 0.1628419 -0.015382432 0.085826285 0.99619138 1.0350236e-07
0.33955935 -1.8969853 0.03310857 -0.0030697167 0.017221671 0.99984699 3.5747159e-09
0.33598703 -1.8826064 -0.098312296 0.0092000663 -0.051476706 0.99863183 3.472649e-08
0.32697007 -1.8373548 -0.22445191 0.021330778 -0.11977571 0.99257177 1.3371917e-07
0.31922641 -1.8008486 -0.34831446 0.033293381 -0.18767309 0.98166716 1.8903643e-07
1.3542669 -3.56144 -0.59717894 0.055909675 -0.14708903 0.98754185 6.8110474e-08
0.92691052 -2.4341867 -0.59276414 0.08000347 -0.2100312 0.9744159 3.1241117e-07
0.3279627 -1.8674479 0.42941037 -0.03887669 0.22142674 0.97440177 6.9168783e-07
0.33221799 -1.8900039 0.29814956 -0.027048003 0.15394932 0.98770845 2.2315955e-07
0.32770133 -1.8642387 0.162624 -0.01508214 0.085874461 0.9961918 9.206304e-08
0.33207694 -1.8932341 0.033021189 -0.0030101789 0.017232126 0.99984699 2.9123697e-09
0.32898593 -1.881308 -0.098181479 0.009021217 -0.051510327 0.99863172 2.9231812e-08
0.32140183 -1.8433748 -0.22506009 0.020908024 -0.11984056 0.99257296 2.0248532e-07
0.31627676 -1.8212993 -0.35212633 0.03262224 -0.18777576 0.98167002 2.317602e-07
1.3418273 -3.5661461 -0.59717393 0.05386661 -0.14342843 0.98819363 8.1443607e-09
0.91927111 -2.4396853 -0.59332579 0.07926695 -0.21030231 0.97441763 2.4784362e-07
0.3206211 -1.8637789 0.42828637 -0.038096629 0.22154629 0.97440541 5.2791376e-07
0.32728449 -1.9008876 0.29971266 -0.02650349 0.15401909 0.98771232 3.092162e-07
0.32245204 -1.8727357 0.16327807 -0.014785391 0.085945569 0.99619013 8.0563353e-08
0.32756993 -1.9067016 0.033239946 -0.002949639 0.0172431 0.99984699 4.1061972e-09
0.32367375 -1.8898284 -0.098573588 0.0088427309 -0.051543396 0.9986316 3.7723364e-08
0.31579557 -1.8493785 -0.2256683 0.020495612 -0.11992008 0.99257195 1.9082778e-07
0.3095085 -1.8199724 -0.35164973 0.031975739 -0.18789704 0.98166811 2.317602e-07
1.3293707 -3.5708075 -0.5971784 0.055341411 -0.14847192 0.98736691 7.0569584e-08
0.90989441 -2.4405985 -0.59276372 0.078616023 -0.21065782 0.97439355 3.0247855e-07
0.31411326 -1.8648868 0.42828646 -0.037333407 0.2217124 0.97439718 1.8287652e-07
0.32023913 -1.8995831 0.29932201 -0.025973173 0.15412739 0.98770952 2.9956686e-07
0.31591296 -1.8738497 0.16327815 -0.014484174 0.08599624 0.99619019 3.1994126e-08
0.3209123 -1.9078335 0.033240031 -0.0028894464 0.017253051 0.99984699 3.5347651e-09
0.31789568 -1.8958721 -0.098834984 0.008660946 -0.051572736 0.99863166 2.7817892e-08
0.31055781 -1.8578132 -0.22658063 0.020071462 -0.11999514 0.99257153 9.7785438e-08
0.30395457 -1.8258842 -0.35260263 0.031296365 -0.18799423 0.98167139 8.5971507e-08
1.3160419 -3.5731103 -0.59678584 0.054254331 -0.14720578 0.98761678 1.0012912e-07
0.37136349 -2.2431586 -0.59893411 0.040865861 -0.2548587 0.9661144 1.4409449e-07
0.90475821 -2.4528959 -0.595011 0.077778727 -0.21081427 0.97442693 4.0851495e-07
0.30799529 -1.8683758 0.42884856 -0.036563326 0.22184384 0.97439647 7.0878393e-08
0.31400579 -1.9031261 0.29971284 -0.025433218 0.15421511 0.98770988 2.0864711e-07
0.30856425 -1.8700259 0.16284224 -0.014183016 0.086033776 0.99619126 8.1650882e-08
0.31425077 -1.9089419 0.033240113 -0.0028295312 0.017263059 0.99984699 2.8969338e-09
0.31007075 -1.889578 -0.098442696 0.0084798019 -0.051600087 0.99863183 2.2473923e-08
0.30287695 -1.8515381 -0.22566812 0.019653644 -0.12005462 0.99257272 9.7785438e-08
0.29953885 -1.8390466 -0.35498843 0.031512644 -0.18822795 0.98161966 9.237246e-08
1.3052578 -3.58232 -0.59756911 0.054259364 -0.14810747 0.98748171 4.8294513e-08
0.36429924 -2.2492092 -0.60023004 0.040424053 -0.25460428 0.96620005 2.5156339e-07
0.89535141 -2.453752 -0.59444898 0.077058591 -0.21111348 0.97441936 3.6905544e-07
0.30262738 -1.8766555 0.43053484 -0.035795756 0.22196576 0.97439718 1.4353861e-07
0.30814263 -1.9090868 0.30049443 -0.02490475 0.15433121 0.98770523 2.7131907e-07
0.30203477 -1.8710915 0.16284232 -0.013883065 0.086084835 0.99619108 7.1439075e-08
0.3079803 -1.9124955 0.03328393 -0.0027694157 0.017273387 0.99984699 1.2632322e-09
0.30504552 -1.9005105 -0.098965555 0.0082980152 -0.051630199 0.99863178 2.4771166e-08
0.29524371 -1.845232 -0.22475564 0.019241439 -0.12011085 0.99257398 7.6412569e-08
2.3465803 -6.5031056 -0.60035312 0.030291572 -0.082539462 0.99612731 0
0.29273441 -1.8376586 -0.35450384 0.031512644 -0.18822795 0.98161966 9.237246e-08
1.2919056 -3.5845332 -0.59717315 0.053579424 -0.1477866 0.98756689 8.1807855e-08
0.35531884 -2.2433105 -0.59829074 0.040448442 -0.25533196 0.96600699 3.7484608e-07
0.88844317 -2.4614422 -0.59557241 0.076329187 -0.21139826 0.974415 3.2311618e-07
0.29682848 -1.8825138 0.43165901 -0.035017639 0.22208433 0.97439843 2.3453352e-07
0.30071187 -1.905272 0.29971299 -0.024353549 0.15436988 0.98771292 2.7131907e-07
0.29511586 -1.869674 0.16262442 -0.01358326 0.086131953 0.99619114 3.1734515e-08
0.30130255 -1.913559 0.033284016 -0.0027087852 0.017282061 0.99984699 1.2632322e-09
0.29840967 -1.9015638 -0.098965481 0.0081169503 -0.051660195 0.99863172 3.641232e-08
0.29108629 -1.8609638 -0.22657841 0.019671714 -0.12018834 0.99255621 4.1608043e-08
2.3288984 -6.5253282 -0.60165679 0.02904862 -0.081557393 0.99624527 0
1.2827133 -3.5983202 -0.59873748 0.052121442 -0.1465717 0.98782593 8.7699071e-08
0.34785348 -2.2469234 -0.59893668 0.039550889 -0.25540733 0.96602422 3.3959068e-07
0.87902272 -2.4622359 -0.59501046 0.075563669 -0.21161054 0.97442859 4.3734127e-07
0.29136086 -1.8907624 0.43334526 -0.034218132 0.22219028 0.97440267 2.4834813e-07
0.29518116 -1.9136324 0.30088532 -0.023814138 0.15447038 0.98771036 1.8766649e-07
0.28821051 -1.8682311 0.1624065 -0.013284225 0.086178407 0.99619114 2.7502313e-08
0.29499879 -1.9170698 0.033327825 -0.0026498362 0.017293951 0.99984694 3.9570307e-09
0.28989065 -1.8902534 -0.098311722 0.0079401014 -0.051691409 0.99863154 3.0677249e-08
2.3044457 -6.5287218 -0.60122162 0.029020054 -0.081349276 0.99626309 0
0.46867257 -3.0893784 -0.59990025 0.027935721 -0.18809271 0.98175389 1.1397597e-08
1.2709693 -3.6051044 -0.5991233 0.051194619 -0.14589417 0.9879747 1.8192337e-08
0.3396492 -2.2457361 -0.59829056 0.038664982 -0.25556368 0.96601874 4.495939e-07
0.87123775 -2.4675848 -0.59557205 0.074846864 -0.21193005 0.97441447 4.4137224e-07
0.28511909 -1.8941771 0.43390739 -0.033446364 0.22230966 0.97440225 2.5763492e-07
0.28740326 -1.9073249 0.29971313 -0.023280764 0.15457296 0.98770702 1.0969956e-07
0.28205594 -1.8716888 0.16262457 -0.012984795 0.086225234 0.99619102 2.6708964e-08
0.28978133 -1.9279767 0.033502851 -0.0025888763 0.017301036 0.99984699 1.5471375e-09
0.28365797 -1.8937231 -0.098442383 0.0077590193 -0.05172037 0.99863148 2.1872181e-08
2.2758863 -6.5202703 -0.59969962 0.028731717 -0.082310922 0.99619246 0
0.45752776 -3.0885673 -0.59942365 0.027972506 -0.19338971 0.9807232 1.5400468e-08
1.2575612 -3.6071873 -0.5987379 0.051839549 -0.14856568 0.98754287 9.810649e-08
0.33250955 -2.2516868 -0.59958267 0.037768733 -0.25566801 0.9660266 5.489e-07
0.8626191 -2.4706109 -0.59557188 0.074076697 -0.21212359 0.97443122 4.5176171e-07
0.27956039 -1.9023923 0.43559363 -0.032671805 0.22243772 0.97439933 2.2185371e-07
0.28217119 -1.9180899 0.3012763 -0.022732815 0.15463816 0.98770958 6.323878e-08
0.27804041 -1.8899122 0.1641506 -0.012675878 0.086264946 0.99619156 1.3618153e-08
0.28304967 -1.9289765 0.033502929 -0.002528392 0.01731017 0.99984699 1.5471376e-09
0.27704591 -1.8947017 -0.098442301 0.0075794589 -0.051754113 0.99863112 8.8005088e-09
0.71949482 -4.9607701 -0.6100961 0.017395247 -0.12091891 0.99250996 0
2.2568552 -6.5426908 -0.60100323 0.028059417 -0.081744082 0.99625826 0
0.44674385 -3.0901449 -0.59942764 0.027766971 -0.19035913 0.98132175 2.0797845e-08
1.2449626 -3.6115561 -0.5987314 0.052181862 -0.15047354 0.9872359 1.0095525e-10
0.32493851 -2.2576721 -0.60087478 0.036830634 -0.25579891 0.96602815 3.8944574e-07
0.85435677 -2.4760573 -0.59613359 0.073353082 -0.21251501 0.9744007 1.1823762e-07
0.27188829 -1.8961214 0.43390754 -0.031905308 0.22254282 0.9744007 2.2185371e-07
0.27686748 -1.9288416 0.30283937 -0.022170259 0.15469778 0.98771304 1.1479692e-07
0.27076072 -1.888453 0.16393314 -0.012806086 0.086351812 0.99618238 1.1237013e-08
0.27668038 -1.9349506 0.033590317 -0.0025022153 0.017245378 0.99984813 1.9198922e-10
0.27009967 -1.8957044 -0.0984414 0.007730565 -0.051941562 0.99862021 4.4705679e-09
0.70165426 -4.9658313 -0.61040002 0.055494409 -0.25360942 0.96571356 0
2.2340035 -6.550529 -0.60100275 0.028469354 -0.082939222 0.99614787 0
0.43595445 -3.0916846 -0.59943205 0.026593842 -0.18869549 0.98167551 1.4805457e-07
1.2331475 -3.6182153 -0.59912854 0.04993042 -0.14670514 0.98791933 7.1646603e-08
0.31638861 -2.2540088 -0.59958249 0.035939664 -0.25590777 0.96603286 4.2801977e-07
0.84570867 -2.4790246 -0.59613341 0.072570227 -0.2126662 0.97442633 3.9004073e-07
0.26627436 -1.9067568 0.43615586 -0.031075189 0.22266564 0.97439951 6.6016071e-08
0.64295501 -1.8892479 0.52479297 -0.083647661 0.24238615 0.96656716 0
0.27047473 -1.9347343 0.30362415 -0.019930383 0.15339549 0.98796386 1.4896831e-08
0.26656327 -1.9066545 0.16545872 -0.012029064 0.086345457 0.99619263 1.7941234e-08
0.26855367 -1.9260006 0.033415608 -0.0025022153 0.017245378 0.99984813 1.9198922e-10
0.6846537 -4.9707088 -0.610704 0.017667728 -0.12341667 0.99219763 0
2.2143133 -6.5677247 -0.60187173 0.027730159 -0.082097374 0.99623847 0
0.42594895 -3.1029882 -0.60133737 0.025956174 -0.18877862 0.98167658 1.3194411e-07
1.22146 -3.6273894 -0.59990627 0.04961526 -0.14731051 0.98784512 8.2401442e-08
0.30949458 -2.2622786 -0.60152066 0.035061024 -0.25611272 0.96601087 5.2272554e-07
0.83705026 -2.4819613 -0.59613323 0.071820915 -0.21291305 0.97442794 2.6191978e-07
0.63480526 -1.8869064 0.5235005 -0.083647661 0.24238615 0.96656716 0
0.26471215 -1.9430082 0.30479357 -0.020447386 0.15393686 0.98786908 2.9297224e-08
0.2615746 -1.9199133 0.16654868 -0.011397786 0.086181439 0.99621427 6.9269715e-11
0.2668398 -1.9640843 0.034071747 -0.0022383041 0.017281972 0.99984813 7.168047e-12
0.66795671 -4.9779878 -0.61131209 0.015874363 -0.11934701 0.99272567 0
2.1866403 -6.5612411 -0.60056716 0.027574504 -0.082751714 0.99618864 0
0.41446748 -3.0995901 -0.60038567 0.025060166 -0.187896 0.98186916 7.3820594e-08
1.2064426 -3.6246057 -0.59873217 0.049831104 -0.14910522 0.98756492 6.4800112e-08
0.30001152 -2.2513745 -0.59829021 0.03415294 -0.25608099 0.96605182 4.827553e-07
0.82838154 -2.4848678 -0.59613305 0.071047924 -0.21308498 0.97444701 2.938088e-07
0.62624043 -1.8821306 0.52156711 -0.081717484 0.24511728 0.96604335 7.6242983e-08
0.25859022 -1.9463235 0.30518347 -0.020447386 0.15393686 0.98786908 2.9297224e-08
0.255532 -1.9232392 0.16676727 -0.011397786 0.086181439 0.99621427 6.9269715e-11
0.26065105 -1.9674366 0.034115832 -0.0022383041 0.017281972 0.99984813 7.168047e-12
0.65144551 -4.9801755 -0.61131108 0.016270082 -0.12233375 0.99235564 0
2.1660664 -6.5759287 -0.60121775 0.02546013 -0.079803109 0.99648547 0
0.40513363 -3.1082489 -0.60181469 0.024686035 -0.1893501 0.98159927 1.4427732e-07
1.1959659 -3.6332746 -0.5995177 0.049009129 -0.14871709 0.98766458 9.5783186e-08
0.2930766 -2.259594 -0.60022795 0.033262335 -0.25630084 0.96602458 5.428318e-07
0.82123584 -2.4923697 -0.59725624 0.070300832 -0.21331814 0.97445017 2.1237956e-07
0.27169842 -2.105114 0.48168272 -0.027523799 0.22378878 0.97424895 7.8329626e-10
0.61206794 -1.8613831 0.51509923 -0.080740578 0.24557845 0.96600837 6.2218227e-08
0.24816479 -1.9216927 0.16654919 -0.011397786 0.086181439 0.99621427 6.9269715e-11
0.25343823 -1.9683785 0.03411597 -0.0022383041 0.017281972 0.99984813 7.168047e-12
0.63381165 -4.9874525 -0.61191905 0.014260506 -0.1175153 0.99296868 0
2.1446438 -6.5881853 -0.60165197 0.027460152 -0.083286844 0.99614722 0
0.39335993 -3.1023395 -0.60038555 0.023883967 -0.18844403 0.98179346 1.349715e-07
1.1855767 -3.6444697 -0.60068607 0.047917768 -0.14787948 0.98784387 8.5020588e-08
0.28458709 -2.2558103 -0.59893566 0.032355752 -0.25634447 0.96604377 4.9861347e-07
0.80798036 -2.4813309 -0.59388489 0.069590151 -0.21375485 0.97440553 9.5180887e-08
0.26277819 -2.0964265 0.47943404 -0.027258284 0.22410078 0.97418469 5.620133e-08
0.60524142 -1.863614 0.51509935 -0.079836182 0.24587844 0.96600723 7.0232154e-08
0.24594958 -1.9642901 0.034028538 -0.0022383041 0.017281972 0.99984813 7.168047e-12
0.61670166 -4.9920974 -0.61222303 0.015496536 -0.12203151 0.99240524 0
0.38312581 -3.1085663 -0.601336 0.023631424 -0.19041885 0.98141849 4.3302549e-08
1.1713306 -3.6438851 -0.59991056 0.04749791 -0.14803013 0.98784161 8.8947274e-08
0.27758667 -2.2639821 -0.60087389 0.031467434 -0.25658253 0.96600991 3.3460822e-07
0.80006456 -2.486454 -0.59444523 0.069891714 -0.21286008 0.97457975 7.6337443e-08
0.25553194 -2.0948677 0.47887272 -0.027212458 0.22316043 0.97440183 6.6015112e-08
0.59608251 -1.8564204 0.51251429 -0.078994244 0.2460617 0.96602976 1.4872057e-07
0.60102928 -5.0015063 -0.61313528 0.014410062 -0.12024451 0.99263972 0
0.37198249 -3.1074474 -0.60086107 0.022546623 -0.18893951 0.98172987 1.3982029e-07
1.1608551 -3.6550097 -0.60107696 0.047682866 -0.1491109 0.98767012 5.4361497e-08
0.26939887 -2.2625389 -0.60022771 0.030565729 -0.25661507 0.96603024 5.8229267e-07
0.78661585 -2.472852 -0.59051812 0.068764232 -0.21348341 0.97452366 4.3579785e-08
0.24907055 -2.1030054 0.48055899 -0.026434336 0.22326136 0.9744001 1.7605986e-07
0.58959866 -1.8584899 0.51251441 -0.07816042 0.24643049 0.9660036 4.7861403e-07
0.58299422 -4.9986448 -0.61252683 0.014057194 -0.12241323 0.99237967 0
0.36225995 -3.1184793 -0.60276455 0.02190133 -0.18901567 0.98172981 1.4305782e-07
1.1473477 -3.6566842 -0.60068917 0.046803396 -0.14912109 0.98771065 8.989705e-08
0.26149958 -2.2634656 -0.60022765 0.029669134 -0.25671992 0.96603036 5.8482738e-07
0.2417281 -2.103862 0.48055905 -0.025656719 0.2233569 0.97439903 2.4900186e-07
0.58310765 -1.8605366 0.51251453 -0.077302158 0.24670306 0.96600312 4.7861403e-07
0.59652299 -1.9319495 0.10422578 -0.015576953 0.049926765 0.99863142 0
0.56466949 -5.0007477 -0.61252666 0.013711621 -0.11940179 0.99275136 0
0.35109913 -3.1172857 -0.60228837 0.020943373 -0.18784498 0.98197538 5.2737644e-08
1.1294397 -3.6441641 -0.59794754 0.046330061 -0.14941216 0.98768896 0
0.25333044 -2.2619641 -0.59958148 0.028769026 -0.25676689 0.96604508 4.8011253e-07
0.23481604 -2.1119976 0.48224521 -0.024840936 0.22215992 0.97469372 1.263239e-07
0.57772315 -1.8672719 0.5138073 -0.076397657 0.2469818 0.96600384 3.6523298e-07
0.57578802 -1.8815628 0.2370784 -0.036802012 0.11546376 0.99262971 0
0.58243877 -1.9101567 0.10291655 -0.014203824 0.050812732 0.99860722 0
0.59128362 -1.9413273 -0.034739897 0.0050506359 -0.01664684 0.99984866 0
0.54667252 -4.9977551 -0.61191815 0.013328552 -0.12165101 0.99248344 0
0.61253345 -2.0105839 -0.18040696 0.024961438 -0.083393045 0.99620408 0
0.34048036 -3.1209316 -0.60276687 0.021047289 -0.19183667 0.98120117 8.2628944e-08
1.1217916 -3.6646056 -0.60068583 0.046131417 -0.14956602 0.98767501 3.0844422e-08
0.24569155 -2.2652361 -0.60022748 0.027874704 -0.2569057 0.96603441 5.1682628e-07
0.22781111 -2.1127653 0.48224252 -0.025291031 0.22345674 0.97438568 9.963545e-08
0.57437479 -1.8784086 0.51639259 -0.075584941 0.24722555 0.96600538 5.8107554e-07
0.56342918 -1.8645724 0.2346434 -0.034417111 0.11719812 0.99251199 2.8169094e-09
0.5702951 -1.8929676 0.10186935 -0.014920084 0.05029365 0.99862301 6.2152596e-11
0.58522892 -1.9457715 -0.034783375 0.0050218203 -0.016655039 0.99984866 2.0844264e-10
0.53061783 -5.0044756 -0.6125263 0.012750599 -0.12028607 0.99265736 0
0.60007751 -1.9935385 -0.17866713 0.024590645 -0.083681889 0.99618906 6.0467054e-09
0.32932824 -3.1196609 -0.60228688 0.020206727 -0.19039333 0.98149991 1.4589727e-07
0.23828283 -2.2708838 -0.60151958 0.02697123 -0.25700215 0.96603441 4.3328666e-07
0.66608131 -2.2016375 -0.52252775 0.06464947 -0.21495779 0.97448117 0
0.56499958 -1.871161 0.51380748 -0.074711181 0.24748462 0.96600705 5.4878177e-07
0.55477166 -1.8593996 0.23373099 -0.035834566 0.11520657 0.99269497 2.2788837e-12
0.56009692 -1.8829905 0.10121559 -0.01478071 0.050182164 0.9986307 4.7296504e-09
0.57303369 -1.928546 -0.03443544 0.0050085429 -0.016643193 0.99984896 3.6804587e-10
0.51264167 -5.0013599 -0.61191785 0.031712852 -0.012202067 0.99942255 0
0.59311503 -1.9956207 -0.17867017 0.024590645 -0.083681889 0.99618906 6.0467054e-09
0.31893188 -3.1256752 -0.60323769 0.019344883 -0.18842009 0.98189801 7.5312371e-08
0.2302672 -2.266856 -0.6002273 0.026138933 -0.25715977 0.96601534 4.714573e-07
0.65839225 -2.2039492 -0.52252758 0.06464947 -0.21495779 0.97448117 0
0.56263822 -1.8869981 0.51768547 -0.073849365 0.24774691 0.9660061 2.728525e-07
0.55328286 -1.8687085 0.37181827 -0.055141199 0.18076603 0.98197919 0
0.54545039 -1.8518101 0.23251374 -0.034374706 0.11678055 0.99256271 1.9052203e-08
0.55564779 -1.8921154 0.10160827 -0.01478071 0.050182164 0.9986307 4.7296504e-09
0.56488007 -1.9257405 -0.034347713 0.0049178372 -0.01670566 0.99984837 1.3056194e-10
0.49469385 -4.9981804 -0.61130953 0.012063107 -0.12179248 0.9924823 0
0.58261299 -1.985738 -0.17758091 0.024489805 -0.083427459 0.9962129 2.5677773e-08
0.30801934 -3.1267691 -0.60323936 0.018691123 -0.1890707 0.9817856 1.2748472e-07
0.59623206 -2.0305712 -0.32924098 0.043512601 -0.14993916 0.98773724 0
0.22282019 -2.2724531 -0.60151947 0.025231495 -0.25721192 0.96602559 5.5043e-07
0.64444995 -2.1852179 -0.51747072 0.06464947 -0.21495779 0.97448117 0
0.55742288 -1.8935804 0.51897812 -0.072985001 0.24800286 0.9660061 2.2390452e-07
0.54467404 -1.8635668 0.37038752 -0.056281041 0.17905401 0.98222816 8.8659231e-09
0.53549033 -1.8417976 0.23099217 -0.033956874 0.11693244 0.99255919 8.0056477e-09
0.54343402 -1.8748736 0.1005602 -0.014571954 0.050288789 0.99862838 7.7847711e-09
0.55431658 -1.9158005 -0.034129906 0.0048563983 -0.016722104 0.99984837 9.9328323e-10
0.47771361 -5.004817 -0.61191756 0.010687885 -0.11831387 0.99291873 0
0.57602865 -1.9902506 -0.17779814 0.024186671 -0.083510533 0.99621332 2.5677773e-08
0.29618114 -3.1180532 -0.60132772 0.018088205 -0.19090126 0.98144257 6.297978e-08
0.59398884 -2.0492315 -0.3319748 0.043512601 -0.14993916 0.98773724 0
0.21493936 -2.2780638 -0.60281157 0.024287868 -0.25728974 0.96602905 5.5538413e-07
0.54809189 -1.8862448 0.51639307 -0.072118193 0.2482574 0.9660058 2.2390452e-07
0.53542173 -1.8560306 0.36848545 -0.051428046 0.18516517 0.98136079 4.8311019e-08
0.52767748 -1.8388885 0.23038362 -0.033570144 0.11698389 0.99256629 4.2663892e-08
0.53517473 -1.8720553 0.10029845 -0.014385114 0.050346635 0.9986282 1.2621169e-08
0.54624194 -1.9129196 -0.034042716 0.0047972151 -0.016740954 0.99984837 1.0276704e-09
0.45959267 -5.0090051 -0.61222154 0.011683892 -0.12258497 0.99238926 0
0.56425202 -1.9754968 -0.17627649 0.02395916 -0.083530895 0.99621713 3.0487705e-08
0.28573927 -3.123955 -0.60228664 0.017556375 -0.19081272 0.98146945 8.7019899e-08
0.58067292 -2.0299389 -0.32846293 0.043193236 -0.1499355 0.98775184 1.9387906e-08
0.20633715 -2.2715845 -0.60087323 0.023387287 -0.25738838 0.96602499 1.8966057e-07
0.53916186 -1.8812817 0.5144527 -0.072780773 0.2473876 0.96617925 1.6747702e-08
0.52590615 -1.8485451 0.36657989 -0.053146493 0.18223724 0.98181719 4.2140844e-08
0.5205735 -1.8383335 0.2300794 -0.033155199 0.1171198 0.9925642 6.7981901e-08
0.52795327 -1.8715107 0.10016762 -0.014203534 0.050407909 0.99862772 1.0446775e-08
0.54024488 -1.9172193 -0.034086134 0.0047394494 -0.016754882 0.99984837 1.3596865e-09
0.44275671 -5.0179949 -0.61313379 0.010622013 -0.12062192 0.99264169 0
0.5573529 -1.9774543 -0.17627636 0.023601627 -0.083675347 0.99621356 4.3092616e-08
0.27525997 -3.1298244 -0.60323322 0.016067784 -0.1875664 0.98212051 6.9026123e-09
0.56817532 -2.0129545 -0.32533294 0.041282482 -0.15142483 0.98760635 1.2277868e-08
0.1988226 -2.2771029 -0.60216534 0.022485649 -0.25749436 0.96601814 5.6072901e-07
0.59773415 -2.1099713 -0.49780524 0.060124058 -0.21730435 0.97425044 0
0.52429783 -1.8528708 0.50605255 -0.069642901 0.24866134 0.96608353 0
0.51843423 -1.8455569 0.36562571 -0.051694602 0.18339673 0.98167884 5.5516836e-08
0.51280618 -1.8353629 0.22947085 -0.03274012 0.11724778 0.99256289 7.2174167e-08
0.51904184 -1.8636374 0.099643983 -0.014034928 0.050457887 0.99862754 2.2969346e-08
0.5288232 -1.9022464 -0.033781271 0.0046799886 -0.016772633 0.99984837 2.1035285e-09
0.42569619 -5.0144901 -0.61252534 0.010376656 -0.12179191 0.99250144 0
0.54944623 -1.9744962 -0.17584154 0.023330035 -0.083741054 0.99621439 3.7132963e-08
0.26433316 -3.1307647 -0.60324085 0.015931142 -0.189364 0.98177773 1.4604514e-07
0.55980968 -2.0101707 -0.32455376 0.041936405 -0.15047126 0.98772454 9.45158e-09
0.19067335 -2.2753761 -0.60151917 0.021598991 -0.25745952 0.96604764 5.2663904e-07
0.58808917 -2.1025636 -0.49555668 0.059319839 -0.21825251 0.97408777 4.4880544e-08
0.51913714 -1.8593385 0.50734526 -0.069642901 0.24866134 0.96608353 0
0.50802177 -1.8331757 0.36276174 -0.050989311 0.18355826 0.98168552 3.6210452e-08
0.50440073 -1.82997 0.22855793 -0.03232564 0.11737484 0.99256146 1.2144672e-07
0.51253343 -1.865438 0.099644095 -0.013859239 0.050506156 0.9986276 1.6560726e-08
0.52151328 -1.9016716 -0.033737622 0.0046211858 -0.016788851 0.99984837 1.5910117e-09
0.4087908 -5.0233655 -0.61343771 0.0098242899 -0.12075341 0.99263394 0
0.54087704 -1.971696 -0.17540669 0.023014212 -0.083846636 0.9962129 4.1626002e-08
0.25320697 -3.1292233 -0.60275817 0.015719928 -0.19221166 0.98122758 1.0394327e-07
0.55081117 -2.0049736 -0.32338199 0.041399617 -0.15064232 0.98772109 8.3120938e-08
0.18196514 -2.2663977 -0.59893471 0.020690307 -0.25759372 0.96603179 4.0174842e-07
0.5797261 -2.1023564 -0.49500099 0.059319839 -0.21825251 0.97408777 4.4880544e-08
0.50876105 -1.8471775 0.50347346 -0.068751603 0.24906799 0.96604264 1.0676214e-07
0.50031376 -1.8302065 0.36180848 -0.050265886 0.18392187 0.98165476 6.1096038e-08
0.49669611 -1.8269339 0.22794937 -0.031919334 0.11749025 0.99256092 1.2323538e-07
0.50503445 -1.8648959 0.099513277 -0.013673641 0.05055644 0.9986276 1.614041e-08
0.51553035 -1.9058918 -0.033781044 0.0045627546 -0.01680422 0.99984837 1.5388307e-09
0.3898029 -5.0174079 -0.61252505 0.0095097926 -0.12173782 0.99251676 0
0.53202355 -1.9663644 -0.1747545 0.022721842 -0.083929904 0.9962126 2.9651474e-08
0.24265812 -3.1349812 -0.60371524 0.014565926 -0.18880904 0.98190582 1.3377523e-07
0.54250693 -2.0021205 -0.32260075 0.040871926 -0.15079826 0.9877193 1.7971682e-07
0.17460117 -2.2742441 -0.60087299 0.019793028 -0.25767013 0.96603018 3.6025466e-07
0.57045102 -2.097321 -0.49331 0.058993582 -0.21687882 0.97441435 1.8210415e-07
0.49815652 -1.8350561 0.4995932 -0.066920206 0.24968173 0.96601278 8.8611159e-08
0.49231371 -1.8272918 0.36085522 -0.04958301 0.18413025 0.98165041 2.1392866e-07
0.49096435 -1.8310517 0.22825383 -0.03150988 0.11758018 0.99256337 1.4251533e-07
0.49592185 -1.8570055 0.098989636 -0.013497897 0.050599623 0.99862778 2.4747834e-08
0.50692463 -1.9004388 -0.033650331 0.0045031901 -0.016821679 0.99984837 2.6010401e-09
0.37301698 -5.0286369 -0.61374152 0.0085976394 -0.12039294 0.99268907 0
0.52580392 -1.9706143 -0.17497177 0.022429492 -0.08400391 0.99621296 3.1379496e-08
0.23171367 -3.1358099 -0.60371232 0.013797523 -0.18746409 0.98217458 5.0664159e-08
0.53680062 -2.00877 -0.32338172 0.0403459 -0.15091705 0.98772275 1.914697e-07
0.16648726 -2.2724307 -0.60022676 0.018890334 -0.25773293 0.96603149 5.7108986e-07
0.56376284 -2.101651 -0.49387175 0.058255337 -0.21706143 0.9744181 1.8210415e-07
0.49269938 -1.8390298 0.50023627 -0.066882558 0.24970783 0.96600866 1.2267867e-07
0.48625144 -1.8289143 0.36085528 -0.048975695 0.18426526 0.9816556 2.2701239e-07
0.48456979 -1.8327543 0.22825393 -0.031098172 0.11768719 0.99256366 1.4247097e-07
0.48976102 -1.8586398 0.098989747 -0.013326022 0.050657436 0.99862719 2.4747834e-08
0.50092924 -1.9046125 -0.033693753 0.0044446019 -0.016835768 0.99984837 4.3058779e-09
0.35651383 -5.0323215 -0.61404544 0.008494135 -0.119934 0.99274552 0
0.51798713 -1.9675331 -0.17453693 0.022151086 -0.0840801 0.99621278 2.8421017e-08
0.22059555 -3.1341512 -0.6032359 0.013638922 -0.19278549 0.98114616 5.3268653e-08
0.52851647 -2.0058589 -0.32260051 0.039820783 -0.15106817 0.98772097 2.1181262e-07
0.1592178 -2.2826355 -0.6028111 0.017997576 -0.25782984 0.96602273 5.4717873e-07
0.55301994 -2.0893872 -0.49050048 0.057536185 -0.21720266 0.97442937 1.9878199e-07
0.48067325 -1.819738 0.49441972 -0.066015422 0.24991851 0.96601385 2.7655125e-07
0.4779799 -1.8234836 0.35942537 -0.048331261 0.18447269 0.98164856 2.3805086e-07
0.47564217 -1.8248361 0.22703671 -0.030685294 0.1177869 0.99256468 2.0932457e-07
0.48136955 -1.8530934 0.098597042 -0.013151949 0.050696466 0.99862748 1.0035825e-08
0.49427795 -1.9063495 -0.033693641 0.0043856599 -0.016848417 0.99984843 4.3714969e-09
0.33877996 -5.0310597 -0.61374128 0.0085068047 -0.11976093 0.99276632 0
0.51329529 -1.9790555 -0.17540625 0.021843951 -0.084153861 0.99621332 6.4372529e-08
0.20965409 -3.1349022 -0.6032353 0.013088446 -0.19253516 0.98120278 8.7974939e-08
0.52151161 -2.0076916 -0.32260042 0.039294165 -0.1512066 0.98772091 1.4858175e-07
0.15093401 -2.2783573 -0.60151881 0.017090637 -0.25786698 0.96602923 5.454354e-07
0.54473847 -2.0890446 -0.4899385 0.056730647 -0.21743673 0.97442442 2.4913837e-07
0.47370374 -1.8190694 0.49377358 -0.065129288 0.25016353 0.96601057 3.0321675e-07
0.47223166 -1.8275152 0.35990214 -0.047686353 0.18459794 0.98165655 4.3182271e-07
0.46926937 -1.8264853 0.2270368 -0.030274775 0.11789968 0.9925639 1.8345884e-07
0.47394973 -1.8524282 0.098466218 -0.012965669 0.050745182 0.99862748 2.1658497e-08
0.48699594 -1.905643 -0.03365 0.0043266667 -0.016864466 0.99984843 3.1852376e-09
0.31986803 -5.024838 -0.61282867 0.0077808243 -0.12192979 0.99250823 0
0.50513941 -1.9760123 -0.17497142 0.021553122 -0.084234811 0.99621278 7.4073689e-08
0.19901739 -3.1405134 -0.6041888 0.011534624 -0.18769115 0.98216039 1.1190023e-07
0.5132646 -2.0047185 -0.32181916 0.038768046 -0.15134934 0.98771983 1.3711089e-07
0.14283113 -2.2764599 -0.6008727 0.016192261 -0.25792423 0.96602947 5.4107568e-07
0.53621972 -2.086216 -0.48882025 0.055795189 -0.21872804 0.9741894 1.341877e-07
0.46824509 -1.8254689 0.49506626 -0.064217992 0.25040472 0.96600908 2.1147503e-07
0.46430787 -1.8244804 0.35894892 -0.047007754 0.18476811 0.98165727 3.6472926e-07
0.46257177 -1.8281929 0.22703691 -0.029840671 0.11802041 0.99256271 1.8666513e-07
0.46686438 -1.8516519 0.09833537 -0.012790407 0.050780535 0.9986279 2.7267211e-08
0.47692958 -1.8953019 -0.033432212 0.0042642755 -0.016885884 0.99984831 1.4062609e-09
0.30277029 -5.0333552 -0.61374098 0.0072707217 -0.12091946 0.99263567 0
0.50034744 -1.9875057 -0.17584072 0.02123606 -0.084298797 0.99621421 5.4482975e-08
0.18750556 -3.1412218 -0.60419041 0.010816165 -0.18659927 0.98237658 4.6706706e-08
0.5071317 -2.0113721 -0.32260016 0.038214918 -0.15148702 0.98772025 8.9633339e-08
0.135188 -2.2890232 -0.60410309 0.015241432 -0.25800028 0.96602464 5.4825108e-07
0.52676141 -2.0810876 -0.48712897 0.055157632 -0.21787119 0.97441769 3.1930122e-07
0.46007684 -1.8200725 0.49312741 -0.063336089 0.25060311 0.96601588 7.1940985e-07
0.45793641 -1.8260899 0.35894898 -0.046361197 0.18496768 0.98165047 4.431912e-07
0.45679352 -1.8322026 0.22734132 -0.029423967 0.11810234 0.99256539 2.0051455e-07
0.45885986 -1.8485075 0.098073646 -0.012604767 0.050806284 0.99862897 2.4665821e-08
0.47273982 -1.9066542 -0.033606242 0.0042057559 -0.01689782 0.99984837 7.8652435e-10
0.28390336 -5.0269985 -0.61282843 0.0069336207 -0.12190305 0.99251777 0
0.49280173 -1.9868243 -0.17562325 0.020955326 -0.084392406 0.99621224 2.6045592e-08
0.17653961 -3.1418569 -0.60419017 0.010616262 -0.18301272 0.98305321 4.5472429e-08
0.50311118 -2.0251055 -0.3245528 0.037637025 -0.15155171 0.98773253 1.1521592e-07
0.12666968 -2.2798352 -0.60151863 0.014347121 -0.25803643 0.96602863 3.7837748e-07
0.52068323 -2.0876384 -0.48825255 0.054402094 -0.21804075 0.97442222 2.1441841e-07
0.4528136 -1.8194046 0.49248132 -0.062413152 0.25083989 0.96601444 8.3300478e-07
0.4512403 -1.8277562 0.35894915 -0.045680761 0.18512875 0.98165196 5.2104485e-07
0.44768557 -1.8242308 0.22612409 -0.028988531 0.11827318 0.99255788 2.1521097e-07
0.45539913 -1.8622164 0.098728418 -0.012406132 0.050905235 0.99862641 2.4665821e-08
0.46548274 -1.905866 -0.033562604 0.0041466039 -0.01691475 0.99984837 3.1039019e-10
0.26687542 -5.0378704 -0.61404479 0.0062838634 -0.1208996 0.99264485 0
0.48705655 -1.9933681 -0.17605783 0.020661959 -0.084457703 0.99621284 4.9082566e-08
0.16502303 -3.1424823 -0.60419428 0.010099373 -0.19176118 0.98138964 1.3183258e-07
0.49568549 -2.0269358 -0.32455271 0.037159964 -0.15176265 0.98771822 9.1853273e-08
0.11895777 -2.2850873 -0.6028108 0.013436631 -0.25813287 0.96601599 5.543879e-07
0.50870121 -2.0705271 -0.48376328 0.053673234 -0.21822804 0.97442073 1.2173432e-07
0.44762179 -1.8256623 0.49377397 -0.061537214 0.2510846 0.96600711 9.5891835e-07
0.44368583 -1.8245537 0.35799584 -0.045036171 0.18532136 0.98164541 4.8302616e-07
0.44072607 -1.8233719 0.22581989 -0.028570579 0.11841717 0.99255282 1.9894422e-07
0.44653416 -1.8540916 0.098204792 -0.012237747 0.050927028 0.99862742 2.9758185e-08
0.46413997 -1.9293393 -0.033954293 0.0041962853 -0.016964961 0.99984729 6.1064703e-10
0.24916677 -5.0362935 -0.61374062 0.0061830673 -0.12200556 0.99251014 0
0.48185998 -2.0023165 -0.17670982 0.020383811 -0.084538639 0.99621171 3.472293e-08
0.1539343 -3.1405897 -0.60370803 0.0097289821 -0.19379778 0.98099327 4.9190895e-08
0.48977429 -2.0334527 -0.32533371 0.036462046 -0.15173419 0.98774856 7.4602781e-08
0.11063563 -2.2782519 -0.6008724 0.012546369 -0.25818717 0.96601343 4.1916289e-07
0.50262725 -2.0770235 -0.48488364 0.053673234 -0.21822804 0.97442073 1.2173432e-07
0.43927234 -1.8177526 0.49118909 -0.060700316 0.25124741 0.96601772 7.3445693e-07
0.43878874 -1.8307852 0.35894948 -0.044424415 0.18545499 0.98164809 4.5347093e-07
0.43615842 -1.8295722 0.22642887 -0.028210938 0.11837608 0.99256802 1.8007603e-07
0.44096571 -1.8579898 0.098335981 -0.012060273 0.050997104 0.99862599 2.2249004e-08
0.458904 -1.9357297 -0.034041032 0.0039846594 -0.016875032 0.99984968 3.6152523e-10
0.23291822 -5.0470071 -0.61495638 0.0054729688 -0.12094382 0.99264425 0
0.47811803 -2.0160136 -0.17779762 0.01994261 -0.084492698 0.99622452 1.5548064e-08
0.14417797 -3.143508 -0.60419232 0.0086675119 -0.18933886 0.98187357 1.3296568e-07
0.48511159 -2.0421844 -0.3265079 0.036873356 -0.15212072 0.98767388 7.629572e-08
0.10308013 -2.2786062 -0.60087222 0.011691848 -0.2580997 0.96604753 5.2025132e-07
0.49402595 -2.0715742 -0.48319525 0.052877855 -0.21801817 0.97451115 0
0.43550369 -1.8285909 0.49377435 -0.05987319 0.25151277 0.96600026 9.8076794e-07
0.43157515 -1.8274561 0.3579962 -0.043803211 0.18558367 0.98165166 3.6128048e-07
0.4280504 -1.8238403 0.22551592 -0.027792668 0.11851783 0.99256289 1.1673536e-07
0.43135595 -1.8448644 0.097550496 -0.011909119 0.050979741 0.99862868 3.2276873e-08
0.4550131 -1.9494845 -0.034258589 0.0039725411 -0.017004866 0.99984753 3.6152523e-10
0.21607535 -5.0452719 -0.6146521 0.0051164725 -0.1243311 0.99222761 0
0.47028592 -2.0127399 -0.17736319 0.01994261 -0.084492698 0.99622452 1.5548064e-08
0.13330662 -3.1464438 -0.60466993 0.0080944514 -0.19071458 0.98161215 1.420224e-07
0.47798032 -2.0438657 -0.32650444 0.035693172 -0.15128478 0.9878456 1.806908e-08
0.095322989 -2.2837782 -0.60216427 0.010787401 -0.25819024 0.96603388 2.1822687e-07
0.42911798 -1.8300998 0.49377447 -0.058990821 0.25167727 0.9660117 9.0164656e-07
0.42575511 -1.8313404 0.358473 -0.043167233 0.18572398 0.98165327 2.6081935e-07
0.42281041 -1.8301562 0.22612469 -0.027389105 0.11863234 0.99256045 2.1464807e-07
0.42434767 -1.8439273 0.097419672 -0.011726426 0.051040344 0.99862772 8.7635526e-09
0.44854584 -1.9509827 -0.034258492 0.0039385697 -0.017015096 0.99984747 3.6152523e-10
0.19846283 -5.0459957 -0.61465198 0.0051285559 -0.12462512 0.99219066 0
0.46607554 -2.0264993 -0.17844705 0.019926745 -0.084617198 0.99621427 1.0381794e-08
0.12213524 -3.1419852 -0.60371757 0.0073895962 -0.19014452 0.98172832 1.4832614e-07
0.087568089 -2.2792549 -0.60087204 0.0099234162 -0.25822294 0.96603441 4.8730266e-07
0.42283237 -1.8305557 -0.42532384 0.046649296 -0.22204743 0.97391927 0
0.41998193 -1.8198276 0.49054304 -0.058134243 0.2519204 0.96600026 6.1716685e-07
0.41880655 -1.8304245 0.3579964 -0.042519301 0.18585306 0.98165715 7.8807233e-08
0.41586325 -1.8292025 0.22582045 -0.026969358 0.11870108 0.99256372 2.1095219e-07
0.41902328 -1.8502643 0.097681634 -0.01155268 0.05108574 0.99862742 1.5286556e-08
0.44229013 -1.954973 -0.034301765 0.0039092614 -0.016925696 0.99984908 7.9543046e-11
0.18093581 -5.0491376 -0.61495602 0.0043117339 -0.12012257 0.99274969 0
0.11142264 -3.14975 -0.60514832 0.0068863421 -0.19142154 0.98148376 1.1358232e-07
0.41963249 -1.8545865 -0.29526013 0.052509516 -0.022494774 0.99836701 0
0.079775892 -2.2843742 -0.60216421 0.0090346746 -0.25829378 0.96602416 5.287315e-07
0.41371053 -1.8201501 -0.42251363 0.044272125 -0.22411126 0.97355747 6.6498189e-09
0.41524929 -1.8283436 0.4924821 -0.057244431 0.25209972 0.96600664 7.8681944e-07
0.41132462 -1.8270894 0.35704309 -0.041856177 0.1860372 0.98165077 4.3563759e-07
0.40892795 -1.8282229 0.22551624 -0.026555497 0.11878523 0.9925648 1.9600431e-07
0.41091546 -1.8444092 0.097288899 -0.01137602 0.051125526 0.99862742 2.9746973e-08
0.43107384 -1.9369955 -0.033953562 0.0037970233 -0.016993487 0.99984837 3.5807572e-11
0.16323078 -5.0472584 -0.61465174 0.0039881938 -0.12311172 0.99238479 0
0.41528904 -1.8669072 -0.16388443 0.018353121 -0.084873408 0.99622267 6.9624617e-09
0.10027408 -3.1452136 -0.60419518 0.0059366245 -0.18954003 0.98185503 1.1056256e-07
0.41261381 -1.853631 -0.29486945 0.052509516 -0.022494774 0.99836701 0
0.07194905 -2.2894664 -0.60345632 0.0081308112 -0.25833476 0.96602124 4.8598946e-07
0.40520409 -1.8120791 -0.42026693 0.04913567 -0.21924761 0.97443122 4.739546e-08
0.40886459 -1.8297819 0.49248216 -0.056358047 0.2522943 0.96600795 8.7302539e-07
0.40440774 -1.8261195 0.35656658 -0.041208688 0.18617524 0.98165196 4.4881466e-07
0.40416133 -1.8369055 0.22642933 -0.026145441 0.11889447 0.99256259 2.0278377e-07
0.40555552 -1.8507072 0.097550869 -0.011198097 0.051164724 0.99862742 2.9746973e-08
0.41998854 -1.918964 -0.03360521 0.0036543349 -0.017069561 0.99984765 0
0.14568226 -5.0502782 -0.61495584 0.0032244304 -0.11872745 0.99292165 0
0.41361356 -1.8902308 -0.16584115 0.018525487 -0.08488135 0.99621886 0
0.089499012 -3.152905 -0.60562098 0.0054136333 -0.19021134 0.98172826 1.4809318e-07
0.40560693 -1.8526493 -0.2944788 0.052509516 -0.022494774 0.99836701 0
0.063956976 -2.2897038 -0.60345632 0.0072257766 -0.25834748 0.96602505 1.6776926e-07
0.39675909 -1.8039712 -0.41801941 0.048291735 -0.2194885 0.97441918 8.8794756e-08
0.40352365 -1.8359128 0.49377486 -0.055482894 0.25249672 0.96600574 9.8075554e-07
0.39644608 -1.82033 0.35513654 -0.040564798 0.18631506 0.98165226 5.2441212e-08
0.39615461 -1.831033 0.22551641 -0.025728632 0.1189815 0.99256307 1.5272872e-07
0.4012202 -1.8618686 0.098074719 -0.011019584 0.051201802 0.99862754 3.8574218e-08
0.41116098 -1.9106487 -0.033430986 0.0037728506 -0.016943781 0.99984932 0
0.12805271 -5.050756 -0.61495572 0.0033434629 -0.12311966 0.99238622 0
0.40489408 -1.8819286 -0.16497268 0.018353121 -0.084873408 0.99622267 6.9624617e-09
0.07837382 -3.1482913 -0.60466844 0.0048110834 -0.19092111 0.98159361 1.4206225e-07
0.39230475 -1.8226888 -0.28939945 0.031895202 -0.1531039 0.98769522 4.8732392e-08
0.056021012 -2.2923274 -0.60410231 0.0063231103 -0.25836709 0.96602613 2.7073682e-07
0.38785464 -1.7934467 -0.41521004 0.04750821 -0.21967249 0.9744162 3.0333348e-07
0.39762869 -1.8396693 0.49442124 -0.05459553 0.25266945 0.96601111 7.0369356e-07
0.38956961 -1.8193046 0.35465997 -0.039914139 0.18646444 0.98165059 4.2344418e-08
0.39080524 -1.8372566 0.2261252 -0.025315948 0.11907471 0.99256247 1.8375488e-07
0.39367196 -1.8583755 0.097812936 -0.010840461 0.05124028 0.99862754 3.4060523e-08
0.18246904 -8.2066975 -0.42801529 0.0012783072 -0.052994892 0.99859399 0
0.40082729 -1.8949624 -0.033126339 0.0035340574 -0.017084412 0.99984783 3.6949402e-11
0.11052813 -5.0561342 -0.61556393 0.002573635 -0.12064584 0.99269229 0
0.39363167 -1.8614122 -0.16301534 0.018006491 -0.0850344 0.99621528 6.1049334e-08
0.067383863 -3.1485462 -0.60466522 0.0041860989 -0.19168796 0.98144698 1.0889453e-07
0.38180253 -1.8047304 -0.28627694 0.032349348 -0.15283544 0.98772204 1.1086944e-07
0.047922131 -2.2876799 -0.60281008 0.0054200147 -0.25837755 0.96602881 4.2211119e-07
0.38364285 -1.8043156 -0.41745737 0.046753485 -0.21981122 0.97442144 4.1204856e-07
0.39171246 -1.843407 0.4950676 -0.053707663 0.25284749 0.96601433 9.2362075e-07
0.38372809 -1.8230535 0.35513675 -0.039264385 0.18660036 0.98165095 6.8675583e-08
0.38438958 -1.8386095 0.22612527 -0.02490514 0.11916897 0.99256158 2.1271542e-07
0.38718262 -1.8597383 0.097813025 -0.010660706 0.051275358 0.99862766 2.2941736e-08
0.38976601 -1.8768494 -0.032777816 0.0035541612 -0.01704626 0.99984837 8.5564961e-10
0.09283375 -5.054008 -0.61525965 0.0023751131 -0.12226959 0.99249411 0
0.38680664 -1.8628426 -0.16301525 0.017687373 -0.085124642 0.99621332 9.0704525e-08
0.056520265 -3.1561241 -0.6060921 0.0031661128 -0.18896486 0.98197877 9.9588014e-08
0.37804425 -1.8181337 -0.28822958 0.031812049 -0.15294696 0.98772222 1.6111916e-07
0.039576758 -2.2902551 -0.60345614 0.004471533 -0.25839645 0.96602863 5.8892482e-07
0.3765232 -1.803326 -0.41689536 0.045945406 -0.22000222 0.97441679 4.291887e-07
0.38377634 -1.837675 0.49312881 -0.0528621 0.25309992 0.96599483 9.2040437e-07
0.37736207 -1.8243818 0.35513681 -0.03862061 0.1867457 0.98164886 2.2384087e-07
0.37897992 -1.8447987 0.22673404 -0.024487311 0.11925605 0.99256152 1.6711456e-07
0.3823871 -1.870924 0.098336883 -0.010475184 0.051320985 0.99862725 3.2530718e-08
0.38371781 -1.8806466 -0.032821257 0.0034943763 -0.017057801 0.99984843 8.5564961e-10
0.074451402 -5.0642395 -0.61647612 0.001724844 -0.12111823 0.99263656 0
0.37879047 -1.8568642 -0.16236308 0.017389242 -0.085187428 0.9962132 3.23055e-08
0.045469247 -3.1538475 -0.60561997 0.0026788737 -0.18861851 0.98204678 4.6474923e-08
0.3736968 -1.8291146 -0.28979173 0.031283099 -0.15306301 0.98772115 1.6111916e-07
0.031550948 -2.2879643 -0.60280997 0.0035695042 -0.25839734 0.96603215 5.8390253e-07
0.3702262 -1.8046294 -0.41689533 0.045174859 -0.22016518 0.97441602 6.6491759e-07
0.3780202 -1.8437983 0.49442151 -0.051914867 0.25326186 0.96600378 9.9723763e-07
0.37166139 -1.8305602 0.35609028 -0.037933163 0.18687463 0.98165113 3.1316978e-07
0.372538 -1.8461103 0.22673413 -0.024066538 0.11932823 0.99256313 1.3248103e-07
0.37485939 -1.8673544 0.098075092 -0.010295461 0.051354941 0.99862742 4.2344578e-08
0.37565958 -1.8746253 -0.032690573 0.0034337512 -0.017072288 0.99984837 1.0887758e-09
0.056719862 -5.0595059 -0.61586773 0.0013863087 -0.12236673 0.99248397 0
0.37032551 -1.848412 -0.16149357 0.017091708 -0.085249968 0.99621296 4.2382922e-08
0.034460083 -3.1539879 -0.60561675 0.0028551661 -0.1854991 0.98264027 1.0862166e-07
0.36632603 -1.8255682 -0.28901052 0.0307477 -0.15316653 0.98772192 3.2928128e-07
0.023655375 -2.2977204 -0.60539436 0.0026750932 -0.25844172 0.96602315 5.8031554e-07
0.36246273 -1.7987504 -0.41520968 0.044405825 -0.22030729 0.97441924 5.9336799e-07
0.37383643 -1.8545067 0.4970068 -0.051076036 0.25341865 0.96600735 9.839124e-07
0.36607534 -1.8341882 0.35656708 -0.037304271 0.18698567 0.98165411 2.6757908e-07
0.36657992 -1.8498324 0.22703855 -0.023654124 0.11941888 0.99256217 1.0495058e-07
0.36768657 -1.8636909 0.097813293 -0.010125597 0.05138775 0.99862742 3.8371095e-08
0.36911362 -1.8759251 -0.032690484 0.0033743444 -0.017081952 0.99984843 2.6986728e-09
0.039978955 -5.0646291 -0.616476 0.00094795763 -0.12095494 0.99265754 0
0.36565539 -1.8569571 -0.16214556 0.016810399 -0.085301518 0.99621338 7.0125679e-08
0.023433806 -3.151634 -0.60514343 0.0013443645 -0.19262551 0.98127145 9.2609262e-08
0.35898459 -1.8219929 -0.28822935 0.030212328 -0.15326719 0.98772281 2.8641202e-07
0.0155775 -2.2881289 -0.60280991 0.0017615878 -0.25842643 0.96602935 5.7431697e-07
0.35697532 -1.802331 -0.41577145 0.043717518 -0.220228 0.97446829 5.0750697e-07
0.36593598 -1.8486967 0.49506801 -0.050185222 0.253598 0.96600699 7.3438321e-07
0.36014846 -1.8378619 0.35704383 -0.036654688 0.18711746 0.98165345 1.2560909e-07
0.36012056 -1.8511008 0.22703864 -0.023235355 0.11949611 0.99256277 1.6816938e-07
0.36214009 -1.8698627 0.098075256 -0.0099463817 0.051424574 0.99862736 4.1126224e-08
0.36112338 -1.8698429 -0.032559808 0.0033144997 -0.017093794 0.99984843 2.4457394e-09
0.022280041 -5.0597749 -0.61586761 0.0003231517 -0.12319851 0.99238199 0
0.35980329 -1.8631732 -0.16258016 0.01649658 -0.085357249 0.99621385 1.030629e-07
0.012424367 -3.1492422 -0.60466963 0.00079945038 -0.19021712 0.98174173 1.4613596e-07
0.35167259 -1.8183883 -0.28744814 0.029675761 -0.1533823 0.9877212 3.454787e-07
0.0076022265 -2.2929995 -0.60410208 0.00086256716 -0.25843921 0.96602714 5.2414168e-07
0.34848455 -1.7940665 -0.41352397 0.042862236 -0.22061013 0.97441983 5.2772253e-07
0.35994709 -1.8523322 0.49571437 -0.049293898 0.2537522 0.96601236 8.9671011e-07
0.35373086 -1.8391079 0.35704392 -0.035998587 0.18724631 0.98165315 1.0483114e-07
0.35459945 -1.857219 0.22764741 -0.022822533 0.11959058 0.99256092 2.0290403e-07
0.35528427 -1.8711774 0.098075345 -0.0097568044 0.051454086 0.99862772 4.072184e-08
0.35412282 -1.8686373 -0.032516189 0.0032548227 -0.017105216 0.99984843 1.1432384e-09
0.0037349928 -5.0598226 -0.6158675 0.00032723116 -0.12478558 0.99218369 0
0.35282776 -1.861972 -0.16236274 0.016199084 -0.085417099 0.99621361 1.097456e-07
0.001430614 -3.1541743 -0.60562384 0.00014474941 -0.19137879 0.98151624 1.2113952e-07
0.34532315 -1.8196049 -0.28744808 0.029138487 -0.15347068 0.98772347 2.2874973e-07
-0.00040685965 -2.2978423 -0.60539424 -5.51222e-05 -0.25842127 0.96603233 5.8704489e-07
0.34314463 -1.8000557 -0.41464758 0.04209568 -0.22075468 0.97442049 3.5366011e-07
0.35315546 -1.853639 0.49571446 -0.048355833 0.25390863 0.96601868 8.4638413e-07
0.34883058 -1.850034 0.3589516 -0.037044968 0.18808839 0.98145324 1.1645061e-08
0.34765151 -1.8560077 0.22734314 -0.02240134 0.11966018 0.99256217 1.999898e-07
0.34875047 -1.8724062 0.098075435 -0.0095763737 0.051482745 0.99862796 2.747945e-08
0.3466723 -1.8649493 -0.032429043 0.0031952912 -0.017116284 0.99984843 7.4552131e-10
-0.013934807 -5.0622864 -0.61617154 -0.00016595599 -0.12130189 0.99261564 0
0.34678727 -1.8656397 -0.16258 0.015901618 -0.08547537 0.99621338 5.0818823e-08
-0.0095524192 -3.1467988 -0.60418725 -0.00041763752 -0.19137247 0.98151737 1.1568429e-07
0.3408016 -1.8305051 -0.2890102 0.028605359 -0.15358479 0.98772132 2.2874973e-07
-0.008416757 -2.2954116 -0.60474813 -0.000952665 -0.25846574 0.96601999 2.4564812e-07
0.33640531 -1.7988491 -0.41408566 0.041324373 -0.22090362 0.97441977 3.1506693e-07
0.34700659 -1.8547997 0.49571452 -0.04752472 0.25409552 0.96601081 7.2460023e-07
0.34450459 -1.8608288 0.36085704 -0.03657534 0.18787229 0.98151225 1.4884459e-09
0.34026203 -1.8523309 0.22673456 -0.021981454 0.11973611 0.99256235 1.9716843e-07
0.34253943 -1.8735524 0.098075509 -0.0094075995 0.051527079 0.99862731 9.3243804e-09
0.34152299 -1.8735222 -0.032559551 0.0031348965 -0.017127462 0.99984843 4.5216422e-10
-0.030609582 -5.0448418 -0.61404252 -0.00073367415 -0.12183653 0.9925499 0
0.34014571 -1.8643304 -0.16236256 0.015616535 -0.085524485 0.99621367 8.5472962e-08
-0.020606907 -3.1565614 -0.60609901 -0.0010502351 -0.19136916 0.98151755 1.1265546e-07
0.33351079 -1.8268275 -0.28822899 0.028067097 -0.15367933 0.9877221 3.2153369e-07
-0.016409693 -2.2929535 -0.60410196 -0.0018536334 -0.25852332 0.96600324 5.7272575e-07
0.32820821 -1.7879806 -0.41127631 0.040591083 -0.22106148 0.97441477 1.6534585e-07
0.34273875 -1.8678712 0.49894613 -0.04663999 0.25425324 0.96601242 5.7044315e-07
0.34156123 -1.8813286 0.36467126 -0.029546745 0.18691204 0.98193222 0
0.33513153 -1.8608304 0.22764765 -0.021564109 0.11980446 0.99256331 1.3719954e-07
0.33599737 -1.8747368 0.098075598 -0.0092279119 0.051557045 0.99862742 3.4766124e-08
0.33542675 -1.8771623 -0.032602999 0.0030750753 -0.017138112 0.99984843 7.4894396e-10
-0.048416607 -5.0645556 -0.61647558 -0.0017747402 -0.12090998 0.99266189 0
0.33286631 -1.863114 -0.16214514 0.015301388 -0.085580245 0.99621379 1.1519875e-07
-0.031651277 -3.1589255 -0.60657018 -0.002589599 -0.18839979 0.98208898 1.6457653e-08
0.32669088 -1.8255509 -0.28783837 0.027531175 -0.15377054 0.98772299 2.727229e-07
-0.024413398 -2.292882 -0.60410196 -0.0027545921 -0.25852761 0.96599996 3.1849922e-08
0.32515064 -1.8083434 -0.41577104 0.039777093 -0.2211846 0.97442043 1.0821179e-07
0.33491609 -1.8619289 0.49700734 -0.04577022 0.25445879 0.9659999 5.7044315e-07
0.33804306 -1.899415 0.36800876 -0.0319454 0.18743941 0.98175657 8.1362375e-09
0.32819664 -1.8595464 0.22734341 -0.021146046 0.11988044 0.99256313 6.6823176e-08
0.32781169 -1.8685819 0.097682863 -0.0090377489 0.051591974 0.99862736 3.3633793e-08
0.3288722 -1.8783218 -0.032602917 0.0030141086 -0.017147398 0.99984843 8.2796375e-10
-0.067113824 -5.0742683 -0.61769205 -0.0015906609 -0.12125904 0.99261963 0
0.32723176 -1.8691689 -0.16257976 0.015005109 -0.085641101 0.99621308 1.0099724e-07
-0.042712405 -3.1612499 -0.60704589 -0.0033188765 -0.18550812 0.98263711 1.088673e-07
0.31815356 -1.8145245 -0.28588551 0.026992908 -0.1538793 0.98772091 1.7423335e-07
-0.032416806 -2.2927828 -0.6041019 -0.0036538702 -0.25866237 0.96596086 1.5655893e-07
0.31926534 -1.8118653 -0.41633284 0.039000262 -0.22132765 0.97441936 4.478396e-08
0.32936373 -1.870276 0.49894634 -0.044831242 0.25460351 0.9660058 7.955224e-07
0.3327871 -1.9103081 0.36991504 -0.032713141 0.18784931 0.98165292 3.7692431e-08
0.32170358 -1.8606806 0.22734347 -0.020733498 0.11996656 0.9925614 7.7158674e-08
0.32171589 -1.8721741 0.097813882 -0.0088583631 0.051621918 0.99862742 1.794238e-08
0.32531294 -1.8966967 -0.032907553 0.0029547191 -0.017158369 0.99984843 1.9390565e-09
-0.084656052 -5.0640793 -0.61647546 -0.0022410548 -0.12236249 0.99248296 0
0.31985137 -1.8653924 -0.16214499 0.014703807 -0.085682876 0.99621397 8.2278895e-08
-0.053746849 -3.1610806 -0.60705096 -0.003441087 -0.18664397 0.98242158 6.1061662e-08
0.3118178 -1.815624 -0.28588542 0.026458982 -0.15397169 0.98772091 1.2459337e-08
-0.040419813 -2.2926557 -0.6041019 -0.0045496793 -0.2584796 0.96600598 1.9033618e-07
0.31588227 -1.8297651 -0.42026573 0.039578218 -0.22156079 0.97434306 0
0.32315981 -1.8713579 0.49894637 -0.043996502 0.25476551 0.96600145 7.5806668e-07
0.32854536 -1.9234918 0.3722986 -0.032087199 0.18795705 0.98165298 3.7692431e-08
0.31646729 -1.8691291 0.22825658 -0.020313453 0.12003021 0.99256241 1.467166e-07
0.31424385 -1.8658482 0.097421132 -0.0086876471 0.051654629 0.99862725 2.5157586e-08
0.3191101 -1.9002846 -0.032951001 0.0028951168 -0.017169153 0.99984843 1.0593718e-09
0.31366381 -1.8664429 -0.16214491 0.014420125 -0.085731216 0.99621391 7.201659e-08
-0.064832494 -3.1633277 -0.60752767 -0.0036493028 -0.19210637 0.98136735 8.0961868e-08
0.30714074 -1.8264378 -0.2874476 0.025922088 -0.1540581 0.98772168 1.2459337e-08
-0.048475444 -2.294915 -0.60474801 -0.0054502944 -0.25840679 0.96602082 5.084305e-07
0.31825984 -1.8819954 0.50153172 -0.043137029 0.25493297 0.96599609 8.6474597e-07
0.32059738 -1.9173682 0.37086859 -0.031432122 0.18807784 0.98165101 9.1394476e-08
0.31035253 -1.8726693 0.228561 -0.019890994 0.12009544 0.99256307 7.8111647e-08
0.30855298 -1.8718584 0.097683094 -0.0085072732 0.051681407 0.99862736 2.2357989e-08
0.31288621 -1.9038527 -0.032994453 0.0027042506 -0.016950004 0.99985266 2.2972995e-09
0.30682084 -1.8675799 -0.16214482 0.014106276 -0.085786283 0.99621367 5.0413458e-08
-0.075813659 -3.1606281 -0.60705286 -0.0046366821 -0.18995219 0.98178238 1.380789e-07
0.30320615 -1.8421117 -0.28979242 0.026714781 -0.1544124 0.98764527 3.9275441e-09
-0.056485802 -2.2947319 -0.60474795 -0.0063549364 -0.2583693 0.96602529 3.1664555e-07
0.31168842 -1.8830947 0.50153172 -0.042190127 0.25497636 0.96602643 6.4653659e-07
0.3139025 -1.9184755 0.37086862 -0.030783307 0.18815239 0.98165733 3.1685846e-07
0.30462006 -1.878638 0.22916974 -0.019591339 0.12028382 0.9925462 8.5495117e-08
-0.18501145 -7.0464234 0.12273443 0.0005380424 0.017830653 0.99984086 0
0.30249628 -1.8779043 0.097945072 -0.0083081676 0.05167852 0.99862921 1.7286141e-08
0.30825189 -1.917268 -0.033212025 0.0029043742 -0.017422864 0.99984401 2.5842124e-09
0.29989874 -1.8661815 -0.16192739 0.013806653 -0.085843429 0.99621296 1.2839572e-08
-0.087121591 -3.1701572 -0.60895783 -0.0052366867 -0.19064775 0.98164457 1.4621666e-07
-0.064565435 -2.2969348 -0.60539407 -0.0072521907 -0.2584646 0.96599352 5.9599165e-07
0.41965547 -2.5805395 -0.59500259 0.034109928 -0.22104594 0.97466671 2.8279645e-10
0.30439278 -1.8818415 0.50088561 -0.041281153 0.25519481 0.96600801 5.8138062e-07
0.30608234 -1.9147686 0.36991546 -0.030093763 0.18825284 0.98165941 3.1685846e-07
0.29773244 -1.8797419 0.22916983 -0.018892467 0.11999088 0.9925952 6.7633096e-08
-0.2095319 -7.0432353 0.12269077 0.00053239107 0.017787199 0.99984163 0
0.29633373 -1.8814139 0.098076031 -0.0081092566 0.051681187 0.9986307 1.5490041e-08
0.30037537 -1.9109274 -0.033081427 0.0026603953 -0.017131638 0.99984968 3.9063544e-09
-0.14695111 -4.7920585 -0.58332479 -0.00030236828 -0.11908733 0.99288374 0
0.2949532 -1.8770546 -0.16279641 0.014252434 -0.086189516 0.99617678 1.3320627e-08
-0.098506272 -3.1624579 -0.60752773 -0.005918412 -0.1905234 0.98166484 1.535137e-07
-0.072582752 -2.2966955 -0.60539401 -0.0081742145 -0.25838122 0.96600842 5.5915069e-07
0.41258004 -2.5940146 -0.59780908 0.033436026 -0.22059223 0.97479284 2.8247053e-08
-0.27665147 -8.3565884 1.9211166 0.0075597144 0.22110534 0.97522062 0
0.29820526 -1.8852769 0.50153184 -0.040386986 0.25531003 0.96601534 6.2882856e-07
-0.27473184 -8.3419704 1.3153077 0.0042952532 0.16033015 0.98705411 0
0.29939663 -1.9158251 0.36991546 -0.029423073 0.18836778 0.98165768 1.4348529e-07
0.29271153 -1.8905749 0.23038714 -0.019049864 0.12067921 0.99250877 4.5987054e-08
-0.2341999 -7.0449595 0.12273458 0.0032367557 -0.020904625 0.99977624 0
0.28899288 -1.8775036 0.097814269 -0.0080120796 0.051845081 0.99862301 1.5152782e-08
0.29563028 -1.9243127 -0.033298947 0.002665289 -0.017247923 0.99984771 3.0010696e-09
-0.10980415 -3.1694524 -0.60895777 -0.0065087928 -0.19136803 0.98149675 1.298675e-07
0.59079874 -3.8116405 -0.60457826 0.022811849 -0.15352081 0.98788208 0
-0.080512352 -2.2940145 -0.60474795 -0.0090916269 -0.25812924 0.96606761 5.9430204e-07
0.40427986 -2.6002517 -0.59893495 0.034334291 -0.22177377 0.9744935 1.7949549e-08
-0.30436197 -8.3556252 1.921113 0.0080508702 0.23522304 0.97190809 0
0.29307756 -1.8934127 0.50347012 -0.039510049 0.25530714 0.96605241 6.9903689e-07
-0.30266386 -8.3484173 1.3164765 0.0068115601 0.14972691 0.98870391 0
0.29643232 -1.9386331 0.37420496 -0.028886873 0.18856914 0.98163497 1.1725882e-07
0.28681797 -1.8939878 0.23069091 -0.017685952 0.11987378 0.99263161 3.5342197e-08
-0.25765258 -7.0466428 0.12277531 0.0014907887 0.0034273544 0.99999303 0
0.28503105 -1.8932587 0.098599188 -0.0077220369 0.0517192 0.99863183 2.3323153e-08
0.28740418 -1.9154488 -0.033125382 0.0025019615 -0.017117962 0.99985033 3.0010696e-09
-0.12040836 -3.171525 -0.60942763 -0.007706352 -0.18798038 0.98214257 1.08965e-08
0.57927507 -3.8209014 -0.60575104 0.022704018 -0.15334634 0.98791164 2.2338678e-10
-0.088805012 -2.3009589 -0.60668713 -0.0099496609 -0.25843105 0.96597844 3.9158425e-07
0.395201 -2.6016467 -0.5989359 0.033636253 -0.22195776 0.97447592 2.1580792e-07
0.28646648 -1.8944242 0.50347018 -0.038627114 0.25545767 0.9660483 4.5649287e-07
0.28782204 -1.9275241 0.37182158 -0.028081095 0.18849471 0.98167264 1.1725882e-07
0.28094277 -1.8998851 0.23129965 -0.017729022 0.12040197 0.99256688 3.1064605e-08
-0.28357932 -7.0481477 0.12281912 0.0006922778 0.017180188 0.99985218 0
0.27845854 -1.89676 0.098730221 -0.0076254765 0.051851548 0.9986257 1.4268108e-08
0.28108445 -1.9189126 -0.033169091 0.0024488915 -0.017145684 0.99984998 1.5248665e-09
1.0393887 -7.0112405 -0.61554736 0.012566577 -0.085029259 0.99629921 0
-0.13147819 -3.1710849 -0.60943097 -0.0079628862 -0.1841834 0.98285961 4.2608566e-08
0.56629854 -3.825341 -0.60614896 0.023020199 -0.1549053 0.98766106 7.5422982e-08
-0.096525222 -2.2933965 -0.60474879 -0.010900564 -0.25814852 0.96604377 5.2978214e-07
0.38647896 -2.6054194 -0.59949768 0.032949641 -0.22227947 0.97442609 3.0565118e-07
0.27808812 -1.8859082 0.50088507 -0.037778273 0.2558631 0.96597457 2.2321365e-07
0.2832709 -1.9455599 0.37515852 -0.0282115 0.18873639 0.98162246 0
0.27575055 -1.9106743 0.23251803 -0.01906199 0.12129861 0.99243301 1.5558033e-09
-0.3080703 -7.0446181 0.12277543 0.00074892462 0.017573167 0.99984533 0
0.27471566 -1.9174842 0.099777818 -0.00743993 0.051859792 0.99862665 4.94552e-09
0.2754631 -1.9273031 -0.033299491 0.0024714554 -0.017231008 0.99984848 1.0908934e-09
1.0145503 -7.0123615 -0.61532974 0.012631696 -0.086496748 0.99617207 0
-0.14254645 -3.1706064 -0.60943127 -0.0085530449 -0.19781874 0.9802013 4.8142009e-08
0.5525862 -3.8248508 -0.60575944 0.022265082 -0.15434369 0.98776633 9.5223335e-08
-0.10475419 -2.2978709 -0.60604113 -0.011775078 -0.25817692 0.96602589 5.3628759e-07
0.37632209 -2.5995214 -0.59781194 0.032196812 -0.22241701 0.97441983 3.1455659e-07
0.27253351 -1.8916005 0.5021717 -0.038599636 0.25502053 0.96616489 1.8723037e-07
0.2704865 -1.9214509 0.23373406 -0.018432854 0.12099347 0.99248213 1.3933377e-09
-0.33202037 -7.0560417 0.12299415 0.00084957073 0.017362226 0.9998489 0
0.26941088 -1.9257996 0.10017177 -0.0071104025 0.051956993 0.99862403 1.687672e-09
0.27013752 -1.9381523 -0.033473559 0.0024063711 -0.017240318 0.99984848 4.4669388e-10
0.99304134 -7.0280161 -0.61641628 0.011469055 -0.084909759 0.99632263 0
-0.15361296 -3.1700895 -0.60943031 -0.0091326749 -0.1949054 0.98077953 1.2263429e-07
0.54096937 -3.8389809 -0.60770726 0.021676281 -0.15417881 0.98780519 8.8605873e-08
-0.11313603 -2.3047273 -0.6079793 -0.012671044 -0.2581436 0.96602345 5.6520253e-07
0.3683905 -2.6055787 -0.59893566 0.031470314 -0.22251615 0.97442096 4.0804696e-07
0.30156171 -2.1710091 0.41901439 -0.02510678 0.18801852 0.98184454 2.2627638e-15
-0.35664856 -7.0548396 0.1229942 1.0565324e-05 0.00017307184 1 0
0.26028493 -1.9094182 0.099254191 -0.007047907 0.051878441 0.99862856 4.94552e-09
0.26405159 -1.9415135 -0.033516977 0.0023393205 -0.017164024 0.99984998 1.5507044e-10
0.96952748 -7.0388408 -0.61706811 0.011695737 -0.085399494 0.99627817 0
-0.16480647 -3.1719847 -0.60990506 -0.0097753294 -0.18642201 0.98242116 6.0801099e-08
0.52654862 -3.8335073 -0.60654026 0.021109285 -0.15402931 0.98784077 7.643547e-08
-0.12026405 -2.2946928 -0.6053949 -0.013522478 -0.25806427 0.9660331 5.0931493e-07
0.35895628 -2.6044357 -0.59837371 0.030686872 -0.22260246 0.97442621 4.3864046e-07
0.29465023 -2.1769109 0.4199678 -0.024776373 0.18805027 0.98184687 1.0530174e-07
-0.38127238 -7.0535517 0.12299424 0.00092172617 0.017593376 0.99984479 0
0.25428724 -1.9152634 0.099515527 -0.007154943 0.05187349 0.99862802 3.6137233e-09
0.94461864 -7.0397134 -0.6168505 0.01175596 -0.087156706 0.99612522 0
-0.17587768 -3.1713903 -0.60990506 -0.010244371 -0.1863924 0.98242199 6.1267571e-08
0.51349449 -3.8377697 -0.60692692 0.021011271 -0.15668726 0.98742473 1.9409331e-08
-0.12868395 -2.3014925 -0.60733318 -0.014429273 -0.25803885 0.96602678 5.7798968e-07
0.35084847 -2.6129143 -0.60005909 0.029901132 -0.22268972 0.97443074 4.2421826e-07
0.26962322 -2.0187857 0.53578538 -0.032556456 0.25605536 0.96611375 1.4006439e-09
0.2870495 -2.1779263 0.41996792 -0.024909694 0.18906377 0.9816488 7.9814235e-08
-0.4066132 -7.0646553 0.12321298 0.0010300223 0.017346306 0.99984902 0
0.92068821 -7.0479074 -0.61728501 0.011258367 -0.085710444 0.99625647 0
-0.18680073 -3.1683064 -0.60943317 -0.01050971 -0.18764599 0.98218048 4.8313211e-08
0.50009519 -3.8395386 -0.60692829 0.020082977 -0.15378049 0.98790091 4.3548056e-08
-0.13642611 -2.2962081 -0.60604101 -0.0153229 -0.25803858 0.96601307 5.7630649e-07
0.34108555 -2.609293 -0.59893537 0.029153483 -0.22289792 0.97440577 4.4935697e-07
0.26479295 -2.0364735 0.54030979 -0.033318259 0.25636095 0.9660067 2.4516029e-07
-0.50789779 -8.3607121 1.3199936 0.0095935129 0.16257711 0.98664922 0
0.27881062 -2.1740482 0.4190146 -0.024246451 0.18912448 0.98165375 3.2503758e-07
-0.5081833 -8.3650932 0.73050773 0.0052440236 0.088879913 0.99602854 0
-0.43127099 -7.0631928 0.12321301 0.0010459221 0.017614383 0.99984431 0
-0.34980947 -5.6864176 -0.29649976 -0.0036316884 -0.052919123 0.9985922 0
-0.19785903 -3.1676369 -0.60942519 -0.010825945 -0.18796161 0.9821167 2.3834099e-08
0.4873164 -3.8461597 -0.60770971 0.019636154 -0.15484361 0.98774385 9.8947922e-08
-0.14474794 -2.3005381 -0.60733318 -0.016233087 -0.25796786 0.96601713 2.3585935e-07
0.3319754 -2.6104681 -0.59893531 0.028359532 -0.22293083 0.97442168 3.0726002e-07
0.25860828 -2.0445709 0.54224873 -0.032425601 0.25647703 0.96600628 2.4516029e-07
0.27152893 -2.1774428 0.41949138 -0.023586176 0.18922076 0.98165125 1.6389548e-07
-0.45657045 -7.0716224 0.12338798 0.0011334756 0.017351704 0.99984878 0
-0.20842548 -3.1595786 -0.60800391 -0.01281327 -0.19095665 0.98151481 1.0586952e-07
0.47236401 -3.8355849 -0.60575604 0.019116083 -0.15528515 0.98768473 9.7488488e-08
-0.15317877 -2.2999918 -0.60733318 -0.017189903 -0.25793505 0.96600932 4.8094904e-07
0.32361653 -2.6213357 -0.60118258 0.027546916 -0.22305949 0.97441554 4.3400078e-07
0.24996884 -2.0334799 0.53901738 -0.031534676 0.25658971 0.96600586 2.4516029e-07
0.26302543 -2.1710706 0.41805941 -0.023616169 0.18999374 0.98150122 8.2609276e-08
-0.48214445 -7.0649133 0.12330054 0.0011840769 0.017544543 0.99984539 0
0.84470838 -7.049891 -0.6166321 0.010398661 -0.086591795 0.99618959 0
-0.21893829 -3.1514885 -0.60656899 -0.013514671 -0.19114417 0.98146892 8.4259682e-08
0.45986119 -3.8445649 -0.60693008 0.018637953 -0.15601976 0.98757809 6.4645434e-08
-0.16086423 -2.2946255 -0.60604095 -0.018073628 -0.25780615 0.96602762 5.3067271e-07
0.3135815 -2.6151948 -0.59949696 0.026767753 -0.22314253 0.97441822 4.4792105e-07
0.24222259 -2.031985 0.53837109 -0.030597437 0.25672829 0.96599919 1.3015716e-07
0.25623193 -2.1817667 0.41996688 -0.023319865 0.18963467 0.98157775 5.6514615e-08
-0.50770062 -7.0756531 0.12351926 0.0015244464 0.016734881 0.9998588 0
-0.40798008 -5.6500001 -0.29480016 -0.003709916 -0.051968802 0.99864179 0
0.82183033 -7.0676398 -0.61793607 0.0099036023 -0.085958071 0.99624956 0
-0.230478 -3.158046 -0.60800713 -0.01387606 -0.19110373 0.98147178 9.6304028e-08
0.44615078 -3.843694 -0.60653943 0.017732022 -0.15411387 0.98789394 8.9718803e-08
-0.16869348 -2.2916415 -0.60539484 -0.018982984 -0.25776064 0.96602231 2.0394184e-07
0.30387914 -2.6114349 -0.59837317 0.025984248 -0.22322716 0.97442007 4.4349156e-07
0.23690009 -2.0447686 0.54160273 -0.029740913 0.25680035 0.96600676 1.3015716e-07
-0.62606061 -8.3725042 1.3231199 0.011773444 0.15397088 0.98800522 0
-0.62788159 -8.3769407 0.73225194 0.0065335687 0.085254915 0.99633777 0
-0.53191298 -7.0839009 0.12369422 0.0013206678 0.017332884 0.9998489 0
-0.42576927 -5.6361694 -0.29414651 -0.00432094 -0.052752651 0.99859828 0
0.79810768 -7.0678515 -0.61771852 0.0099112466 -0.086898446 0.9961679 0
-0.24112275 -3.1523285 -0.60705316 -0.014578469 -0.18971331 0.9817313 1.4245677e-07
0.43301025 -3.8476818 -0.60692781 0.017914766 -0.15755001 0.9873485 8.1499941e-08
-0.17669168 -2.2910385 -0.60539484 -0.019877382 -0.25767109 0.96602821 5.091955e-07
0.29605135 -2.6196887 -0.60005856 0.02524597 -0.22331201 0.97442001 2.7462281e-07
0.23113637 -2.0575798 0.5448342 -0.016148454 0.25136995 0.96775633 0
-0.65528244 -8.3702698 1.3231199 0.012431829 0.16258112 0.98661685 0
-0.55644059 -7.0795088 0.12365048 0.0013600382 0.017552705 0.99984503 0
-0.44484767 -5.6271825 -0.29375431 -0.0041985619 -0.052493475 0.99861246 0
0.77355742 -7.0831065 -0.61880499 0.0092308177 -0.085810602 0.99626869 0
-0.25271657 -3.1588066 -0.60848308 -0.015122127 -0.19097026 0.98147935 1.282523e-07
0.41984749 -3.8516252 -0.60731 0.015728734 -0.14939769 0.98865211 7.7652373e-09
-0.18547258 -2.3000362 -0.60797924 -0.020770669 -0.25760409 0.96602726 4.7790553e-07
0.28644779 -2.6207561 -0.6000585 0.024425352 -0.2233967 0.9744215 4.1161601e-07
-0.583413 -7.0898781 0.1238692 0.001431537 0.017366791 0.99984819 0
-0.46567595 -5.6280026 -0.29388499 -0.0041981335 -0.05250426 0.99861187 0
0.74882811 -7.0857639 -0.61880475 0.0093807131 -0.087205499 0.9961462 0
-0.26374134 -3.1579061 -0.60847813 -0.015781704 -0.18859628 0.98192787 1.912279e-08
0.40640029 -3.8530667 -0.60731423 0.015901623 -0.15068147 0.98845446 4.5149875e-09
-0.19349997 -2.2993748 -0.60797924 -0.021669172 -0.25750661 0.96603352 2.7222598e-07
0.27677694 -2.6168964 -0.59893477 0.023657816 -0.22349192 0.97441864 4.2989797e-07
-0.60730022 -7.0778365 0.12369425 0.0015123935 0.017527146 0.99984527 0
-0.4863956 -5.6387782 -0.29453865 -0.0044714422 -0.051980324 0.99863809 0
0.72510856 -7.0982451 -0.61967403 0.018032856 -0.10353097 0.99446273 0
-0.27497703 -3.15941 -0.60895938 -0.016560521 -0.19039422 0.98156804 1.2632866e-07
0.39294815 -3.8544624 -0.60731369 0.015617085 -0.15023406 0.98852712 7.4431412e-08
-0.20109898 -2.2938738 -0.60668701 -0.022567771 -0.25746101 0.96602511 4.9606871e-07
0.26839694 -2.6251152 -0.60062027 0.022874724 -0.22361188 0.97440982 4.449407e-07
-0.7455799 -8.3767729 1.9323547 0.020311922 0.21990451 0.97530991 0
-0.74377501 -8.3727846 1.3246828 0.013587913 0.15281941 0.98816073 0
-0.63121313 -7.0807629 0.12378172 0.0020386504 0.013228742 0.99991041 0
-0.50374979 -5.6222162 -0.29375428 -0.004681834 -0.052200191 0.99862564 0
-0.4327403 -4.8046393 -0.58697611 -0.010480963 -0.11852787 0.99289542 0
0.70255196 -7.1105232 -0.62054324 0.0084552038 -0.086062238 0.99625391 0
-0.28511235 -3.1486564 -0.60704631 -0.017172623 -0.19050919 0.9815352 1.0856552e-07
0.37924635 -3.8533521 -0.60693079 0.015285164 -0.15027036 0.98852676 7.3924042e-08
-0.20910476 -2.2931578 -0.60668701 -0.023461994 -0.25733688 0.96603686 5.6168767e-07
0.25969034 -2.6259909 -0.60062015 0.022135468 -0.22369578 0.97440761 4.4325279e-07
-0.65638846 -7.0834947 0.12386919 0.001605375 0.017219739 0.99985045 0
-0.52476585 -5.6353374 -0.29453868 -0.0050706235 -0.051579285 0.99865603 0
-0.4492766 -4.8006287 -0.58667189 -0.011470831 -0.12257109 0.99239343 0
0.67725176 -7.1079741 -0.62010831 0.0083544236 -0.087048002 0.99616909 0
-0.29725823 -3.1598566 -0.6094355 -0.017830933 -0.19006714 0.98160917 1.3571898e-07
0.36579356 -3.8546534 -0.60692286 0.014951402 -0.15032946 0.98852289 7.2792631e-08
-0.2167079 -2.2924521 -0.60668701 -0.024322964 -0.25729924 0.96602559 2.4224619e-07
0.25075802 -2.6293058 -0.60118192 0.021359671 -0.22377197 0.97440743 4.1364169e-07
-0.68087053 -7.0786719 0.12382544 0.0017665885 0.01803799 0.99983573 0
-0.54515672 -5.6409264 -0.29493088 -0.0048542325 -0.052365966 0.99861616 0
0.65335304 -7.1202149 -0.62097752 0.0078446055 -0.086059041 0.99625915 0
-0.30828637 -3.1588011 -0.60942984 -0.018507695 -0.18852064 0.98189479 9.4455199e-09
0.35210848 -3.8534477 -0.60653478 0.014417999 -0.15673062 0.98753613 4.2649546e-08
-0.22494642 -2.294085 -0.60733318 -0.025217026 -0.2572327 0.96602041 4.8343389e-07
0.24135147 -2.6277399 -0.60062003 0.020567972 -0.2238358 0.97440982 4.0632045e-07
-0.56684136 -5.6588612 -0.29597676 -0.0053099026 -0.051816557 0.9986425 0
0.62681168 -7.1176 -0.62054265 0.0077386075 -0.087119706 0.99616778 0
-0.31931061 -3.1577044 -0.60943538 -0.019273443 -0.19041108 0.98151523 1.2039253e-07
0.33843642 -3.8521945 -0.60613847 0.014145866 -0.15638964 0.98759413 9.2666568e-09
-0.23285991 -2.2884405 -0.60604095 -0.026177969 -0.25711215 0.96602696 3.4217322e-07
0.23193702 -2.6310329 -0.60118181 0.019744145 -0.22388013 0.97441667 3.8559958e-07
-0.58783716 -5.6592288 -0.29610747 -0.0053007724 -0.052328497 0.99861586 0
0.60280865 -7.1296711 -0.62141186 0.0071921307 -0.086040109 0.99626571 0
-0.32956022 -3.1492496 -0.60799998 -0.019902274 -0.19034417 0.98151565 1.1970546e-07
0.32604012 -3.8656535 -0.60809588 0.012938965 -0.15494581 0.98783821 6.7365526e-08
-0.2426313 -2.3044243 -0.61056364 -0.027057948 -0.25702459 0.96602601 5.0122895e-07
0.22317122 -2.6366806 -0.60230535 0.018954862 -0.22389498 0.97442895 3.657934e-07
-0.75779253 -7.0859337 0.12408783 0.0018622538 0.017477376 0.9998455 0
-0.60919267 -5.6720352 -0.2968919 -0.0056787743 -0.051700033 0.9986465 0
-0.4639366 -4.3028622 -0.52614945 -0.0065850518 -0.11806045 0.99298459 0
0.57771504 -7.1292496 -0.6211943 0.0071689361 -0.087361634 0.99615085 0
-0.34161282 -3.1578381 -0.60991162 -0.020505391 -0.18964922 0.98163778 1.4680418e-07
0.31274647 -3.8692288 -0.60848761 0.012359702 -0.15621746 0.98764533 4.7794302e-08
-0.24988364 -2.2963617 -0.60862535 -0.027954951 -0.25693229 0.96602499 3.9444751e-07
0.21336235 -2.6301606 -0.60061979 0.018180965 -0.22404236 0.97440982 4.5565358e-07
-0.62827408 -5.6724653 -0.29702267 -0.0056878733 -0.051302563 0.99866694 0
-0.47544971 -4.2766395 -0.52310807 -0.013679447 -0.12112405 0.9925431 0
0.55465412 -7.1385746 -0.62184614 0.0063491985 -0.085347004 0.99633104 0
-0.35235965 -3.1541882 -0.60943365 -0.021020923 -0.1899523 0.98156828 1.1168095e-07
0.29865858 -3.8629115 -0.6073184 0.012049308 -0.15573066 0.98772609 1.015194e-07
-0.25898471 -2.305074 -0.61120975 -0.028853355 -0.25682878 0.96602613 2.9611982e-07
0.20483258 -2.6332817 -0.60118163 0.017437769 -0.2240773 0.97441536 4.5720401e-07
-0.6477865 -5.6677575 -0.29689196 -0.0059344904 -0.052323204 0.99861258 0
-0.49037495 -4.2749538 -0.52310807 -0.013694024 -0.12125313 0.99252713 0
0.52991843 -7.142951 -0.6220634 0.0064573986 -0.085955925 0.99627799 0
-0.3633675 -3.1529388 -0.60943514 -0.02182116 -0.18921077 0.98169398 1.3330293e-07
0.2857269 -3.8713174 -0.6084919 0.011641863 -0.15680879 0.98756039 6.4653335e-08
-0.26606774 -2.2994051 -0.60991758 -0.029703371 -0.25672787 0.9660272 5.1816767e-07
0.19545481 -2.6315517 -0.60061973 0.016654877 -0.22410609 0.97442245 4.1696092e-07
-0.66844577 -5.6729002 -0.29728419 -0.0063373125 -0.050711136 0.99869323 0
0.50445026 -7.1373043 -0.62141114 0.0061913002 -0.087144375 0.99617648 0
-0.37611726 -3.1662736 -0.61228663 -0.022177398 -0.1889586 0.98173457 4.8403042e-08
0.27185959 -3.8673651 -0.6077106 0.010835803 -0.15480325 0.98788589 6.2862775e-08
-0.2738044 -2.2960646 -0.60927147 -0.030593717 -0.25662005 0.96602803 3.7545951e-07
0.18662043 -2.6370773 -0.60174334 0.015878856 -0.22420923 0.97441167 4.3951772e-07
-0.68983757 -5.6753683 -0.29754525 -0.006167178 -0.052177861 0.99861878 0
0.47895974 -7.1490455 -0.62227982 0.0057534161 -0.086199984 0.99626124 0
-0.38566965 -3.1527622 -0.60990363 -0.022473214 -0.18901105 0.98171777 0
0.25886098 -3.8756821 -0.60887533 0.010461873 -0.15502118 0.98785573 8.411574e-08
-0.28370193 -2.3070271 -0.61250871 -0.030635651 -0.2572332 0.96586365 1.9676253e-07
0.17661914 -2.6328831 -0.60061938 0.015054218 -0.22424857 0.97441572 4.584316e-07
-0.71113652 -5.6928678 -0.29859114 -0.0064948415 -0.051780168 0.99863738 0
0.45493039 -7.1456232 -0.62184495 0.0055983961 -0.087276652 0.99616838 0
0.24485409 -3.8691692 -0.60770726 0.0099175088 -0.15632018 0.98765665 9.3358821e-08
-0.29114303 -2.3012347 -0.61120641 -0.031103974 -0.2563957 0.96607131 1.2351907e-07
0.16756867 -2.6285927 -0.59949559 0.014307507 -0.22427675 0.97442049 3.2514401e-07
-0.72940916 -5.6779699 -0.29793751 -0.0067012585 -0.052032709 0.99862289 0
0.42934042 -7.1571865 -0.62271422 0.0037726548 -0.083262697 0.99652052 0
0.23119646 -3.8675354 -0.60731733 0.0093232673 -0.15601799 0.98771024 9.7369636e-08
0.15838458 -2.6364832 -0.60118109 0.013487988 -0.22434646 0.97441608 2.5118683e-07
-0.93952388 -7.1322136 0.12526907 0.0022852179 0.01745127 0.99984509 0
0.40478083 -7.1661015 -0.62336612 0.0047000973 -0.085801646 0.99630117 0
0.21826175 -3.87818 -0.60887891 0.0087751094 -0.15585689 0.9877407 9.803221e-08
0.14889684 -2.6321561 -0.60005724 0.012700491 -0.2243816 0.97441858 4.2786684e-07
-0.96575731 -7.1387987 0.12544397 0.0023383875 0.017239548 0.99984866 0
0.37976408 -7.1674705 -0.623366 0.0047935587 -0.087509558 0.99615216 0
0.20405765 -3.8665895 -0.60692453 0.0082918415 -0.15632793 0.98767042 9.1254982e-08
0.14024179 -2.6423895 -0.60230464 0.011931736 -0.22445758 0.97441083 3.0156295e-07
-0.98873723 -7.1306052 0.12535644 0.0024121783 0.017446466 0.99984491 0
0.3564944 -7.1786404 -0.62423527 0.004291995 -0.0864719 0.99624503 0
0.19093305 -3.8746767 -0.60809845 0.0077027366 -0.1562656 0.98768502 9.4667335e-08
0.13135329 -2.6404076 -0.6017428 0.011174444 -0.22446382 0.97441834 4.4166927e-07
-1.0146793 -7.1345334 0.12548757 0.0023294305 0.017992625 0.99983543 0
0.33096841 -7.169889 -0.6233657 0.0039871209 -0.087353639 0.99616939 0
-0.2960054 -2.0655098 -0.39834288 -0.026138153 -0.18841858 0.98174089 0
0.17763866 -3.8802538 -0.60887039 0.007067556 -0.1547789 0.98792386 1.7745808e-08
0.12213582 -2.6408498 -0.60174274 0.010382992 -0.22447599 0.9744243 3.4195142e-07
-1.0410227 -7.1408424 0.12566248 0.0024128966 0.017644279 0.99984139 0
-0.88488311 -6.0497231 -0.31833202 -0.0075088399 -0.051437445 0.99864799 0
0.30615443 -7.1759768 -0.62380022 0.0037343581 -0.08632981 0.99625963 0
-0.29998302 -2.0426137 -0.3940545 -0.034794349 -0.18982142 0.98120189 0
0.1637712 -3.8734481 -0.60770762 0.0068881316 -0.15451148 0.98796695 5.184647e-08
0.11313363 -2.6461272 -0.60286635 0.0096100625 -0.22456582 0.97441155 3.9619155e-07
0.27945668 -7.1670966 -0.62293065 0.0034326273 -0.087229386 0.99618232 0
-0.30417189 -2.0221419 -0.39024261 -0.034430634 -0.18975189 0.98122817 0
0.15015078 -3.8715293 -0.60731417 0.0058519598 -0.15766644 0.9874751 1.8965798e-08
-0.28618759 -1.8923278 -0.50266445 -0.040963303 -0.25617421 0.96576226 5.5241278e-09
0.10333498 -2.6440902 -0.6023044 0.0087828496 -0.22457173 0.97441798 4.1029494e-07
0.25488698 -7.1804733 -0.6240173 0.0029702617 -0.086386219 0.99625731 0
-0.30859742 -2.0040913 -0.38690722 -0.027359614 -0.18811753 0.98176539 0
0.13645571 -3.8670955 -0.60652751 0.0057748728 -0.15716518 0.98755544 1.7739838e-08
-0.29130331 -1.8817722 -0.50008047 -0.039224744 -0.25524947 0.96607924 2.1337001e-08
0.094195805 -2.6468692 -0.60286623 0.0079990067 -0.22463399 0.97441036 4.1635897e-07
0.22973973 -7.1788297 -0.6237998 0.0031301684 -0.083967023 0.9964636 0
0.12252428 -3.8749723 -0.60770696 0.0049218605 -0.15575127 0.98778403 9.1981967e-08
-0.29672918 -1.8735892 -0.49814221 -0.040390816 -0.25519079 0.96604669 2.1337001e-08
0.084791116 -2.6423128 -0.60174251 0.0072148978 -0.2246117 0.97442162 3.7409723e-07
0.2045345 -7.1746092 -0.62336498 0.0023739606 -0.088443488 0.99607837 0
-0.31191996 -1.9340029 -0.37356558 -0.031340066 -0.18824008 0.98162287 0
0.10914224 -3.8803139 -0.60848343 0.0041490272 -0.15582433 0.98777604 5.3091057e-08
-0.30365592 -1.8749255 -0.49878833 -0.041320361 -0.25511417 0.96602762 5.7819693e-07
0.075715199 -2.6474621 -0.60286611 0.0064297915 -0.22469929 0.97440696 4.0811159e-07
0.17948928 -7.1752801 -0.62336487 0.0022953958 -0.085510612 0.99633461 0
-0.31552282 -1.91601 -0.3702305 -0.032163259 -0.18821387 0.9816013 3.7156457e-08
0.096081518 -3.8732481 -0.60731673 0.0038654383 -0.15612064 0.98773044 1.0102335e-07
-0.31099263 -1.8786187 -0.50008053 -0.042212348 -0.25495988 0.96602982 9.250785e-07
0.066408008 -2.6452754 -0.60230422 0.0056434791 -0.22467589 0.97441721 4.573624e-07
-0.32220879 -1.9148958 -0.37023595 -0.032163259 -0.18821387 0.9816013 3.7156457e-08
0.082616463 -3.876029 -0.60770637 0.0032599948 -0.15795833 0.98744041 5.6813107e-08
-0.31835875 -1.8822832 -0.50137275 -0.043102056 -0.25482583 0.96602589 5.8765733e-07
0.057693068 -2.6479163 -0.60286611 0.0049009863 -0.22475074 0.97440398 3.0166998e-07
-0.33916131 -1.9813255 -0.24208891 -0.021849036 -0.12006761 0.99252528 0
-0.32554582 -1.8944131 -0.36642408 -0.031907871 -0.18765214 0.98171717 4.6600238e-08
0.069086187 -3.8762941 -0.60770226 0.0027034557 -0.15146431 0.98845905 4.6405204e-09
-0.32534072 -1.8835399 -0.50201887 -0.043995634 -0.25467658 0.96602494 6.5827226e-07
0.047890767 -2.6432388 -0.60174233 0.004073455 -0.2246729 0.97442573 2.6696597e-07
0.10456862 -7.1917071 -0.6246686 0.0015104113 -0.087697409 0.99614602 0
-0.33258328 -1.8956831 -0.36689484 -0.033039939 -0.18777302 0.98165661 7.2102118e-08
0.055555064 -3.8765111 -0.6077053 0.0024267461 -0.15748006 0.9875192 4.4075684e-08
-0.330226 -1.8728811 -0.4994345 -0.044879321 -0.25450712 0.96602899 7.304306e-07
0.0387039 -2.6458256 -0.6023041 0.0032935804 -0.22471727 0.97441846 2.0058884e-07
-0.33615321 -1.8776033 -0.36355945 -0.03350402 -0.18755758 0.98168206 9.0609667e-08
0.04199354 -3.8742123 -0.60731518 0.0017422007 -0.15649579 0.9876771 9.589391e-08
-0.33633128 -1.8693405 -0.49878848 -0.045772213 -0.2543543 0.96602732 8.9963885e-07
0.02943665 -2.6435089 -0.60174227 0.002507526 -0.22473001 0.97441787 3.6226925e-07
0.098268859 -7.9722047 2.1244028 -0.0037566926 0.26839772 0.96330088 0
-0.34137475 -1.8691767 -0.36213231 -0.035513517 -0.18812405 0.98150301 5.7981078e-09
0.028575422 -3.8866816 -0.60926628 0.001062576 -0.1557174 0.98780107 9.1153019e-08
-0.34153903 -1.8610303 -0.49685019 -0.046657145 -0.25419992 0.96602565 3.6610484e-07
0.020740513 -2.6508996 -0.60342777 0.0017619705 -0.22472398 0.97442085 2.6524779e-07
-0.34994984 -1.886142 -0.23083606 -0.021911686 -0.11952837 0.99258894 0
-0.34608987 -1.8583255 -0.3602241 -0.033115808 -0.18651929 0.981893 9.33602e-08
0.014983302 -3.8818185 -0.60848808 0.00049566251 -0.15508385 0.98790121 4.8470419e-08
-0.35071349 -1.8740671 -0.50072682 -0.047540344 -0.2540102 0.96603245 5.7595173e-07
0.011038886 -2.6533942 -0.6039896 0.00093589275 -0.22471374 0.97442436 2.5810996e-07
-0.35221922 -1.8604703 -0.22779432 -0.023944449 -0.11971506 0.9925195 9.4077535e-10
-0.35257444 -1.8571061 -0.36022413 -0.034908466 -0.18667658 0.98180103 1.234191e-07
0.0014371008 -3.8843164 -0.60887778 0.00013029599 -0.15807056 0.98742783 2.9318672e-08
-0.35452291 -1.8586007 -0.49685028 -0.048426364 -0.25387734 0.96602339 6.2820817e-07
0.0017708921 -2.6509802 -0.60342771 0.00015094447 -0.22474019 0.9744187 1.1913857e-07
0.013426175 -7.9897037 2.1289272 -0.0009301675 0.26793513 0.96343648 0
-0.35634816 -1.8470494 -0.2262755 -0.026357105 -0.12038662 0.9923771 3.0364455e-09
-0.35577384 -1.8390009 -0.35688871 -0.036231067 -0.18713537 0.98166573 1.7612967e-07
-0.012116866 -3.881829 -0.60848457 -0.00033906565 -0.15722333 0.98756301 9.1698041e-08
-0.36239827 -1.8644623 -0.49878857 -0.049310319 -0.25369444 0.96602672 5.2573267e-07
-0.0074775578 -2.6460981 -0.60230392 -0.00063854823 -0.22476201 0.97441345 3.4811768e-07
-0.013071544 -7.9921198 2.1295736 -0.00032973959 0.26180109 0.96512181 0
-0.36006767 -1.8336854 -0.22475311 -0.026357105 -0.12038662 0.9923771 3.0364455e-09
-0.36362228 -1.84497 -0.35831824 -0.03684498 -0.1869802 0.98167247 2.7669651e-07
-0.025706904 -3.8891711 -0.60965514 -0.0010418589 -0.15510277 0.98789781 6.1642417e-08
-0.37031889 -1.8702918 -0.50072688 -0.050203323 -0.25346011 0.96604222 1.9373486e-07
-0.016262842 -2.6484947 -0.60286582 -0.0013717505 -0.22476414 0.9744122 2.7831987e-07
-0.3645094 -1.8226864 -0.223537 -0.023884604 -0.11930411 0.9925704 9.444765e-09
-0.36908913 -1.838878 -0.35736528 -0.037487306 -0.18684755 0.98167342 3.2234973e-07
-0.039282396 -3.8890574 -0.60965657 -0.0015692215 -0.15540589 0.98784947 7.336233e-08
-0.37556008 -1.8643196 -0.49943474 -0.051048391 -0.25340062 0.96601355 1.9373486e-07
-0.025450205 -2.6411142 -0.6011802 -0.0021451702 -0.22470622 0.97442418 2.2713901e-07
-0.36738569 -1.8043859 -0.22140808 -0.024270216 -0.11925521 0.99256694 3.7993392e-08
-0.37402397 -1.8303667 -0.35593572 -0.03816136 -0.18675476 0.98166507 3.9274173e-07
-0.052765612 -3.8814905 -0.60847914 -0.0020923291 -0.15763386 0.98749542 3.6950524e-08
-0.38450378 -1.8748237 -0.50266516 -0.051932357 -0.25311089 0.9660424 3.6397387e-07
-0.034835018 -2.6556244 -0.60455126 -0.0028447094 -0.22495769 0.9743644 4.0538657e-07
-0.098468758 -8.0180893 2.1366849 0.0026028403 0.26063794 0.96543312 0
-0.38191301 -1.8457941 -0.096870273 -0.010954808 -0.051199947 0.99862832 8.8314431e-09
-0.37247682 -1.7957398 -0.2204953 -0.024745863 -0.11918104 0.99256414 6.9924049e-08
-0.38191774 -1.8362567 -0.35736507 -0.038802784 -0.18659362 0.98167062 5.1569765e-07
-0.066392601 -3.8862197 -0.60926348 -0.0022909699 -0.15717058 0.9875688 1.1557023e-08
-0.39286178 -1.8804926 -0.50460315 -0.052871704 -0.25286785 0.9660551 2.9641302e-07
-0.044494946 -2.6506078 -0.60342693 -0.0037940806 -0.22461024 0.97444129 4.1796815e-07
-0.12523869 -8.0297928 2.1399167 0.0046514673 0.25627244 0.96659338 0
-0.16459766 -8.3316402 0.43525767 0.0011071502 0.051402248 0.99867743 0
-0.38699871 -1.8396322 -0.096610136 -0.010954808 -0.051199947 0.99862832 8.8314431e-09
-0.3794589 -1.7993499 -0.22110361 -0.025054581 -0.1190037 0.99257767 7.6383643e-08
-0.38679305 -1.827711 -0.35593554 -0.03945072 -0.18646386 0.98166943 4.6041467e-07
-0.080053195 -3.8909016 -0.61005044 -0.0036332516 -0.15506259 0.98789799 8.3368597e-08
-0.39992803 -1.8814716 -0.50524926 -0.053739373 -0.25278851 0.96602798 1.8301402e-07
-0.053462934 -2.6601882 -0.60567433 -0.0045018131 -0.22458614 0.97444385 3.2782171e-07
-0.17528793 -8.3547888 1.6164776 0.0048096743 0.18328612 0.98304784 0
-0.39394286 -1.8407108 -0.096740596 -0.010951241 -0.051116575 0.99863267 9.6080042e-09
-0.38416812 -1.7907372 -0.22019124 -0.025512913 -0.11894126 0.99257344 1.385732e-07
-0.39265156 -1.8239512 -0.35545906 -0.040114015 -0.18633942 0.98166621 4.6973855e-07
-0.093860261 -3.9004743 -0.61160368 -0.0040538227 -0.155333 0.98785383 2.7099395e-10
-0.40700591 -1.8824241 -0.50589544 -0.054636475 -0.25261983 0.96602178 4.5753197e-07
-0.063105397 -2.6551032 -0.6045506 -0.0053262305 -0.22472236 0.97440827 4.421529e-07
-0.4028227 -1.84901 -0.097263567 -0.011133732 -0.051109783 0.998631 9.6080042e-09
-0.38966489 -1.7844696 -0.219583 -0.025960395 -0.11885182 0.99257255 1.838655e-07
-0.39954326 -1.8249662 -0.35593554 -0.040761415 -0.18617429 0.98167086 5.3228865e-07
-0.10747476 -3.9001219 -0.61161107 -0.0043173907 -0.15605216 0.98773938 9.6010346e-08
-0.41148999 -1.8715591 -0.50331116 -0.055487148 -0.25237355 0.96603769 9.490671e-07
-0.072497115 -2.6597376 -0.60567427 -0.0061218608 -0.22466147 0.97441763 3.6714323e-07
-0.25343874 -8.3344078 0.43551981 1.1497274e-06 -3.1378509e-05 1 0
-0.40818948 -1.8427187 -0.097002134 -0.011316421 -0.051037524 0.99863261 9.6080042e-09
-0.39427003 -1.7758331 -0.21867064 -0.026379166 -0.11876518 0.99257189 1.623745e-07
-0.14154665 -4.5328593 -0.39275217 -0.0028655822 -0.087164879 0.99618977 0
-0.40644693 -1.8259554 -0.35641211 -0.041416708 -0.18603401 0.98167002 2.1189771e-07
-0.12086694 -3.892319 -0.61043441 -0.0048169936 -0.15684286 0.98761183 8.0009315e-08
-0.41854966 -1.8724676 -0.50395721 -0.056382295 -0.25221041 0.96602845 7.5903057e-07
-0.081710219 -2.657033 -0.60511243 -0.0069117304 -0.22456993 0.97443348 4.3221718e-07
-0.2629202 -8.3573999 1.6174313 0.0061283465 0.19423169 0.98093653 0
-0.2810753 -8.3335209 0.43551987 0.0017156702 0.053393602 0.99857205 0
-0.41650021 -1.8510956 -0.097524494 -0.011217066 -0.051074304 0.99863183 4.2993471e-09
-0.40125367 -1.779356 -0.21927893 -0.02676473 -0.1186643 0.99257362 4.9481891e-08
-0.15657732 -4.5323648 -0.39275214 3.7694606e-06 5.4309938e-05 1 0
-0.41118568 -1.8173462 -0.35498267 -0.042067666 -0.18589361 0.98166895 4.9912478e-07
-0.13486432 -3.904212 -0.61239338 -0.0053639072 -0.1563772 0.98768282 9.5597883e-08
-0.4240081 -1.8662863 -0.50266504 -0.057261445 -0.2520262 0.96602482 3.73197e-07
-0.090678029 -2.6616173 -0.6062361 -0.0076526715 -0.22459307 0.97442257 2.7956241e-07
-0.29217595 -8.3588839 1.6179079 0.0058962544 0.19853131 0.98007679 0
-0.30340689 -8.3468313 1.0201604 0.0042992276 0.12415479 0.99225354 0
-0.40634847 -1.7731084 -0.21867073 -0.027181288 -0.11857733 0.99257272 1.1057076e-07
-0.17318814 -4.5317607 -0.39275211 -0.0031463525 -0.086556219 0.99624199 0
-0.41918436 -1.8230734 -0.35641217 -0.042713668 -0.18574709 0.98166877 4.9338695e-07
-0.14840075 -3.9012506 -0.61199886 -0.0058989017 -0.15512848 0.98787671 1.2723188e-08
-0.43106574 -1.8671477 -0.50331128 -0.058142822 -0.25182229 0.96602535 2.5903392e-07
-0.10034506 -2.6588323 -0.60567421 -0.008473875 -0.224563 0.97442275 2.0348888e-07
-0.3327359 -8.3506804 1.0207691 0.019977896 0.0058765253 0.99978316 0
-0.41171286 -1.7667749 -0.21806249 -0.02761534 -0.11847907 0.99257249 1.3160489e-07
-0.18839829 -4.5161977 -0.39144799 -0.0037060839 -0.087099135 0.99619275 0
-0.42498457 -1.8192098 -0.35593572 -0.043362278 -0.18558753 0.9816705 5.1402907e-07
-0.1621172 -3.9031761 -0.61239028 -0.0063720299 -0.15567696 0.98778749 9.3053693e-08
-0.43868855 -1.8703328 -0.50460345 -0.059019048 -0.2515938 0.96603173 4.0496383e-07
-0.10972147 -2.6609001 -0.60623604 -0.0092597194 -0.22453426 0.97442222 1.2259477e-07
-0.36209548 -8.3544254 1.0213778 0.0053796452 0.11919384 0.99285644 0
-0.41902602 -1.7701551 -0.21867079 -0.028029321 -0.11837874 0.99257284 2.2289183e-07
-0.20438144 -4.5204887 -0.39188263 -0.0039398051 -0.086236097 0.99626696 0
-0.43417799 -1.8296515 -0.35831821 -0.044009089 -0.18545824 0.98166615 5.1013274e-07
-0.17520002 -3.8902514 -0.61043775 -0.0071222107 -0.15641777 0.9876653 9.4025296e-08
-0.44521439 -1.86879 -0.50460351 -0.059900716 -0.25136542 0.96603692 7.4775539e-07
-0.11848617 -2.6483319 -0.60342681 -0.010036172 -0.22449093 0.97442448 1.6137824e-07
-0.42605814 -1.7735801 -0.2192791 -0.028423458 -0.11829189 0.99257201 2.0878777e-07
-0.21925257 -4.5172987 -0.39166531 -0.0042719608 -0.087775268 0.99613112 0
-0.43825203 -1.818584 -0.35641235 -0.04465558 -0.18527587 0.98167139 4.1622971e-07
-0.18889512 -3.8920827 -0.61082739 -0.0076662749 -0.15712959 0.98754823 1.4960531e-08
-0.45230529 -1.8695714 -0.50524962 -0.06077436 -0.25118139 0.96603024 4.5128402e-07
-0.1272676 -2.6479244 -0.60342675 -0.010782847 -0.22447833 0.97441941 2.0177562e-07
-0.46831104 -1.9235741 -0.10183952 -0.012137583 -0.05082725 0.99863368 0
-0.43106517 -1.767262 -0.21867089 -0.02883327 -0.11818493 0.9925729 2.0450472e-07
-0.23593506 -4.5189524 -0.39188257 -0.0042646499 -0.087848179 0.99612474 0
-0.44635481 -1.8241926 -0.35784179 -0.045305692 -0.18513054 0.98166901 4.2190806e-07
-0.20235448 -3.8889346 -0.61043167 -0.0077006021 -0.15697245 0.98757297 2.9105868e-08
-0.45998552 -1.8726705 -0.50654185 -0.06165427 -0.25098756 0.96602482 3.706169e-07
-0.13697177 -2.6474404 -0.60342675 -0.011607856 -0.22446038 0.97441405 1.4274832e-07
-0.49762708 -2.0114937 -0.10667648 -0.012773775 -0.050796509 0.99862731 1.4995064e-09
-0.43873852 -1.770486 -0.21927918 -0.029266687 -0.11807924 0.99257278 1.9915629e-07
-0.25211561 -4.5255609 -0.39253464 -0.0038800042 -0.088781953 0.9960435 0
-0.45093727 -1.81548 -0.35641241 -0.045948017 -0.18495639 0.98167199 3.5886259e-07
-0.21646389 -3.8980663 -0.612001 -0.0087684169 -0.15551275 0.987795 9.1885603e-08
-0.46710616 -1.8733964 -0.50718802 -0.062534228 -0.25077394 0.96602374 3.5489023e-07
-0.14647225 -2.6518114 -0.60455048 -0.012389948 -0.2244079 0.97441655 1.9833456e-07
-0.50281459 -2.0024819 -0.10628628 -0.012999471 -0.050519038 0.99863851 7.9125586e-09
-0.44309235 -1.7617264 -0.21836683 -0.029680857 -0.11798592 0.99257159 1.2225144e-07
-0.26848987 -4.5345993 -0.39340407 -0.0052583427 -0.086305253 0.99625486 0
-0.46060252 -1.8257098 -0.3587949 -0.046636343 -0.18482174 0.9816649 3.5860702e-07
-0.23103547 -3.9021771 -0.61278027 -0.0093033519 -0.156629 0.98761368 3.46961e-08
-0.47364265 -1.8717544 -0.50718808 -0.063414052 -0.25055918 0.96602213 1.8937209e-07
-0.15572782 -2.6512837 -0.60455042 -0.01294716 -0.22539608 0.97418118 3.5997508e-07
-0.51050079 -8.3665609 1.0238128 0.0071390457 0.12382903 0.99227786 0
-0.51739705 -8.3597126 0.43748438 0.0032095821 0.053379636 0.99856913 0
-0.51413274 -2.0176454 -0.10719972 -0.012918605 -0.050674412 0.99863166 6.6084724e-09
-0.45108801 -1.7673799 -0.21927929 -0.030092129 -0.11787133 0.99257284 6.3117582e-08
-0.2843169 -4.5336347 -0.39340404 3.4308294e-05 0.00053200702 0.99999988 0
-0.46452793 -1.8145835 -0.35688895 -0.047268637 -0.18462704 0.98167127 4.9557423e-07
-0.24450354 -3.8988829 -0.61238474 -0.0093033519 -0.156629 0.98761368 3.46961e-08
-0.4783642 -1.8630741 -0.5052498 -0.064279735 -0.25034907 0.96601939 1.7835187e-07
-0.16527553 -2.6555872 -0.60567415 -0.013917687 -0.22449327 0.97437626 2.1487344e-07
-0.51240081 -8.3725271 2.2355704 0.015818505 0.26135677 0.96511263 0
-0.5387165 -8.3722506 1.0247258 0.0079240063 0.12001061 0.99274099 0
-0.54689789 -8.3628387 0.43774632 0.003223889 0.05324522 0.99857628 0
-0.52305412 -2.0230877 -0.10759197 -0.013096604 -0.050629828 0.9986316 6.6084724e-09
-0.45819476 -1.7706776 -0.21988758 -0.030483587 -0.11776417 0.99257362 7.7231817e-08
-0.30014038 -4.5326142 -0.39340404 -0.005623519 -0.08720199 0.99617475 0
-0.46992368 -1.8106583 -0.35641253 -0.047877152 -0.1844639 0.98167247 3.4157077e-07
-0.25823015 -3.9103706 -0.61434263 -0.01041406 -0.15532617 0.98780835 7.742495e-08
-0.48547575 -1.8637294 -0.50589597 -0.065154858 -0.25012124 0.96601981 1.7965523e-07
-0.17469966 -2.6574252 -0.60623598 -0.014744821 -0.22422743 0.97442532 1.7560832e-07
-0.5404709 -8.3756018 2.2368631 0.017323131 0.24898262 0.96835303 0
-0.55652922 -8.3749666 1.6236286 0.011503223 0.19736642 0.98026228 0
-0.57530624 -8.3709412 0.43827006 0.0036905746 0.051614378 0.99866027 0
-0.52976 -2.0213423 -0.1075919 -0.013113385 -0.050524514 0.99863672 1.2243753e-10
-0.464064 -1.7691483 -0.21988764 -0.030874951 -0.1176642 0.99257338 5.7440616e-08
-0.31585044 -4.5415325 -0.3942734 -0.0061452729 -0.08629033 0.99625111 0
-0.47529843 -1.8067173 -0.35593611 -0.048477132 -0.18429253 0.98167521 2.6455149e-07
-0.27153185 -3.9144206 -0.61512053 -0.011070066 -0.15530324 0.98780483 5.128625e-08
-0.18367453 -2.6592619 -0.60679781 -0.01548273 -0.22418268 0.97442412 3.3011052e-08
-0.56840485 -8.3761721 2.2375095 0.016796662 0.26876891 0.96305823 0
-0.58480728 -8.3804216 1.6250588 0.013651409 0.18676719 0.98230934 0
-0.53195763 -2.0026884 -0.10667696 -0.01342875 -0.050537482 0.99863189 1.6240366e-10
-0.47215837 -1.7747098 -0.22080009 -0.031308565 -0.1175174 0.9925772 6.0334564e-08
-0.33090889 -4.5404601 -0.3942734 -0.0062201875 -0.087342262 0.99615896 0
-0.48096699 -1.8026767 -0.35545966 -0.048867319 -0.18378751 0.98175055 7.1883463e-08
-0.28484076 -3.9085214 -0.61434686 -0.011240057 -0.15442125 0.98794115 7.8331112e-08
-0.50346577 -1.8814596 -0.51171094 -0.066149473 -0.24971798 0.96605653 0
-0.19232024 -2.656208 -0.60623598 -0.016226852 -0.22412716 0.97442478 1.5242206e-07
-0.61423504 -8.3807774 1.6255354 0.013713805 0.18264282 0.98308367 0
-1.7249652 -6.4005485 0.11538122 0.0045250012 0.016834727 0.99984807 0
-0.47964817 -1.7778409 -0.22140843 -0.031735901 -0.11737694 0.99258024 4.1368807e-08
-0.34731758 -4.5467286 -0.39492548 -0.0065975613 -0.086363062 0.99624187 0
-0.4917607 -1.817565 -0.35879517 -0.049780246 -0.18398006 0.98166859 1.8801724e-07
-0.2986674 -3.909966 -0.61473536 -0.011875405 -0.15564802 0.98774117 1.0144497e-07
-0.20159087 -2.6555207 -0.60623598 -0.017010955 -0.22407649 0.97442311 4.263359e-07
-1.7439989 -6.3824329 0.11516234 0.0043588993 0.016660251 0.9998517 0
-0.49110934 -1.7952981 -0.22384153 -0.032030836 -0.11746175 0.99256068 3.3819109e-08
-0.36259887 -4.5380392 -0.3942734 -0.0069074552 -0.086904354 0.99619269 0
-0.49810216 -1.8158374 -0.35879517 -0.050420027 -0.18380855 0.98166811 2.4349134e-07
-0.31212017 -3.9064386 -0.61434001 -0.011803165 -0.15335406 0.98810083 9.4388621e-09
-0.61496174 -2.2340693 -0.61056203 -0.070031434 -0.24938244 0.96586955 6.6910758e-08
-0.21067046 -2.6523719 -0.60567415 -0.017790265 -0.2240072 0.97442508 3.8227304e-07
-0.6572125 -8.3842068 2.2413874 0.020313358 0.26112115 0.9650923 0
-0.6852991 -8.386425 1.0277694 0.0098169018 0.12015338 0.99270678 0
-0.49537617 -1.7864014 -0.22292919 -0.032592036 -0.11710358 0.99258476 3.3819109e-08
-0.37945986 -4.5491571 -0.3953602 -0.0073512364 -0.086236693 0.99624753 0
-0.50971729 -1.8329977 -0.36260715 -0.051068 -0.18360949 0.98167187 1.9543575e-07
-0.32555175 -3.9028637 -0.61395544 -0.013096167 -0.1559421 0.98767936 8.4234181e-08
-0.62275577 -2.2319074 -0.610569 -0.070462391 -0.24937755 0.96583945 2.025545e-07
-0.21992759 -2.6516204 -0.60567415 -0.018576007 -0.22395499 0.97442245 3.8682612e-07
-0.6868667 -8.3866768 2.2426798 0.020888129 0.25506148 0.96669918 0
-0.7027784 -8.3836679 1.6274424 0.015616961 0.18630639 0.98236758 0
-0.53685522 -1.9133611 -0.10223225 -0.014456744 -0.050137796 0.99863768 0
-0.50700063 -1.8037666 -0.22536233 -0.032932047 -0.11710099 0.99257386 4.6445678e-08
-0.39613074 -4.5477357 -0.39536017 8.8592904e-05 0.0010180576 0.99999946 0
-0.5134396 -1.8217615 -0.36070126 -0.05170311 -0.18345959 0.98166662 1.9543575e-07
-0.33769682 -3.8844826 -0.61121351 -0.01392012 -0.15596095 0.98766512 3.801625e-08
-0.62895316 -2.222641 -0.60862857 -0.070462391 -0.24937755 0.96583945 2.025545e-07
-0.22985063 -2.6532238 -0.60623598 -0.019396188 -0.22388281 0.97442305 3.0657401e-07
-0.55346334 -1.9449887 -0.10406169 -0.014628374 -0.050191 0.99863249 3.3758325e-09
-0.51292557 -1.7995105 -0.22505824 -0.033348508 -0.11700075 0.99257177 4.6445678e-08
-0.4120028 -4.5463252 -0.3953602 -0.0078708213 -0.088548645 0.99604076 0
-0.52114844 -1.8246763 -0.36165428 -0.052325811 -0.18335052 0.98165399 1.3237414e-07
-0.35213208 -3.8931177 -0.61278051 -0.01392012 -0.15596095 0.98766512 3.801625e-08
-0.64004642 -2.2320368 -0.61185688 -0.07125625 -0.24832171 0.96605325 3.0672268e-07
-0.23825289 -2.6426992 -0.60398859 -0.020219373 -0.22369999 0.97444832 4.5520159e-07
-0.55677909 -1.9310539 -0.10341101 -0.014588659 -0.050157961 0.99863476 4.1122883e-09
-0.59416962 -6.3308949 -0.11012198 -0.0015408372 -0.017209969 0.99985069 0
-0.5240413 -1.8143919 -0.22718725 -0.033783358 -0.11691386 0.9925673 6.285179e-08
-0.42810073 -4.5473385 -0.39557749 -0.0080225412 -0.08618252 0.99624705 0
-0.53125805 -1.8345363 -0.3640404 -0.052372593 -0.18346679 0.98162979 1.0453584e-07
-0.36594152 -3.8868833 -0.61200148 -0.01449673 -0.15415643 0.98794007 4.1623355e-08
-0.64715791 -2.2274706 -0.611211 -0.072012298 -0.24857916 0.96593094 5.1464599e-07
-0.24769898 -2.6442771 -0.6045506 -0.020991415 -0.22380804 0.97440714 4.4403649e-07
-0.57334977 -1.9626393 -0.10523894 -0.014736133 -0.049977802 0.99864161 3.7486738e-09
-0.5282734 -1.8054093 -0.22627491 -0.034205329 -0.11674558 0.99257267 6.285179e-08
-0.44301298 -4.5359011 -0.39470816 -0.0089619039 -0.087398611 0.99613309 0
-0.53557891 -1.8256098 -0.36260256 -0.052372593 -0.18346679 0.98162979 1.0453584e-07
-0.65766472 -2.2344627 -0.61379552 -0.073144548 -0.24706225 0.96623504 2.9773975e-07
-0.25808451 -2.6555216 -0.60735965 -0.02192916 -0.22327499 0.97450882 2.9426414e-07
-0.57593262 -1.9462661 -0.10445585 -0.014866011 -0.050125938 0.99863225 1.3570018e-08
-0.53881824 -1.8178245 -0.22810057 -0.034610093 -0.11663683 0.99257141 8.0827782e-08
-0.55176955 -1.8566531 -0.36927697 -0.055260058 -0.18240966 0.98166847 3.7210388e-08
-0.66615236 -2.234467 -0.61444253 -0.073886581 -0.24755007 0.96605366 4.7810005e-07
-0.2661531 -2.6424832 -0.60455161 -0.022440618 -0.22324255 0.97450459 1.1228329e-07
-0.58416104 -1.9490254 -0.10471863 -0.015115025 -0.050176155 0.99862599 2.7603739e-09
-0.54301232 -1.8088048 -0.22718821 -0.035016131 -0.11652783 0.99256998 8.0827782e-08
-0.56179547 -1.8664615 -0.3716639 -0.055260058 -0.18240966 0.98166847 3.7210388e-08
-0.67394787 -2.2321281 -0.61444283 -0.074638888 -0.24773997 0.96594715 2.690357e-07
-0.27512708 -2.6391151 -0.60398978 -0.023262955 -0.22345604 0.97443634 1.402279e-07
-1.8004856 -5.9291348 0.10781019 0.0050208676 0.017336482 0.9998371 0
-0.58805108 -1.9374214 -0.10419447 -0.015115025 -0.050176155 0.99862599 2.7603739e-09
-0.55439276 -1.8235121 -0.22931728 -0.035398848 -0.11637967 0.9925738 9.9834118e-08
-0.56112796 -1.8410213 -0.36689684 -0.055617195 -0.18232968 0.98166317 1.7518835e-07
-0.68456769 -2.2389982 -0.6170274 -0.075636573 -0.24695237 0.96607125 4.2660807e-07
-0.283824 -2.6332932 -0.60286599 -0.021862177 -0.22087659 0.97505671 1.0045918e-11
-1.8241128 -5.9323697 0.10798493 0.005179591 0.016178185 0.9998557 0
-0.59775347 -1.9448998 -0.10471736 -0.015143553 -0.050165176 0.99862611 1.4862772e-09
-0.55928946 -1.8168241 -0.22870907 -0.035798736 -0.11626936 0.99257237 1.3368883e-07
-0.57118142 -1.850773 -0.36927935 -0.056177318 -0.18209329 0.98167515 1.7518835e-07
-0.692379 -2.2365947 -0.6170274 -0.0764824 -0.2466898 0.96607172 3.1233759e-07
-0.29221848 -2.6250217 -0.60118049 -0.021914836 -0.22093518 0.97504222 0
-1.8470408 -5.933125 0.10811593 0.0051571988 0.016855998 0.99984461 0
-0.61197948 -1.9666324 -0.10602495 -0.021883115 -0.045757156 0.9987129 0
-0.56785035 -1.8219653 -0.22962151 -0.036207102 -0.11614213 0.99257243 1.6656789e-07
-0.56956095 -1.8230087 -0.36403802 -0.056863796 -0.18192126 0.98166752 2.1573375e-07
-0.70380288 -2.2456837 -0.62025797 -0.077294461 -0.24662344 0.96602404 2.7694762e-07
-1.8730044 -5.9433289 0.10842187 0.00528224 0.01653797 0.99984926 0
-0.62636465 -1.9882895 -0.10733237 -0.015901696 -0.049724378 0.99863636 7.8723004e-13
-0.57420665 -1.8199723 -0.2296216 -0.036612652 -0.11601249 0.99257272 1.6410837e-07
-0.35022244 -2.9327438 -0.25473538 -0.010724631 -0.086374298 0.99620503 0
-0.58037579 -1.8350444 -0.36689699 -0.057471927 -0.18171062 0.98167115 2.1573375e-07
-0.71090519 -2.2409122 -0.61961198 -0.078156255 -0.24633552 0.96602815 3.834933e-07
-1.8960204 -5.9438977 0.10855287 0.0052833986 0.016491275 0.99985003 0
-0.63634402 -1.9956024 -0.10785539 -0.015893659 -0.04982337 0.9986316 1.0991047e-08
-0.58207071 -1.8226829 -0.23022994 -0.037016906 -0.11588809 0.99257225 1.4492824e-07
-0.3576636 -2.9042447 -0.25234452 -0.010724631 -0.086374298 0.99620503 0
-0.58452582 -1.8259977 -0.36546761 -0.058119979 -0.1815166 0.98166889 3.1983669e-07
-0.72281712 -2.2497845 -0.62284255 -0.079061687 -0.24606648 0.96602303 3.4637284e-07
-1.9177932 -5.9369087 0.10855265 0.0053584999 0.016725237 0.99984574 0
-0.64211512 -1.9885066 -0.10759399 -0.016078159 -0.049759191 0.99863183 9.7967803e-09
-0.58798122 -1.818177 -0.22992587 -0.037440971 -0.11574668 0.99257284 1.5582627e-07
-0.36872643 -2.9103918 -0.25299659 -0.010724631 -0.086374298 0.99620503 0
-0.59013724 -1.8216125 -0.36499119 -0.058741096 -0.18130472 0.98167109 1.0493275e-07
-0.72841972 -2.2403598 -0.62090439 -0.079920292 -0.24577916 0.96602553 5.0910899e-07
-1.9447244 -5.9491835 0.10890231 0.0054380405 0.016550792 0.99984825 0
-0.65449631 -2.0028594 -0.10850922 -0.016254259 -0.049706001 0.9986316 9.1770085e-09
-0.5950985 -1.818471 -0.23023006 -0.037846319 -0.11561951 0.99257231 2.2240428e-07
-0.59419149 -1.8125473 -0.36356178 -0.059383299 -0.18110575 0.98166913 1.7757948e-07
-0.73774892 -2.2423902 -0.62219661 -0.080790862 -0.24552171 0.96601862 3.242998e-07
-1.9652272 -5.945075 0.10894582 0.0054677282 0.016698973 0.99984562 0
-0.65720659 -1.9888294 -0.10785562 -0.016418811 -0.049650148 0.99863172 8.7597165e-09
-0.60190749 -1.8188426 -0.23053427 -0.038227081 -0.1154808 0.99257386 2.0578405e-07
-0.60128987 -1.8127909 -0.36403835 -0.060007807 -0.180885 0.98167187 2.3651585e-07
-0.28993073 -2.1636298 -0.3397803 -0.021726672 -0.15504268 0.98766881 0
-0.744807 -2.2375104 -0.62155062 -0.081631847 -0.24520022 0.96602952 5.4571075e-07
-1.9923159 -5.9571414 0.10929548 0.0055686776 0.016472436 0.99984884 0
-0.66573244 -1.9912568 -0.10811716 -0.016594356 -0.049594093 0.9986316 8.7597165e-09
-0.60509175 -1.8073215 -0.22931781 -0.038632426 -0.11536144 0.99257207 1.8903083e-07
-0.60291481 -1.796726 -0.36117947 -0.060657065 -0.18070507 0.98166513 1.0642685e-07
-0.29549366 -2.1479225 -0.33743697 -0.021726672 -0.15504268 0.98766881 0
-0.75299501 -2.2373168 -0.62219679 -0.082428716 -0.24488772 0.96604115 5.9173431e-07
-2.0155034 -5.9572525 0.10942645 0.0055675833 0.016696539 0.99984509 0
-0.66866881 -1.9771 -0.10746356 -0.016753299 -0.049529497 0.99863213 4.6010977e-09
-0.83287114 -5.9532919 -0.1040748 -0.0022806744 -0.017575825 0.99984294 0
-0.61459053 -1.8145963 -0.23053445 -0.039033834 -0.11521786 0.99257302 1.5517146e-07
-0.60918283 -1.7946104 -0.36117953 -0.061276872 -0.18047756 0.98166847 2.0008733e-07
-0.30264968 -2.1444323 -0.3370465 -0.021726672 -0.15504268 0.98766881 0
-0.75845915 -2.227818 -0.62025857 -0.08332359 -0.24469623 0.9660129 4.6042487e-07
-2.0427666 -5.9690995 0.1097761 0.0056737214 0.016452387 0.99984854 0
-0.67313504 -1.9676696 -0.10707123 -0.016509151 -0.049446315 0.99864036 4.9825405e-10
-0.8568064 -5.9650464 -0.10433602 -0.0026063106 -0.01691298 0.99985355 0
-0.62092084 -1.8124398 -0.23053449 -0.03943583 -0.11508413 0.99257267 1.6033988e-07
-0.61464399 -1.7901527 -0.36070311 -0.061904635 -0.18026477 0.98166817 1.4638628e-07
-0.76898533 -2.2318714 -0.62219697 -0.084175043 -0.24427475 0.96604574 5.3160034e-07
-2.066268 -5.9662952 0.10986332 0.0057480321 0.01707549 0.9998377 0
-0.67297161 -1.9439633 -0.10589486 -0.017412653 -0.049442764 0.99862516 4.8809643e-13
-0.87907159 -5.9719124 -0.1045102 -0.0025293732 -0.017162371 0.9998495 0
-0.62919015 -1.8148392 -0.23114283 -0.039858598 -0.11493858 0.99257261 1.9825231e-07
-0.622504 -1.7926313 -0.36165619 -0.06253396 -0.18005072 0.98166758 1.2417595e-07
-0.77597457 -2.2268932 -0.62155098 -0.085040614 -0.24401274 0.96603614 4.9343049e-07
-2.0895629 -5.9661226 0.10999429 0.0057473732 0.016985388 0.99983925 0
-0.67644435 -1.93218 -0.10537259 -0.017521342 -0.049322404 0.99862921 4.1457047e-09
-0.63469774 -1.8102912 -0.23083879 -0.040258385 -0.11478862 0.99257386 1.5047644e-07
-0.63202 -1.7997061 -0.3635622 -0.063156635 -0.17984129 0.98166609 1.7436562e-07
-0.78454769 -2.2264485 -0.62219715 -0.085887663 -0.24369878 0.96604049 2.4983913e-07
-0.29287702 -1.93713 -0.44386202 -0.034583997 -0.22221856 0.97438329 0
-0.68284792 -1.9299263 -0.10537363 -0.017521342 -0.049322404 0.99862921 4.1457047e-09
-0.64485323 -1.8198668 -0.23235954 -0.040640563 -0.11466775 0.99257225 1.2710352e-07
-0.63582724 -1.7905536 -0.36213282 -0.063789785 -0.17958163 0.9816727 1.3777742e-07
-0.78987694 -2.2168732 -0.62025893 -0.086762249 -0.24346182 0.96602207 5.3857821e-07
-0.29563528 -1.9120647 -0.43824407 -0.034988835 -0.22217779 0.97437817 2.8345323e-08
-0.68114817 -1.9040325 -0.10406642 -0.01755956 -0.049215309 0.9986338 2.7755267e-09
-0.6495232 -1.8129344 -0.23175134 -0.041040014 -0.11452179 0.99257267 2.0107939e-07
-0.64706385 -1.802177 -0.36499184 -0.064367868 -0.17942737 0.98166317 6.2003132e-08
-0.79722387 -2.2142415 -0.62025899 -0.087563798 -0.24316299 0.96602499 5.696304e-07
-0.30343202 -1.9182416 -0.43993253 -0.034988835 -0.22217779 0.97437817 2.8345323e-08
-0.69119602 -1.9110308 -0.10458799 -0.01755956 -0.049215309 0.9986338 2.7755271e-09
-0.65500003 -1.8083239 -0.23144728 -0.041441072 -0.11438224 0.99257207 1.6276597e-07
-0.32548073 -1.9982798 -0.17366323 -0.014510287 -0.085842639 0.99620306 0
-0.66090852 -1.8206609 -0.36928281 -0.065298736 -0.17910585 0.98166043 1.4837744e-08
-0.31934288 -1.9620765 -0.30892673 -0.020401103 -0.15373959 0.98790079 0
-0.80412018 -2.2091768 -0.61961305 -0.088417567 -0.24287064 0.96602082 2.7063584e-07
-0.3082101 -1.9051421 -0.43712309 -0.035235558 -0.22148252 0.97452754 4.5746742e-08
-0.68840688 -1.8828232 -0.10314981 -0.017746503 -0.04915588 0.99863344 0
-0.6638751 -1.8130141 -0.23235975 -0.041838609 -0.11423028 0.9925729 1.7206276e-07
-0.32916868 -1.9749553 -0.17170708 -0.014510287 -0.085842639 0.99620306 0
-0.66725969 -1.8183429 -0.36928236 -0.065298736 -0.17910585 0.98166043 1.4837744e-08
-0.81304789 -2.2084801 -0.62025923 -0.089304507 -0.24254523 0.96602094 4.5074728e-07
-0.31244686 -1.8871708 -0.43318525 -0.038914025 -0.22242774 0.97417229 1.7019644e-08
-0.68488473 -1.8521986 -0.10158084 -0.018407758 -0.049078822 0.99862528 7.4026846e-10
-0.66878724 -1.8059167 -0.23175156 -0.042256974 -0.11408331 0.99257207 7.9576388e-08
-0.33564818 -1.9713379 -0.17148975 -0.014510287 -0.085842639 0.99620306 0
-0.68216151 -1.839004 -0.37404543 -0.066313103 -0.17866261 0.98167318 5.0651099e-08
-0.32283324 -1.8989149 -0.29916295 -0.027572006 -0.15419944 0.98765498 0
-0.81906366 -2.2011037 -0.61896712 -0.090150982 -0.24224859 0.96601677 2.5914437e-07
-0.31823149 -1.8812624 -0.43206325 -0.037485279 -0.22158872 0.97441947 1.7195848e-08
-0.69046962 -1.8474587 -0.10145083 -0.018407758 -0.049078822 0.99862528 7.4026846e-10
-0.67770386 -1.8105404 -0.23266406 -0.042653963 -0.11393846 0.99257177 1.7822157e-07
-0.69148976 -1.8433818 -0.37547776 -0.067564853 -0.17792438 0.98172188 2.7530222e-08
-0.32687262 -1.8806821 -0.2964285 -0.028344804 -0.15438171 0.98760462 5.7578466e-09
-0.82883042 -2.2026057 -0.6202594 -0.091032691 -0.24189031 0.96602386 5.966329e-07
-0.3234877 -1.8704774 -0.42981583 -0.038317244 -0.22144899 0.97441888 1.6495902e-07
-0.69635135 -1.8425813 -0.10131954 -0.018407758 -0.049078822 0.99862528 7.4026846e-10
-0.68785834 -1.8173237 -0.23388073 -0.043072801 -0.11377769 0.99257207 1.3092696e-07
-0.33985811 -1.9124632 -0.1664907 -0.016165497 -0.085727893 0.99618745 0
-0.7014094 -1.8501331 -0.37738106 -0.06754227 -0.17825767 0.98166299 1.0227349e-07
-0.33215904 -1.8722318 -0.29526129 -0.027457807 -0.15388273 0.98770756 2.7626841e-08
-0.83651376 -2.1996994 -0.62025952 -0.091869928 -0.24156627 0.96602571 5.8183588e-07
-0.33001485 -1.869337 -0.42981592 -0.039072316 -0.22130291 0.9744221 1.6495902e-07
-0.70813727 -1.8541275 -0.10210463 -0.018419893 -0.049112827 0.99862337 4.4514181e-10
-0.69330883 -1.8125949 -0.2335766 -0.04346611 -0.11363535 0.99257123 1.5071768e-07
-0.71258926 -1.8590035 -0.37976274 -0.068693884 -0.17679477 0.98184764 8.7000318e-09
-0.33728176 -1.8612794 -0.29369485 -0.025979165 -0.15313372 0.98786396 7.1305717e-10
-0.84592342 -2.201273 -0.62155181 -0.092722371 -0.24131873 0.9660061 5.7941622e-07
-0.33653796 -1.8681736 -0.42981589 -0.039825693 -0.22115974 0.97442406 3.1172851e-07
-0.72001225 -1.8656139 -0.10288876 -0.019330589 -0.048222777 0.99864954 0
-0.70142561 -1.814791 -0.23418491 -0.043857101 -0.11346682 0.99257332 1.4567736e-07
-0.70840973 -1.8290533 -0.37404567 -0.067413911 -0.17768644 0.9817754 1.0765716e-08
-0.34111989 -1.8455144 -0.29135531 -0.028239524 -0.15359811 0.98772979 2.0336699e-08
-0.85097378 -2.1915553 -0.61961365 -0.093522251 -0.24080065 0.96605831 5.6076289e-07
-0.34218836 -1.8621935 -0.4286921 -0.04062178 -0.22104856 0.97441643 4.7232268e-07
-0.73106658 -1.8747145 -0.10354219 -0.018724984 -0.048956662 0.99862534 0
-0.70413601 -1.8030895 -0.23296824 -0.044263646 -0.11334836 0.99256885 1.4567736e-07
-0.34574351 -1.8328956 -0.15975247 -0.017036946 -0.08555492 0.99618781 9.0871278e-12
-0.72612268 -1.8563946 -0.38023993 -0.068698131 -0.17712076 0.98178858 0
-0.34408215 -1.8273792 -0.28861678 -0.030231968 -0.15390509 0.98762304 4.0291366e-09
-0.86127031 -2.1953139 -0.62155163 -0.09439642 -0.24062076 0.96601808 5.4772374e-07
-0.34868649 -1.8609878 -0.4286921 -0.04138425 -0.22088636 0.97442114 6.0006619e-07
-0.74644959 -1.8955007 -0.10484965 -0.019520631 -0.048368681 0.99863881 0
-0.71376204 -1.8099747 -0.23418494 -0.044634283 -0.11317575 0.99257195 1.2584506e-07
-0.34903759 -1.8170571 -0.15844847 -0.017144432 -0.085587174 0.99618316 0
-0.34908074 -1.8188881 -0.2874462 -0.029433617 -0.1534048 0.98772496 3.2671629e-08
-0.86981994 -2.1945386 -0.62219787 -0.095252171 -0.24033801 0.96600449 5.6908851e-07
-0.35260263 -1.8478512 -0.42588279 -0.042118452 -0.2207648 0.97441721 4.0486282e-07
-0.75953752 -1.9091154 -0.10576547 -0.01961875 -0.048336837 0.99863839 3.358831e-10
-0.71823424 -1.8028635 -0.23357666 -0.045035817 -0.11299029 0.99257493 1.0870711e-07
-0.35348916 -1.8060461 -0.15758128 -0.016990388 -0.085403346 0.99620157 4.322211e-09
-0.35464308 -1.8152957 -0.28705564 -0.029950457 -0.15331219 0.98772383 5.9204169e-08
-0.87529391 -2.1871593 -0.62090582 -0.096019909 -0.23991121 0.96603459 5.4915637e-07
-0.35859168 -1.8442167 -0.42532089 -0.042902842 -0.22062108 0.97441554 3.269995e-07
-0.77332664 -1.9251124 -0.1068109 -0.019503875 -0.048521526 0.99863172 5.2002407e-09
-0.72513711 -1.802773 -0.23388089 -0.045412727 -0.11284287 0.99257451 6.3109972e-08
-0.35467291 -1.7804264 -0.15540609 -0.017373411 -0.085232362 0.99620962 7.1296382e-09
-0.36050162 -1.8116239 -0.28666514 -0.030487765 -0.15320556 0.98772395 8.6806978e-08
-0.8856442 -2.1908054 -0.62284416 -0.096869685 -0.23957299 0.96603364 2.7334764e-07
-0.36703986 -1.8549719 -0.42813018 -0.043623105 -0.22045144 0.97442198 3.8985144e-07
-0.78286445 -1.9293387 -0.10720364 -0.019831805 -0.048336156 0.99863422 8.6951077e-09
-0.73517108 -1.8094229 -0.23509754 -0.045803443 -0.11269948 0.99257284 1.3031408e-07
-0.36186332 -1.7840616 -0.15584156 -0.017229879 -0.085263319 0.99620944 3.4381176e-09
-0.36537033 -1.8030903 -0.28549349 -0.031031277 -0.15313612 0.98771775 8.7530914e-08
-0.89107531 -2.1833861 -0.62155205 -0.09766753 -0.23930199 0.96602052 5.2777114e-07
-0.37256208 -1.8489009 -0.42700657 -0.044398453 -0.2203058 0.97441989 6.7166741e-07
-0.78579855 -1.9173576 -0.10668035 -0.019843066 -0.048380069 0.99863189 1.2594424e-08
-0.74148268 -1.8068457 -0.23509762 -0.046196144 -0.11254667 0.99257201 1.5637168e-07
-0.36460695 -1.7657052 -0.15431891 -0.017591719 -0.08514487 0.99621326 2.4546202e-08
-0.7403121 -1.8004639 -0.371187 -0.073661543 -0.17420138 0.98195106 1.0289028e-08
-0.37215468 -1.8042235 -0.28588408 -0.031560201 -0.15299703 0.98772258 7.0157341e-08
-0.90238023 -2.1891901 -0.62413657 -0.098501958 -0.23893355 0.96602696 4.3806821e-07
-0.37804645 -1.8428141 -0.42588291 -0.045166146 -0.22014265 0.9744215 6.0862374e-07
-0.79822856 -1.9284379 -0.10746486 -0.020011168 -0.048307005 0.99863207 2.8926413e-08
-0.75159472 -1.8134118 -0.23631427 -0.046590179 -0.11238986 0.99257135 1.0063132e-07
-0.36874455 -1.7546673 -0.15344954 -0.017889198 -0.085089244 0.99621272 2.2682025e-08
-0.74942303 -1.8046657 -0.37261432 -0.073934086 -0.17329268 0.98209137 3.3459042e-08
-0.3784503 -1.8029135 -0.28588411 -0.032098651 -0.1528848 0.98772258 3.2614869e-07
-0.91187638 -2.1904848 -0.62542892 -0.099333562 -0.23858848 0.96602714 3.4831095e-07
-0.38693628 -1.8534124 -0.42869213 -0.045938686 -0.22000986 0.97441536 4.5964407e-07
-0.80109501 -1.9164299 -0.10694201 -0.020181 -0.048250172 0.99863136 2.8926413e-08
-0.75984085 -1.8153532 -0.23692262 -0.046982266 -0.11222084 0.99257201 1.1987852e-07
-0.37435281 -1.7509326 -0.15323222 -0.01818304 -0.085017592 0.9962135 1.8080197e-08
-0.75666893 -1.8043002 -0.37309533 -0.073934086 -0.17329268 0.98209137 3.3459042e-08
-0.38423172 -1.7991655 -0.28549364 -0.032633267 -0.15277421 0.98772216 3.6539794e-07
-0.91670352 -2.1806118 -0.62349069 -0.10016594 -0.23824051 0.96602702 6.0951841e-08
-0.39340347 -1.8520504 -0.42869219 -0.046702716 -0.21984138 0.97441709 3.9677994e-07
-0.81264508 -1.9251175 -0.10759579 -0.02034796 -0.048168417 0.99863195 1.0877401e-08
-0.76326782 -1.8058358 -0.2360103 -0.04737296 -0.1120479 0.99257296 1.7227481e-07
-0.38046241 -1.7496151 -0.15323225 -0.018479411 -0.084952801 0.99621361 2.2068752e-08
-0.7639218 -1.8039069 -0.37357193 -0.073934086 -0.17329268 0.98209137 3.3459042e-08
-0.39154568 -1.802642 -0.28627476 -0.033163872 -0.15266015 0.98772216 2.5456933e-07
-0.92620128 -2.1818442 -0.6247794 -0.099556491 -0.23783772 0.96618927 5.5019282e-08
-0.39783165 -1.8411365 -0.4264448 -0.047474064 -0.21966644 0.97441924 3.480441e-07
-0.81739789 -1.9176779 -0.10733508 -0.020355403 -0.048190232 0.99863076 1.0027929e-08
-0.76956671 -1.8031607 -0.2360104 -0.04776362 -0.1118789 0.99257332 1.4591278e-07
-0.38656735 -1.7482765 -0.15323229 -0.018775599 -0.084888138 0.99621356 2.2068752e-08
-0.77118146 -1.8034858 -0.37404406 -0.07423237 -0.18036303 0.98079497 1.5709762e-08
-0.3983621 -1.8036767 -0.28666532 -0.03369125 -0.15253745 0.98772323 2.3979311e-07
-0.92332405 -2.1541877 -0.61767936 -0.10057902 -0.23765868 0.96612746 9.9317052e-09
-0.40528968 -1.8444978 -0.42756853 -0.048234314 -0.21949376 0.97442085 6.3489881e-07
-0.82408684 -1.914813 -0.10733318 -0.020355403 -0.048190232 0.99863076 1.0027929e-08
-0.77979332 -1.8095746 -0.23722704 -0.048151277 -0.11170206 0.99257445 1.7423447e-07
-0.39158779 -1.7420537 -0.15279761 -0.019073121 -0.08482758 0.99621308 2.0365459e-08
-0.40251613 -1.7926326 -0.28510317 -0.03423474 -0.15242715 0.98772162 3.3651358e-07
-0.9231497 -2.1332273 -0.61250722 -0.098787539 -0.23746887 0.9663589 0
-0.40857452 -1.8287991 -0.42419749 -0.049018871 -0.2193445 0.9744153 1.8162149e-07
-0.78312844 -1.8000185 -0.23631473 -0.048548091 -0.1115633 0.99257076 1.26993e-07
-0.39985979 -1.7503939 -0.15366706 -0.019367008 -0.084757477 0.99621338 4.0151075e-08
-0.80242836 -1.8407836 -0.38309991 -0.023074955 -0.16960838 0.98524135 0
-0.40985766 -1.7960341 -0.28588429 -0.034761708 -0.15230057 0.98772269 3.1287141e-07
-0.92090249 -2.1078701 -0.60604632 -0.10500564 -0.23679297 0.96586901 0
-0.41442224 -1.8249849 -0.42363569 -0.049776889 -0.21916333 0.97441763 1.7024851e-07
-0.79140723 -1.8018157 -0.2369231 -0.048935398 -0.11138214 0.99257207 1.2463778e-07
-0.40596738 -1.7489874 -0.15366711 -0.019665044 -0.084683485 0.99621385 3.6833558e-08
-0.79695946 -1.8110271 -0.37738585 -0.076366387 -0.17384872 0.98180687 2.6031858e-08
-0.41502106 -1.7897788 -0.28510329 -0.035296652 -0.15218367 0.98772174 1.7037399e-07
-0.42079005 -1.8235272 -0.42363575 -0.050538279 -0.21899062 0.97441727 2.0427395e-07
-0.86334121 -1.9494324 -0.10981766 -0.021449076 -0.047523767 0.99863976 1.0216552e-08
-0.79970813 -1.8035772 -0.23753148 -0.049324274 -0.11120725 0.99257243 1.5243468e-07
-0.41489667 -1.7596875 -0.15475392 -0.019955071 -0.084624745 0.99621308 3.21294e-08
-0.80527359 -1.812718 -0.37833816 -0.077400133 -0.17435241 0.98163664 1.3976738e-08
-0.42070588 -1.7859142 -0.28471276 -0.035825644 -0.15206307 0.98772126 2.2679296e-07
-0.9080376 -2.0396383 -0.58795208 -0.10637528 -0.23535098 0.96607155 5.9176919e-08
-0.42990306 -1.8339131 -0.42644504 -0.051298667 -0.21879315 0.97442186 1.2229238e-07
-0.8711617 -1.9486852 -0.10995007 -0.021449076 -0.047523767 0.99863976 1.0216552e-08
-0.80599892 -1.8007747 -0.23753159 -0.049711674 -0.11103062 0.9925729 1.5243468e-07
-0.42046279 -1.7558049 -0.1545366 -0.020252069 -0.084549844 0.99621344 3.3037075e-08
-0.80555785 -1.7964665 -0.37547627 -0.078008406 -0.17390899 0.9816671 1.0364835e-07
-0.43034822 -1.7988526 -0.28705612 -0.036352493 -0.1519357 0.98772162 2.9863483e-07
-0.91415888 -2.0342524 -0.58731556 -0.10652766 -0.23504341 0.9661296 5.4896375e-08
-0.43630189 -1.8324013 -0.4264451 -0.052059982 -0.21862109 0.97442013 3.2831642e-07
-0.87590057 -1.9410827 -0.10969007 -0.021449076 -0.047523767 0.99863976 1.0216552e-08
-0.81637543 -1.8069915 -0.23874824 -0.050097663 -0.11087175 0.99257123 1.4817928e-07
-0.42891806 -1.7640125 -0.15540604 -0.020547383 -0.084480852 0.9962132 1.5513132e-08
-0.80675268 -1.7824699 -0.3730939 -0.078640759 -0.17369749 0.98165411 1.1222522e-07
-0.435471 -1.7925376 -0.28627506 -0.036885098 -0.15180291 0.98772234 2.4284961e-07
-0.93125033 -2.0530348 -0.5937717 -0.10637528 -0.23535098 0.96607155 5.9176919e-08
-0.44382867 -1.8356055 -0.42756879 -0.052823525 -0.21843666 0.97442037 1.3372237e-07
-0.88474476 -1.9425558 -0.10994992 -0.021689277 -0.047584359 0.99863172 7.4021353e-09
-0.82164615 -1.801874 -0.23844419 -0.050486144 -0.11068071 0.9925729 1.1423175e-07
-0.4356637 -1.7649242 -0.15562345 -0.02084031 -0.084403224 0.99621373 8.2324568e-08
-0.81296968 -1.7796427 -0.37309402 -0.079218574 -0.17336726 0.98166603 1.8579246e-07
-0.44348112 -1.7982035 -0.28744677 -0.037412759 -0.15167771 0.98772168 2.8464044e-07
-0.93136024 -2.0344067 -0.58924979 -0.10652766 -0.23504341 0.9661296 5.4896375e-08
-0.45253292 -1.8435142 -0.42981628 -0.053584646 -0.21825397 0.97441977 1.982315e-07
-0.88943046 -1.9349207 -0.10968854 -0.021856043 -0.04751211 0.99863154 7.4021353e-09
-0.82793087 -1.7989949 -0.2384443 -0.050874319 -0.11050408 0.99257272 1.3302183e-07
-0.44062349 -1.7585578 -0.1551888 -0.02113625 -0.084330074 0.99621367 1.0747944e-07
-0.82123637 -1.7812494 -0.3740471 -0.079810865 -0.17307371 0.98166984 2.4362294e-07
-0.44916168 -1.7942475 -0.28705624 -0.037943069 -0.15154478 0.98772186 3.2496138e-07
-0.93135166 -2.0158036 -0.58472544 -0.10679476 -0.23482935 0.96615219 0
-0.45896512 -1.8419232 -0.42981634 -0.054349266 -0.21807349 0.97441781 2.0851007e-07
-0.90460104 -1.9499146 -0.11073458 -0.022023551 -0.047429349 0.99863178 7.0861472e-09
-0.83630049 -1.800593 -0.23905268 -0.051257856 -0.11033428 0.99257189 4.7170424e-08
-0.44675928 -1.7570091 -0.15518884 -0.021429855 -0.08425644 0.99621361 1.0363956e-07
-0.82329881 -1.7694759 -0.37214124 -0.080424741 -0.17281272 0.98166573 4.3286863e-07
-0.45301408 -1.7830896 -0.28549409 -0.038477249 -0.15142275 0.98771995 2.2863816e-07
-0.46539176 -1.8403099 -0.42981637 -0.055112146 -0.2178968 0.97441453 3.5593885e-07
-0.91776574 -1.9603055 -0.11151849 -0.022278529 -0.047145668 0.99863952 4.5820774e-09
-0.84469122 -1.8021544 -0.23966105 -0.051642876 -0.11015528 0.99257183 4.7170424e-08
-0.45165765 -1.7506127 -0.15475419 -0.02172398 -0.084183246 0.99621344 5.4373519e-08
-0.8336516 -1.7754729 -0.37404731 -0.081016429 -0.17251104 0.98167014 4.6200179e-07
-0.45923543 -1.7814974 -0.28549412 -0.039001707 -0.15128529 0.98772043 1.6032216e-07
-0.47121316 -1.836313 -0.42925459 -0.05586347 -0.21766573 0.97442335 3.7359425e-07
-0.92032874 -1.9480643 -0.11099628 -0.022351729 -0.047281407 0.99863148 8.3175404e-09
-0.85310322 -1.8036792 -0.24026944 -0.052268304 -0.10863099 0.99270707 2.668375e-08
-0.46181995 -1.7634106 -0.1560584 -0.022028947 -0.084109172 0.99621302 5.177289e-08
-0.83879101 -1.7703353 -0.37357095 -0.081619702 -0.17224033 0.9816677 5.2258451e-07
-0.4685446 -1.7918363 -0.28744695 -0.03952758 -0.15113416 0.98772264 5.5618568e-08
-0.47794032 -1.8345736 -0.42925465 -0.056665834 -0.21747749 0.97441906 7.2063131e-07
-0.9285394 -1.9469306 -0.11112714 -0.022525534 -0.047202978 0.9986313 1.2422826e-08
-0.86077964 -1.8027786 -0.2405737 -0.052425656 -0.10974607 0.99257612 3.2097919e-08
-0.46733937 -1.7593793 -0.15584107 -0.022320844 -0.084029309 0.99621326 5.6650855e-08
-0.84602624 -1.7696097 -0.37404749 -0.082220607 -0.17196067 0.98166656 3.9507233e-07
-0.47416931 -1.7878015 -0.28705645 -0.040056206 -0.1510011 0.98772168 5.4068892e-08
-0.48495772 -1.835251 -0.42981651 -0.057402313 -0.21723241 0.97443062 7.3046937e-07
-0.93207598 -1.9369316 -0.11073509 -0.022669747 -0.047109868 0.99863243 1.6222268e-08
-0.87570101 -1.8176385 -0.24300694 -0.052783348 -0.10934193 0.99260175 3.4376953e-08
-0.47411948 -1.7601436 -0.15605842 -0.022610107 -0.083953135 0.99621314 9.8155461e-08
-0.85143757 -1.7642877 -0.3735711 -0.082844332 -0.17166463 0.98166597 4.7994166e-07
-0.48326188 -1.7955959 -0.28861687 -0.03988564 -0.15091807 0.98774129 3.0271583e-08
-0.49073616 -1.8311924 -0.42925474 -0.058169391 -0.2170565 0.97442436 7.773761e-07
-0.9377389 -1.9314213 -0.11060433 -0.022789782 -0.047005061 0.99863464 1.0639329e-08
-0.88312739 -1.8168013 -0.24331111 -0.053115405 -0.10878403 0.99264532 6.8676101e-08
-0.48286083 -1.7680947 -0.15692782 -0.022903459 -0.083867021 0.99621373 6.226638e-08
-0.86189717 -1.7701266 -0.37547719 -0.083441913 -0.17134863 0.98167056 3.7376412e-07
-0.49649221 -1.8271158 -0.42869294 -0.058915131 -0.21682367 0.9744314 6.0321344e-07
-0.94303864 -1.92606 -0.11047346 -0.022816757 -0.046849124 0.99864137 1.6922005e-08
-0.89024168 -1.8160901 -0.2436152 -0.053535961 -0.10920703 0.9925763 1.1807141e-07
-0.48902965 -1.7663984 -0.15692781 -0.023193436 -0.083794884 0.99621308 6.226638e-08
-0.86451072 -1.7606533 -0.37404755 -0.084011853 -0.17116793 0.98165345 3.3734841e-07
-0.96891755 -1.9684519 -0.57761711 -0.11614206 -0.23173435 0.96582103 3.0630879e-08
-0.50414938 -1.830072 -0.42981645 -0.059681773 -0.21664666 0.97442406 5.1073749e-07
-0.94565916 -1.9136417 -0.10995062 -0.02317524 -0.046876978 0.99863178 1.0377349e-08
-0.8924818 -1.8039228 -0.24239868 -0.053966071 -0.10905796 0.99256939 1.6376814e-07
-0.49919352 -1.7790782 -0.15823187 -0.023484796 -0.083670631 0.99621671 4.7095497e-08
-0.87720072 -1.770813 -0.37690663 -0.084603399 -0.17074369 0.98167658 2.4652101e-07
-0.51823366 -1.8500093 -0.29837874 -0.04321241 -0.15018332 0.98771334 7.494652e-08
-0.97255397 -1.9585707 -0.57568359 -0.11614206 -0.23173435 0.96582103 3.0630879e-08
-0.50988495 -1.825953 -0.42925459 -0.060435332 -0.21643864 0.97442389 3.5158777e-07
-0.95121741 -1.908096 -0.10981996 -0.023334458 -0.046785366 0.99863237 4.3153046e-09
-0.9009937 -1.8052347 -0.24300709 -0.054339256 -0.10884598 0.99257231 2.1824835e-07
-0.50269985 -1.7677358 -0.15736249 -0.023781162 -0.083631694 0.9962129 6.2131804e-08
-0.88117814 -1.7633518 -0.37595373 -0.085204877 -0.17052537 0.98166245 3.157472e-07
-0.52736235 -1.8576965 -0.29994699 -0.04321241 -0.15018332 0.98771334 7.494652e-08
-0.97505063 -1.9465315 -0.5730952 -0.11614206 -0.23173435 0.96582103 3.0630879e-08
-0.515598 -1.8218167 -0.42869279 -0.061200559 -0.21626991 0.97441357 3.2398898e-07
-0.955293 -1.9004718 -0.10955864 -0.023502165 -0.046716332 0.99863166 2.181896e-09
-0.90921044 -1.806668 -0.24361543 -0.054691095 -0.10864566 0.99257493 2.0020757e-07
-0.51060843 -1.7732441 -0.15801464 -0.02406209 -0.083547473 0.99621326 6.670961e-08
-0.89064866 -1.7668364 -0.37738338 -0.085798971 -0.17019689 0.98166776 2.9171062e-07
-0.52910548 -1.8392216 -0.2972109 -0.043204479 -0.1501375 0.98772067 1.7048816e-07
-0.98402148 -1.9474249 -0.57438827 -0.11614206 -0.23173435 0.96582103 3.0630879e-08
-0.5249632 -1.8318139 -0.4315021 -0.061920267 -0.21602732 0.97442192 6.5834104e-07
-0.96531433 -1.9038026 -0.10995097 -0.023663851 -0.04663536 0.99863166 2.2191617e-08
-0.91100979 -1.794637 -0.24239902 -0.055082403 -0.10847488 0.99257195 2.0085308e-07
-0.51886958 -1.7786288 -0.15866674 -0.024355283 -0.083462633 0.99621326 7.772568e-08
-0.89792514 -1.7659031 -0.37785998 -0.086403325 -0.16987169 0.98167104 1.7594503e-07
-0.53894818 -1.8492252 -0.29916373 -0.043725885 -0.14998356 0.98772109 2.4357539e-07
-0.53068054 -1.8276291 -0.43094036 -0.062674411 -0.2158251 0.97441852 6.7607709e-07
-0.9742316 -1.9048648 -0.11021256 -0.023826923 -0.046552703 0.9986316 3.0034307e-08
-0.91840178 -1.7936536 -0.24270327 -0.055459507 -0.10827865 0.99257243 1.7247298e-07
-0.52297544 -1.7696362 -0.15801474 -0.024647627 -0.083368212 0.99621397 1.0034917e-07
-0.90745026 -1.7693057 -0.37928954 -0.086994335 -0.16959952 0.98166591 6.2119234e-08
-0.54470646 -1.8449627 -0.29877326 -0.044261266 -0.14984192 0.98771876 3.2168273e-07
-0.53910202 -1.8327818 -0.43262601 -0.063428104 -0.21561335 0.97441661 4.1477892e-07
-0.98316813 -1.9058881 -0.11047418 -0.023990415 -0.046473492 0.99863142 1.0720111e-08
-0.92465717 -1.7904369 -0.24270339 -0.055837948 -0.10808677 0.99257213 6.3775374e-08
-0.53087521 -1.7724828 -0.1584495 -0.024952585 -0.083280705 0.99621367 6.6743894e-08
-0.91475058 -1.768306 -0.37976617 -0.087585285 -0.16928959 0.98166686 4.9294449e-08
-0.54763454 -1.8312128 -0.29682052 -0.044773921 -0.14968053 0.98772013 2.646087e-07
-0.9353137 -1.8041494 -0.53433019 -0.11956938 -0.22892211 0.96607339 0
-0.54581577 -1.8307935 -0.43262604 -0.064215004 -0.21536037 0.97442102 5.494166e-07
-0.98437333 -1.8912042 -0.1098206 -0.024160398 -0.046380129 0.99863166 2.0800243e-08
-0.93351096 -1.7914348 -0.24331179 -0.056231506 -0.10787911 0.99257249 3.7511132e-08
-0.53992677 -1.7801594 -0.15931898 -0.025244728 -0.083202131 0.9962129 7.1222168e-08
-0.9231922 -1.7694517 -0.38071927 -0.088177539 -0.16897404 0.98166823 1.6363592e-07
-0.55544329 -1.8340201 -0.29760173 -0.045290273 -0.14951192 0.9877221 3.4984649e-07
-0.94721121 -1.811569 -0.53756088 -0.11956938 -0.22892211 0.96607339 0
-0.55010778 -1.8218758 -0.43094051 -0.064969197 -0.21516097 0.97441506 5.494166e-07
-0.99329376 -1.8921757 -0.11008222 -0.024320895 -0.04629378 0.99863178 2.7640715e-08
-0.93860191 -1.7859699 -0.24300775 -0.056606069 -0.10767674 0.99257314 1.0997074e-07
-0.54251111 -1.7663507 -0.15823227 -0.025533477 -0.083101444 0.99621391 5.7618482e-08
-0.92936307 -1.7662183 -0.38071936 -0.088762112 -0.16865481 0.98167044 3.6965727e-07
-0.56112349 -1.8297074 -0.29721123 -0.045814209 -0.14935437 0.9877218 1.8365438e-07
-0.94337124 -1.7890345 -0.53174919 -0.11967271 -0.22872977 0.96610618 1.7032191e-08
-0.55929017 -1.8292699 -0.43318805 -0.065715745 -0.21490538 0.97442144 7.0293748e-07
-0.99839306 -1.8866656 -0.10995159 -0.024474647 -0.046212699 0.99863178 1.7287602e-08
-0.69196904 -2.2294109 -0.040046096 -0.0052643311 -0.016633857 0.99984777 3.833667e-10
-0.95266581 -1.7981883 -0.24513686 -0.05697301 -0.10749523 0.99257183 8.321382e-08
-0.54983181 -1.7693025 -0.15866703 -0.025811499 -0.083021536 0.99621344 6.5732742e-08
-0.9343701 -1.7607968 -0.38024303 -0.089351192 -0.16834469 0.9816702 4.7431882e-07
-0.56678045 -1.8253776 -0.29682073 -0.046337016 -0.14920034 0.98772067 1.7495935e-07
-0.5653531 -1.8274052 -0.43318811 -0.066431612 -0.21469454 0.97441936 5.5757562e-07
-1.0049727 -1.8831692 -0.10995172 -0.024635365 -0.046131216 0.9986316 1.3714876e-08
-0.69676864 -2.217437 -0.039872628 -0.0052699684 -0.016562624 0.99984896 8.0899859e-10
-0.96010828 -1.7970394 -0.24544112 -0.057341773 -0.10728344 0.9925735 7.7155143e-08
-0.55557108 -1.7648979 -0.15844975 -0.026108174 -0.082916841 0.99621439 9.3291732e-08
-0.93935049 -1.7553618 -0.37976664 -0.089940563 -0.16803639 0.98166925 3.0667479e-07
-0.57535285 -1.8304603 -0.29799244 -0.046851184 -0.14901793 0.98772395 2.0158654e-07
-0.57276976 -1.827647 -0.43374997 -0.067214735 -0.21445088 0.9744193 6.5668382e-07
-1.004755 -1.8662901 -0.1091674 -0.024811255 -0.046039529 0.99863142 9.2744887e-09
-0.70751631 -2.2245255 -0.04004636 -0.0052870144 -0.016591322 0.99984837 1.3219341e-09
-0.96668828 -1.7935085 -0.24544126 -0.057733379 -0.10708126 0.99257267 7.3531048e-08
-0.56022799 -1.758198 -0.15801512 -0.026403826 -0.082831666 0.99621373 6.3718879e-08
-0.94780737 -1.7563893 -0.38071975 -0.090530217 -0.1677222 0.98166877 2.5654219e-07
-0.58025289 -1.8237311 -0.29721141 -0.047374357 -0.14887404 0.98772073 2.1797891e-07
-0.58133864 -1.8326081 -0.43543562 -0.067960106 -0.21419922 0.97442299 3.7860733e-07
-1.0208089 -1.8803155 -0.11021286 -0.024696736 -0.046196744 0.99862701 5.654353e-09
-0.71527702 -2.2220423 -0.040046442 -0.0053446917 -0.016570177 0.99984843 2.3093776e-09
-0.97413009 -1.7923025 -0.24574552 -0.058107805 -0.10688499 0.99257195 1.0145324e-07
-0.56332803 -1.7467428 -0.15714577 -0.026696224 -0.082744382 0.9962132 6.5571371e-08
-0.95863312 -1.7616884 -0.38262585 -0.091110684 -0.16740669 0.98166889 3.321808e-07
-0.58736658 -1.824047 -0.29760206 -0.047891118 -0.14871579 0.9877196 2.2245409e-07
-0.91613543 -1.6803268 -0.50267017 -0.12534745 -0.22642648 0.96592915 1.9874054e-08
-0.586254 -1.8259252 -0.43431199 -0.068710804 -0.213973 0.97442001 3.0519689e-07
-1.009032 -1.8440846 -0.10825257 -0.025260475 -0.046005681 0.99862176 4.7959383e-11
-0.71841186 -2.2052624 -0.039785337 -0.0054028346 -0.016551973 0.99984843 1.7433658e-09
-0.98723382 -1.8021129 -0.24757048 -0.058455545 -0.10659479 0.99258274 9.2938151e-08
-0.5714162 -1.7519743 -0.1577979 -0.026967922 -0.082653597 0.99621338 3.1835157e-08
-0.96359402 -1.7561808 -0.38214946 -0.091695778 -0.16708776 0.98166877 3.3741679e-07
-0.59600806 -1.8290343 -0.2987738 -0.048409265 -0.1485223 0.98772347 3.1257738e-07
-0.91733247 -1.6686577 -0.50008726 -0.12450875 -0.22646487 0.96602857 1.34638e-07
-0.59454578 -1.8309274 -0.43599761 -0.069425821 -0.21376328 0.97441536 4.318378e-07
-1.0154629 -1.8405511 -0.10825246 -0.025260475 -0.046005681 0.99862176 4.7959383e-11
-0.73310566 -2.2241211 -0.040177193 -0.0054608788 -0.016534263 0.99984837 1.3838554e-09
-0.99472022 -1.8008268 -0.24787475 -0.058831234 -0.10644972 0.99257612 7.4588954e-08
-0.57628363 -1.7451344 -0.15736324 -0.027268717 -0.08255548 0.99621332 2.9530963e-08
-0.97090846 -1.7549528 -0.38262609 -0.092270084 -0.16670406 0.98168021 1.8124709e-07
-0.60392416 -1.8316368 -0.29955497 -0.048923288 -0.14837165 0.98772079 3.1948491e-07
-0.91611314 -1.6527793 -0.49621075 -0.12532295 -0.22603799 0.96602327 1.34638e-07
-0.599742 -1.824104 -0.43487397 -0.070205748 -0.21349309 0.9744187 5.9893858e-07
-1.0270662 -1.8455386 -0.1087757 -0.025268998 -0.045951143 0.99862403 0
-0.73536217 -2.2049391 -0.039872829 -0.0054515488 -0.016520893 0.99984866 7.4637885e-10
-0.99889421 -1.792836 -0.24726662 -0.059223078 -0.10628041 0.99257094 9.2447316e-08
-0.58550477 -1.7525688 -0.15823273 -0.027557217 -0.082458898 0.99621338 2.7123635e-08
-0.9806214 -1.7579792 -0.3840557 -0.092860766 -0.1664573 0.98166639 2.2045551e-08
-0.6095382 -1.8271731 -0.29916447 -0.049443949 -0.14817864 0.98772383 1.4716812e-07
-0.92777884 -1.6601062 -0.49944142 -0.12608823 -0.22557883 0.96603101 1.34638e-07
-0.60610557 -1.8219993 -0.43487403 -0.070948884 -0.21324477 0.9744193 6.8851699e-07
-1.0518575 -1.8745841 -0.11073696 -0.025736334 -0.04564904 0.99862593 0
-0.74146551 -2.1976185 -0.03978543 -0.0054790815 -0.016505802 0.99984878 1.539414e-10
-1.0087985 -1.795825 -0.24817915 -0.05959833 -0.1060612 0.99257195 1.1092576e-07
-0.59399331 -1.7575985 -0.15888487 -0.027834432 -0.082383849 0.99621189 2.1552289e-08
-0.98795706 -1.7566837 -0.38453233 -0.093439527 -0.16613729 0.98166567 7.2711472e-08
-0.61904824 -1.8344007 -0.30072674 -0.049963705 -0.14802599 0.98772055 1.4369705e-07
-0.92406589 -1.6400352 -0.49427176 -0.12629139 -0.22582483 0.96594703 1.1160903e-07
-0.61091906 -1.8152511 -0.43375039 -0.07169506 -0.21300305 0.97441751 7.3389856e-07
-1.0580679 -1.8710856 -0.11073709 -0.025736334 -0.04564904 0.99862593 0
-1.0171971 -1.7967862 -0.24878757 -0.059948836 -0.10588491 0.99256968 8.1983636e-08
-0.59901911 -1.7532605 -0.15866756 -0.02811984 -0.082250819 0.99621487 2.1552289e-08
-1.0025709 -1.7681597 -0.38787022 -0.093744993 -0.16593996 0.9816699 3.4652668e-08
-0.62307137 -1.8252121 -0.29955515 -0.050477441 -0.14783473 0.98772311 2.3423651e-07
-0.93934613 -1.6535894 -0.49943835 -0.12629139 -0.22582483 0.96594703 1.1160903e-07
-0.61849332 -1.8178315 -0.43487418 -0.072398581 -0.21275784 0.97441906 2.1690431e-07
-1.0707849 -1.8782195 -0.11139118 -0.025735706 -0.045710113 0.99862319 1.196742e-10
-1.0259272 -1.7975326 -0.24939477 -0.059965145 -0.10480725 0.99268305 4.9681792e-09
-0.61028874 -1.7651881 -0.15997177 -0.028417125 -0.082164772 0.99621356 3.3429529e-08
-1.009957 -1.7667788 -0.38834456 -0.094267033 -0.16529797 0.9817282 0
-0.63183951 -1.8300343 -0.30072689 -0.050999314 -0.14766961 0.98772097 3.0984415e-07
-0.62436432 -1.8132473 -0.43431243 -0.07317809 -0.21249175 0.97441894 3.167408e-07
-1.0312684 -1.7916108 -0.24909198 -0.060047057 -0.10504474 0.99265301 3.8199368e-09
-0.61889523 -1.7701062 -0.16062388 -0.028709602 -0.082045875 0.99621493 3.3613873e-08
-0.63579834 -1.8208178 -0.2995553 -0.051508773 -0.14747995 0.98772287 3.3723407e-07
-0.63228083 -1.8156618 -0.43543619 -0.073917896 -0.21224149 0.97441763 6.4192955e-07
-0.62589467 -1.7702851 -0.16084132 -0.028991517 -0.081962824 0.99621361 2.0959465e-08
-0.63970065 -1.8115962 -0.29838371 -0.052031446 -0.14730018 0.98772234 1.952431e-07
-0.6378113 -1.811144 -0.43487442 -0.074658856 -0.21194232 0.97442627 6.3400637e-07
-0.77135009 -2.1607854 -0.039350625 -0.0059661879 -0.016311729 0.99984914 8.233688e-11
-0.63259393 -1.7705473 -0.16105877 -0.029262114 -0.081925809 0.99620879 4.8650545e-08
-0.64849436 -1.8163347 -0.29955542 -0.052542374 -0.14711264 0.98772323 2.8298558e-07
-0.64705825 -1.8182069 -0.4371219 -0.075366564 -0.21178657 0.97440565 5.3722022e-07
-0.78188497 -2.1676278 -0.039525092 -0.0059874272 -0.016293088 0.99984932 4.1077022e-10
-0.64129144 -1.7753619 -0.1617109 -0.029544123 -0.08180818 0.9962101 3.883612e-08
-0.65399772 -1.8117354 -0.29916501 -0.053059213 -0.14693701 0.98772174 3.511712e-07
-0.65340102 -1.8159372 -0.43712193 -0.076111719 -0.21150342 0.97440922 2.5089537e-07
-0.79370487 -2.176636 -0.039742667 -0.0059874272 -0.016293088 0.99984932 4.1077022e-10
-0.64663619 -1.770771 -0.16149361 -0.029832883 -0.081622146 0.99621677 3.883612e-08
-0.66368151 -1.8187284 -0.30072734 -0.053571034 -0.14672899 0.98772502 3.0784503e-07
-0.65890867 -1.8113542 -0.4365603 -0.076842278 -0.21118701 0.97442049 5.335275e-07
-0.79651582 -2.1596305 -0.039481934 -0.006044453 -0.016322272 0.99984848 9.3145414e-10
-0.65740752 -1.7800809 -0.16258079 -0.030160345 -0.081487492 0.99621791 2.8335769e-08
-0.66917694 -1.8140819 -0.30033702 -0.054080315 -0.14653675 0.98772579 3.317019e-07
-0.66554308 -1.8089268 -0.43656042 -0.077614672 -0.21090584 0.97442019 5.6582326e-07
-0.80578637 -2.1615245 -0.039569121 -0.0060926718 -0.016297061 0.9998486 1.8354019e-09
-0.66448247 -1.7801107 -0.16279823 -0.030418219 -0.08145678 0.9962126 3.7249226e-08
-0.67550522 -1.811735 -0.3003372 -0.054590944 -0.14635478 0.98772472 3.5288431e-07
-0.66510481 -1.7883101 -0.43206581 -0.077185795 -0.21080898 0.9744752 0
-0.8071903 -2.142313 -0.039264485 -0.0061517386 -0.016292432 0.99984837 1.0988481e-09
-0.67418587 -1.7871097 -0.16366772 -0.030702597 -0.081323415 0.99621475 3.6745874e-08
-0.67922962 -1.8024275 -0.29916558 -0.055104181 -0.14620532 0.98771834 3.4611068e-07
-0.68411595 -1.820213 -0.44049367 -0.078629047 -0.2096428 0.9746114 8.0278681e-08
-0.81643295 -2.1441574 -0.039351646 -0.0062079076 -0.016270129 0.99984837 7.879607e-10
-0.68187064 -1.7895232 -0.16410249 -0.03097255 -0.081214547 0.99621528 3.6745877e-08
-0.68726361 -1.8046651 -0.29994684 -0.055609737 -0.14600086 0.98772025 2.0976307e-07
-0.68842995 -1.8133751 -0.43937087 -0.078629047 -0.2096428 0.9746114 8.0278681e-08
-0.82391244 -2.1412947 -0.039351743 -0.0062645059 -0.016249029 0.99984837 2.3668278e-10
-0.68753529 -1.7846857 -0.16388524 -0.031261295 -0.081138894 0.99621242 2.6212764e-08
-0.69708401 -1.8114818 -0.30150911 -0.056116663 -0.14580335 0.98772079 3.395555e-07
-0.69246948 -1.804011 -0.43768403 -0.078938589 -0.20966032 0.97458261 4.3550967e-09
-0.83318412 -2.1430686 -0.039438903 -0.0063203531 -0.016230036 0.99984831 2.4697957e-09
-0.69645423 -1.7892441 -0.16453737 -0.031547718 -0.081013821 0.99621356 3.7166703e-08
-0.70073491 -1.8021268 -0.30033752 -0.056624819 -0.14559214 0.98772293 3.4047412e-07
-0.84520578 -2.1517894 -0.039656665 -0.0063766455 -0.016203696 0.99984837 9.2385644e-10
-0.70360148 -1.7891221 -0.16475481 -0.031828079 -0.08090765 0.99621332 6.0511859e-08
-0.70881599 -1.8042707 -0.3011187 -0.057133865 -0.14539857 0.9877221 1.6010534e-07
-0.86096776 -2.1697528 -0.040048558 -0.0064303637 -0.016170569 0.99984854 0
-0.71592569 -1.8029974 -0.1662764 -0.03208917 -0.080801718 0.9962135 4.1520938e-08
-0.7169205 -1.8063802 -0.30189991 -0.057642937 -0.14520448 0.98772109 2.9821021e-07
-0.74486053 -1.8829426 -0.45903522 -0.08396522 -0.20749977 0.97462487 1.07913e-09
-0.86020738 -2.1458364 -0.039656837 -0.006412277 -0.016169256 0.99984872 8.2127152e-11
-0.72068501 -1.7957343 -0.16584176 -0.032392018 -0.080681086 0.9962135 4.1520938e-08
-0.72139472 -1.7992784 -0.30111891 -0.058147151 -0.14499494 0.98772234 3.7229714e-07
-0.75535339 -1.8892564 -0.46128294 -0.083444022 -0.20867804 0.97441804 6.5432296e-08
-0.72787899 -1.795518 -0.16605921 -0.032676589 -0.080553211 0.99621457 4.6298684e-08
-0.72859234 -1.7990401 -0.3015095 -0.058649652 -0.14478511 0.98772341 3.5221265e-07
-0.76375747 -1.8911297 -0.46240669 -0.084173746 -0.20839173 0.97441655 2.2514313e-07
-0.94013953 -2.299547 -0.042660628 -0.0066990927 -0.016104924 0.99984789 3.1969749e-10
-0.73508024 -1.7952733 -0.16627666 -0.032956146 -0.080451585 0.99621356 3.410123e-08
-0.73300886 -1.7919105 -0.3007285 -0.059161857 -0.14459784 0.98772025 3.1198655e-07
-0.76943916 -1.8861946 -0.46184492 -0.084896676 -0.20808394 0.97441965 5.4651144e-07
-0.94816077 -2.2962513 -0.042661283 -0.0066990927 -0.016104924 0.99984789 3.1969749e-10
-0.74575889 -1.8043456 -0.16736355 -0.033218939 -0.080343783 0.9962135 7.8648988e-08
-0.74113405 -1.7939098 -0.30150971 -0.059663009 -0.14438279 0.98772156 1.9038337e-07
-0.77476728 -1.8813782 -0.46128321 -0.08558955 -0.20780288 0.974419 2.9076813e-07
-0.9513815 -2.2813835 -0.042443383 -0.0066990927 -0.016104924 0.99984789 3.1969749e-10
-0.75141281 -1.7992998 -0.16714627 -0.033514827 -0.080221787 0.99621344 2.8742651e-08
-0.74739146 -1.7913119 -0.3015098 -0.060165443 -0.14417163 0.98772198 2.9784616e-07
-0.78165764 -1.8785257 -0.4612833 -0.086352758 -0.20749541 0.97441721 7.2953424e-07
-0.96513402 -2.2918813 -0.042704716 -0.0067704148 -0.01604333 0.99984837 1.220464e-09
-0.76057583 -1.8035572 -0.16779843 -0.033795483 -0.080119222 0.99621218 2.2118593e-08
-0.75649965 -1.7955258 -0.30268157 -0.060668856 -0.14396825 0.98772085 3.4849614e-07
-0.78914863 -1.8780339 -0.46184525 -0.0870765 -0.20719004 0.97441775 5.4991523e-07
-0.98189324 -2.3092172 -0.04309684 -0.0068546347 -0.016003171 0.99984843 3.470908e-10
-0.76783711 -1.803185 -0.16801587 -0.034073498 -0.079988524 0.99621326 8.0625419e-08
-0.76084006 -1.7883252 -0.30190054 -0.061168972 -0.1437595 0.98772037 2.7268277e-07
-0.79853833 -1.8820018 -0.4635309 -0.087793611 -0.20689666 0.97441572 7.070559e-07
-0.9820928 -2.2873864 -0.042748485 -0.0068822592 -0.015995355 0.99984837 1.1149658e-09
-0.77479041 -1.8029193 -0.16823331 -0.034338929 -0.079873696 0.99621332 8.0625419e-08
-0.76998532 -1.7924716 -0.30307227 -0.061661948 -0.14349107 0.98772877 2.5538546e-07
-0.80668229 -1.8838263 -0.46465468 -0.088474706 -0.20661648 0.97441357 4.9771268e-07
-0.99700058 -2.3000109 -0.043054041 -0.0069502201 -0.015984131 0.99984807 9.2359564e-10
-0.77942055 -1.7954937 -0.1677987 -0.034632239 -0.079771675 0.99621135 6.964153e-08
-0.77623749 -1.7897731 -0.30307242 -0.06217283 -0.14332154 0.98772138 2.0063689e-07
-0.80877149 -1.8696669 -0.46184555 -0.089238971 -0.20624867 0.9744218 4.9771268e-07
-0.99105227 -2.264432 -0.042443987 -0.0069675138 -0.015982807 0.99984801 0
-0.79065472 -1.8041793 -0.16888559 -0.034908053 -0.079642765 0.99621207 4.4386805e-08
-0.78248018 -1.7870526 -0.30307251 -0.062670402 -0.14309023 0.98772347 1.7696435e-07
-0.82111168 -1.8802406 -0.46521676 -0.089952432 -0.20594822 0.97441977 3.962646e-07
-1.0100155 -2.2861297 -0.042922746 -0.0069682635 -0.01596269 0.99984831 2.5459165e-10
-0.79494315 -1.7968484 -0.16845098 -0.03519142 -0.079484142 0.99621475 4.4386805e-08
-0.78970635 -1.7865713 -0.30346313 -0.063168086 -0.1428744 0.98772299 2.6538262e-07
-0.82473707 -1.870669 -0.46353132 -0.090675458 -0.20563388 0.97441912 5.1598181e-07
-0.80594629 -1.8055855 -0.16953784 -0.035450727 -0.079382077 0.99621367 5.0107172e-08
-0.80094177 -1.7950909 -0.30541605 -0.063668229 -0.14266261 0.9877215 1.2520684e-07
-0.83487582 -1.8768361 -0.46577883 -0.091357306 -0.20533362 0.97441876 3.8058761e-07
-0.81255859 -1.8026195 -0.16953793 -0.035741642 -0.079247691 0.99621397 6.2621275e-08
-0.80619419 -1.7900302 -0.30502558 -0.064166807 -0.14243828 0.98772162 5.6305659e-08
-0.83976275 -1.8693144 -0.46465519 -0.092140213 -0.20501381 0.97441238 1.1128891e-07
-0.8229503 -1.8088495 -0.17040747 -0.036017254 -0.079181924 0.99620932 5.9592441e-08
-0.81345415 -1.7894554 -0.30541623 -0.064665698 -0.14221881 0.98772067 2.3352123e-07
-0.84327984 -1.859709 -0.46296972 -0.0928469 -0.20468283 0.97441489 3.2272078e-07
-0.82719129 -1.8014343 -0.16997287 -0.036295921 -0.078953385 0.99621731 5.9592441e-08
-0.8179577 -1.7819686 -0.3046352 -0.065179706 -0.14196663 0.98772317 2.3352123e-07
-0.84573174 -1.8478844 -0.46072242 -0.093564659 -0.20436677 0.97441256 1.2535696e-07
-0.83555824 -1.8030602 -0.17040768 -0.036574591 -0.078862093 0.99621439 8.2172861e-08
-0.82417297 -1.7791026 -0.30463529 -0.065673165 -0.14173999 0.98772305 8.7993612e-08
-0.85014403 -1.8404933 -0.45959884 -0.094288498 -0.20403263 0.97441286 2.307911e-07
-0.84184706 -1.8001325 -0.17040795 -0.0368421 -0.078684978 0.9962185 9.9201202e-08
-0.83630842 -1.7897973 -0.30697897 -0.066149369 -0.14152624 0.98772192 1.0334087e-07
-0.85963565 -1.8441455 -0.46128467 -0.09497422 -0.20368788 0.97441834 2.6065101e-07
-1.0316006 -2.1883538 -0.041530836 -0.007519389 -0.01563054 0.99984956 4.9459081e-10
-0.85098356 -1.8040957 -0.17106016 -0.037114866 -0.078678407 0.99620891 9.8852304e-08
-0.84255081 -1.7868671 -0.30697906 -0.066638894 -0.14131032 0.98771995 1.9392834e-07
-0.86058903 -1.8302501 -0.4584755 -0.095656879 -0.20337057 0.97441787 4.4425983e-07
-1.0424412 -2.1915171 -0.041661561 -0.0075296466 -0.015513167 0.99985129 5.7535243e-10
-0.8575902 -1.8009647 -0.17106028 -0.037394568 -0.078484416 0.99621373 4.9665918e-08
-0.85406137 -1.7950767 -0.30893198 -0.067133486 -0.1410443 0.98772448 1.5173435e-07
-0.87456805 -1.8425055 -0.46240863 -0.096384205 -0.20302391 0.97441846 4.4425983e-07
-1.0500846 -2.187865 -0.041661862 -0.0075486572 -0.01569296 0.99984837 9.5704356e-10
-0.86601824 -1.8024549 -0.17149509 -0.037664983 -0.078360029 0.99621338 5.4970656e-08
-0.86032206 -1.7920845 -0.3089321 -0.067622699 -0.140826 0.98772222 1.5173435e-07
-0.87889975 -1.8350425 -0.46128505 -0.097094201 -0.20268123 0.97441936 3.8792885e-07
-1.0598856 -2.1886899 -0.041749064 -0.0076034982 -0.015667118 0.99984837 7.1711809e-10
-0.87122345 -1.7971773 -0.17127785 -0.037937999 -0.078218147 0.99621415 6.9154638e-08
-0.86657232 -1.7890705 -0.30893221 -0.068111181 -0.14059371 0.98772174 1.4067773e-07
-0.88846451 -1.8385507 -0.46297067 -0.097803876 -0.20233926 0.97441941 2.9501325e-07
-1.0675192 -2.1849771 -0.041749194 -0.0076581826 -0.015639862 0.99984837 1.212706e-09
-0.87935561 -1.7987584 -0.17171267 -0.038199145 -0.078099847 0.99621344 1.9661636e-08
-0.87820691 -1.79714 -0.31088513 -0.068602473 -0.14034526 0.98772311 2.0678691e-07
-0.88499707 -1.8158637 -0.45791402 -0.09847635 -0.20201571 0.97441882 2.498071e-07
-1.0762404 -2.1834812 -0.041792855 -0.0077131414 -0.015613191 0.99984837 8.9638824e-10
-0.88923299 -1.8022312 -0.17236485 -0.038483787 -0.077959724 0.9962135 4.810817e-08
-0.88338798 -1.7918463 -0.31049463 -0.069089271 -0.14013308 0.9877193 2.0678691e-07
-0.89485699 -1.819173 -0.45959973 -0.099299923 -0.20168108 0.97440457 2.3381051e-07
-1.0772036 -2.1662695 -0.041531775 -0.0077674114 -0.015585389 0.99984837 2.3399171e-09
-0.89662325 -1.8013486 -0.17258233 -0.038754348 -0.077824116 0.99621361 4.0164398e-08
-0.89182615 -1.7931788 -0.31127587 -0.069579259 -0.13987221 0.98772186 1.3356353e-07
-0.89150137 -1.7963767 -0.45454314 -0.099919915 -0.20130135 0.97441971 2.2523271e-07
-1.0858752 -2.1647327 -0.041575443 -0.00782244 -0.01555872 0.99984837 1.6794425e-09
-0.90735537 -1.807121 -0.17345189 -0.039025463 -0.077703677 0.99621242 4.5905686e-08
-0.90359098 -1.8011031 -0.31322879 -0.070065163 -0.13963179 0.98772156 2.1415931e-07
-0.90102267 -1.7997965 -0.45622882 -0.10062438 -0.20095491 0.9744187 2.9871586e-07
-1.090052 -2.1542315 -0.041444968 -0.0078775994 -0.015532408 0.99984831 1.6609039e-09
-0.91110337 -1.7996528 -0.17301728 -0.039286643 -0.077574335 0.99621224 5.0159805e-08
-0.90765268 -1.7935266 -0.31244779 -0.070553385 -0.13938393 0.9877218 2.1040442e-07
-0.90480065 -1.792444 -0.45510519 -0.10128492 -0.20061551 0.97442025 3.4593467e-07
-1.0998293 -2.1548705 -0.041532177 -0.0079308189 -0.015503282 0.99984837 1.4615517e-09
-0.92220515 -1.8051833 -0.17388682 -0.039567079 -0.077411234 0.99621379 4.1192678e-08
-0.91614282 -1.7947512 -0.31322902 -0.07104525 -0.13914676 0.98771995 2.2309708e-07
-0.91136408 -1.7891157 -0.45510527 -0.10202041 -0.2002437 0.97441995 3.7394724e-07
-1.1062045 -2.1487935 -0.041488774 -0.0079853954 -0.015476306 0.99984837 6.4271288e-10
-0.92963648 -1.8041699 -0.17410432 -0.039838683 -0.077271812 0.99621379 3.8080405e-08
-0.92127687 -1.7893444 -0.31283861 -0.0715212 -0.13887191 0.9877243 3.4528804e-07
-0.91095448 -1.7729074 -0.45173427 -0.1027341 -0.19989583 0.97441643 1.2431339e-07
-1.1148461 -2.1471398 -0.041532449 -0.0080396114 -0.015450877 0.99984831 9.8311914e-10
-0.93821526 -1.8053389 -0.17453915 -0.040119499 -0.077063352 0.99621868 3.1719608e-08
-0.92978299 -1.7905056 -0.31361979 -0.072007023 -0.13863064 0.98772293 1.9480053e-07
-0.91490585 -1.7653857 -0.45061064 -0.10342646 -0.19953927 0.97441626 6.5093921e-08
-1.1246449 -2.1476681 -0.041619658 -0.0080928793 -0.015424486 0.99984831 7.7333681e-11
-0.94764912 -1.8088436 -0.17519131 -0.040360618 -0.076990448 0.99621457 3.2985145e-08
-0.93374616 -1.782869 -0.31283882 -0.072493635 -0.13837552 0.98772305 1.9025174e-07
-0.92636973 -1.7731509 -0.45342004 -0.10408072 -0.19919331 0.97441739 1.0738238e-07
-1.1340861 -2.1483524 -0.041706648 -0.0080641247 -0.015573584 0.99984622 1.0005309e-10
-0.9551158 -1.8077295 -0.1754088 -0.040629797 -0.076865248 0.99621332 1.3861673e-08
-0.94226027 -1.783971 -0.31362003 -0.072974108 -0.13812707 0.98772246 3.2301281e-07
-0.93707556 -1.778538 -0.45566764 -0.10477059 -0.19882953 0.97441775 1.8082619e-07
-1.1486007 -2.1576328 -0.041968495 -0.0081085749 -0.015512708 0.99984682 1.0128178e-10
-0.96375257 -1.808786 -0.17584364 -0.040897958 -0.076717272 0.99621373 1.5227982e-08
-0.9507935 -1.7850353 -0.31440127 -0.073456869 -0.1378741 0.98772204 2.4282775e-07
-0.94441605 -1.7774099 -0.4562296 -0.10546791 -0.19845051 0.97441977 1.0000561e-07
-0.97006053 -1.8054109 -0.17584378 -0.041173209 -0.076602727 0.99621123 5.6944174e-08
-0.96283567 -1.7925955 -0.31635419 -0.073948003 -0.13762784 0.98771971 1.2836331e-07
-0.9563421 -1.784852 -0.45903903 -0.10612817 -0.19788481 0.97446316 8.285275e-08
-0.97871947 -1.8063983 -0.17627861 -0.04143199 -0.076343067 0.99622041 3.818327e-08
-0.96791607 -1.7870498 -0.31596377 -0.074426815 -0.13736729 0.98772001 1.2836331e-07
-0.96371949 -1.7836487 -0.45960099 -0.1068809 -0.19795461 0.97436666 2.2396408e-07
-0.98382992 -1.8007827 -0.17606136 -0.041701645 -0.076294452 0.9962129 2.071377e-08
-0.96943361 -1.7749808 -0.31440163 -0.074893326 -0.1370922 0.98772299 9.6364573e-08
-0.97110021 -1.7824157 -0.46016297 -0.10754056 -0.19736825 0.97441304 2.5586766e-07
-0.99489683 -1.8060739 -0.17693092 -0.041963525 -0.076147951 0.99621308 4.0726761e-08
-0.97562349 -1.7715861 -0.31440178 -0.075375877 -0.13683455 0.98772204 2.2035901e-07
-0.97848397 -1.781153 -0.46072495 -0.10821418 -0.19693728 0.97442567 5.5065493e-07
-1.0087385 -1.8154942 -0.17823522 -0.042240627 -0.075993322 0.9962132 1.9108091e-08
-0.98418903 -1.7724928 -0.31518298 -0.075849593 -0.13658059 0.98772091 9.9007671e-08
-0.98265398 -1.7732877 -0.45960134 -0.10895695 -0.19661586 0.97440779 6.8928261e-07
-1.0150696 -1.8119619 -0.17823534 -0.042513099 -0.075822264 0.99621463 2.6526687e-08
-0.98196113 -1.7539449 -0.31244895 -0.075356424 -0.13651779 0.98776734 1.1763602e-08
-0.99238765 -1.776235 -0.46128708 -0.10962316 -0.19616352 0.97442424 5.6550357e-07
-1.0226083 -1.8105789 -0.17845285 -0.042759635 -0.075640559 0.99621791 2.6526687e-08
-1.0028932 -1.77617 -0.31713474 -0.075800925 -0.13813044 0.98750907 9.0863121e-09
-0.9973911 -1.7706348 -0.46072534 -0.11031541 -0.195825 0.97441423 4.8638481e-07
-1.0350598 -1.8178333 -0.17953978 -0.043708634 -0.06720835 0.99678111 2.0516753e-08
-1.0163871 -1.7855505 -0.31947991 -0.077787906 -0.13493098 0.9877969 3.5877201e-10
-1.0071598 -1.7735057 -0.46241099 -0.11099072 -0.19544266 0.97441429 3.606425e-07
-1.043869 -1.8185344 -0.17997542 -0.043080341 -0.075334109 0.99622732 1.5827332e-08
-1.027198 -1.7907493 -0.32104144 -0.077787906 -0.13493098 0.9877969 3.5877201e-10
-1.009728 -1.7636286 -0.46072534 -0.11163788 -0.19501564 0.97442591 2.6459088e-07
-1.0526956 -1.8191966 -0.18040922 -0.048197255 -0.013460633 0.99874711 0
-1.0334425 -1.7871528 -0.32104182 -0.077794097 -0.13503814 0.98778176 0
-1.0219425 -1.7706571 -0.46353266 -0.11135478 -0.19545944 0.97436941 7.6616942e-08
-0.67178762 1.1600523 -0.25356624 -0.095547915 0.16503935 0.98164791 7.3357882e-08
-0.6676383 1.1551527 -0.34767619 -0.1294219 0.22386383 0.96598911 3.0528307e-07
-0.83881253 1.454736 0.37929514 0.11093239 -0.19507006 0.97449559 0
-0.84495509 1.4648802 0.1448735 0.043421742 -0.075649627 0.99618858 0
-0.8424831 1.461773 0.02881721 0.0086974204 -0.01516281 0.99984723 1.0383673e-11
-0.67204762 1.1680586 -0.16096137 -0.060686316 0.1054669 0.99256933 4.3814822e-08
-0.65798008 1.1453519 -0.24975218 -0.094501413 0.16582714 0.98161644 5.2673879e-08
-0.66479993 1.159573 -0.34832245 -0.1285895 0.22427727 0.96600437 1.8267446e-07
-0.84097081 1.4703506 0.38266885 0.11120186 -0.19531479 0.97441584 3.1952126e-08
-0.8365311 1.4620069 0.26093578 0.076606795 -0.13576074 0.9877755 1.9163253e-09
-0.83834642 1.4658041 0.14465569 0.043347668 -0.075723149 0.9961862 3.4544212e-09
-0.83711976 1.4648511 0.028817302 0.0086466167 -0.015170752 0.99984753 3.460687e-10
-0.66653544 1.1683568 -0.16065712 -0.060303114 0.10572274 0.99256545 5.1084026e-08
-0.66124892 1.1604459 -0.25261304 -0.094380789 0.16559353 0.98166746 8.8515947e-08
-0.66193891 1.1639875 -0.34896877 -0.12781544 0.22473177 0.96600145 4.7094133e-07
-0.83677524 1.4755434 0.38323101 0.1118264 -0.1954802 0.97431123 4.183465e-08
-0.83846241 1.477958 0.26328042 0.077036761 -0.13601869 0.98770654 1.3436757e-08
-0.8430357 1.4860623 0.14640045 0.043197792 -0.075792171 0.99618751 7.7294233e-09
-0.83446163 1.4721161 0.028904546 0.0086466167 -0.015170752 0.99984753 3.460687e-10
-0.83147633 1.4686152 -0.086638659 -0.025612347 0.045709714 0.99862635 1.2936989e-09
-0.6612342 1.168515 -0.1603529 -0.059933364 0.10595106 0.99256355 7.0789298e-08
-0.65578723 1.1607232 -0.25213644 -0.093775444 0.16599508 0.98165768 8.8515947e-08
-0.65787178 1.1662912 -0.34896877 -0.1270134 0.22516969 0.96600527 4.7094133e-07
-0.83877009 1.4912025 0.38660333 0.11221342 -0.19581115 0.97420025 2.2360304e-08
-0.83329839 1.4808758 0.26327947 0.077036761 -0.13601869 0.98770654 1.3436757e-08
-0.84149963 1.4955117 0.14705358 0.042493533 -0.075951986 0.99620563 5.9057719e-09
-0.83787543 1.4902819 0.029209461 0.0086449794 -0.015214869 0.99984688 5.9602301e-10
-0.82268518 1.4649738 -0.086246513 -0.025612347 0.045709714 0.99862635 1.2936989e-09
-0.66078532 1.1773129 -0.16126581 -0.059544791 0.10613152 0.99256766 7.0789298e-08
-0.65412456 1.1672906 -0.25308979 -0.093154073 0.16632397 0.98166114 8.7873154e-08
-0.65379661 1.1685805 -0.3489688 -0.12620728 0.22560537 0.96600926 4.7094133e-07
-0.83974445 1.5046192 0.38940999 0.10254267 -0.19682631 0.97506124 8.4138096e-10
-0.83679199 1.4987328 0.26601407 0.077071749 -0.13626115 0.98767042 3.803152e-09
-0.84017038 1.5048218 0.14770614 0.043081198 -0.076094523 0.99616951 6.644342e-09
-0.83171362 1.490868 0.029165909 0.0085515054 -0.015191386 0.99984801 3.8558268e-10
-0.82873642 1.4873345 -0.087425709 -0.025530159 0.045753073 0.99862647 3.0538096e-09
-0.65446919 1.1751583 -0.16065739 -0.059195589 0.10634625 0.99256557 7.0789298e-08
-0.65381837 1.1758933 -0.25451979 -0.092667833 0.16663422 0.98165458 6.1366876e-08
-0.6532194 1.1771958 -0.35090762 -0.12542607 0.22603999 0.96600944 2.6924724e-07
-0.84037316 1.5182037 0.39222413 0.10730502 -0.19679405 0.97455513 2.892884e-08
-0.83871788 1.514614 0.26835796 0.074458905 -0.13691986 0.98777974 3.595469e-09
-0.84307456 1.5231531 0.1492327 0.042906068 -0.076200455 0.99616897 5.2908375e-09
-0.83227998 1.50485 0.029383529 0.0085544279 -0.015233187 0.99984735 1.6966383e-12
-0.82568884 1.4947354 -0.087686881 -0.025530159 0.045753073 0.99862647 3.0538096e-09
-0.65494239 1.1862454 -0.16187449 -0.058805477 0.10654829 0.99256706 4.3933653e-08
-0.65325552 1.1846209 -0.25594977 -0.09208978 0.16695352 0.9816547 2.295874e-07
-0.65258998 1.1858214 -0.35284644 -0.12463889 0.22646995 0.96601063 1.3509212e-07
-0.84415942 1.5383705 0.39671415 0.10738131 -0.19707291 0.9744904 0
-0.84264743 1.5350055 0.27148113 0.074673504 -0.13698068 0.98775512 0
-0.84134066 1.5326406 0.14988463 0.042091835 -0.076308586 0.99619538 3.3398564e-09
-0.84021777 1.5318686 0.029863119 0.0083142295 -0.015308171 0.99984825 6.6694754e-11
-0.82405722 1.5041813 -0.088078983 -0.025885733 0.045984358 0.99860674 0
-0.65198624 1.1907027 -0.16217884 -0.058433596 0.10675072 0.9925673 7.9818527e-08
-0.65381402 1.1955134 -0.25785631 -0.091498353 0.16728087 0.98165429 3.8050569e-08
-0.64729285 1.1859705 -0.35220024 -0.1238308 0.22690925 0.96601146 1.1044546e-07
-0.84137797 1.5454428 0.39783862 0.10849506 -0.19711857 0.97435778 1.2473834e-08
-0.83990967 1.5421309 0.27226353 0.075204432 -0.13705847 0.98770404 8.3620213e-09
-0.84430408 1.5508888 0.15140969 0.041124135 -0.076533064 0.99621862 5.9842127e-09
-0.83751792 1.5390403 0.029950226 0.0083984053 -0.015311808 0.99984747 0
-0.64921546 1.1950402 -0.16248311 -0.058110144 0.10694834 0.99256498 7.8494892e-08
-0.6508038 1.1999475 -0.25833294 -0.090899691 0.16759121 0.98165697 1.6089282e-07
-0.65117407 1.2031019 -0.35672402 -0.12241873 0.227299 0.9660998 1.5250151e-07
-0.84868211 1.5719641 0.404019 0.10547791 -0.19806808 0.97449648 0
-0.84506106 1.5646193 0.27577788 0.072890222 -0.13772191 0.98778522 0
-0.84388095 1.5624505 0.15228002 0.040403128 -0.07656505 0.99624562 0
-0.84161788 1.5595628 0.030299159 0.0083277086 -0.015329152 0.99984783 1.4038432e-10
-0.83862287 1.5559347 -0.090827435 -0.025138477 0.046055101 0.99862254 0
-0.65090877 1.2082305 -0.16400456 -0.057731614 0.10715199 0.9925651 3.3432897e-08
-0.6500892 1.208701 -0.25976288 -0.090344511 0.16791548 0.9816528 1.6409111e-07
-0.65059888 1.2116426 -0.35866269 -0.12316039 0.22777253 0.96589398 1.0778257e-07
-0.85007417 1.5878105 0.40739048 0.11234197 -0.19733354 0.9738782 0
-0.84657508 1.5806278 0.27812102 0.068822592 -0.13810492 0.98802352 1.4117071e-09
-0.84194225 1.571977 0.15293354 0.040403128 -0.07656505 0.99624562 0
-0.83969975 1.5691068 0.030429691 0.0083022844 -0.015365417 0.99984747 0
-0.84258157 1.5764772 -0.091874532 -0.024432806 0.046195228 0.99863356 7.7969905e-12
-0.65135169 1.2192566 -0.16522169 -0.057452414 0.10734945 0.99255997 1.9651274e-08
-0.64471436 1.2087959 -0.25928631 -0.089666076 0.16820556 0.98166537 1.6409111e-07
-0.64862931 1.2181728 -0.35995582 -0.12377909 0.22813933 0.96572834 3.8701508e-08
-0.85250568 1.6058382 0.41132385 0.10385109 -0.19862697 0.97455746 0
-0.84683162 1.5944834 0.28007528 0.058331367 -0.1383488 0.98866427 7.6270851e-10
-0.85277045 1.6057177 0.15598345 0.051145792 -0.07707236 0.99571282 0
-0.84474075 1.5919118 0.030822011 0.0079786871 -0.015436973 0.99984902 0
-0.84174025 1.5882376 -0.092398018 -0.024438659 0.046204131 0.99863303 0
-0.64593327 1.2193285 -0.16491747 -0.056855537 0.10753947 0.9925738 1.9651274e-08
-0.64277929 1.2153811 -0.2602396 -0.089107558 0.16853887 0.98165905 1.0503299e-07
-0.64865673 1.2290924 -0.36253893 -0.12377909 0.22813933 0.96572834 3.8701508e-08
-0.84700173 1.6083605 0.28202721 0.058331367 -0.1383488 0.98866427 7.6270851e-10
-0.85266793 1.6198577 0.15707268 0.051145792 -0.07707236 0.99571282 0
-0.84702855 1.6104921 0.031127134 0.010482161 -0.015128418 0.9998306 0
-0.83359617 1.5868891 -0.092136323 -0.024438659 0.046204131 0.99863303 0
-0.65181339 1.2414753 -0.16765739 -0.057004813 0.10765079 0.99255317 4.4828603e-09
-0.64307964 1.2263179 -0.26214445 -0.090338536 0.16845451 0.98156101 5.779782e-08
-0.846802 1.6224053 0.28398073 0.062756449 -0.13833755 0.98839486 0
-0.85275823 1.6338695 0.15816189 0.051145792 -0.07707236 0.99571282 0
-0.65090406 1.250351 -0.16856883 -0.056603786 0.10788528 0.99255067 0
-0.68553567 1.3215462 -0.38903606 -0.11904331 0.22948267 0.96600538 2.9486486e-07
-0.65788579 1.2746817 -0.17161162 -0.055179715 0.10829832 0.99258584 0
-0.67981672 1.321782 -0.38838983 -0.11821213 0.22988263 0.96601236 2.9486486e-07
-0.67029846 1.3117111 -0.27930483 -0.086745158 0.1697735 0.98165792 4.5881706e-08
-0.68176359 1.3370646 -0.39226732 -0.11742759 0.23028009 0.96601337 4.5803159e-07
-0.67047369 1.3212014 -0.17739291 -0.055065762 0.10853367 0.99256647 5.0179679e-08
-0.67014003 1.3228055 -0.28121391 -0.08575815 0.17047451 0.98162311 8.5564238e-08
-0.67383236 1.3329661 -0.39032865 -0.11661208 0.23069288 0.96601367 4.5803159e-07
-0.66696995 1.3257519 -0.17769721 -0.05468902 0.10872395 0.99256647 5.0179679e-08
-0.66441995 1.322942 -0.28073785 -0.08575815 0.17047451 0.98162311 8.5564238e-08
-0.67048776 1.3373536 -0.39097491 -0.11583763 0.2310746 0.96601564 4.4938065e-07
-0.66786057 1.3391825 -0.17921863 -0.054315787 0.10891295 0.99256623 7.3824879e-08
-0.66088891 1.3274518 -0.2812126 -0.08575815 0.17047451 0.98162311 8.5564238e-08
-0.66795921 1.3440142 -0.39226741 -0.11502276 0.23147897 0.96601617 4.4938065e-07
-0.9793244 1.9805418 -0.1139927 -0.023039369 0.047425311 0.99860907 2.050987e-10
-0.65879506 1.332602 -0.17800157 -0.053935949 0.10910892 0.99256545 7.3824879e-08
-0.66058385 1.3385596 -0.28311804 -0.084338345 0.17097235 0.98165959 2.3409424e-08
-0.66409266 1.3486212 -0.3929137 -0.11416702 0.23190321 0.96601593 3.6064716e-08
-0.96986604 1.979632 -0.11373113 -0.022995496 0.047566392 0.99860334 5.9622112e-09
-0.65608346 1.3394675 -0.17861015 -0.053531736 0.10930488 0.99256575 7.3824879e-08
-0.66773731 1.3651228 -0.28836098 -0.078628287 0.1726186 0.98184544 0
-0.66466308 1.3617897 -0.39614493 -0.11335145 0.2323048 0.96601552 3.8931894e-08
-0.96186125 1.9807587 -0.11360025 -0.022863841 0.047102429 0.99862838 1.5688633e-08
-0.65032303 1.3395158 -0.17830589 -0.053151347 0.1094951 0.99256521 7.3824879e-08
-0.6682961 1.3815048 -0.40131488 -0.11151721 0.23279683 0.96611053 0
-0.95636868 1.9861877 -0.11373117 -0.022707812 0.047184289 0.99862808 2.2498451e-08
-0.65446436 1.3595631 -0.18074015 -0.052768037 0.10966761 0.99256665 5.6878009e-09
-0.66659337 1.3903662 -0.40325361 -0.11174175 0.23308891 0.96601415 2.0951214e-08
-0.94835639 1.9872599 -0.11360034 -0.022541257 0.047248878 0.9986288 3.9072807e-09
-0.6539768 1.3708032 -0.18195729 -0.05336827 0.10979053 0.99252099 0
-0.92699999 1.9484854 -0.41228455 -0.080718189 0.17241372 0.9817118 8.822199e-09
-0.67103845 1.4123286 -0.40906981 -0.11093095 0.23348826 0.96601117 8.621619e-08
-0.94000161 1.9884645 -0.11346952 -0.022368271 0.047321923 0.99862921 7.7058165e-10
-0.65634936 1.388905 -0.18408732 -0.053463619 0.1097857 0.99251634 7.7513178e-12
-0.93063855 1.9739172 -0.41704854 -0.080483131 0.17237486 0.98173791 1.7613171e-08
-0.66815639 1.4190348 -0.4103623 -0.1101017 0.23385717 0.96601677 2.709636e-07
-0.93094057 1.98721 -0.11320781 -0.022203971 0.047400136 0.99862915 3.9943621e-10
-0.92166883 1.9727048 -0.41609776 -0.080696829 0.17273842 0.98165649 9.7085177e-08
-0.66218054 1.4191686 -0.4097161 -0.10928984 0.23424095 0.96601599 2.709636e-07
-3.4476256 7.4192119 1.2886546 0.066085376 -0.14314556 0.9874928 0
-0.92224652 1.9857559 -0.11294611 -0.022044027 0.047494825 0.9986282 3.6880979e-10
-0.91374815 1.973682 -0.41562113 -0.080089636 0.17296201 0.98166686 1.8658255e-07
-0.65115851 1.4083111 -0.4058387 -0.10848383 0.2346244 0.96601379 8.621619e-08
-3.4206748 7.4289584 1.2882638 0.064580835 -0.13895729 0.98819035 0
-0.9121843 1.9821563 -0.11255351 -0.021752434 0.047904477 0.99861503 1.3396144e-08
-0.90276808 1.9679329 -0.41371471 -0.078350551 0.17810319 0.98088759 1.2065153e-07
-0.64949501 1.417053 -0.40777746 -0.10770652 0.23498918 0.96601212 1.2934343e-07
-1.3539714 2.9676554 0.056280904 0.0072228462 -0.016043078 0.99984521 0
-0.90215862 1.9785107 -0.11216094 -0.021353401 0.048600819 0.99858999 1.01846e-08
-0.88138926 1.9355228 -0.25650507 -0.049186412 0.11044647 0.99266422 4.1654444e-10
-0.89792013 1.9755428 -0.41466802 -0.07882975 0.17323953 0.98171991 4.698818e-08
-0.65350598 1.4391127 -0.41359627 -0.10881075 0.23508127 0.96586597 1.9383549e-08
-1.3400018 2.9657624 0.056149561 0.0072233267 -0.016072065 0.99984473 1.2998724e-11
-0.89182472 1.9749753 -0.11176865 -0.021456191 0.047860812 0.99862355 9.0669943e-09
-0.87734342 1.9455295 -0.25741762 -0.049044274 0.11034247 0.99268281 1.0638926e-09
-0.89001334 1.9764266 -0.41418985 -0.079280339 0.17404139 0.98154175 2.2445946e-08
-0.65514106 1.4569255 -0.41811755 -0.1093713 0.23524527 0.96576267 0
-1.3301595 2.9701898 0.056149911 0.0072050905 -0.01611927 0.99984413 9.3759711e-10
-0.88628846 1.9802017 -0.11189957 -0.02136253 0.047851365 0.99862599 1.4205982e-08
-0.8718974 1.9506943 -0.2577225 -0.049669981 0.1111277 0.99256414 3.3727408e-09
-0.89009315 1.9952157 -0.4175303 -0.078668036 0.17411913 0.98157722 6.6442953e-09
-1.3207958 2.9771001 0.056193095 0.0070182662 -0.015749056 0.99985135 2.0846352e-10
-0.87432152 1.9718673 -0.11124526 -0.021207616 0.047875185 0.99862814 1.5560817e-08
-0.86508292 1.9537259 -0.25772253 -0.04926477 0.11126883 0.99256849 2.1565594e-08
-1.3088714 2.9796321 0.056149401 0.0070144646 -0.01579649 0.99985063 5.0576483e-12
-0.86408389 1.9681979 -0.11085264 -0.021037137 0.047944482 0.99862844 1.5094487e-08
-0.85692209 1.95461 -0.25741833 -0.048858777 0.11145898 0.99256724 9.0107633e-08
-1.2954746 2.9773047 0.056019273 0.0069639552 -0.016046017 0.99984699 1.0027871e-09
-0.85919523 1.9757826 -0.11111442 -0.020871028 0.048006117 0.99862897 1.0222544e-08
-0.84516245 1.9462044 -0.25589696 -0.048482563 0.11165579 0.99256355 7.2067984e-08
-3.2127435 7.4513531 1.2781054 0.061181366 -0.14169914 0.98801732 0
-1.2816412 2.9724002 0.055844516 0.0069027352 -0.016083788 0.99984682 8.876252e-10
-0.84770894 1.9671527 -0.11046008 -0.020712752 0.048066404 0.99862939 2.0780611e-08
-0.83870399 1.9489962 -0.25589782 -0.048425488 0.11224721 0.99249965 2.732321e-08
-0.87921846 2.0521908 -0.58807552 -0.10023807 0.23781367 0.96612471 9.0872184e-08
-1.2722383 2.9791558 0.05588844 0.0068520308 -0.016060438 0.99984753 1.0202845e-09
-0.84279299 1.9746941 -0.11072188 -0.020544454 0.048153188 0.99862868 2.2686123e-08
-0.83189559 1.951912 -0.25589654 -0.048258562 0.11218727 0.99251455 3.9276205e-09
-0.87240744 2.0550931 -0.58808351 -0.099753097 0.23788457 0.9661575 2.0046846e-07
-1.2579422 2.9743671 0.055713754 0.0068066884 -0.016124625 0.99984682 1.1204304e-09
-0.83492506 1.9753234 -0.11059104 -0.020376567 0.048224118 0.99862868 1.7602757e-08
-0.80153263 1.902555 -0.39416966 -0.07264325 0.17582431 0.98173761 7.7509668e-08
-0.86989868 2.069263 -0.59131008 -0.10017067 0.23826753 0.96601987 1.7367746e-07
-3.1230993 7.4572549 1.2734176 0.060766257 -0.14508142 0.98755193 0
-1.2465879 2.976434 0.055669911 0.00675837 -0.016215585 0.99984568 7.2630896e-10
-0.82706285 1.9759219 -0.1104602 -0.020209318 0.048294485 0.99862868 1.1723189e-08
-0.79394329 1.903074 -0.39370105 -0.07264325 0.17582431 0.98173761 7.7509668e-08
-0.85953122 2.0657456 -0.58937144 -0.099295691 0.23865354 0.96601492 4.3275313e-07
-1.2751402 3.0733197 0.288001 0.033099286 -0.080781356 0.99618214 0
-1.236626 2.9832926 0.055713132 0.0066668792 -0.015951438 0.99985051 3.1275033e-10
-0.81886184 1.9766327 -0.11032936 -0.020019138 0.04823523 0.99863535 1.9572925e-08
-0.79290456 1.9194492 -0.39655691 -0.07264325 0.17582431 0.98173761 7.7509668e-08
-0.85415107 2.0732009 -0.59066391 -0.098459892 0.23899475 0.96601611 3.4746023e-07
-1.2577894 3.0616224 0.28647548 0.033014927 -0.080929719 0.99617285 4.4955386e-09
-1.2243093 2.982965 0.055625912 0.0066528362 -0.016005605 0.9998498 1.7616789e-12
-0.81290239 1.9817896 -0.11046027 -0.019865533 0.048433241 0.99862885 1.6997504e-08
-0.78156519 1.9108434 -0.39417362 -0.072167672 0.17646271 0.98165816 7.3727314e-08
-0.84326828 2.0672216 -0.58807898 -0.097633004 0.23932958 0.96601719 2.6044447e-07
-1.2489685 3.0706091 0.28691405 0.032965422 -0.081128985 0.9961583 9.0806127e-09
-1.2106508 2.9777441 0.055451483 0.0066593783 -0.015975077 0.99985021 5.7590472e-13
-0.80257553 1.9752192 -0.1099368 -0.019701032 0.048496466 0.99862903 1.9800295e-08
-0.77397138 1.9112843 -0.39369705 -0.071553476 0.17671578 0.98165762 7.3727314e-08
-0.83875448 2.076874 -0.59001529 -0.097687647 0.2386553 0.96617842 1.0548431e-07
-3.0085399 7.4749317 1.2691202 0.058639698 -0.14592353 0.98755646 0
-1.2387793 3.0747342 0.28691465 0.032200597 -0.080135576 0.99626374 1.0823315e-08
-1.1946577 2.9680355 0.055189848 0.0066829599 -0.015933797 0.99985069 0
-0.79567581 1.9780087 -0.10993683 -0.019531967 0.048567597 0.99862891 2.0203714e-08
-0.76365101 1.9048593 -0.3917906 -0.071830198 0.17593709 0.98177725 0
-0.82434332 2.0618424 -0.58484787 -0.096900426 0.23937923 0.96607864 0
-1.2293431 3.0838816 0.28735149 0.032387406 -0.081159882 0.99617475 2.8202413e-08
-1.176384 2.9538119 0.054840989 0.0063871671 -0.016310837 0.99984658 1.7587579e-10
-0.78657854 1.9762707 -0.10967512 -0.01935482 0.048639219 0.99862885 1.7650221e-08
-1.2158327 3.0812027 0.28669462 0.032214098 -0.081382893 0.99616218 2.4386134e-08
-1.1642354 2.953248 0.054754131 0.0063809413 -0.01628834 0.99984699 2.2600176e-10
-0.7824142 1.9859754 -0.11006778 -0.019184401 0.048713762 0.9986285 1.3644227e-08
-0.7540704 1.916764 -0.24829039 -0.044748686 0.1130541 0.99258065 0
-1.2086885 3.0947092 0.28756699 0.032030113 -0.081372723 0.99616891 8.3732292e-09
-1.1508054 2.9477766 0.054579623 0.0063512186 -0.01630003 0.99984699 9.7594688e-10
-0.77220315 1.9792525 -0.10954431 -0.019022904 0.048770983 0.9986288 2.8658796e-08
-1.1993165 3.1010239 0.28778279 0.031304248 -0.080828421 0.99623632 0
-1.1441066 2.9611044 0.05475409 0.0062799398 -0.016217954 0.99984878 9.646316e-10
-0.76618665 1.9842656 -0.10967521 -0.018852785 0.048835196 0.99862891 1.9617364e-08
-1.1305732 2.9582715 0.054623101 0.0062477957 -0.016209446 0.99984908 1.0398198e-10
-0.75446588 1.9753952 -0.10902087 -0.018673982 0.048910424 0.99862856 1.4463541e-08
-0.57697868 1.5140917 -0.30790377 -0.067835458 0.17783515 0.98171943 1.0164294e-07
-0.57784534 1.5203178 -0.42587194 -0.090583481 0.2423946 0.9659397 3.1336981e-08
-1.1175919 2.9551842 0.054492049 0.0066528209 -0.014396499 0.99987423 0
-0.74756587 1.9780167 -0.1090209 -0.018501535 0.048966248 0.99862903 3.0098079e-08
-0.61537814 1.6298329 -0.20934306 -0.04238566 0.11443575 0.99252605 0
-0.57082683 1.513799 -0.30742717 -0.067253068 0.1783883 0.98165911 1.11024e-07
-0.56490868 1.501972 -0.420057 -0.089083269 0.24293049 0.96594459 2.2335006e-07
-2.9193168 7.7982979 1.3116969 0.071986757 -0.24099435 0.96785313 0
-0.7436204 1.9875021 -0.10941355 -0.018341767 0.049034949 0.99862862 3.0098079e-08
-0.60650522 1.622563 -0.20812722 -0.042368446 0.11418515 0.99255562 2.6411802e-09
-0.56724936 1.5203831 -0.30838045 -0.06664928 0.17862347 0.98165756 1.11024e-07
-0.56385952 1.5152569 -0.42328799 -0.09014158 0.2422637 0.96601385 1.3909779e-07
-0.73408467 1.9830594 -0.10902095 -0.018170865 0.049097475 0.99862868 1.8867711e-08
-0.5922572 1.6013867 -0.20508572 -0.041873466 0.11420734 0.9925741 8.9292902e-09
-0.56447977 1.529264 -0.30981034 -0.066048175 0.17886697 0.98165381 1.11024e-07
-0.56631833 1.5375212 -0.42911261 -0.090437792 0.24271545 0.96587276 1.3567193e-07
-2.8549774 7.8000975 0.14425185 0.0058782888 -0.01604875 0.99985391 0
-0.72887069 1.9902999 -0.10928271 -0.018001078 0.049171604 0.99862814 1.5311333e-08
-0.59601289 1.629089 -0.20843011 -0.042368446 0.11418515 0.99255562 2.6411802e-09
-0.56165504 1.5381439 -0.31124026 -0.065440387 0.17911105 0.98165005 1.11024e-07
-0.56259638 1.5440302 -0.43039978 -0.090437792 0.24271545 0.96587276 1.3567193e-07
-2.8254821 7.7994909 1.9054577 0.057469547 -0.0082240142 0.99831337 0
-2.828651 7.8040385 0.72305155 0.0070858765 0.0025134576 0.99997175 0
-0.71852618 1.9834397 -0.10875926 -0.017818188 0.049214691 0.99862927 2.8042964e-08
-0.56506938 1.5611315 -0.199302 -0.041388407 0.11443365 0.99256837 4.6856528e-08
-0.54880428 1.5193124 -0.30695063 -0.064756945 0.17931147 0.98165876 2.2963908e-07
-0.55883574 1.5505314 -0.43168917 0.033302382 0.17633884 0.98376602 0
-0.71327823 1.9906378 -0.10902105 -0.017644286 0.049219251 0.99863213 1.586168e-08
-0.56878644 1.5888035 -0.20264907 -0.040997192 0.11461126 0.99256408 3.4810611e-08
-0.54267466 1.5189065 -0.30647406 -0.064126134 0.17954338 0.9816578 2.7853744e-07
-0.53644878 1.5046808 -0.41811815 -0.086790666 0.24347281 0.96601677 3.8814551e-07
-0.70182079 1.9814682 -0.10836688 -0.017468622 0.04933238 0.99862963 1.888548e-08
-0.55388379 1.565135 -0.19930227 -0.040586166 0.11473076 0.99256718 7.7582641e-08
-0.53655457 1.5184767 -0.30599758 -0.063496299 0.17980109 0.98165154 1.510663e-07
-0.5245319 1.4884068 -0.41294846 -0.085904829 0.24378528 0.96601713 2.1154662e-07
-2.7372117 7.8102579 1.9009608 0.074539766 -0.2197479 0.97270483 0
-2.7396445 7.8172579 0.72152513 0.028483754 -0.079303771 0.99644345 0
-0.69771665 1.9908552 -0.10875959 -0.01729675 0.049425758 0.99862802 1.6429935e-08
-0.54950786 1.569306 -0.19960657 -0.040212039 0.11486587 0.99256676 7.7582641e-08
-0.52802408 1.5110692 -0.30409107 -0.062880374 0.17999199 0.98165619 2.6544271e-07
-0.51933318 1.4902287 -0.41294852 -0.085059263 0.24410871 0.96601027 2.0722619e-07
-2.707541 7.81286 1.8992749 0.074153952 -0.21458291 0.97388673 0
-0.83834666 1.4642984 0.20260254 0.059532609 -0.1058525 0.99259818 0
-0.84958452 1.486756 0.087902598 0.025825946 -0.045558244 0.99862778 0
-0.68587136 1.9791204 -0.10797442 -0.017139701 0.049436271 0.99863023 1.9675747e-08
-0.54483569 1.5735604 -0.19991086 -0.039817024 0.11500828 0.99256623 7.7582641e-08
-0.52274615 1.5129031 -0.30409113 -0.062254302 0.18020283 0.98165745 2.0664761e-07
-0.51883131 1.5057381 -0.41682592 -0.084196255 0.24437793 0.96601784 1.6372483e-07
-0.66125214 1.157504 -0.29953763 -0.11145954 0.19519161 0.97441113 1.7614546e-07
-0.84969604 1.4847701 0.44844428 0.12855561 -0.22466265 0.96591932 0
-0.84184945 1.4822965 0.20473197 0.059532609 -0.1058525 0.99259818 0
-0.83794683 1.4790158 0.087248519 0.025825946 -0.045558244 0.99862778 0
-0.67941964 1.9839838 -0.10810528 -0.016956763 0.049527254 0.9986288 1.7640051e-08
-0.82730645 1.4615219 -0.028730642 -0.0086368546 0.015196916 0.99984723 0
-0.53746367 1.5708493 -0.19930233 -0.039411556 0.11516423 0.99256432 9.4135444e-08
-0.515881 1.5100721 -0.3031379 -0.061631791 0.18042865 0.98165524 2.3641968e-07
-0.50814086 1.4915309 -0.41230226 -0.083361506 0.24469328 0.96601039 2.2541128e-07
-0.65962446 1.1640353 -0.30066162 -0.11078681 0.19557141 0.97441167 1.7614546e-07
-0.84784126 1.4941657 0.45038274 0.12855561 -0.22466265 0.96591932 0
-0.84757948 1.5002651 0.32787463 0.091712572 -0.16635093 0.98179233 7.4199407e-09
-0.84034145 1.4917018 0.20564459 0.060419161 -0.10582504 0.99254751 2.5829403e-09
-2.6437652 7.8135242 0.14324737 0.005569302 -0.016356146 0.99985069 0
-0.83892393 1.4927973 0.087902598 0.02582583 -0.045570321 0.99862725 1.71249e-11
-0.67009491 1.9792465 -0.10771266 -0.016784493 0.049587395 0.99862874 1.2801006e-08
-0.83572674 1.4883388 -0.029210975 -0.0084921597 0.015242359 0.99984777 0
-0.53673083 1.5868249 -0.20112802 -0.03896584 0.11530007 0.99256617 1.0611371e-08
-0.75920719 1.3529475 -0.13244973 -0.042329136 0.075943768 0.9962132 0
-0.51217145 1.5165157 -0.30409116 -0.060997065 0.18062055 0.98165959 2.2594429e-07
-0.65969288 1.1759318 -0.20784317 -0.075570963 0.13686858 0.98770237 6.671246e-08
-0.50523502 1.5001646 -0.41424102 -0.082503557 0.24498026 0.96601129 1.866952e-07
-0.65555722 1.1663307 -0.30066165 -0.11013336 0.19596228 0.9744072 2.28925e-07
-0.85240662 1.5137771 0.45555663 0.12613957 -0.22529638 0.96609026 4.4534897e-08
-0.84742337 1.5116175 0.32978103 0.095319122 -0.16611768 0.98148823 0
-0.84850812 1.5184183 0.20899086 0.05871604 -0.10637752 0.99259067 4.7708048e-12
-2.6146693 7.8127666 0.1430729 0.0055602393 -0.016702851 0.99984503 0
-0.8461867 1.5173429 0.089210443 0.025051991 -0.045799237 0.99863648 2.2571693e-11
-0.66194677 1.9767218 -0.10745095 -0.016619308 0.04963775 0.99862903 2.9173258e-08
-0.83419281 1.4977885 -0.029342005 -0.0085481536 0.015251439 0.99984717 0
-0.75958872 1.3641469 -0.13331971 -0.042329136 0.075943768 0.9962132 0
-0.50455201 1.5113078 -0.30266127 -0.060370341 0.18084608 0.98165685 3.0746548e-07
-0.65920794 1.1846876 -0.20901938 -0.075570963 0.13686858 0.98770237 6.671246e-08
-0.50455481 1.5156733 -0.41811848 -0.081649043 0.2452607 0.96601272 1.114607e-07
-0.65287995 1.1706216 -0.3012237 -0.10947764 0.19632147 0.97440881 2.28925e-07
-0.85421813 1.5293759 0.45942912 0.12458359 -0.2256971 0.96619862 0
-2.5898795 7.8202214 1.2976323 0.048680779 -0.14528233 0.9881919 0
-0.8493318 1.5274159 0.33264291 0.095073529 -0.16627574 0.98148531 1.2315382e-08
-0.85045475 1.5343734 0.21081764 0.058988687 -0.10653391 0.99255776 7.4450419e-09
-0.8481701 1.533376 0.089995854 0.025160976 -0.045834254 0.99863213 1.2109849e-09
-0.6573894 1.9861329 -0.10784359 -0.016446482 0.049703643 0.99862862 2.9173258e-08
-0.84231907 1.5247234 -0.029822338 -0.0083409799 0.015313958 0.99984795 0
-0.74369293 1.3473309 -0.13136317 -0.042277161 0.075931154 0.99621642 9.6530717e-10
-0.50003952 1.5153913 -0.30313793 -0.05974156 0.18105657 0.98165649 2.285139e-07
-0.65506852 1.1869813 -0.2090205 -0.075570963 0.13686858 0.98770237 6.671246e-08
-0.50302058 1.5289004 -0.4213497 -0.080845661 0.24555734 0.96600497 2.5957505e-07
-0.65451598 1.1836451 -0.30403361 -0.10876407 0.19671354 0.97440964 1.5937374e-07
-0.85240245 1.5386766 0.46136746 0.1269841 -0.22571222 0.96588254 1.3588034e-08
-0.84994948 1.5411004 0.33502561 0.090790607 -0.16715522 0.98174143 9.2660155e-09
-0.84509355 1.5373327 0.21081862 0.058590349 -0.10663182 0.99257082 1.6049395e-08
-0.84736907 1.545218 0.090519182 0.025160976 -0.045834254 0.99863213 1.2109849e-09
-0.64778477 1.981408 -0.10745098 -0.016264416 0.049757741 0.99862885 2.8178144e-08
-0.84423292 1.5407882 -0.030084357 -0.0086251535 0.015280073 0.99984604 0
-0.73177052 1.3368329 -0.1300575 -0.041765973 0.076311782 0.99620885 4.5448112e-09
-0.49702072 1.5241301 -0.30456784 -0.059099294 0.18124776 0.98166007 1.9147917e-07
-0.64972824 1.187099 -0.20862821 -0.075570963 0.13686858 0.98770237 6.671246e-08
-0.50065619 1.5398372 -0.42393467 -0.07990706 0.24582613 0.96601468 6.7587422e-08
-0.64920151 1.1837908 -0.30347165 -0.10809716 0.197108 0.97440416 1.5937374e-07
-0.8584398 1.5629275 0.46782836 0.12224284 -0.22698265 0.96619642 5.0447788e-09
-0.85375994 1.5614071 0.33883551 0.090264082 -0.16742279 0.98174435 1.1208008e-08
-2.5340559 7.8392005 0.71760321 0.027167909 -0.086608492 0.9958719 0
-0.84927034 1.5576774 0.21325281 0.058577176 -0.10685215 0.99254787 1.5164517e-08
-0.84916133 1.561307 0.091303654 0.025891466 -0.045856033 0.99861246 1.2712849e-10
-0.63933378 1.978904 -0.10718925 -0.016090453 0.049809255 0.99862915 3.0759253e-08
-0.84844321 1.561271 -0.030433822 -0.0082172556 0.015372615 0.99984807 1.5554657e-11
-0.71634585 1.3197123 -0.12809999 -0.041277166 0.076694526 0.99619985 4.4986419e-09
-0.49019778 1.5211822 -0.30361459 -0.058484469 0.18147665 0.98165464 1.9668738e-07
-0.65032238 1.1980245 -0.21019004 -0.074541062 0.13734476 0.98771453 2.9248559e-08
-0.49674979 1.5461761 -0.4252272 -0.079057299 0.24610107 0.96601462 9.218067e-08
-0.64857936 1.1924574 -0.30515766 -0.10735409 0.19748008 0.97441095 5.6052841e-08
-0.85789663 1.5742346 0.47041735 0.11907528 -0.22718801 0.96654367 3.0317018e-08
-2.5040905 7.8351521 1.2956791 0.049855433 -0.20199308 0.97811717 0
-0.85092908 1.5685374 0.33979118 0.090264082 -0.16742279 0.98174435 1.1208008e-08
-2.5051622 7.8432527 0.71716738 0.026269635 -0.080142595 0.99643719 0
-0.84619981 1.564992 0.21385963 0.057533804 -0.10694624 0.99259877 4.6969864e-09
-0.85112667 1.5772785 0.092088602 0.02441814 -0.046108201 0.99863797 2.5106253e-10
-0.63428289 1.9857713 -0.10745102 -0.015925491 0.049874071 0.99862856 3.0759253e-08
-0.85252064 1.5818014 -0.030782996 -0.0081896298 0.015385707 0.99984807 7.4002485e-11
-0.505476 1.5840377 -0.19960548 -0.036391217 0.11613404 0.99256665 1.0682765e-08
-0.70959032 1.3177023 -0.12766534 -0.041277166 0.076694526 0.99619985 4.4986419e-09
-0.48710981 1.5299021 -0.30504447 -0.057846352 0.18166669 0.98165727 1.6104903e-07
-0.65791512 1.2219895 -0.21409743 -0.073391892 0.13787845 0.98772627 1.4650627e-08
-0.49280521 1.552506 -0.42651966 -0.078218907 0.24637382 0.96601331 2.6718476e-07
-0.65044248 1.2053006 -0.30796868 -0.10865939 0.19746223 0.97426987 2.555832e-09
-0.85816509 1.5878271 0.4736509 0.12906873 -0.22724815 0.96524584 3.5558056e-08
-0.85129094 1.5822896 0.3421717 0.092062347 -0.1676891 0.98153192 1.7121407e-10
-2.4768913 7.8443928 0.71651375 0.026446333 -0.084745161 0.99605161 0
-0.84662348 1.5788554 0.21537898 0.058497183 -0.10710905 0.99252492 0
-0.85390097 1.5956271 0.09300378 0.024507195 -0.046127241 0.99863493 0
-0.62510014 1.9808284 -0.1070584 -0.015750077 0.049908239 0.99862963 3.0420466e-08
-0.84845483 1.5868212 -0.030826937 -0.0081896298 0.015385707 0.99984807 7.4002485e-11
-0.49474043 1.5692197 -0.19747812 -0.036391217 0.11613404 0.99256665 1.0682765e-08
-0.71442604 1.3377173 -0.12940516 -0.04097816 0.076739036 0.99620879 6.0670082e-08
-0.48396692 1.5386192 -0.30647442 -0.057222709 0.18187292 0.98165566 1.4643066e-07
-0.65481567 1.2264527 -0.21449013 -0.073391892 0.13787845 0.98772627 1.4650627e-08
-0.49053487 1.5633522 -0.42910466 -0.077291153 0.24658296 0.96603465 1.856133e-07
-0.6531719 1.2204268 -0.31133956 -0.11398483 0.19652794 0.97385019 0
-0.8572039 1.5993166 0.47622973 0.12580439 -0.22748686 0.96562052 2.3757496e-08
-0.85388845 1.6003873 0.34550735 0.055595532 -0.17327094 0.98330379 0
-1.9928465 6.3956218 0.116219 0.0051771188 -0.016504973 0.99985039 0
-0.85067773 1.6030025 0.093265355 0.024507195 -0.046127241 0.99863493 0
-0.61818188 1.9829984 -0.10705841 -0.01557664 0.049974274 0.99862903 3.9883947e-08
-0.84644032 1.5963893 -0.030957729 -0.0082633086 0.015419096 0.99984699 8.4571976e-12
-0.49661002 1.5946378 -0.20052066 -0.036391217 0.11613404 0.99256665 1.0682765e-08
-0.7085799 1.3380057 -0.12918769 -0.040713616 0.076881617 0.99620861 6.0670082e-08
-0.48149416 1.5496764 -0.30838528 -0.057226513 0.18226074 0.98158348 3.5967741e-08
-0.65169346 1.2309099 -0.21487796 -0.073828757 0.13801815 0.98767418 2.2839308e-09
-0.48222622 1.5558244 -0.42651972 -0.076528214 0.24706286 0.96597278 1.856133e-07
-0.85845006 1.6150768 0.48010641 0.12466479 -0.22770977 0.96571577 0
-2.4146404 7.8373446 1.2917727 0.045037415 -0.14356606 0.98861539 0
-1.9675713 6.3929825 0.11604456 0.0051519256 -0.016745979 0.99984652 0
-0.61125618 1.9851441 -0.10705844 -0.015402975 0.050034631 0.99862868 3.1018732e-08
-0.48522681 1.5773808 -0.19808419 -0.036391217 0.11613404 0.99256665 1.0682765e-08
-0.71089286 1.3536795 -0.13049264 -0.040440485 0.077018529 0.99620914 5.7479859e-08
-0.47608206 1.5513484 -0.30838096 -0.055930626 0.182274 0.98165572 1.0696186e-07
-0.65663344 1.2506371 -0.21800391 -0.073828757 0.13801815 0.98767418 2.2839308e-09
-0.4831292 1.5782897 -0.43233448 -0.077152081 0.24689385 0.96596634 3.8419095e-08
-2.3858321 7.841001 1.2909913 0.046562035 -0.15599637 0.98665959 0
-2.3873672 7.8460722 0.71433508 0.022312377 -0.0051682335 0.99973768 0
-1.9474221 6.4069867 0.11617529 0.0047772406 -0.016206987 0.99985725 0
-0.60359889 1.9848765 -0.10692759 -0.015227572 0.050077789 0.99862921 3.2225188e-08
-0.7050063 1.3539472 -0.13027517 -0.040173046 0.077161647 0.99620891 3.5081055e-08
-0.47633526 1.571797 -0.31219402 -0.05530164 0.18245877 0.98165703 3.5239704e-08
-0.68095005 1.3075836 -0.22777113 -0.072170071 0.13861208 0.98771363 7.207764e-08
-0.68345755 1.3091218 -0.33269504 -0.10404122 0.19929941 0.97439992 7.7768547e-08
-2.3577375 7.8469167 1.2906008 0.045856252 -0.15260732 0.98722249 0
-2.3578165 7.8472013 0.7136814 0.025360262 -0.087172724 0.99587035 0
-0.59666669 1.9869714 -0.1069276 -0.015055304 0.050141986 0.99862862 3.2225188e-08
-0.70142508 1.3586096 -0.1304927 -0.039902754 0.07730189 0.99620891 3.5081055e-08
-0.47505006 1.5875621 -0.31505346 -0.05407868 0.18250494 0.98171657 2.454896e-08
-0.68436033 1.3252859 -0.23050597 -0.071700931 0.13886219 0.98771262 1.2243511e-07
-0.67888367 1.3114996 -0.3326951 -0.10332576 0.19963843 0.97440666 2.5628847e-07
-0.58901995 1.9866478 -0.10679674 -0.014878669 0.050194524 0.99862862 3.7494289e-08
-0.6966784 1.3610497 -0.13049273 -0.039635621 0.077445187 0.99620843 2.8500718e-08
-0.46812043 1.5845014 -0.31410268 -0.05411566 0.18253179 0.98170954 7.1309549e-09
-0.67633349 1.3210834 -0.22933397 -0.07120996 0.1391013 0.98771453 1.5835761e-07
-0.67989737 1.3246799 -0.33550501 -0.10263214 0.19998126 0.97440964 4.3741579e-07
-0.58068347 1.9838982 -0.10653499 -0.014702545 0.050235845 0.99862915 2.9186474e-08
-1.2504284 2.456861 -0.047550119 -0.0075316727 0.015514201 0.99985129 0
-0.56510657 1.9342328 -0.24281435 -0.033561677 0.11654034 0.99261874 1.3250464e-09
-0.69961882 1.3791177 -0.13201517 -0.039363079 0.077585682 0.99620831 2.9977588e-08
-0.46327105 1.5884832 -0.31457588 -0.05407868 0.18250494 0.98171657 2.454896e-08
-0.67284238 1.3256345 -0.22972463 -0.070722781 0.13934572 0.98771507 1.5835761e-07
-0.55677181 1.9166988 -0.52474844 -0.070511751 0.24819855 0.9661395 0
-0.67503756 1.3271627 -0.33550501 -0.10189965 0.20035742 0.97440922 5.9886673e-07
-0.57547903 1.9932112 -0.10692766 -0.014521779 0.050308973 0.99862814 2.9186474e-08
-1.2474935 2.4723597 -0.047768563 -0.0077215899 0.015557285 0.99984914 9.5361545e-11
-0.55938298 1.941061 -0.24342251 -0.033561677 0.11654034 0.99261874 1.3250464e-09
-0.69930309 1.3904378 -0.13288516 -0.039088253 0.077722616 0.99620849 1.1737199e-08
-0.44961071 1.5617801 -0.30885762 -0.054197375 0.18238401 0.98173249 2.4931888e-11
-0.65815967 1.3081545 -0.22620851 -0.070254169 0.1395981 0.98771286 1.6000816e-07
-0.5540573 1.9325633 -0.52862614 -0.069472767 0.24823438 0.9662056 5.7107229e-08
-0.67150444 1.3316828 -0.33606705 -0.10120242 0.2007138 0.97440857 5.9886673e-07
-2.2405069 7.858192 0.71172047 0.015165227 -0.00032652644 0.99988496 0
-2.2322457 7.8395782 0.14154619 0.004823457 -0.017577033 0.99983388 0
-0.56579047 1.9856014 -0.10640416 -0.014342764 0.050335128 0.99862939 3.14873e-08
-1.2433436 2.4856341 -0.047943059 -0.0077215899 0.015557285 0.99984914 9.5361836e-11
-0.55125111 1.9382271 -0.24281432 -0.03329277 0.1170692 0.99256557 5.8644218e-08
-0.69668096 1.3973215 -0.13332178 -0.039064705 0.077899545 0.99619555 8.1851725e-09
-0.66246235 1.3280934 -0.22933404 -0.069746777 0.1398394 0.98771471 1.8046288e-07
-0.5479632 1.9368103 -0.52927214 -0.07037098 0.24872905 0.96601337 1.4089485e-07
-0.66137153 1.3231411 -0.33325714 -0.10052079 0.2010726 0.97440517 5.9886673e-07
-2.2104213 7.8564959 1.8745495 0.061596088 -0.22040299 0.9734621 0
-2.2144139 7.8654766 1.2870848 0.041991327 -0.14371194 0.98872828 0
-2.2117152 7.8611698 0.71128476 0.023461044 -0.08104042 0.99643469 0
-2.2048845 7.8421254 0.14145897 0.0048089484 -0.017421095 0.99983668 0
-0.55920291 1.9874667 -0.10640416 -0.014176339 0.050387505 0.99862915 4.0144922e-08
-1.2335453 2.4877212 -0.047899876 -0.0077248714 0.01556628 0.99984902 9.9616551e-11
-0.54281497 1.9328753 -0.24190149 -0.032903865 0.11717848 0.99256563 1.0090174e-07
-0.69204348 1.3996241 -0.13331999 -0.039064705 0.077899545 0.99619555 8.1851734e-09
-0.65892369 1.3326077 -0.22972476 -0.06925822 0.14008331 0.98771453 7.4581948e-08
-0.54508126 1.9526718 -0.53314966 -0.069438852 0.24886782 0.96604508 3.8343001e-07
-0.6624245 1.3362228 -0.33606714 -0.099834964 0.20139526 0.97440904 4.9744688e-07
-2.1829836 7.8641639 1.8745495 0.059726249 -0.21371235 0.97506911 0
-0.5535928 1.9942188 -0.10666601 -0.014010874 0.05056233 0.9986226 3.7597033e-08
-1.2248541 2.4920118 -0.047899649 -0.0076987203 0.015675856 0.99984747 6.4418221e-10
-0.53342378 1.9251903 -0.24068439 -0.032501109 0.11729059 0.99256569 5.0775837e-09
-0.69572753 1.4200177 -0.13506001 -0.038931746 0.077966817 0.9961955 1.8516596e-09
-0.65864277 1.3437552 -0.23128755 -0.068810843 0.14033191 0.98771048 2.8798243e-07
-0.53634506 1.9475757 -0.53121096 -0.068714686 0.2492981 0.96598589 3.8343001e-07
-0.65860331 1.3408246 -0.33662906 -0.099097565 0.20176564 0.97440767 2.0765894e-07
-0.54365313 1.9865997 -0.10614246 -0.013823567 0.05039436 0.99863374 2.0655776e-08
-1.2106553 2.4850457 -0.047682155 -0.0076508289 0.015631165 0.99984854 8.1234158e-10
-0.52701539 1.9295269 -0.24098863 -0.032064896 0.11741523 0.9925651 3.2429817e-09
-0.65612012 1.3504815 -0.23206893 -0.068317719 0.14056797 0.98771113 1.0267604e-07
-0.53206658 1.9587607 -0.53379595 -0.067731604 0.24939461 0.96603042 3.9980682e-07
-0.65391892 1.3431154 -0.33662912 -0.098393917 0.2021161 0.97440636 1.3478876e-07
-2.124732 7.8670673 0.70975965 0.022427658 -0.082457922 0.99634218 0
-0.53866005 1.9957181 -0.10653508 -0.013662763 0.050661951 0.99862242 3.6409048e-08
-1.2019737 2.4892566 -0.047681902 -0.0076047154 0.015773555 0.9998467 2.7598029e-10
-0.5202769 1.9313549 -0.24098864 -0.031697851 0.11757427 0.99255806 5.1943751e-08
-0.65547717 1.3617637 -0.2336318 -0.067871794 0.14083324 0.9877041 1.3766203e-07
-0.52584839 1.9629394 -0.53444213 -0.066859618 0.24964297 0.96602702 2.9072805e-07
-0.65562016 1.3585335 -0.34000093 -0.09940286 0.20214735 0.97429746 1.5173411e-08
-2.0941281 7.8681245 1.8700539 0.059114553 -0.22816153 0.97182703 0
-2.0959771 7.8696222 0.70932382 0.02222617 -0.080157407 0.99653441 0
-3.6414719 7.5636444 1.024875 0.052226286 -0.10691961 0.99289507 0
-0.53105062 1.9951735 -0.10640396 -0.013495171 0.050696511 0.99862289 3.009281e-08
-1.188946 2.4844255 -0.047507301 -0.0075613721 0.015620882 0.99984938 5.5879062e-10
-0.51607084 1.9427546 -0.24220553 -0.03125618 0.1176085 0.99256802 5.4163966e-08
-0.65178972 1.3662688 -0.23402227 -0.06733904 0.14104767 0.98771 1.5672713e-07
-0.51960772 1.9670986 -0.53508836 -0.065975085 0.24986251 0.96603107 2.9072805e-07
-2.0674074 7.8726687 1.8694954 0.056746528 -0.21381982 0.97522354 0
-2.0661464 7.8623219 1.2804474 0.044983491 -0.22232464 0.97393441 0
-2.0679722 7.8693037 0.7086736 0.022164403 -0.084805265 0.99615097 0
-0.52379966 1.9945079 -0.10627268 -0.01331977 0.05069394 0.9986254 3.9980499e-08
-1.1802664 2.4885609 -0.04750675 -0.0075119971 0.015694171 0.9998486 1.6243469e-09
-0.51213264 1.9540592 -0.2434222 -0.030813184 0.11767526 0.99257398 8.175563e-08
-0.91145808 1.9242562 -0.18290678 -0.036649302 0.078731589 0.99622196 3.0303693e-10
-0.50652236 1.9380507 -0.38225323 -0.046924692 0.18496557 0.98162407 9.8332521e-08
-0.64406741 1.3617361 -0.23284988 -0.066848576 0.14128125 0.98770994 1.5672713e-07
-0.51516283 1.9782497 -0.53767872 -0.067202501 0.25090632 0.96567583 1.5061849e-07
-1.155502 2.4290962 -0.61256272 -0.095756203 0.20362821 0.97435433 0
-2.0380843 7.8727612 1.8678094 0.056681123 -0.22061183 0.97371334 0
-1.397126 2.9678121 0.1700497 0.022122473 -0.04699935 0.9986499 0
-0.51523989 1.9915792 -0.10601074 -0.013117331 0.050641384 0.99863076 4.1645706e-08
-1.1683713 2.4858837 -0.047375839 -0.0074231899 0.01595057 0.99984521 3.2800667e-09
-0.50434923 1.9535199 -0.24311796 -0.030470235 0.11786892 0.99256158 4.4703111e-08
-0.91430408 1.9476957 -0.18486357 -0.036584835 0.078719422 0.9962253 7.1152118e-10
-0.50158346 1.9469371 -0.38369158 -0.046924692 0.18496557 0.98162407 9.8332521e-08
-0.64458448 1.375139 -0.23480336 -0.066352881 0.14150123 0.98771185 1.3752631e-07
-0.50885302 1.9823782 -0.53831577 -0.065482497 0.24992704 0.96604788 9.8717159e-08
-1.1365895 2.4110982 -0.60694659 -0.095521435 0.20348343 0.97440761 3.8189114e-08
-2.0092154 7.8801785 1.8678094 0.053951569 -0.20998797 0.97621423 0
-1.9693226 7.7292824 0.13849759 0.0043263319 -0.017701946 0.99983394 0
-1.385699 2.9704101 0.16992016 0.022096105 -0.04773891 0.99861544 4.0201407e-09
-0.50951391 1.9982051 -0.10627253 -0.012954625 0.050808683 0.99862438 2.6506598e-08
-1.1575686 2.4854193 -0.04728768 -0.0073861699 0.016088001 0.9998433 0
-0.50057489 1.9672955 -0.24463911 -0.030129248 0.11805134 0.99255031 9.4019462e-08
-0.90855515 1.9531316 -0.18508166 -0.036686525 0.078873262 0.99620938 2.6379446e-08
-0.49237809 1.9391595 -0.38178155 -0.046915423 0.18479098 0.98165739 1.1755223e-07
-0.64292163 1.3840896 -0.2359754 -0.066153094 0.14178008 0.98768526 1.1045791e-07
-1.131271 2.4216666 -0.60863221 -0.095521435 0.20348343 0.97440761 3.8189114e-08
-1.9824797 7.8844357 1.8672476 0.054517034 -0.21364814 0.97538829 0
-1.9812928 7.8739476 1.2788848 0.037898548 -0.1495606 0.98802596 0
-1.9424636 7.7309222 0.1384104 0.0043155458 -0.017525114 0.9998371 0
-1.3726879 2.968195 0.16952892 0.021948406 -0.047214784 0.99864358 7.8886151e-09
-0.50106531 1.9926184 -0.1058799 -0.012764503 0.050762199 0.99862921 2.7615323e-08
-0.49224359 1.9617225 -0.24372642 -0.029608114 0.11803553 0.9925679 7.7013695e-08
-0.89997756 1.9516146 -0.18464671 -0.036425959 0.078999288 0.99620897 4.1614033e-08
-0.48323292 1.9313411 -0.37987503 -0.046265151 0.18496418 0.98165566 2.8708686e-07
-0.63392925 1.3773656 -0.23441267 -0.065130413 0.14176096 0.98775595 1.1045791e-07
-0.52874535 2.1218278 -0.57580078 -0.061893884 0.25115517 0.96596599 0
-1.1129577 2.4033167 -0.60301751 -0.094733804 0.20336539 0.97450912 6.3025439e-08
-1.9531902 7.8842134 1.8655618 0.054333564 -0.22263901 0.97338569 0
-1.952015 7.8736253 1.2777129 0.037750211 -0.15817451 0.98668927 0
-3.4544551 7.4770331 1.5926716 0.080745116 -0.17475212 0.98129606 0
-1.9148656 7.735229 0.13836677 0.0043306742 -0.017622076 0.99983531 0
-1.3633616 2.9752369 0.16965748 0.021877792 -0.04738367 0.99863714 4.1768478e-09
-0.49410671 1.9943554 -0.10587991 -0.012587697 0.050809767 0.99862903 4.0377326e-08
-1.1395804 2.4909692 -0.047244098 -0.0073864292 0.016089143 0.9998433 0
-0.48657918 1.9682477 -0.24433494 -0.029195536 0.11813921 0.99256778 7.7013695e-08
-0.88796008 1.9434294 -0.1835593 -0.036157127 0.079129741 0.99620837 3.4851837e-08
-0.47999817 1.9473165 -0.38273481 -0.045624603 0.18510135 0.98165977 3.5433573e-07
-0.51941001 2.1141863 -0.57321578 -0.061893884 0.25115517 0.96596599 0
-1.1025227 2.4027636 -0.60188895 -0.093340345 0.2045749 0.97439045 6.606286e-08
-1.9233484 7.8755932 1.2769316 0.037754357 -0.15823907 0.98667878 0
-3.4303801 7.4935083 1.5936246 0.084285162 -0.17985456 0.98007566 0
-1.9250067 7.8824196 0.70671284 0.021672077 -0.088071734 0.99587834 0
-1.887853 7.7418666 0.13836676 0.004216555 -0.01715765 0.9998439 0
-1.3477914 2.9686191 0.16900516 0.021630637 -0.047655463 0.99862957 9.5652428e-09
-0.48773167 1.9984938 -0.10601077 -0.012410858 0.050855011 0.99862891 3.6496612e-08
-0.48321417 1.9844033 -0.24616356 -0.029438982 0.11838397 0.99253142 2.4738766e-08
-0.89149094 1.9691832 -0.18573421 -0.035872813 0.079250708 0.99620903 1.6866462e-08
-0.46743125 1.9251258 -0.37796852 -0.044966199 0.18534486 0.98164421 1.1846853e-07
-0.51825112 2.1418123 -0.58032441 -0.060839996 0.25126785 0.9660036 1.5508739e-07
-1.0880558 2.3933029 -0.59851682 -0.093340345 0.2045749 0.97439045 6.606286e-08
-1.8952692 7.8798575 1.2765411 0.035944831 -0.14614715 0.98860961 0
-1.3343385 2.9664793 0.1686103 0.021498531 -0.048148461 0.99860883 3.2097711e-10
-0.47959048 1.9953283 -0.10574903 -0.012233622 0.050900973 0.9986288 3.2527669e-08
-0.47628447 1.9860783 -0.24615966 -0.028739512 0.11805754 0.99259079 1.3228983e-08
-0.87914908 1.9610856 -0.18464699 -0.035970114 0.079315394 0.99620038 1.1976883e-08
-0.46014017 1.9243586 -0.37749013 -0.045187674 0.18570836 0.9815653 1.3930624e-08
-0.51206899 2.1507463 -0.58226657 -0.058930498 0.25156319 0.96604508 2.2748125e-07
-1.0772681 2.3928347 -0.59739804 -0.092139512 0.20524642 0.97436351 1.0159094e-07
-1.8666151 7.8816199 1.2757598 0.036464207 -0.15521294 0.98720783 0
-3.396699 7.5870523 1.0148381 0.048751045 -0.10642002 0.99312544 0
-1.323457 2.97135 0.16861258 0.021281643 -0.047652151 0.99863726 9.3888e-09
-0.47341838 2.0019329 -0.10601078 -0.012046729 0.050942082 0.99862897 4.2860858e-08
-1.1670284 2.6239209 -0.049558464 -0.0070762443 0.015738565 0.99985111 6.6075301e-10
-0.8814401 1.9846081 -0.18660423 -0.035307851 0.079505384 0.99620897 2.1414913e-08
-0.45789996 1.9450679 -0.38130495 -0.04368256 0.18557386 0.98165888 9.8947076e-08
-0.85955471 1.933858 -0.3293497 -0.060270682 0.14259015 0.98794508 0
-0.50565654 2.1572251 -0.58355564 -0.059005398 0.25169262 0.96600682 3.2342436e-07
-1.837715 7.8884087 1.2757597 -0.00025836047 0.0011174156 0.99999934 0
-3.3671727 7.5920601 1.0139253 0.031184612 -0.0016821574 0.99951226 0
-1.314088 2.9782343 0.16874072 0.021104639 -0.047481768 0.99864912 3.6513552e-09
-0.46530002 1.9987091 -0.10574904 -0.011868812 0.050985783 0.99862885 3.5753253e-08
-1.1548276 2.6211212 -0.049427841 -0.0070249597 0.015897149 0.99984896 4.3271858e-10
-0.50678366 2.1828449 -0.27050236 -0.026952494 0.11884287 0.99254721 1.0551526e-08
-0.87853855 1.9967828 -0.18747507 -0.034489401 0.079542629 0.99623466 7.345589e-09
-0.45883065 1.9801332 -0.38797778 -0.04219598 0.18621719 0.98160207 6.3525879e-11
-0.49650085 2.151916 -0.58161694 -0.058099255 0.25184497 0.96602201 3.6242318e-07
-1.0516412 2.3802607 -0.59233159 -0.091461785 0.20549278 0.97437543 0
-1.8109442 7.8981042 1.8610663 0.050031323 -0.21479322 0.9753772 0
-1.8115461 7.8944592 1.2757597 0.033896845 -0.14660472 0.9886142 0
-1.2991871 2.9711454 0.1680885 0.021059241 -0.047693077 0.99864 3.2407366e-09
-0.45978078 2.0051091 -0.10601079 -0.011698829 0.05102212 0.99862897 2.9641212e-08
-1.1446676 2.6228471 -0.049384531 -0.0069757914 0.016069703 0.99984652 9.4606678e-10
-0.49513409 2.1651578 -0.26806822 -0.026952494 0.11884287 0.99254721 1.0551526e-08
-0.87691349 2.0110893 -0.18856168 -0.034767162 0.079748593 0.99620849 9.2388932e-09
-0.44865587 1.9673624 -0.3851229 -0.042289425 0.18582135 0.98167306 5.0469595e-08
-0.49164915 2.1654139 -0.58484817 -0.057232421 0.25209609 0.96600831 3.2074138e-07
-1.7817571 7.8972483 1.8593807 0.050201908 -0.21071149 0.9762584 0
-1.7834347 7.8983254 1.2753692 0.034410253 -0.15039711 0.98802662 0
-1.2868171 2.9710829 0.16782817 0.020705793 -0.048316594 0.99861741 5.1774998e-09
-0.45223168 2.004266 -0.10587993 -0.011521118 0.051066026 0.9986288 1.9107224e-08
-1.131523 2.6176553 -0.049210005 -0.0069516241 0.015869953 0.99984992 6.8241102e-10
-0.49082869 2.1814013 -0.26989624 -0.026952494 0.11884287 0.99254721 1.0551526e-08
-0.86656076 2.0074365 -0.18790925 -0.034474839 0.079874709 0.99620855 9.2388932e-09
-0.44232091 1.9713126 -0.38559476 -0.04219598 0.18621719 0.98160207 6.3525879e-11
-0.48303866 2.1624022 -0.5835557 -0.056351412 0.25227904 0.9660123 5.3956461e-07
-1.752071 7.8939071 1.857133 0.048684966 -0.22248201 0.97372043 0
-1.2690091 2.9597275 0.16691074 0.020534905 -0.04816287 0.99862838 3.5754903e-09
-0.44488263 2.0059099 -0.10587993 -0.011334253 0.051108129 0.9986288 4.0399566e-08
-1.1213914 2.6192927 -0.049166244 -0.0068591605 0.01619911 0.99984527 4.8046384e-10
-0.48336393 2.1856093 -0.27019736 -0.026952494 0.11884287 0.99254721 1.0551526e-08
-0.8605321 2.0127368 -0.18812674 -0.034195207 0.079994708 0.99620861 3.593637e-08
-0.43912306 1.9896234 -0.38893101 -0.04219598 0.18621719 0.98160207 6.3525879e-11
-0.47497132 2.1617153 -0.58290935 -0.055471454 0.25246769 0.96601397 4.4420653e-07
-1.7226082 7.8978949 1.8565711 0.049510181 -0.22879095 0.97221571 0
-1.6492904 7.5551033 0.67338133 0.018342713 -0.081963211 0.99646652 0
-1.2586699 2.9641395 0.1669109 0.020534905 -0.04816287 0.99862838 3.5754903e-09
-0.43681857 2.0025711 -0.10561818 -0.011156659 0.051148709 0.99862874 4.031245e-08
-1.1083236 2.6139922 -0.04899146 -0.0068145739 0.016107013 0.99984705 1.0603486e-09
-0.85154939 2.0111461 -0.18769182 -0.034534771 0.076752178 0.99645191 3.4013837e-08
-0.80727369 1.9054071 -0.32192683 -0.060409606 0.14328988 0.98783535 0
-0.46589896 2.1562774 -0.5809707 -0.054589398 0.25267518 0.96600997 2.1256011e-07
-1.6964085 7.9035645 1.8565711 0.046655372 -0.21559863 0.97536683 0
-1.6964836 7.897253 1.2722442 0.033418048 -0.15563256 0.98724961 0
-1.6218641 7.555944 0.67294562 0.017773284 -0.062654749 0.997877 0
-1.2430047 2.9544983 0.16612695 0.020327402 -0.048093852 0.99863595 6.6018191e-09
-0.4296537 2.0015669 -0.10548729 -0.010986465 0.051181819 0.99862891 2.561123e-08
-1.1001637 2.6201484 -0.049035221 -0.0067819753 0.016181726 0.99984604 3.9265302e-10
-0.45864919 2.1427369 -0.26441607 -0.024835503 0.11942816 0.99253219 1.3916751e-08
-0.8380971 1.9978966 -0.18616943 -0.033729445 0.080332428 0.99619728 5.976414e-09
-0.80061758 1.908213 -0.32192913 -0.059932966 0.14443162 0.98769808 5.9512907e-08
-0.45986816 2.1649787 -0.58290941 -0.05370735 0.2528488 0.96601397 4.7628257e-07
-1.667805 7.9046702 1.8554473 0.046868846 -0.22277026 0.97374368 0
-1.6694162 7.9055424 1.2726347 0.031665735 -0.14995477 0.98818564 0
-1.2278669 2.9473031 0.1654705 0.019943658 -0.048862487 0.99860638 9.3777908e-10
-0.42266431 2.0030546 -0.10548729 -0.010808012 0.051219277 0.99862897 3.5871221e-08
-1.0881208 2.6170533 -0.048903547 -0.0067626135 0.016190141 0.99984604 3.4990971e-10
-0.45065802 2.1418958 -0.2641151 -0.024733951 0.11963338 0.99251002 2.0454896e-08
-0.83364862 2.0078495 -0.18682142 -0.033729445 0.080332428 0.99619728 5.976414e-09
-0.79204655 1.9064395 -0.32114971 -0.059932966 0.14443162 0.98769808 5.9512907e-08
-0.45083398 2.1594775 -0.5809707 -0.05282785 0.2530376 0.96601301 5.4149973e-07
-0.7906332 1.8985121 -0.46644273 -0.085067824 0.20827408 0.9743641 1.5193868e-07
-1.2151463 2.9471703 0.16520993 0.019959554 -0.048788864 0.99860966 6.1197708e-10
-0.41632825 2.0094807 -0.10574905 -0.010620186 0.051260248 0.99862885 3.4839786e-08
-1.0837557 2.632385 -0.049122311 -0.0067214342 0.016176693 0.99984658 1.2409983e-10
-0.44080541 2.1338112 -0.26289508 -0.024733951 0.11963338 0.99251002 2.0454896e-08
-0.77877498 1.8932221 -0.31841552 -0.059563316 0.14432183 0.98773652 3.2056665e-08
-0.44619209 2.1752353 -0.58484817 -0.051949911 0.25323561 0.96600878 5.2286157e-07
-0.78026563 1.8922595 -0.46420106 -0.085067824 0.20827408 0.9743641 1.5193868e-07
-1.5401685 7.5603104 0.67185634 0.017233433 -0.084597848 0.99626613 0
-1.2029575 2.946774 0.16494958 0.019785929 -0.048419259 0.99863112 1.0869703e-08
-0.40881568 2.0084748 -0.10561816 -0.010441732 0.051297911 0.9986288 4.0519812e-08
-1.0783495 2.6454043 -0.049296744 -0.0063129417 0.0160372 0.99985147 0
-0.43531951 2.1450655 -0.26411492 -0.024733951 0.11963338 0.99251002 2.0454896e-08
-0.77590835 1.9050689 -0.31997362 -0.059563316 0.14432183 0.98773652 3.2056665e-08
-0.43669683 2.1673081 -0.58226317 -0.05106087 0.2534005 0.96601295 5.5105886e-07
-0.77458107 1.8972238 -0.46476591 -0.085067824 0.20827408 0.9743641 1.5193868e-07
-1.5127926 7.5607567 0.67142069 0.017205356 -0.082721427 0.9964242 0
-1.3770223 6.8875575 0.12188818 0.0033887706 -0.017042324 0.99984902 0
-1.1950575 2.9553728 0.16521172 0.019660437 -0.048678823 0.99862099 9.8342037e-09
-0.40166557 2.0073707 -0.10548728 -0.010271342 0.051330451 0.99862891 2.0274793e-08
-0.42868713 2.148932 -0.26441616 -0.024550309 0.11948527 0.99253237 1.2215855e-08
-0.58310151 2.9373033 -0.57481766 -0.034932472 0.18566927 0.98199117 1.013884e-09
-0.75903893 1.8825973 -0.31567597 -0.059021495 0.14458886 0.98772997 0
-0.42866221 2.1664498 -0.58161694 -0.050176483 0.25357661 0.96601307 5.4281742e-07
-0.7737962 1.9133197 -0.46813792 -0.085067824 0.20827408 0.9743641 1.5193868e-07
-1.4862722 7.5584002 0.67076713 0.016893696 -0.086149737 0.99613893 0
-1.3520103 6.8874159 0.121801 0.0033271476 -0.027777713 0.99960858 0
-1.1810093 2.9502611 0.16468661 0.019542985 -0.048594583 0.99862736 5.8043086e-09
-0.39465609 2.0087607 -0.10548728 -0.010092111 0.051365804 0.99862891 1.870958e-08
-1.0747528 2.6899838 -0.049995426 -0.0065497789 0.016235773 0.99984676 0
-0.57471615 2.9489574 -0.57672334 -0.034413166 0.18552771 0.98203623 3.7556898e-08
-0.42247221 2.1750462 -0.58355564 -0.049286984 0.25373995 0.96601593 4.9254402e-07
-0.76313859 1.907107 -0.46587947 -0.085067824 0.20827408 0.9743641 1.5193868e-07
-1.4595013 7.5686879 0.67120284 0.01640958 -0.084894866 0.9962548 0
-1.3258141 6.8874164 0.12171382 0.0033277369 -0.017455442 0.99984211 0
-1.1729562 2.9615293 0.16507831 0.019479178 -0.048711792 0.99862289 2.1782546e-11
-0.38776097 2.0126457 -0.10561816 -0.009903254 0.051406201 0.99862874 1.9614099e-08
-1.0736635 2.7146256 -0.050388429 -0.006364353 0.016227597 0.99984807 0
-0.83986408 2.1262455 -0.19660898 -0.031244522 0.081751555 0.99616289 0
-0.56533772 2.9557669 -0.57768047 -0.035373244 0.18644002 0.98182935 2.6558901e-08
-0.4148773 2.1765077 -0.58355564 -0.048402216 0.25391456 0.9660148 1.7212656e-07
-1.4773471 7.8080096 1.2515416 0.028937841 -0.15208867 0.98794311 0
-1.4316856 7.5663948 0.67054927 0.022911007 -0.0070173708 0.99971288 0
-1.3017644 6.8920021 0.12171383 0.0032917007 -0.017266452 0.9998455 0
-0.38027167 2.0115333 -0.10548727 -0.0097242268 0.051440049 0.99862874 9.2333918e-09
-0.82787907 2.1175756 -0.19552119 -0.030924315 0.082236491 0.99613297 9.6870534e-10
-0.5563699 2.9649599 -0.5791055 -0.035041258 0.18650989 0.98182797 6.2696785e-08
-0.59816587 1.5320141 -0.25472543 -0.055796947 0.14608847 0.98769677 3.4536214e-08
-0.4068355 2.1755681 -0.58290935 -0.047513388 0.25407511 0.96601671 3.447596e-07
-1.4484318 7.8041339 1.8228561 0.04135178 -0.22497725 0.97348613 0
-3.0656004 7.7795196 2.2280045 0.095200293 -0.2428069 0.96539199 0
-1.4500953 7.805582 1.2503697 0.028610563 -0.15551008 0.9874199 0
-1.4039037 7.5639997 0.66989577 0.015977513 -0.086461924 0.99612701 0
-1.2807229 6.9061122 0.12188823 0.0030514826 -0.016908314 0.99985236 0
-0.37223935 2.0054181 -0.10509466 -0.0099182669 0.051036004 0.99864757 1.9959734e-09
-0.81814075 2.1133473 -0.19486979 -0.030924315 0.082236491 0.99613297 9.6870534e-10
-0.54380351 2.9548125 -0.57673061 -0.034783378 0.18658687 0.98182249 4.5449905e-08
-0.59729707 1.5455958 -0.2566843 -0.055814195 0.14594603 0.98771685 3.5098424e-08
-0.39923882 2.176975 -0.58290941 -0.04661651 0.2542907 0.96600372 5.2020903e-07
-0.59357888 1.5314305 -0.37090299 -0.079058424 0.20948513 0.97461057 3.0050782e-07
-1.4211817 7.8091426 1.8228561 0.039874475 -0.2169399 0.97537023 0
-1.4228399 7.8105965 1.2503697 0 0 1 0
-1.3792586 7.5710645 0.67011368 0.015476682 -0.084719673 0.9962846 0
-1.2575011 6.9154596 0.12197543 0.0031207409 -0.017080342 0.99984926 0
-0.80807155 2.1092186 -0.19421667 -0.027317639 0.090693906 0.99550408 0
-0.53348607 2.9566939 -0.57672572 -0.034324054 0.18730572 0.98170179 4.8732261e-08
-0.581236 1.520025 -0.25199398 -0.055809774 0.14595638 0.98771554 1.2991556e-07
-0.38946393 2.1640236 -0.57903194 -0.045751888 0.25439832 0.96601671 3.3488189e-07
-0.58822894 1.5334914 -0.37091017 -0.080510668 0.20991434 0.97439933 2.0328045e-07
-1.3930597 7.8092589 1.8217323 0.039833147 -0.22533421 0.97346693 0
-1.3955673 7.8155155 1.2503697 0.027412821 -0.15198423 0.98800272 0
-1.351948 7.5709291 0.66967791 0.015479067 -0.084341712 0.99631667 0
-0.82656825 4.662015 -0.57630116 -0.021508714 0.12141649 0.99236858 0
-0.52060765 2.9440372 -0.57386363 -0.034103237 0.18712135 0.98174465 0
-0.5776875 1.5266587 -0.25277537 -0.055292893 0.14616351 0.98771399 8.944383e-08
-0.38315958 2.1725059 -0.5809707 -0.044876203 0.25456375 0.96601421 3.8888305e-07
-0.58200145 1.5332605 -0.37034822 -0.079767197 0.21018556 0.97440201 2.0328045e-07
-1.3670027 7.8130422 1.2491966 0.026921373 -0.15727356 0.98718804 0
-1.3237979 7.5657887 0.66880542 0.015058879 -0.086610854 0.99612838 0
-2.9433982 7.782105 1.0157479 0.042519923 -0.11213452 0.99278289 0
-0.81071341 4.6673164 -0.57660615 -0.021285709 0.12075448 0.99245417 0
-0.57584471 1.5379061 -0.25433835 -0.054768197 0.14638031 0.98771113 7.3472684e-08
-0.37519428 2.1738958 -0.58097094 -0.043945272 0.25472423 0.96601468 4.6824937e-07
-0.57896584 1.5422177 -0.3720344 -0.079004392 0.21047968 0.97440064 2.0328045e-07
-1.2964786 7.5730443 0.66902328 0.01442747 -0.084239796 0.99634105 0
-0.79526019 4.6800432 -0.57782322 -0.035105962 0.13729197 0.98990834 0
-0.56615108 1.5283414 -0.25238493 -0.054260604 0.14656486 0.98771179 6.546604e-08
-0.36800396 2.1775739 -0.58161724 -0.043066368 0.25487927 0.96601337 1.4496099e-07
-0.56503183 1.5214179 -0.36641458 -0.078245521 0.21071513 0.97441101 3.229066e-07
-1.2696247 7.5750675 0.66880548 0.01467555 -0.087563775 0.99605083 0
-1.1410875 6.821599 0.12001274 0.0028874299 -0.017126499 0.99984914 0
-0.78054339 4.6925821 -0.57904035 -0.019770516 0.11955712 0.99263048 0
-0.74193454 2.0223076 -0.18508258 -0.028866732 0.0826957 0.99615669 0
-0.55481875 1.5140959 -0.24965012 -0.053757343 0.14672443 0.9877156 3.2320159e-07
-0.36000857 2.1764622 -0.580971 -0.042182162 0.2550309 0.96601236 6.0750995e-07
-0.5656448 1.5393696 -0.37034848 -0.07751774 0.2110171 0.9744038 2.0328045e-07
-1.2435777 7.5819111 0.66902333 0.013996753 -0.084987648 0.99628371 0
-0.76457995 4.6926961 -0.57873613 -0.019779624 0.12144554 0.992401 0
-0.73009372 2.0107219 -0.18377768 -0.028816562 0.082746662 0.99615389 0
-0.32267091 1.9819628 -0.38320711 -0.029321261 0.18838304 0.9816578 7.1124717e-08
-0.54953015 1.5160233 -0.24965014 -0.053254344 0.14692226 0.98771346 3.1289481e-08
-0.35279271 2.18009 -0.58161724 -0.041292451 0.25516704 0.96601486 5.7696053e-07
-1.2704275 7.9189758 1.8419602 0.036294684 -0.2262584 0.97339088 0
-1.2176396 7.5810752 0.66858763 0.013907933 -0.087625317 0.99605644 0
-2.8242965 7.7944536 1.0120971 0.020981563 0.0003697192 0.99977982 0
-0.74858403 4.6977868 -0.57904029 -0.019211004 0.11967237 0.99262756 0
-0.31306604 1.9661083 -0.37987423 -0.029480319 0.1887949 0.98157394 9.5322168e-09
-0.54255474 1.5132883 -0.24886876 -0.052737635 0.14711416 0.98771262 1.3187041e-07
-0.34443 2.1765368 -0.58032471 -0.040411159 0.25535774 0.96600175 3.4305813e-07
-1.2431545 7.9257689 1.8425223 0.034475509 -0.21909562 0.97509414 0
-1.2453542 7.9308496 1.2644309 0.023983685 -0.15281473 0.9879638 0
-1.1898454 7.5854874 0.66858768 0.013154169 -0.082877047 0.99647295 0
-2.7953944 7.7995925 1.0114887 0.021197807 -0.0008470469 0.99977493 0
-1.2329643 7.90592 -0.41762966 -3.2147293e-06 1.3848996e-05 1 0
-0.8874017 2.4962366 -0.045673367 -0.0057106209 0.01639352 0.99984932 3.4780717e-11
-0.72945845 4.6882381 -0.57751894 -0.018598503 0.12087777 0.99249315 0
-0.69724375 1.9643004 -0.17899291 -0.028713236 0.081987672 0.99621964 1.8809476e-09
-0.31107622 1.998717 -0.38607815 -0.029019611 0.18843924 0.98165601 1.9774129e-07
-0.53726894 1.5151731 -0.24886881 -0.052223042 0.14729238 0.9877134 3.2567468e-07
-0.33756429 2.1824999 -0.58161724 -0.03950575 0.25543335 0.96601921 4.1427731e-07
-0.53962046 1.5176944 -0.36360469 -0.075294346 0.21183167 0.97440141 4.5306754e-07
-1.2133607 7.9254556 1.8413985 0.034213316 -0.2327216 0.97194141 0
-1.2155308 7.930479 1.2636496 0.024369167 -0.1289341 0.99135369 0
-1.1629834 7.5871315 0.66836983 0.013553125 -0.089471534 0.99589717 0
-2.7664909 7.8046265 1.0108801 0.040052354 -0.10990675 0.99313462 0
-1.2053599 7.9101758 -0.41762963 -0.0078827301 0.051123001 0.99866128 0
-0.88118219 2.5063887 -0.045804381 -0.005692679 0.016427651 0.99984884 1.0209331e-09
-0.71308881 4.6907563 -0.57751888 -0.01837484 0.11942383 0.99267334 0
-0.69536358 1.9808111 -0.18029793 -0.028796099 0.082016774 0.99621487 0
-0.30079862 1.9779525 -0.38178185 -0.028663587 0.18847866 0.98165888 1.867113e-07
-0.5311529 1.5147113 -0.24847811 -0.051708233 0.14747696 0.98771292 3.3771002e-07
-0.32994381 2.1836648 -0.58161724 -0.0386209 0.25559148 0.96601313 4.2096144e-07
-0.53187513 1.5126816 -0.36191878 -0.07456401 0.21206352 0.97440714 3.0549023e-07
-1.1867124 7.9270258 1.8408364 0.033871494 -0.22638062 0.97344983 0
-2.7639623 7.8021097 2.2053864 0.087464578 -0.24826665 0.96473497 0
-1.1884949 7.9295826 1.2628684 0.023342235 -0.15646617 0.98740745 0
-2.7477219 7.8036585 1.5998164 0.068014473 -0.24535182 0.96704525 0
-1.1364923 7.591145 0.66836989 0.013202013 -0.087154046 0.99610734 0
-0.87242794 2.5094495 -0.045804385 -0.0057290755 0.016486138 0.99984771 1.8227432e-09
-0.69643837 4.6857305 -0.57660604 -0.011159108 0.14278741 0.98969048 0
-0.68385708 1.9690008 -0.178993 -0.028540606 0.08217904 0.99620885 2.2618968e-08
-0.2953248 1.9887019 -0.3836883 -0.028005527 0.188581 0.98165822 1.867113e-07
-0.52830946 1.5235482 -0.2496502 -0.051193949 0.14764059 0.98771524 3.4336267e-07
-0.32266963 2.1871927 -0.58226341 -0.037721556 0.25570962 0.96601743 5.0409017e-07
-0.52685595 1.514437 -0.36191878 -0.073856078 0.21231271 0.97440678 4.1826146e-07
-1.1593865 7.9335313 1.8413985 0.032220017 -0.21958296 0.97506166 0
-1.1611652 7.9361258 1.2632592 0.02253321 -0.15311946 0.98795074 0
-0.8628462 2.5101168 -0.04576074 -0.0056757145 0.016519101 0.99984741 1.3354442e-09
-0.67901224 4.6807656 -0.57569325 -0.017554715 0.12085856 0.99251449 0
-0.67256701 1.9597245 -0.17790999 -0.028507078 0.081643239 0.99625385 2.786302e-08
-0.28908026 1.9945784 -0.38464376 -0.028013265 0.188582 0.9816578 7.6618086e-08
-0.5189501 1.5137155 -0.24769676 -0.050675053 0.14783156 0.98771346 4.1731818e-07
-0.3133232 2.1763523 -0.57903218 -0.036843568 0.25585377 0.96601313 5.3897986e-07
-0.51890552 1.5094538 -0.36023283 -0.073077768 0.21259487 0.97440398 5.7155319e-07
-1.1309998 7.9327064 1.8402747 0.03193675 -0.22702082 0.97336614 0
-0.8556959 2.5178442 -0.04584809 -0.0056174644 0.016536076 0.99984747 1.6848443e-09
-0.66323668 4.6930513 -0.57691026 -0.018217284 0.121698 0.99239999 0
-0.66572231 1.9620605 -0.17790709 -0.028003637 0.08259736 0.99618948 8.3907512e-09
-0.27938703 1.9761328 -0.38083178 -0.027529022 0.18824257 0.98173666 1.7732328e-08
-0.51845974 1.5295357 -0.25004089 -0.050165091 0.14799398 0.98771518 5.0532611e-07
-0.30605793 2.1798248 -0.57967848 -0.035945181 0.25599006 0.96601087 3.784813e-07
-0.51679617 1.5204724 -0.36248079 -0.072335579 0.21282728 0.97440857 7.6339262e-07
-1.1019175 7.9367981 1.8402748 0.030760385 -0.2186598 0.97531623 0
-1.0559103 7.5952301 0.66771644 0.012308802 -0.089709125 0.99589193 0
-0.84770203 2.5231841 -0.045891773 -0.0055591064 0.01655405 0.99984753 1.0636962e-09
-0.64887661 4.7100887 -0.57873595 -0.016626887 0.12037776 0.99258894 0
-0.65647757 1.9572941 -0.17725316 -0.027660897 0.082478538 0.99620891 3.0733272e-08
-0.50995237 1.5219797 -0.24847819 -0.049645901 0.14817679 0.98771399 4.0502661e-07
-0.29877228 2.1832726 -0.58032459 -0.035048239 0.2561124 0.9660114 4.4817355e-07
-0.51226819 1.524574 -0.36304277 -0.071591474 0.21307626 0.97440916 7.6339262e-07
-1.0749394 7.9355807 1.839151 0.030317377 -0.22677734 0.97347462 0
-1.0760089 7.9331684 1.2609155 0.020814626 -0.15291362 0.98802036 0
-2.6298745 7.8156815 1.594574 0.06104546 -0.18207406 0.98138803 0
-1.0293918 7.5988693 0.6677165 0.011451596 -0.083462775 0.99644512 0
-2.6180196 7.8164315 1.0063167 0.039212313 -0.12058571 0.99192816 0
-2.6089056 7.81179 0.42969897 0.016716335 -0.050616108 0.99857825 0
-0.83492982 2.5142732 -0.045673467 -0.0055024158 0.016575262 0.99984747 1.7537913e-09
-0.64366788 1.9405637 -0.17551327 -0.027386568 0.082570285 0.99620885 1.8612253e-08
-0.50776899 1.5331179 -0.25004092 -0.049129151 0.14834373 0.98771477 3.122251e-07
-0.29083246 2.1819084 -0.57967842 -0.03415386 0.25620836 0.96601802 5.706425e-07
-0.5048846 1.5193359 -0.36135682 -0.07088571 0.21331683 0.97440809 7.4945848e-07
-1.0472325 7.9392848 1.839151 0.029220393 -0.21857177 0.97538328 0
-2.6166255 7.817102 2.1963396 0.083226904 -0.25007159 0.96464372 0
-1.0476649 7.9319792 1.2601343 0.020861197 -0.15190513 0.98817492 0
-2.6033525 7.8271413 1.5950503 0.059477232 -0.1784761 0.98214495 0
-1.0038618 7.599772 0.66749871 0.011512013 -0.085207365 0.9962967 0
-2.5891566 7.8208122 1.0057082 0.03881615 -0.11792901 0.99226308 0
-0.82614827 2.5171723 -0.045673482 -0.0054446356 0.016594378 0.99984747 2.2079114e-09
-0.6373319 1.9452748 -0.17573076 -0.027083803 0.082669914 0.99620891 3.1311277e-08
-0.38967755 2.98896 -0.57863021 -0.024086537 0.18924001 0.98163539 0
-0.50318927 1.5372254 -0.2504316 -0.048622254 0.14853346 0.98771131 2.2716418e-07
-0.28352293 2.1853054 -0.58032459 -0.033267863 0.25636208 0.96600813 5.2563598e-07
-0.50084561 1.5258008 -0.36248082 -0.070106991 0.21357828 0.9744072 4.5818354e-07
-1.018714 7.9257908 1.2585719 0.019899162 -0.15624011 0.98751861 0
-0.97473472 7.5935187 0.66662735 0.011139846 -0.08692085 0.99615294 0
-0.76688522 5.9876013 0.10466813 0.0022277043 -0.017336316 0.99984723 0
-0.76409543 5.9906468 -0.31475988 -0.0066591161 0.052042443 0.99862266 0
-0.81735665 2.520041 -0.045673501 -0.0053870478 0.016614785 0.99984747 1.8128976e-09
-0.62899262 1.9427522 -0.1752958 -0.026791351 0.082761675 0.9962092 4.2080828e-08
-0.37647724 2.9683888 -0.57434058 -0.023675153 0.18949579 0.98159605 0
-0.49321979 1.5248892 -0.24808751 -0.048096847 0.14864679 0.98772001 1.4985991e-07
-0.27559286 2.1838856 -0.57967836 -0.032364827 0.25645486 0.96601421 5.7248639e-07
-0.49551651 1.5275397 -0.36248079 -0.069364592 0.21382928 0.97440523 3.6006873e-07
-0.98996305 7.9319224 1.2589626 0.040675204 -0.2523362 0.96678436 0
-0.94914591 7.6042891 0.66728097 0.010683432 -0.085842445 0.99625146 0
-0.74844474 6.0100861 0.10501691 0.0021394594 -0.017263966 0.99984866 0
-0.80625391 2.5157413 -0.04554252 -0.00532876 0.016632978 0.99984747 2.2793001e-09
-0.62679279 1.9591584 -0.17660074 -0.026505157 0.082851186 0.99620938 6.0993429e-08
-0.37059322 3.0062234 -0.58148998 -0.023643142 0.18876672 0.98173732 0
-0.49320379 1.5430509 -0.25082234 -0.047606811 0.14890108 0.98770547 1.0207368e-07
-0.26884338 2.1920261 -0.58161712 -0.031469636 0.25660095 0.96600497 5.1347178e-07
-0.49018139 1.5292603 -0.36248082 -0.068614215 0.21405643 0.97440851 1.2591833e-07
-0.96403712 7.9498158 1.8391511 0.02731714 -0.21885158 0.97537571 0
-2.5301607 7.8302898 2.1924624 0.098098516 -0.39335582 0.91413778 0
-0.96395153 7.9376121 1.2593533 0.018684151 -0.15325594 0.98800987 0
-2.5144832 7.8329487 1.5907614 0.058716577 -0.18502067 0.98097897 0
-0.9219979 7.6026111 0.66684526 0.010416958 -0.09005779 0.99588203 0
-0.72731102 6.0026088 0.10484258 0.0020792424 -0.017434096 0.99984586 0
-2.4919913 7.8236709 0.42839074 0.015982227 -0.050246626 0.99860895 0
-0.79822612 2.5209222 -0.045586199 -0.0052707996 0.016650448 0.99984747 2.5567337e-09
-0.6180234 1.9541074 -0.17594831 -0.026232198 0.082945354 0.99620879 9.5019573e-08
-0.35806602 2.9904392 -0.57816011 -0.022599183 0.18909091 0.98169953 7.3250206e-08
-0.26005632 2.1833577 -0.57903206 -0.030571708 0.25668156 0.96601242 5.3986645e-07
-0.49104866 1.5494376 -0.36697671 -0.067917429 0.2142901 0.97440594 8.6502155e-08
-0.93542868 7.9458742 1.8374655 0.026396887 -0.22494823 0.97401309 0
-0.93566126 7.9360242 1.258572 0.018444737 -0.15721729 0.98739177 0
-2.4863825 7.8393383 1.5902846 0.059664439 -0.18925381 0.98011386 0
-0.7891112 2.5211709 -0.045542542 -0.0052158046 0.016667288 0.99984747 1.7846193e-09
-0.54805261 4.6979003 -0.57569301 -0.014139022 0.12116945 0.99253112 0
-0.61269462 1.9610035 -0.17638326 -0.025941798 0.083033979 0.99620903 9.8719198e-08
-0.34678045 2.9843581 -0.5767225 -0.022010099 0.19005468 0.98152673 1.8622284e-08
-0.25336558 2.1890066 -0.58032453 -0.029721204 0.25678828 0.96601057 4.9090767e-07
-0.49151358 1.5697234 -0.3714726 -0.067037754 0.21442631 0.97443694 0
-0.90823817 7.9539309 1.8385893 0.025384102 -0.22163966 0.9747982 0
-0.90823382 7.9416962 1.2589628 0.017610986 -0.15322982 0.98803365 0
-2.459003 7.84797 1.5902846 0.056569729 -0.17943747 0.98214155 0
-2.438951 7.822175 1.0002323 0.037088878 -0.12117384 0.99193817 0
-0.80136538 7.0598803 -0.37064421 -0.0058196997 0.052491639 0.99860442 0
-0.78104848 2.5262973 -0.045585953 -0.0051949169 0.016540937 0.99984968 4.2001874e-10
-0.60584575 1.9631304 -0.17638329 -0.025652612 0.083126105 0.99620879 6.1110384e-08
-0.33745331 2.9953046 -0.57863688 -0.021317696 0.18936756 0.98167485 1.3364701e-07
-0.24545583 2.1874776 -0.5796783 -0.028734164 0.25730428 0.9659031 5.5500237e-07
-0.48239896 1.5598036 -0.36866269 -0.067037754 0.21442631 0.97443694 0
-0.87966651 7.949789 1.8369036 0.024877604 -0.22484052 0.97407794 0
-0.87996382 7.939909 1.2581817 0.017391767 -0.15647671 0.9875285 0
-2.4109001 7.8282695 0.999928 0.035033409 -0.11165366 0.99312943 0
-0.77644467 7.0601525 -0.37051329 -0.0058216196 0.052671939 0.99859488 0
-0.76884884 2.5195847 -0.045411859 -0.0051734173 0.016524756 0.99985009 1.9702953e-10
-0.60083961 1.9724802 -0.17703575 -0.025347926 0.083220147 0.99620879 6.1110384e-08
-0.32778966 3.0037849 -0.58006155 -0.020322794 0.188751 0.98181468 8.6972655e-08
-0.23717833 2.1859612 -0.579032 -0.0278813 0.25706306 0.96599233 5.7857329e-07
-0.8526879 7.9600778 1.8385894 0.023652527 -0.22174925 0.9748168 0
-0.85201597 7.9540091 0.69669133 0.0098265642 -0.090194128 0.99587572 0
-2.3821127 7.8318901 0.99931955 0.036239438 -0.12144317 0.99193662 0
-0.75108898 7.0679164 -0.37077498 -0.0058116019 0.052639283 0.99859667 0
-0.75134444 2.4935486 -0.044887617 -0.0049665309 0.01671192 0.99984801 0
-0.59033698 1.9626491 -0.17594832 -0.025058229 0.083310157 0.99620855 4.0007357e-08
-0.31653401 2.9975874 -0.578637 -0.020018898 0.18958652 0.98165989 1.4647054e-07
-0.22929649 2.1843741 -0.57838577 -0.027186517 0.25620446 0.96624023 1.5905003e-07
-0.82300723 7.9583039 1.8374658 0.023325207 -0.22653385 0.97372395 0
-0.82450217 7.9594121 0.69690919 0.0089652287 -0.085823856 0.99627 0
-2.3540447 7.8377814 0.99901539 0.03425787 -0.11194108 0.99312419 0
-2.3486781 7.8496413 0.42747492 0.014882461 -0.04840276 0.99871701 0
-0.72768497 7.0829129 -0.37142929 -0.0051737926 0.051646315 0.99865204 0
-0.74550396 2.5057342 -0.045062624 -0.0049989433 0.016757727 0.99984705 1.8109568e-10
-0.58634019 1.9742411 -0.1768183 -0.024765931 0.083396949 0.99620861 1.2415873e-08
-0.30681133 3.0059996 -0.58006448 -0.019401729 0.1890696 0.98177201 1.0856547e-07
-0.59764916 2.0095363 -0.32622522 -0.043994278 0.15010297 0.98769104 0
-0.2214286 2.1827581 -0.57773954 -0.026091237 0.25715181 0.96601874 1.4101616e-07
-0.79685402 7.9634123 1.8380277 0.021967134 -0.21975516 0.9753077 0
-0.7970165 7.9511447 1.2585723 0.015559854 -0.15403244 0.98794329 0
-0.79597163 7.9548063 0.69625568 0.0086382916 -0.08782474 0.99609846 0
-2.3252578 7.8411932 0.99840695 0.034260258 -0.11196163 0.99312174 0
-0.74592561 7.4666219 0.13025813 0.0017232578 -0.017472321 0.99984586 0
-2.3205078 7.8502049 0.42708245 0.015272715 -0.068743318 0.99751747 0
-0.73462677 2.5011303 -0.0449313 -0.0049665309 0.01671192 0.99984801 0
-0.46597931 4.7067494 -0.57569277 -0.011854141 0.11981326 0.99272567 0
-0.29631656 3.0070527 -0.58006221 -0.018752553 0.18896714 0.98180437 8.7895053e-08
-0.58572453 1.9950359 -0.32349107 -0.043420907 0.15030295 0.98768598 4.6934474e-08
-0.21427427 2.1883252 -0.57903188 -0.025178192 0.25721362 0.96602648 4.1347303e-07
-0.76881838 7.9637213 1.8374659 0.020065304 -0.0026712427 0.99979508 0
-0.76854569 7.9465055 1.2574006 0.014956085 -0.15759811 0.9873901 0
-0.76958823 7.9574027 0.6962558 0.008371002 -0.08510866 0.99633652 0
-2.2957773 7.8421192 0.99749434 0.034535531 -0.12188692 0.991943 0
-0.72009677 7.4716678 0.13030179 0.0015841308 -0.016760265 0.99985826 0
-2.2909892 7.851069 0.42669004 0.013388713 -0.0032941645 0.99990493 0
-0.44931197 4.7058768 -0.57538843 -0.011832082 0.12021764 0.99267703 0
-0.28466544 2.9958518 -0.57768172 -0.017910426 0.19021939 0.98157823 1.3210716e-07
-0.58152729 2.0065484 -0.32505846 -0.043420907 0.15030295 0.98768598 4.6934474e-08
-0.20701633 2.189024 -0.579032 -0.024324777 0.25731918 0.96602029 5.5946066e-07
-0.74079013 7.9639301 1.8369039 0.021215908 -0.22805727 0.97341657 0
-0.74080259 7.9491391 1.2574008 0.015044037 -0.15852462 0.98724043 0
-2.267009 7.8453188 0.9968859 0.034484092 -0.12141302 0.9920029 0
-0.69401145 7.4741368 0.13030185 0.0012133941 -0.012843484 0.99991679 0
-2.2614932 7.8518229 0.42629758 0.014586403 -0.050833467 0.9986006 0
-0.65356731 7.0776 -0.37077475 -0.0047906442 0.051736638 0.9986493 0
-0.43197784 4.6975322 -0.57417125 -0.010816293 0.12229244 0.99243516 0
-0.27442822 2.9992712 -0.57815897 -0.017331064 0.19087003 0.9814623 3.3592578e-08
-0.56836033 1.987213 -0.32154202 -0.043125942 0.14998811 0.98774678 2.3111312e-08
-0.1995907 2.1921384 -0.57967818 -0.023392256 0.2572929 0.96605027 5.5707432e-07
-0.71181214 7.9690194 1.8374647 0.019930119 -0.22092026 0.97508824 0
-0.71210164 7.9567204 1.2581807 0.013834496 -0.1540207 0.98797077 0
-2.2326996 7.8600593 0.42629626 0.01426282 -0.049702246 0.99866223 0
-0.62674326 7.0700006 -0.37025237 -0.0045294636 0.052655332 0.99860245 0
-0.68173724 2.4149163 -0.04322885 -0.0046653259 0.016797954 0.99984801 4.9921885e-12
-0.4145405 4.6966114 -0.57386774 -0.010842168 0.12182141 0.99249279 0
-0.59890014 2.1235754 -0.18965048 -0.023088146 0.083719544 0.99622184 6.3684084e-12
-0.26353008 2.9953206 -0.57720858 -0.01665248 0.18958539 0.98172301 1.3787852e-07
-0.56412482 1.9986856 -0.323098 -0.043224342 0.15018322 0.98771286 3.2728686e-08
-0.19155477 2.1928551 -0.57967842 -0.022466855 0.25748771 0.96602035 3.9812437e-07
-0.55358875 1.9553467 -0.4608286 -0.060494438 0.21664986 0.97437328 0
-0.68496585 7.9664812 1.8363409 0.018805558 -0.23171391 0.97260219 0
-2.238766 7.8557663 2.1763067 0.069444686 -0.23875174 0.96859437 0
-0.68528962 7.9541178 1.2573996 0.013379543 -0.15849696 0.98726881 0
-0.68440217 7.9601822 0.69581896 0.0075289612 -0.087275684 0.99615574 0
-2.2039199 7.8578053 0.42577305 0.014170903 -0.050862603 0.99860513 0
-0.60308331 7.0695524 -0.37012142 -0.0045564226 0.051253561 0.99867529 0
-0.67735428 2.4317219 -0.043490794 -0.004669894 0.016805306 0.99984789 0
-0.39959046 4.7053785 -0.57478052 -0.010132755 0.12062766 0.9926461 0
-0.5965665 2.1423345 -0.19117239 -0.022949699 0.083700545 0.99622667 9.4348325e-09
-0.25389272 3.0060055 -0.57910937 -0.016032211 0.18929629 0.98178911 1.1343045e-07
-0.54913104 1.9721143 -0.31841603 -0.043395422 0.14881097 0.98791301 1.7780016e-08
-0.18389907 2.1935103 -0.5796786 -0.021572893 0.25757897 0.96601641 2.9614012e-07
-0.54181135 1.9384146 -0.45633608 -0.060163025 0.2165201 0.97442263 2.9243683e-08
-0.65695399 7.9663959 1.835779 0.018795481 -0.2329997 0.97229517 0
-0.65752053 7.9564619 1.2573996 0.013676288 -0.16201226 0.98669398 0
-0.65881956 7.9723368 0.6966905 0.0068461066 -0.085847683 0.99628472 0
-2.1820693 7.8590655 0.9956677 0.03220313 -0.11571236 0.9927606 0
-0.64799792 7.8746114 0.13718857 0.00014726642 -0.012515016 0.99992168 0
-0.66686165 2.4268441 -0.043360092 -0.0046356739 0.016806059 0.99984801 5.1517557e-10
-0.38296288 4.7042713 -0.57447624 -0.0016418252 0.24199246 0.97027671 0
-0.58937478 2.1469069 -0.19139087 -0.022949699 0.083700545 0.99622667 9.4348325e-09
-0.24280891 2.9995339 -0.57768428 -0.015369051 0.18948922 0.98176253 1.2968421e-07
-0.54026544 1.966881 -0.31723973 -0.042042494 0.14998798 0.98779351 0
-0.17662345 2.1989536 -0.580971 -0.020697305 0.25760904 0.96602756 5.8388633e-07
-0.53927171 1.9568169 -0.46026662 -0.060494438 0.21664986 0.97437328 0
-0.62914228 7.9686399 1.8357791 0.017716089 -0.21962205 0.97542417 0
-0.62993759 7.9611702 1.2577903 0.000606924 -0.086242095 0.99627405 0
-0.62979066 7.97718 0.69690835 0.0068716765 -0.086000338 0.99627143 0
-2.1533093 7.8618488 0.99505919 0.021228669 -0.00077931932 0.99977434 0
-0.61952221 7.8819184 0.13727583 0.0047844187 -0.030581286 0.99952084 0
-0.65311974 2.4098661 -0.043011542 -0.0046111871 0.016783252 0.99984854 1.2761378e-09
-0.36552697 4.7031693 -0.5741719 -0.0095600542 0.12281198 0.9923839 0
-0.57859749 2.1369383 -0.19030294 -0.022734603 0.083971694 0.99620879 2.3330191e-08
-0.23214933 2.9979174 -0.57720041 -0.014829187 0.19146396 0.98138762 1.696165e-12
-0.5294894 1.9544636 -0.31489557 -0.042029146 0.15000346 0.98779172 1.0681829e-12
-0.16821553 2.1899247 -0.57838601 -0.01979617 0.25774911 0.96600908 4.8926228e-07
-0.52470392 1.9304944 -0.45353267 -0.057490934 0.21939869 0.97393996 1.2000531e-07
-0.59956712 7.9660344 1.8346553 0.017071441 -0.22628701 0.97391105 0
-0.60093933 7.9658871 1.258181 0.011716512 -0.15385799 0.98802352 0
-0.601381 7.9718795 0.69625485 0.0065389653 -0.087764904 0.99611974 0
-0.5923785 7.8890176 0.13736311 0.001300811 -0.017265705 0.99985009 0
-2.1175389 7.871181 0.42524973 0.01359887 -0.049607541 0.99867618 0
-0.64535362 2.4145448 -0.043054156 -0.0045093619 0.016873619 0.99984747 6.356643e-10
-0.34929019 4.7068915 -0.57447612 -0.0089259204 0.12007366 0.99272484 0
-0.57178211 2.1413498 -0.19052044 -0.022424951 0.084099315 0.99620503 4.8261015e-08
-0.22186249 3.001157 -0.57767838 -0.014738343 0.1919623 0.98129165 5.9939019e-08
-0.51687837 1.9348428 -0.31137824 -0.039286766 0.15178108 0.98763305 7.0366779e-09
-0.1605702 2.1904986 -0.57838601 -0.018899562 0.25780463 0.96601218 4.9984766e-07
-0.51541764 1.9229106 -0.45127484 -0.058204826 0.21711498 0.97440922 3.9325283e-08
-0.57349604 7.9728384 1.8357792 0.0011706953 -0.16733974 0.98589861 0
-2.1212955 7.858283 2.1685522 0.067738347 -0.25185335 0.96539181 0
-0.57416636 7.9629102 1.2573999 0.011321528 -0.15727052 0.98749065 0
-0.57372844 7.9764137 0.69647282 0.0062278267 -0.085875407 0.99628639 0
-0.56567949 7.8834596 0.13723239 0.0012468274 -0.01752492 0.99984562 0
-2.0888577 7.8685098 0.42472649 0.01341659 -0.05154594 0.99858052 0
-0.63499701 2.4095352 -0.042923667 -0.0044516879 0.016918782 0.99984694 8.1236523e-10
-0.33350521 4.7055488 -0.57417178 -0.0086920485 0.12274923 0.99239963 0
-0.56211978 2.133606 -0.18965048 -0.022164568 0.084108181 0.9962101 3.6140939e-08
-0.2118974 3.0092576 -0.57910889 -0.013160648 0.18911128 0.98186749 4.5052801e-08
-0.50885206 1.931862 -0.31060088 -0.038998965 0.15197381 0.98761481 4.2452825e-08
-0.15342075 2.1982737 -0.58032465 -0.017999753 0.25786439 0.96601343 5.2197998e-07
-0.50778139 1.9199021 -0.45015091 -0.057478193 0.21731701 0.97440732 4.2585341e-08
-0.54599363 7.9796524 1.8369031 0.015197621 -0.22213995 0.97489631 0
-2.0944748 7.8679743 2.1691985 0.066062599 -0.24730186 0.9666838 0
-0.54670393 7.9697928 1.2581812 0.010590727 -0.15440679 0.98795062 0
-0.5469349 7.9733033 0.69603723 0.005916649 -0.088523738 0.9960565 0
-2.0664413 7.8671694 0.99292976 0.010678194 0.00086442527 0.9999426 0
-0.48398033 7.1437645 -0.37352386 -0.0036586619 0.05259252 0.99860936 0
-0.62383592 2.3995376 -0.042704757 -0.004421093 0.016930826 0.99984688 1.3628783e-10
-0.31724349 4.7091603 -0.57447606 -0.0082921721 0.12096743 0.99262184 0
-0.55403757 2.133146 -0.18943299 -0.02187163 0.08418563 0.99621004 4.4144798e-08
-0.20155407 3.0124283 -0.57958269 -0.012789002 0.1891287 0.98186904 3.5640085e-08
-0.49897465 1.921684 -0.30864459 -0.039278954 0.15126584 0.98771238 2.8519603e-08
-0.14534034 2.1867208 -0.57709342 -0.017147293 0.25791958 0.96601421 4.9670632e-07
-0.50107658 1.921663 -0.45015094 -0.056718469 0.21751592 0.97440743 1.1324144e-07
-0.51782185 7.9766479 1.8357793 0.014610614 -0.22721003 0.97373617 0
-2.0651546 7.8682299 2.1672602 0.065948747 -0.26048261 0.96322352 0
-0.51856136 7.9667249 1.2574 0.010188527 -0.15795441 0.98739386 0
-0.51909959 7.9751644 0.69603729 0.0060488414 -0.090500861 0.99587798 0
-0.45983782 7.1578684 -0.3741782 -0.0029478427 0.051378809 0.99867487 0
-0.61920631 2.4162221 -0.042966839 -0.0043362905 0.016919451 0.99984747 3.5230219e-10
-0.30001795 4.6978569 -0.57295465 -0.0076952386 0.12186301 0.99251711 0
-0.54534256 2.1302438 -0.18899798 -0.021572065 0.084283359 0.99620831 3.2091613e-08
-0.19042273 3.0033152 -0.5776813 -0.011952767 0.19101897 0.98151356 1.1390831e-07
-0.49288157 1.9258051 -0.3090353 -0.038748428 0.15139291 0.98771387 1.8017529e-07
-0.13770634 2.1872149 -0.57709336 -0.016248027 0.25797954 0.96601373 3.8029751e-07
-0.49314159 1.9186846 -0.44902694 -0.055960514 0.21772289 0.97440505 1.7858305e-07
-0.49012381 7.9808383 1.8363415 0.013728358 -0.22155492 0.97505128 0
-2.0364645 7.8707151 2.1659679 0.06555146 -0.25513914 0.96467978 0
-0.49090046 7.9709511 1.2577907 -0.013802465 -0.0020874736 0.99990255 0
-2.0204408 7.8708386 1.5712205 0.046813108 -0.18105303 0.98235857 0
-0.49141043 7.979413 0.69625521 0.0052501359 -0.085319214 0.99633986 0
-0.48400757 7.9039207 0.13749422 0.0015672452 -3.1521355e-05 0.99999875 0
-0.61508417 2.4353254 -0.043272492 -0.0042134183 0.016906749 0.99984819 0
-0.28391442 4.7038298 -0.57356316 -0.0072959638 0.12080006 0.99265003 0
-0.53728896 2.1297212 -0.18878052 -0.021291129 0.084296077 0.99621326 5.5139136e-08
-0.17979285 3.0015113 -0.57720602 -0.011304316 0.19071527 0.98158032 1.2583746e-07
-0.48493725 1.9227279 -0.30825391 -0.038217694 0.15153202 0.98771322 1.7246767e-07
-0.12992957 2.1852715 -0.57644713 -0.015350817 0.25803763 0.9660129 3.9221848e-07
-0.48825234 1.9274743 -0.45071286 -0.055197429 0.2179029 0.97440833 1.4779309e-07
-0.46198216 7.9776363 1.8352177 0.0130242 -0.22728397 0.97374141 0
-0.46321627 7.9750805 1.2581815 -0.013262457 -0.0057071201 0.99989575 0
-1.9917479 7.8730869 1.5702676 0.033496 -0.0038617034 0.99943137 0
-0.46341038 7.9785933 0.69603747 0.0051660673 -0.088126175 0.9960959 0
-1.9790919 7.8691278 0.99049604 0.029855743 -0.12050031 0.99226421 0
-0.45627132 7.9030662 0.13745072 0.0015576455 -0.00034311958 0.99999875 0
-0.60779566 2.4423065 -0.043360498 -0.0041293846 0.016908985 0.99984848 3.1570854e-10
-0.26721361 4.6998372 -0.57295454 -0.0069515803 0.1222146 0.99247932 0
-0.52803391 2.1243362 -0.18812805 -0.020984083 0.084445342 0.99620712 3.5188769e-08
-0.1695877 3.0070226 -0.57815349 -0.010955961 0.18918628 0.98188007 8.914899e-08
-0.47882378 1.9268038 -0.30864459 -0.037689179 0.15165961 0.98771399 1.7180095e-07
-0.12296426 2.1977687 -0.57967836 -0.01444433 0.25807092 0.96601802 5.451401e-07
-0.48211676 1.931529 -0.45127484 -0.054430172 0.21808794 0.97441006 1.4934842e-07
-0.43426403 7.9816322 1.8357797 0.011383409 -0.21625796 0.9762699 0
-0.43550923 7.979115 1.258572 0.0083515486 -0.15300807 0.98818964 0
-1.9630636 7.8752289 1.5693145 0.045935798 -0.17776194 0.98300081 0
-0.43582731 7.9851365 0.6964733 -0.014241433 -0.0065646013 0.99987704 0
-1.9510133 7.8735795 0.99019182 0.028755995 -0.11350529 0.99312115 0
-0.42854694 7.9021144 0.13740721 0.00096362922 -0.017639372 0.99984396 0
-1.9380207 7.8504505 0.42184874 0.013384684 -0.0030017146 0.99990594 0
-0.60406393 2.4638267 -0.043709196 -0.0040856381 0.016948147 0.99984801 2.5148061e-10
-0.2510688 4.7056971 -0.57356304 -0.0065328609 0.12107575 0.99262178 0
-0.5206154 2.1261666 -0.18812805 -0.020684373 0.084510848 0.99620783 1.3085338e-08
-0.15857805 2.9977918 -0.57625341 -0.010052294 0.19054046 0.98162788 1.4093312e-07
-0.4744662 1.9380521 -0.31020737 -0.037165109 0.1517953 0.98771298 1.7180095e-07
-0.11516753 2.1957724 -0.57903206 -0.01354268 0.25812972 0.96601534 3.7204865e-07
-0.47537145 1.9332002 -0.45127487 -0.05368153 0.21830323 0.97440338 1.6465418e-07
-0.40640038 7.9830995 1.8357798 0.011965253 -0.22730738 0.97374958 0
-1.952769 7.8869205 2.1646755 0.061226632 -0.24787639 0.96685499 0
-0.40752903 7.9781208 1.2581816 0.0080009531 -0.16229394 0.98671001 0
-1.933802 7.8748832 1.5678846 0.045751881 -0.1865911 0.98137176 0
-0.40820426 7.9915838 0.69690907 0.0043993033 -0.086185656 0.9962694 0
-1.9223379 7.8755212 0.98958343 0.029220287 -0.12062963 0.99226743 0
-0.4012129 7.9085555 0.1374945 0.00083378732 -0.017088497 0.99985361 0
-1.9088316 7.8498898 0.42145634 0.012406121 -0.052968144 0.99851912 0
-0.59545988 2.4659202 -0.043709148 -0.0040996647 0.016977604 0.99984747 2.769725e-10
-0.2341512 4.696631 -0.57234585 -0.006053641 0.12195593 0.99251705 0
-0.51201248 2.1231313 -0.18769309 -0.020412749 0.084524848 0.99621224 1.2874761e-08
-0.14799336 2.995877 -0.57577187 -0.0091162687 0.19196628 0.98135918 5.309024e-08
-0.46419173 1.9253016 -0.30786324 -0.036632214 0.15191664 0.98771423 1.1052389e-07
-0.10738625 2.193749 -0.57838583 -0.012640699 0.25817436 0.96601564 2.8176029e-07
-0.47035745 1.9419463 -0.45296082 -0.052909806 0.21847306 0.97440755 1.0805102e-07
-0.37887609 7.9917703 1.8374656 0.010342273 -0.22238013 0.97490519 0
-0.37967777 7.9794946 1.2581817 0.0080003766 -0.16228224 0.98671192 0
-0.38007045 7.9879847 0.69647348 0.0041343467 -0.088235177 0.99609107 0
-1.8948357 7.8821831 0.98958343 0.028097035 -0.11599253 0.99285263 0
-0.37360448 7.9099078 0.13749459 0.00086811942 -0.01778941 0.99984139 0
-0.3720381 7.9653397 -0.41618928 -0.0024667585 0.052835852 0.99860018 0
-0.58932906 2.4802403 -0.043927819 -0.0040904176 0.01700661 0.99984699 4.8604365e-10
-0.21809705 4.7048564 -0.57325864 -0.0054898392 0.12087061 0.99265307 0
-0.49958634 2.1056178 -0.18595318 -0.020084392 0.084637091 0.99620938 1.9366556e-08
-0.13764574 2.9988263 -0.57625312 -0.0090381177 0.19196899 0.98135936 5.4882918e-08
-0.46150061 1.9437187 -0.31059656 -0.036937539 0.15192597 0.98770142 2.9476624e-08
-0.099452019 2.1965404 -0.579032 -0.011687137 0.25825161 0.96600699 3.8633132e-07
-0.46494722 1.9507604 -0.45465517 -0.05507404 0.22045626 0.97384077 1.3063588e-07
-0.35087112 7.9906096 1.8369038 0.0098259645 -0.23357223 0.9722898 0
-0.35193002 7.9832377 1.2585723 0.0063385144 -0.15016434 0.98864073 0
-0.35089913 7.9918122 0.69669145 0.0037500451 -0.085320823 0.99634647 0
-1.8661642 7.8839207 0.98897505 0.027969163 -0.11379213 0.99311084 0
-0.34482703 7.9162183 0.13758188 0.00073602272 -0.017187161 0.999852 0
-0.34305459 7.9716377 -0.41645092 -0.0021180843 0.051234763 0.99868441 0
-0.58124155 2.484715 -0.043971062 -0.0040133293 0.016971629 0.99984789 1.971546e-11
-0.2007466 4.703145 -0.5729543 -0.005268394 0.12306789 0.99238425 0
-0.49108988 2.1025002 -0.18552016 -0.019722151 0.084833898 0.99619991 1.2320086e-08
-0.12707463 2.9968359 -0.57577795 -0.0080250371 0.19023409 0.98170596 1.4449371e-07
-0.46209222 1.9765584 -0.31567702 -0.034958929 0.15221831 0.98772842 0
-0.091685422 2.1944613 -0.57838577 -0.010795768 0.25826254 0.96601444 5.7677454e-07
-0.32158184 7.9918418 1.8369038 0.009621961 -0.22872289 0.97344404 0
-0.32266772 7.9844737 1.2585725 0.006358576 -0.1506393 0.98856837 0
-1.8481705 7.8878574 1.5664549 0.043348249 -0.18227996 0.98229069 0
-0.32290047 7.9904995 0.69647366 0.0034981437 -0.09061607 0.99587977 0
-1.8369395 7.8831387 0.98806238 0.027788313 -0.11974013 0.99241632 0
-0.31709272 7.9148765 0.1375384 0.00070865918 -0.017752424 0.99984217 0
-1.7522113 7.5560784 0.40458235 0.011786787 -0.050076049 0.99867588 0
-0.31522629 7.9727864 -0.41645083 -0.0022421933 0.05424143 0.99852532 0
-0.56634682 2.4599454 -0.043491162 -0.0040040016 0.016962785 0.99984813 1.0394974e-10
-0.18442442 4.7062969 -0.57325852 -0.0048153396 0.12074944 0.99267131 0
-0.48431101 2.1066279 -0.18573537 -0.019697987 0.084433451 0.99623442 8.8085121e-09
-0.11698809 3.0070713 -0.5776813 -0.0073268963 0.19005279 0.98174655 1.3966753e-07
-0.46078238 2.0022104 -0.31958386 -0.034958929 0.15221831 0.98772842 0
-0.083934538 2.1923544 -0.57773948 -0.0098756971 0.25832132 0.9660086 4.8029079e-07
-0.45408651 1.9658219 -0.45745555 -0.051500034 0.21864177 0.97444522 1.9421957e-08
-0.29525679 7.9977336 1.838028 0.0081966529 -0.22262643 0.97486937 0
-1.8369704 7.8898978 2.1582134 0.058866814 -0.25482234 0.9651944 0
-0.29609767 7.9830332 1.258182 0.0059381952 -0.1580788 0.98740864 0
-1.8203437 7.8867712 1.5650253 0.043094564 -0.18749978 0.98131883 0
-0.29500651 7.9915776 0.69647378 0.0034227057 -0.088664323 0.99605566 0
-1.809967 7.8919196 0.9883666 0.026924118 -0.11709733 0.99275541 0
-0.29093546 7.9183822 0.13758211 0.00070981041 -0.017761011 0.99984199 0
-1.7254728 7.5545468 0.40418997 0.011696895 -0.051625438 0.99859804 0
-0.28887558 7.9762831 -0.4165816 -0.001743863 0.050493404 0.99872285 0
-0.16864093 4.7019224 -0.57264984 -0.0043793586 0.12229642 0.99248397 0
-0.47343642 2.0912275 -0.18421514 -0.019697987 0.084433451 0.99623442 8.8085113e-09
-0.10632022 3.0025551 -0.57673085 -0.0066151205 0.18931596 0.98189396 8.0421607e-08
-0.45048544 1.9893644 -0.31723973 -0.034958929 0.15221831 0.98772842 0
-0.076117739 2.1878071 -0.57644695 -0.0090093333 0.25834978 0.96600944 4.1813738e-07
-0.26717627 7.9938459 1.836904 0.0074711987 -0.22753993 0.9737401 0
-1.8094184 7.8962626 2.1582134 0.05743907 -0.24864194 0.96689087 0
-0.26839453 7.9889541 1.2589633 0.004876167 -0.15321165 0.98818135 0
-1.7933477 7.8954697 1.5655018 0.041975573 -0.18406519 0.98201734 0
-0.26866987 7.9974904 0.69690961 0.0027152509 -0.085533522 0.99633157 0
-1.7813128 7.8933496 0.98775816 0.021268759 -0.00079245627 0.9997735 0
-0.26354071 7.9268446 0.13771299 0.0005044947 -0.01709654 0.99985373 0
-1.699092 7.560524 0.40418997 0.01133129 -0.050011802 0.99868435 0
-0.26103133 7.9772429 -0.41658151 -0.0018848822 0.054584146 0.99850738 0
-0.15238558 4.7074428 -0.57325834 -0.0040117134 0.12122846 0.99261653 0
-0.46412966 2.085659 -0.18356125 -0.019273121 0.08470118 0.99621999 3.0926257e-09
-0.095915355 3.0053613 -0.57720512 -0.0062976144 0.19175752 0.98142213 3.4328622e-08
-0.068700358 2.1953013 -0.57838565 -0.0080826581 0.25836042 0.9660148 5.8470778e-07
-0.23934332 7.9971657 1.8374662 0.0060618292 -0.21616367 0.97633833 0
-0.24050635 7.9898424 1.2589635 -2.4716858e-06 -5.6597746e-05 1 0
-1.7641667 7.8944974 1.5640723 0.041782346 -0.18860854 0.98116308 0
-0.23935589 7.9984217 0.69690967 -2.1917134e-05 0.00062589603 0.99999982 0
-1.7526709 7.8946757 0.98714989 0.026647365 -0.12035903 0.99237275 0
-0.23455887 7.9302549 0.13775668 0.010854424 -0.10498294 0.99441481 0
-1.67029 7.5618258 0.40392837 0.011349338 -0.050415248 0.99866384 0
-0.23186338 7.9806418 -0.41671225 -0.033828918 0.32663921 0.94454348 0
-0.5178867 2.3632338 -0.041656978 -0.0036627166 0.017122449 0.9998467 1.4953086e-11
-0.13478012 4.6955676 -0.57173687 -0.0034234773 0.12208734 0.99251348 0
-0.45200652 2.0653806 -0.18160339 -0.017882675 0.085465916 0.99618059 0
-0.085355967 3.0032248 -0.57672614 -0.0056923921 0.1913075 0.98151362 1.1404938e-07
-0.061036874 2.1955276 -0.57838565 -0.0071809608 0.2583636 0.96602106 4.7798494e-07
-0.21003075 7.9979882 1.8374664 0.0060845022 -0.21697164 0.97615892 0
-0.21122056 7.9906697 1.2589636 0.0044896733 -0.15907086 0.98725694 0
-1.7352202 7.9009099 1.5640723 0.039773095 -0.17953864 0.98294657 0
-0.21143477 7.9992089 0.69690979 0.0025524094 -0.090675287 0.99587727 0
-1.7256335 7.9031696 0.98745406 0.025878957 -0.11792426 0.99268532 0
-0.20694026 7.9335246 0.1378004 0.0060219392 -0.064210266 0.99791825 0
-1.6412271 7.5554137 0.40327439 0.011102912 -0.051526684 0.9986099 0
-0.20406747 7.9838986 -0.416843 -0.0012082187 0.050405353 0.9987281 0
-0.50644702 2.3503721 -0.041394882 -0.0036649278 0.01710736 0.99984694 0
-0.11851165 4.7009706 -0.57234538 -0.014739354 0.155618 0.98770732 0
-0.44161853 2.0523441 -0.18029846 -0.01887501 0.084680066 0.99622941 0
-0.075169876 3.0157716 -0.57911086 -0.0045708488 0.19005229 0.9817633 1.2432061e-07
-0.46063972 2.1363218 -0.34029037 -0.032379303 0.15276307 0.98773229 0
-0.053316165 2.1933129 -0.57773942 -0.0062832362 0.25840279 0.96601683 5.5616692e-07
-0.54008818 2.4907525 -0.57996851 -0.04606434 0.21918264 0.97459584 5.3676253e-08
-0.18345214 7.9962053 1.8369044 0.0049314033 -0.23299721 0.97246492 0
-1.7240512 7.9029813 2.1549828 0.053520516 -0.24339408 0.96844971 0
-0.18483438 7.9962635 1.2597449 0.0027480493 -0.15103263 0.98852497 0
-1.7084905 7.904222 1.5635957 0.039709881 -0.17901435 0.98304474 0
-0.18356757 8.002388 0.69712782 0.0024937878 -0.090164609 0.99592376 0
-1.6959468 7.8994412 0.98623723 0.025416682 -0.1214694 0.99226969 0
-1.6161636 7.5608144 0.40327439 -6.8764282e-05 0.00031912312 0.99999994 0
-0.17759076 7.9845309 -0.41684288 -0.0013034322 0.054392409 0.99851876 0
-0.49876231 2.3545699 -0.041438539 -0.0036649278 0.01710736 0.99984694 0
-0.10302854 4.7062993 -0.57295388 -0.0020476631 0.11932821 0.99285275 0
-0.43011937 2.0318789 -0.17834105 -0.017985685 0.085171111 0.99620402 2.3418625e-09
-0.064642377 3.016016 -0.57910925 -0.0038037326 0.18928665 0.98191452 2.3727333e-08
-0.4568001 2.1548183 -0.34302518 -0.032379303 0.15276307 0.98773229 0
-0.04565971 2.1934853 -0.5777393 -0.0053786426 0.2584663 0.96600533 5.4856707e-07
-0.53387642 2.5020556 -0.58221614 -0.045958988 0.21903022 0.97463506 2.8090625e-08
-0.15553916 7.9967966 1.8369045 0.0048164274 -0.22756968 0.97374988 0
-1.6959465 7.9065905 2.1543367 0.023157153 -0.0013538473 0.99973094 0
-0.15696897 7.9993281 1.2601357 0.0040131481 -0.16230704 0.98673213 0
-1.6798663 7.9053378 1.5626426 0.040208176 -0.19429702 0.98011833 0
-0.15712623 8.0079327 0.69756359 0.0015161455 -0.085534684 0.99633402 0
-1.6673346 7.9004579 0.98562878 0.025257744 -0.11664761 0.99285215 0
-1.5897616 7.5664101 0.40327442 0.010631565 -0.050168008 0.99868423 0
-0.14976463 7.9875984 -0.41697365 -0.00096132618 0.05129607 0.99868304 0
-0.086644419 4.7091117 -0.5732581 -0.0022874854 0.12070725 0.9926855 0
-0.42164466 2.0285668 -0.17790607 -0.017697861 0.085189566 0.99620759 3.4130395e-08
-0.05411407 3.016222 -0.57911438 -0.0033949341 0.19257642 0.98127609 1.4523954e-07
-0.44571421 2.1394854 -0.34029037 -0.032379303 0.15276307 0.98773229 0
-0.0381612 2.2032905 -0.58032423 -0.004486037 0.2584286 0.96601993 4.0589947e-07
-0.52419823 2.5016119 -0.5816555 -0.046099562 0.21999891 0.97441024 1.848117e-07
-0.12773909 8.0045986 1.8385904 0.0027373938 -0.22051391 0.97538 0
-0.12912366 8.0047665 1.2609169 -0.0062948423 -0.11055077 0.99385053 0
-0.12777467 8.0084543 0.69756371 0.0014851921 -0.083793104 0.99648207 0
-0.12369722 7.9252596 0.13762635 0.00029766824 -0.01726367 0.99985093 0
-1.5610069 7.567296 0.40301281 0.010608869 -0.049420293 0.99872172 0
-0.5015254 2.4510167 -0.043097794 -0.0033963281 0.017109228 0.99984783 0
-0.06931302 4.7044349 -0.57264948 -0.0011363528 0.12490577 0.99216795 0
-0.4135536 2.0251486 -0.1774711 -0.017402239 0.085261993 0.99620658 4.0740787e-08
-0.043551285 3.0139389 -0.57863563 -0.0030325488 0.18955763 0.98186493 6.1144014e-08
-0.030438818 2.2009954 -0.579678 -0.0035410733 0.25857723 0.96598411 4.9846557e-07
-0.51595843 2.5058117 -0.58221745 -0.045334321 0.2201862 0.97440386 3.2040322e-07
-0.098429374 8.0074492 1.8391526 0.0028677008 -0.22179632 0.97508878 0
-0.099844277 8.0101242 1.2616984 0.0019375726 -0.15468112 0.98796254 0
-0.099788785 8.006361 0.69734597 0.0011812963 -0.087819904 0.99613565 0
-0.095913492 7.9156456 0.13745208 0.00015689504 -0.017670367 0.99984384 0
-1.5330907 7.5653586 0.4026204 0.010330591 -0.053389248 0.99852031 0
-0.49843436 2.4796987 -0.043577805 -0.0033341574 0.017092882 0.99984837 2.7677013e-10
-0.052864168 4.702167 -0.57234514 -0.017653409 0.0061335363 0.99982536 0
-0.40598664 2.0241387 -0.17725359 -0.017100418 0.085332237 0.99620581 4.0740787e-08
-0.032529164 3.0165322 -0.5791136 -0.002072263 0.1907032 0.98164552 1.3602981e-07
-0.48740181 2.4233267 -0.385609 -0.029513018 0.15285768 0.98780745 1.3538657e-08
-0.022687394 2.1938434 -0.57773924 -0.0026828062 0.25840899 0.96603191 5.8255273e-07
-0.50477159 2.4956634 -0.57940751 -0.044533312 0.2203223 0.97441 3.7072783e-07
-0.070436008 8.0028706 1.8380288 0.002102955 -0.22622272 0.97407335 0
-0.071840093 8.0054855 1.2609172 0.0014469998 -0.1575661 0.9875074 0
-0.071927734 8.0166216 0.69821751 0.00076507637 -0.086698107 0.99623436 0
-0.068261214 7.9134316 0.13740861 0.00016620063 -0.017554181 0.99984592 0
-1.5056958 7.5657673 0.40235883 0.010323286 -0.052882168 0.99854738 0
-0.48928708 2.4789722 -0.043534849 -0.0033340366 0.017154228 0.99984729 2.8690042e-10
-0.036431987 4.6998415 -0.57204074 -0.0013636218 0.12030882 0.99273556 0
-0.40086553 2.0353136 -0.17812353 -0.016795637 0.085341826 0.99621016 2.5531456e-08
-0.021901598 3.0019035 -0.57625145 -0.001347754 0.19091886 0.98160487 1.3651869e-07
-0.48038876 2.4322774 -0.38678455 -0.029513018 0.15285768 0.98780745 1.3538657e-08
-0.01502928 2.1939092 -0.57773924 -0.0017682764 0.2585457 0.9659974 1.5713978e-07
-0.49701509 2.5021873 -0.5805316 -0.043785457 0.22047974 0.97440827 4.2725094e-07
-0.043935418 8.0103703 1.8397133 0.0011470136 -0.22301146 0.97481513 0
-1.5830139 7.9176598 2.1511047 0.050197627 -0.25155661 0.96653992 0
-0.045319285 8.0106182 1.2616973 0.00078266766 -0.15421398 0.98803717 0
-0.04531632 8.0118361 0.69778061 0.00044340495 -0.088472627 0.99607849 0
-1.5343118 7.8085418 0.97133005 0.023661312 -0.113878 0.99321294 0
-0.042018961 7.9136147 0.13740747 0.00016986397 -0.01807926 0.99983656 0
-1.4801179 7.5682697 0.40222692 0.010407553 -0.053745959 0.99850041 0
-0.47535145 2.4536808 -0.043054886 -0.0033670135 0.017125089 0.99984771 7.796942e-10
-0.020816663 4.6924925 -0.57112867 0.00024870675 0.12368336 0.99232173 0
-0.39232397 2.0293682 -0.17747135 -0.016481856 0.085388646 0.99621141 2.5677359e-08
-0.011971222 3.0093217 -0.5776841 -0.00063361594 0.19146125 0.98149997 6.9615815e-08
-0.4742204 2.4435501 -0.38834468 -0.029513018 0.15285768 0.98780745 1.3538657e-08
-0.0073828166 2.1987784 -0.57903194 -0.00086160004 0.25844428 0.96602577 5.8191688e-07
-0.4878071 2.5015166 -0.57996976 -0.043011323 0.22061959 0.97441113 4.118628e-07
-0.017352074 8.0082588 1.2613069 0.00041783822 -0.15842819 0.98737043 0
-0.015955562 8.0144386 0.6979987 0.039760713 -0.52005506 0.85320675 0
-1.5056314 7.8065419 0.9704175 0.02316309 -0.12066277 0.9924233 0
-0.47149745 2.4798729 -0.043490984 -0.0033340366 0.017154228 0.99984729 2.8690042e-10
-0.0036159053 4.6875744 -0.57051998 -0.00018363887 0.12219409 0.99250621 0
-0.386177 2.0356166 -0.17790633 -0.016169408 0.085432969 0.99621272 2.3693929e-08
-0.0014674725 3.0044365 -0.57673055 -0.0001224931 0.1896067 0.9818601 5.6992583e-08
-0.46522132 2.4427657 -0.38795441 -0.029513018 0.15285768 0.98780745 1.3538657e-08
0.00029243319 2.1987908 -0.57903194 3.048621e-05 0.25851524 0.96600717 1.2067328e-07
-0.47953451 2.5055962 -0.58053184 -0.042220533 0.22066848 0.97443461 1.2707177e-07
0.012008316 8.0132055 1.2620882 -0.00048281995 -0.15321243 0.98819315 0
0.012024453 8.0169353 0.69821662 0.00033410775 -0.090665139 0.99588138 0
0.012778017 4.697484 -0.57173699 0.00029269495 0.12141777 0.99260145 0
-0.38183585 2.0516374 -0.17921123 -0.016491564 0.085602626 0.99619287 4.817502e-11
0.0090379966 3.0093315 -0.57768553 0.00060298119 0.191303 0.98153085 1.1463305e-07
-0.46447837 2.4856248 -0.39459404 -0.027903188 0.15376151 0.98771393 4.6443965e-08
0.0079786349 2.2011914 -0.57967818 0.00092921039 0.25847781 0.96601677 2.9933756e-07
-0.46942353 2.5000746 -0.57884598 -0.041495964 0.22084495 0.97442579 4.1264684e-07
0.039962273 8.0128269 1.8402758 -0.00077315251 -0.22901599 0.97342235 0
-1.4964153 7.9148202 2.1459355 0.089321978 -0.742217 0.66418028 0
0.038580924 8.0131226 1.2620883 -0.00049698266 -0.15774933 0.98747909 0
-1.4617746 7.8137698 1.5369073 0.034726497 -0.18572791 0.98198736 0
0.040034752 8.0218258 0.69865245 -0.00047559719 -0.086063877 0.99628949 0
-1.397144 7.5637155 0.40118057 0.0095793065 -0.052378237 0.99858135 0
-0.44281745 2.421654 -0.042399466 -0.0030903413 0.017200278 0.99984729 0
0.028275287 4.685009 -0.57021558 0.00076534261 0.12199624 0.99253029 0
0.019472271 2.9994657 -0.57577544 0.0012243001 0.19088455 0.98161173 1.4203646e-07
-0.45624852 2.4896581 -0.39498946 -0.027903188 0.15376151 0.98771393 4.6443965e-08
0.015604054 2.1939051 -0.57773942 0.0018364649 0.25849521 0.96601081 5.6195461e-07
-0.46113032 2.5016177 -0.57884586 -0.040751554 0.22105975 0.97440851 2.6026117e-07
0.067974418 8.0175095 1.8413997 -0.0022521818 -0.22063184 0.97535455 0
-1.4683366 7.9176211 2.1452894 0.048514135 -0.26413757 0.96326411 0
0.066636108 8.0228157 1.2636509 -0.0017342363 -0.154257 0.98802924 0
-1.4336021 7.8139982 1.5359542 0.033853743 -0.0053680125 0.99941236 0
0.066614516 8.0191584 0.69843471 -0.00092307251 -0.090490729 0.99589688 0
-1.4206799 7.8047929 0.96828818 0.022216247 -0.12205198 0.99227506 0
-1.3707333 7.5685468 0.40118062 0.00010865251 -0.00060629332 0.99999982 0
0.044727616 4.6948071 -0.57143259 0.0084858621 0.10921272 0.9939822 0
0.030046776 3.0091956 -0.57768303 0.0019012213 0.19050287 0.9816848 1.4752412e-07
-0.44534963 2.4790871 -0.39304003 -0.027768036 0.15333551 0.98778397 7.0892092e-08
0.023206525 2.1890078 -0.57644689 0.0027436852 0.25851157 0.96600425 4.5293106e-07
-0.45064655 2.4961014 -0.57715988 -0.040015895 0.22132292 0.97437924 2.9686231e-07
0.09596023 8.0172243 1.8413998 -0.0023933095 -0.23448412 0.97211701 0
-1.44069 7.922699 2.1452894 0.044833928 -0.24410051 0.96871299 0
0.094670214 8.0250034 1.2640417 -0.002058509 -0.15021284 0.98865151 0
-1.4054459 7.8141236 1.5350012 0.033456381 -0.32265997 0.94592345 0
0.096005715 8.0188599 0.69843483 -0.00089790992 -0.08801306 0.9961189 0
-1.3429837 7.5735197 0.40118062 0.0088879121 -0.049595557 0.99872983 0
0.062069792 4.704536 -0.5726496 0.0016169123 0.12128604 0.9926163 0
0.040516 3.006619 -0.57720256 0.0024709892 0.18938816 0.9818992 4.2753236e-08
-0.43712607 2.4830587 -0.3934243 -0.027092954 0.15391549 0.9877125 8.218904e-08
0.030883722 2.1913278 -0.57709306 0.0036372733 0.25848171 0.96600932 1.4941938e-07
-0.44321743 2.5048532 -0.57884586 -0.039172832 0.22137448 0.97440177 3.8718002e-07
0.12538274 8.0192537 1.8419617 -0.0037558726 -0.2159169 0.97640455 0
0.12408262 8.0246019 1.2640419 -0.0020999555 -0.15324934 0.98818535 0
0.12415261 8.0284367 0.69930637 -0.0014872671 -0.086294509 0.99626857 0
0.095562182 6.0732546 0.10532294 -0.00041838575 -0.016934441 0.99985653 0
-1.3161104 7.5757022 0.40104985 0.0089665242 -0.050566476 0.99868047 0
0.078364022 4.6968474 -0.57173669 0.0019616326 0.12200605 0.99252743 0
0.051448215 3.0015435 -0.57624817 0.0043370118 0.19451913 0.98088914 6.2418216e-08
-0.42632738 2.4749131 -0.3918637 -0.027116477 0.15321021 0.98782152 1.1837011e-08
0.03853273 2.1912067 -0.57709301 0.00453354 0.25848916 0.96600354 5.4154003e-07
-0.43489155 2.5087843 -0.57940781 -0.038399801 0.22150399 0.97440314 3.9865469e-07
0.1533743 8.0187674 1.8419619 -0.0039862194 -0.22917446 0.97337723 0
0.15199804 8.0191822 1.2632607 -0.0028913415 -0.15723498 0.98755699 0
0.15217628 8.0279551 0.69930649 -0.0015627337 -0.090685859 0.99587834 0
0.11685894 6.0778828 0.10541024 -0.00032198936 -0.01737787 0.99984896 0
-1.2883973 7.5728669 0.40065747 0.0087933447 -0.052247435 0.99859548 0
0.095065244 4.711431 -0.57356238 0.0027330979 0.12113568 0.99263221 0
0.06187303 2.9988921 -0.57576978 0.0043002623 0.19344388 0.98110193 1.483703e-10
-0.41644019 2.4690843 -0.39068949 -0.024533723 0.15690105 0.98730958 0
0.046128172 2.1886449 -0.57644677 0.0054437337 0.25845364 0.96600831 5.7659196e-07
-0.42530736 2.5054858 -0.57828385 -0.037621636 0.22161405 0.97440845 2.4192408e-07
0.18147536 8.0230532 1.843086 -0.0060577472 -0.21635738 0.97629541 0
-1.3525881 7.9161654 2.1394739 0.043813985 -0.25631922 0.96559864 0
0.18021332 8.0284777 1.2648233 -0.0037349646 -0.15474002 0.98794818 0
0.18025464 8.0298662 0.69952458 -0.0019231489 -0.085443534 0.99634117 0
0.1376709 6.0599446 0.10510517 -0.00040267498 -0.017471455 0.99984729 0
-1.2619554 7.5773177 0.4006575 0.0083938437 -0.049874023 0.99872023 0
0.11157042 4.7135506 -0.57386649 0.0023320445 0.12420447 0.9922539 0
0.071817376 2.9986691 -0.57577646 0.0044034524 0.18942828 0.98188466 1.1887238e-07
0.053890783 2.1932988 -0.57773918 0.0063331691 0.25838232 0.96602196 5.4964772e-07
-0.41736642 2.5117595 -0.57940781 -0.036855426 0.22176652 0.97440302 2.4482338e-07
0.2081434 8.0248423 1.843648 -0.012058777 -0.13159753 0.99122989 0
-1.3275305 7.9277515 2.1414125 0.042414591 -0.25343069 0.96642321 0
0.20683564 8.0278358 1.2648234 2.4177354e-05 0.0011885938 0.99999928 0
-1.2999738 7.9238877 0.98015231 0.019509738 -0.11893234 0.99271065 0
-1.2364178 7.5789976 0.40052676 0.0083811106 -0.049679693 0.99873006 0
0.082353279 3.0008552 -0.57624424 0.0047537978 0.18882036 0.98200011 3.1959051e-08
-0.37730122 2.3353951 -0.36881083 -0.024729129 0.15476407 0.98764193 0
0.061266698 2.1834412 -0.57515419 0.0072522187 0.2583971 0.96601158 3.3715361e-07
-0.40943059 2.5155334 -0.57996976 -0.036118086 0.22189109 0.97440231 4.4127225e-07
0.23622625 8.0265026 1.84421 -0.0056423689 -0.23371184 0.97228956 0
-1.2986737 7.9251885 2.1394739 0.041690454 -0.26023796 0.96464401 0
0.23485669 8.0270653 1.2648237 -0.0044774571 -0.16251346 0.98669618 0
-1.2842088 7.9319348 1.5535872 0.030284144 -0.18101028 0.98301482 0
-1.2715176 7.9234786 0.97954404 0.021307865 -0.0043518343 0.99976349 0
0.092595167 2.9931889 -0.57482308 0.0059625758 0.19079977 0.98161089 1.4039431e-07
-0.36914682 2.3366981 -0.36881045 -0.024808098 0.15488781 0.98762053 5.7110999e-10
0.069123134 2.1904552 -0.57709289 0.0081478609 0.25836465 0.96601313 5.2968255e-07
-0.39904705 2.5098021 -0.57828379 -0.035296973 0.22199848 0.97440791 4.2017223e-07
-1.2706183 7.9272881 2.1388278 0.041578628 -0.25860724 0.96508729 0
-1.2557431 7.9315214 1.5526341 0.030053038 -0.19208777 0.98091745 0
-1.2430797 7.9229665 0.97893572 0.019116541 -0.11782346 0.99285054 0
0.16032356 4.6947651 -0.57173628 0.0041277334 0.12139954 0.99259514 0
0.10287071 2.9879434 -0.57386202 0.0067826235 0.19198602 0.9813742 2.6672e-09
-0.36251435 2.3477306 -0.37037358 -0.023853539 0.15444766 0.98771298 5.8087114e-08
0.076768868 2.1902006 -0.57709283 0.0090498617 0.25833163 0.96601391 5.2210015e-07
-0.38952658 2.5063665 -0.57715982 -0.034522917 0.22209862 0.97441286 3.755905e-07
-1.2266644 7.9360709 1.5526341 0.029197952 -0.18662238 0.98199773 0
-1.2139058 7.9174461 0.97771889 0.018406305 -0.12148264 0.99242288 0
0.29540929 8.0332785 0.13958879 -0.00070154044 -0.018116439 0.99983561 0
-1.1545279 7.5843277 0.4001345 0.007797922 -0.05146803 0.99864417 0
0.29905367 8.0183802 -0.41880515 0.0019674792 0.051827136 0.99865413 0
0.17614408 4.6792994 -0.56991053 0.0058608609 0.123146 0.99237126 0
0.11339459 2.9900177 -0.5743435 0.0070889723 0.19209632 0.98135048 8.8557996e-08
-0.35655552 2.3636277 -0.37271771 -0.023310151 0.15452188 0.98771435 3.2132892e-08
0.084699363 2.1971588 -0.57903153 0.0099513521 0.25830939 0.96601099 1.4825622e-07
-0.38225594 2.5173419 -0.57940775 -0.033748981 0.22226867 0.97440118 3.8477384e-07
0.32046029 8.0284567 1.8453343 -0.010339501 -0.21757904 0.97598791 0
0.31959197 8.0414371 1.2675585 -0.0048937649 -0.16315579 0.98658818 0
-1.1988678 7.9303904 1.5507281 0.028489646 -0.18988535 0.98139286 0
-1.1862613 7.9216352 0.97771895 0.017549828 -0.11583051 0.99311393 0
0.32204697 8.0322552 0.13958894 -0.00070208567 -0.018130634 0.99983537 0
-1.1286329 7.5831757 0.39987293 0.0077437819 -0.052670822 0.99858189 0
0.32554004 8.0148497 -0.41867411 0.0021201011 0.052969892 0.99859387 0
0.19124983 4.6687722 -0.5686934 0.0052185208 0.12223768 0.99248713 0
0.12403747 2.9945085 -0.57529211 0.0081522092 0.18793316 0.98214799 2.8028504e-08
-0.34939638 2.3721845 -0.37388983 -0.022764873 0.154304 0.98776114 3.0617414e-08
0.092161082 2.1920242 -0.577739 0.010850065 0.25826693 0.96601266 5.9234679e-07
-0.3731817 2.5137777 -0.57828373 -0.03300947 0.22233598 0.97441113 3.7722074e-07
0.34869531 8.0321569 1.8464583 -0.038287457 -0.011372287 0.99920207 0
-1.18646 7.9329944 2.1368895 0.037091583 -0.25096875 0.96728432 0
0.3479816 8.0476723 1.2687304 -0.0068273237 -0.15460834 0.98795223 0
-1.1582423 7.9232736 0.97741491 0.018091654 -0.12531199 0.99195242 0
0.35373634 8.0186529 -0.41893572 0.0024791004 0.050317746 0.99873018 0
0.20754574 4.668076 -0.56869334 4.1519485e-05 0.0010574851 0.99999946 0
-0.94548702 6.5290947 -0.57308298 -0.013916967 0.083263606 0.9964304 0
0.13448948 2.9940562 -0.57529694 0.0086019859 0.18863587 0.98200941 1.0777529e-07
-0.33790943 2.3513985 -0.37037352 -0.022292217 0.15483072 0.9876895 9.4014133e-08
0.099206328 2.1868818 -0.57644653 0.011710334 0.25823662 0.96601075 5.8037432e-07
-0.36440468 2.5150654 -0.57828373 -0.032234095 0.22244123 0.9744131 3.1244892e-07
0.37696007 8.0357571 1.8475823 -0.038147502 -0.012468682 0.99919432 0
-1.1587616 7.937088 2.1368895 0.039296545 -0.26588792 0.96320266 0
0.3759551 8.0439415 1.2683399 -0.0072338679 -0.15760672 0.98747545 0
-1.1305779 7.927268 0.97741497 0.016741572 -0.11596175 0.99311256 0
0.22383916 4.6673236 -0.56869322 0.0056397035 0.12227855 0.9924798 0
0.14481956 2.9911165 -0.5748238 0.0088824863 0.18873928 0.98198706 9.3348739e-08
-0.33004698 2.3550081 -0.37076604 -0.022175696 0.15486693 0.9876864 6.3557721e-08
0.1068394 2.186522 -0.57644647 0.012613355 0.25819719 0.96600991 3.0282362e-07
-0.35562319 2.5163221 -0.57828373 -0.031457782 0.22254442 0.97441489 1.4668788e-07
0.40525413 8.039258 1.8487062 -0.012041925 -0.21609934 0.97629714 0
-1.131391 7.9434738 2.1375356 0.036137119 -0.25271669 0.96686524 0
0.40440491 8.0499792 1.2695119 -0.0082238382 -0.15307869 0.9881798 0
-1.1140428 7.9303584 1.5483453 0.026920859 -0.19020084 0.98137605 0
0.32702237 6.5169415 0.56772459 -0.0044557475 -0.086555399 0.9962371 0
-1.1025566 7.9287076 0.97711068 0.017048512 -0.12209284 0.99237227 0
0.2406441 4.6764259 -0.56991017 0.0063125137 0.12105589 0.99262559 0
0.1553885 2.9930432 -0.57530111 0.0099680647 0.19099434 0.9815405 1.4055217e-07
-0.32216343 2.3585918 -0.37115487 0.035553664 0.030676683 0.99889684 0
0.11523946 2.1933508 -0.57838517 0.013553898 0.25797522 0.96605647 5.7185417e-07
-0.34606147 2.5151956 -0.57772171 -0.030643882 0.22265016 0.97441667 3.7793555e-07
-1.1029893 7.9425912 2.1362433 0.027450405 -0.4346284 0.90019143 0
0.43263513 8.0509844 1.2699026 -0.010796607 -0.084019512 0.9964056 0
-1.0755428 7.9374256 0.97771919 0.0161804 -0.11942655 0.99271119 0
0.25750718 4.6705565 -0.56930161 0.0069848211 0.12296269 0.9923867 0
0.16542302 2.9851322 -0.57387185 0.010302734 0.18951017 0.9818247 1.0891151e-07
0.12248303 2.1857016 -0.57644635 0.01445702 0.25807923 0.96601558 3.3069011e-07
-0.33727968 2.5163884 -0.57772166 -0.029871674 0.22280079 0.97440624 4.0677645e-07
-1.0732213 7.9417953 2.1349514 0.034876503 -0.26141563 0.96459603 0
0.4622826 8.0518103 1.2702935 -0.0087649859 -0.15305667 0.98817855 0
-1.0471774 7.9362116 0.9771108 0.015900258 -0.12559278 0.99195445 0
0.2738089 4.6696296 -0.56930149 0.0068542496 0.1206665 0.99266946 0
0.17613405 2.9894359 -0.57482511 0.011357142 0.1910516 0.98151428 1.1127302e-07
-0.47660857 3.6607854 -0.57861054 -0.0184949 0.15242873 0.98814142 0
0.13054909 2.1924927 -0.57838506 0.015360178 0.25804627 0.96601045 5.7883113e-07
-0.33009201 2.5296254 -0.5805316 -0.029085211 0.22291593 0.97440368 4.094166e-07
0.49030927 8.0491629 1.8520782 -0.013819837 -0.23316784 0.97233832 0
-1.0468795 7.9453106 2.1349516 0.00033983486 -0.0026144073 0.99999654 0
0.48883048 8.0477686 1.2699029 -0.0094465343 -0.15746586 0.98747927 0
-1.0306197 7.9391565 1.547869 0.024450235 -0.19585553 0.9803279 0
-1.0191511 7.9373584 0.97680676 0.015801111 -0.12308604 0.99227023 0
0.3957693 6.484375 0.1126919 -0.0011173276 -0.017280178 0.99985003 0
0.28882894 4.6612663 -0.56838858 0.0074991267 0.12180893 0.99252522 0
0.18595003 2.9790065 -0.57291549 0.011886216 0.19043444 0.98162794 1.4696828e-07
-0.46445376 3.6673253 -0.57939345 -0.019294705 0.15423089 0.98784643 4.5220379e-09
0.1378932 2.1872032 -0.57709247 0.016258914 0.25797859 0.96601379 3.5182347e-07
-0.32076669 2.5234582 -0.57884562 -0.028346807 0.22299734 0.97440684 1.72488e-07
0.51856017 8.0498323 1.8526403 -0.019869311 -0.00094795809 0.99980211 0
-1.0191392 7.9489164 2.1349516 0.034621663 -0.26635036 0.96325427 0
0.51739615 8.0534058 1.2710751 -0.010365119 -0.15295647 0.98817855 0
-1.0025917 7.9402699 1.5473924 0.024270752 -0.19091886 0.98130572 0
-0.9917472 7.9433289 0.97711098 0.014788224 -0.11846642 0.99284792 0
0.41872501 6.4879432 0.11277922 -0.0011111757 -0.017319739 0.99984938 0
0.52354318 8.039382 -0.42050532 0.0033864379 0.051529687 0.99866575 0
0.30591384 4.6726098 -0.56990981 0.0079592951 0.12112657 0.99260515 0
0.1968368 2.9856849 -0.57434738 0.01257091 0.19128245 0.98145455 8.8361325e-08
-0.45195413 3.6713734 -0.57978994 -0.019105418 0.15520816 0.98769701 1.0017844e-07
0.14520203 2.1818895 -0.5758 0.017159933 0.25793177 0.96601075 5.5558411e-07
-0.31212112 2.5294509 -0.57996958 -0.02753289 0.22314198 0.97439706 4.1044521e-07
0.54682171 8.0504045 1.8532025 -0.01725775 -0.12257295 0.99230945 0
0.54567206 8.0540142 1.2714659 -0.011939165 -0.085027106 0.99630713 0
0.44164735 6.473896 0.11256137 -0.0012320785 -0.017516974 0.9998458 0
0.55283344 8.0349169 -0.42037424 0.0035580758 0.052653864 0.9986065 0
0.32234889 4.6615558 -0.56869268 0.0085518025 0.12199525 0.99249387 0
0.20708601 2.9825318 -0.57386893 0.013165099 0.18900676 0.98188752 4.632729e-08
-0.43795097 3.6631231 -0.57822752 -0.018535374 0.15508059 0.98772794 9.8718836e-08
0.15333034 2.1885962 -0.5777387 0.018046413 0.25786561 0.96601224 4.9668421e-07
-0.30270112 2.5256889 -0.5788455 -0.02676587 0.22317286 0.97441137 3.8742368e-07
0.57649875 8.0507755 1.8537644 -0.015574087 -0.22860745 0.9733941 0
0.57536429 8.0544224 1.2718565 -0.010753103 -0.16212319 0.98671192 0
0.4642427 6.4723148 0.11256151 -1.2828571e-05 -9.379314e-05 1 0
0.58159989 8.0428982 -0.42089757 0.0039645163 0.051193833 0.99868089 0
0.33879972 4.6628766 -0.56899679 0.0086578019 0.12071098 0.99264991 0
0.21837741 2.9866488 -0.57481754 0.013603097 0.18928908 0.9818272 9.8303722e-08
-0.42595825 3.6769669 -0.58017707 -0.018058769 0.15487596 0.98776883 7.383349e-08
0.16132785 2.1928649 -0.57903105 0.018915584 0.2577751 0.96601975 3.5773638e-07
-0.29331109 2.5218916 -0.5777216 -0.026006324 0.22323245 0.97441828 3.561567e-07
0.60514688 8.0560026 1.8554504 -0.014730052 -0.23290855 0.97238708 0
-0.9344551 7.9593153 2.1349518 0.029181415 -0.2532497 0.96696073 0
0.60384607 8.0572891 1.272638 -0.012204721 -0.14828894 0.98886877 0
-0.91743493 7.9456191 1.5464398 0.021907529 -0.19368231 0.98081964 0
0.60417908 8.0615797 0.70410174 0.0015830022 -0.16335389 0.98656625 0
-0.905711 7.9411111 0.97559017 0.014069858 -0.12383865 0.99220264 0
0.4868325 6.470655 0.11256164 -0.0013146882 -0.017811308 0.9998405 0
0.61005008 8.0457983 -0.42115918 0.0031282944 0.059356671 0.99823195 0
-0.81727052 7.2476335 -0.12680335 -0.0020323033 0.017549202 0.99984396 0
0.35450563 4.6542435 -0.56808394 0.0092141349 0.12170967 0.99252295 0
0.22804491 2.9760804 -0.57291335 0.01457616 0.19061677 0.9815563 1.2648903e-07
-0.41200593 3.6686175 -0.57861537 -0.017601224 0.15449314 0.98783708 4.3404288e-08
0.16823025 2.1826572 -0.57644594 0.019831529 0.25774935 0.96600825 4.8334158e-07
-0.28561607 2.5325811 -0.57996923 -0.02523431 0.22341861 0.97439587 4.2295574e-07
0.63262242 8.0636644 1.8577018 -0.017689072 -0.22296691 0.97466552 0
-0.90805632 7.9623699 2.1349552 0.029280227 -0.25410339 0.96673375 0
-0.89108157 7.9486175 1.5464432 0.021639723 -0.19132903 0.98128736 0
-0.87964684 7.9465365 0.97589773 0.013244628 -0.11990225 0.99269736 0
0.50907344 6.4789724 0.11273906 -0.0012917494 -0.017872624 0.99983943 0
0.63712293 8.0487099 -0.42141715 0.0042335168 0.049128763 0.99878347 0
-0.79142058 7.2454729 -0.12671289 -0.0019965258 0.017976949 0.99983639 0
0.37033325 4.65799 -0.5686903 0.0094522377 0.1207229 0.99264127 0
0.23791279 2.9753075 -0.57291359 0.015315133 0.19056645 0.98155481 1.3361235e-07
-0.39929691 3.665055 -0.57783026 -0.016638329 0.15689823 0.98747462 8.3069729e-09
0.17643683 2.1892781 -0.57838404 0.020688461 0.25749192 0.96605897 5.573649e-07
-0.27596685 2.5262992 -0.57828248 -0.024417536 0.22330958 0.97444171 4.2338974e-07
-0.87945694 7.9582901 2.1330166 0.028018678 -0.26196629 0.96467024 0
-0.8641293 7.9589977 1.5478728 0.019962199 -0.18709075 0.98213977 0
-0.85137129 7.9446239 0.97528946 0.013058512 -0.12255163 0.99237621 0
0.66682523 8.0488071 -0.42154783 0.0042155851 0.054248221 0.99851859 0
-0.76638865 7.2506771 -0.12675647 -0.0018513368 0.017278703 0.99984902 0
0.38657603 4.6467094 -0.56747305 0.0102549 0.12186276 0.99249399 0
0.24870874 2.9793508 -0.5738638 0.01574566 0.18908399 0.98183465 1.3873475e-07
-0.38597703 3.6615152 -0.57705116 -0.01634798 0.15597203 0.98762619 1.0110319e-07
0.18305476 2.1766171 -0.57515258 0.021642152 0.2577028 0.96598184 4.7287091e-07
-0.26818892 2.5369356 -0.58053041 -0.023659913 0.22351336 0.97441363 3.4912406e-07
-0.85002476 7.9590588 2.1323705 0.026410263 -0.18558295 0.98227364 0
0.68945235 8.0652857 1.2749858 -0.013193135 -0.15768714 0.98740101 0
-0.83495235 7.9621115 1.5478729 0.020042194 -0.18784033 0.98199505 0
0.69026661 8.0746613 0.70584863 -0.014988955 -0.002736049 0.99988389 0
-0.82389152 7.9500165 0.97559381 -0.010263519 -0.0041322862 0.99993879 0
0.69534773 8.0514059 -0.42180943 0.004239514 0.053987011 0.99853265 0
-0.73954058 7.238389 -0.12649441 -0.0017751585 0.017445086 0.99984622 0
0.40300915 4.6478038 -0.56777722 0.010385679 0.11996288 0.99272406 0
0.25846407 2.9711287 -0.57243991 0.016267577 0.18888761 0.98186398 1.1339543e-07
-0.37370032 3.6677527 -0.5778352 -0.015845399 0.15572307 0.98767364 1.009183e-07
0.19150351 2.1855874 -0.57773745 0.022520518 0.25736004 0.96605313 5.7906715e-07
-0.25832328 2.5281644 -0.5782823 -0.022867849 0.22373992 0.97438055 4.5050348e-07
0.7181111 8.0687294 1.860512 -0.019838359 -0.22115502 0.97503686 0
-0.82337701 7.9594312 2.1317244 0.027032716 -0.25942281 0.96538544 0
0.71685117 8.0703325 1.2761579 -0.013796023 -0.15452816 0.98789203 0
-0.80754733 7.9550705 1.5459667 0.019241711 -0.19080551 0.98143923 0
0.71889108 8.0771637 0.70628458 -0.0077298917 -0.085151978 0.99633801 0
-0.79638439 7.9553123 0.97589803 0.012105715 -0.11990704 0.99271131 0
0.72271425 8.0565147 -0.42220184 0.0046758982 0.051658738 0.99865383 0
0.41819602 4.6439705 -0.56747288 0.011036796 0.12251716 0.992405 0
0.26905659 2.9726527 -0.57291609 0.017589768 0.19142164 0.98135024 8.7678195e-08
-0.36016065 3.6616631 -0.57666433 -0.015322602 0.15442584 0.98788553 7.8250793e-08
0.1984673 2.177691 -0.57579875 0.023415692 0.25789461 0.96588928 5.4272704e-07
-0.25091439 2.5387022 -0.58053029 -0.022108542 0.22370932 0.97440511 3.3807117e-07
-0.79631317 7.9694662 2.1336632 0.025619434 -0.25580513 0.96638882 0
0.74456215 8.0628653 1.2753768 -0.014374986 -0.15664101 0.98755097 0
-0.78025568 7.9627256 1.5469199 0.018412776 -0.18792148 0.98201144 0
-0.76789051 7.9506345 0.97498554 0.011743622 -0.12206227 0.99245298 0
0.43463624 4.6449533 -0.56777704 0.01120418 0.11981843 0.99273258 0
0.27896872 2.966809 -0.57196265 0.01742257 0.18826044 0.98196459 8.5038124e-08
-0.34761313 3.6653562 -0.57705289 -0.014805152 0.15695603 0.98749459 3.7048309e-08
0.20614645 2.1818287 -0.5770911 0.024270754 0.25720775 0.96605128 5.6199303e-07
-0.24110869 2.5298641 -0.5782823 -0.021327831 0.22377573 0.97440726 4.2971783e-07
-0.7675572 7.9625816 2.1310785 0.024863923 -0.25868073 0.96564281 0
0.77364713 8.0700483 1.2769395 -0.015040711 -0.15403251 0.98795128 0
-0.75199151 7.9605145 1.5459669 0.018044442 -0.19226982 0.9811762 0
-0.7405957 7.9582081 0.97559404 0.010846054 -0.11885954 0.99285185 0
0.45060667 4.6409378 -0.56747264 0.011714949 0.12183087 0.99248171 0
0.28956303 2.9682596 -0.57243866 0.018649338 0.19074108 0.98146319 8.4755754e-08
-0.3343612 3.6616294 -0.57627326 -0.014168127 0.1549934 0.98781389 9.0538428e-08
0.21352351 2.1786931 -0.5764448 0.025252478 0.2568222 0.96612871 5.824142e-07
-0.23273057 2.5355408 -0.57940626 -0.020534817 0.22391818 0.97439158 3.0630338e-07
0.80353308 8.0704613 1.8627601 0.0001145253 0.0012140508 0.99999928 0
-0.74043232 7.9724255 2.1330171 0.023636961 -0.25547394 0.96652699 0
-0.72442335 7.9655352 1.5464437 -0.016048595 -0.0068386681 0.99984783 0
-0.71281189 7.9607444 0.97559416 0.010849079 -0.11889268 0.99284786 0
-0.65983188 7.4895229 -0.13072945 -0.0014867866 0.017178597 0.99985135 0
0.46755233 4.6467438 -0.56838536 0.012140441 0.12061161 0.99262553 0
0.29917723 2.9599068 -0.57100487 0.019179016 0.19015509 0.98156673 1.3626564e-07
-0.3222349 3.6701527 -0.57744557 -0.013749303 0.15628813 0.98761582 8.8020109e-08
0.22150742 2.1778958 -0.57644475 0.026151279 0.25718603 0.96600801 1.4547174e-07
-0.22278102 2.5290983 -0.57772028 -0.019730972 0.22389852 0.97441274 3.6413414e-07
-0.71216619 7.9701509 2.1317246 0.022974705 -0.26262319 0.96462494 0
-0.6968292 7.9704599 1.5469203 0.016474092 -0.18735518 0.98215407 0
-0.68459117 7.9582396 0.97498584 0.01048967 -0.12282659 0.99237269 0
-0.63368446 7.4917808 -0.13072936 -3.3952263e-06 -2.7927055e-07 1 0
0.48380479 4.6375947 -0.56747246 0.014227841 0.12427185 0.99214619 0
0.31053528 2.9686072 -0.5729124 0.019775601 0.18922105 0.98173535 1.3682545e-07
-0.30879015 3.6638746 -0.57627356 -0.013050513 0.15508944 0.98781425 8.6149775e-08
0.22936331 2.1795104 -0.57709092 0.027049098 0.25710863 0.96600389 5.5197825e-07
-0.21416122 2.5322876 -0.57828224 -0.018948322 0.22399145 0.9744069 4.3218785e-07
-0.68294948 7.9727077 2.1317248 0.00019513552 -0.0023230731 0.99999726 0
0.86056894 8.0711756 1.2785026 -0.016592054 -0.15826757 0.98725682 0
-0.66719908 7.9680691 1.5459672 0.015461856 -0.19899295 0.97987896 0
-0.657013 7.9630532 0.97529012 0.009426333 -0.11678138 0.99311292 0
-0.56754476 6.9745693 0.36482123 0.0044817738 -0.052950613 0.99858707 0
-0.60752946 7.4939466 -0.13072927 -0.0014192961 0.01709871 0.99985278 0
0.49945578 4.6309433 -0.56686378 0.013391253 0.12232651 0.99239957 0
0.32063034 2.9650652 -0.57243389 0.020338098 0.18840772 0.98188031 6.5968834e-08
-0.29660463 3.6723132 -0.57744557 -0.012673597 0.15663137 0.98757583 7.8968299e-08
0.23644321 2.1738958 -0.57579845 0.027950495 0.25699389 0.96600878 5.6321068e-07
-0.20471664 2.5257368 -0.57659626 -0.018170249 0.22405154 0.97440791 1.8462102e-07
0.89013946 8.0809755 1.8672562 -0.025577703 -0.21965757 0.97524166 0
-0.65650737 7.9749289 2.1317248 0.021241369 -0.25287682 0.96726525 0
-0.64057434 7.9677916 1.5454907 0.0078013558 -0.61085147 0.7917068 0
0.89089465 8.0875673 0.70868206 -0.009185696 -0.089738779 0.99592298 0
-0.62921286 7.9652977 0.97529018 0.010185111 -0.12617962 0.9919551 0
-0.54500085 6.98388 0.36521375 0.0038346511 -0.051387303 0.99867141 0
-0.58097738 7.4910383 -0.13064185 -0.0013608048 0.017632458 0.9998436 0
0.51480991 4.6292615 -0.56686366 -2.0114414e-05 -0.00011275386 1 0
-0.54941231 7.0715022 -0.61635888 -0.0069122836 0.085905753 0.9962793 0
0.33043039 2.9590499 -0.57148445 0.02107035 0.18928038 0.98169696 1.4184819e-07
-0.28339744 3.6684034 -0.57666141 -0.012079652 0.15489408 0.98785722 3.2188364e-08
0.24321496 2.165858 -0.57385969 0.028852245 0.25687683 0.96601337 4.2172269e-07
-0.19595335 2.5215452 -0.57547224 -0.017425632 0.22411264 0.97440743 3.6698822e-07
0.91916901 8.0850801 1.868942 -0.025231259 -0.22190267 0.97474229 0
-0.6282835 7.9723568 2.1304326 0.020494618 -0.26011407 0.96536034 0
-0.61256814 7.9675317 1.5450143 0.014907057 -0.19249383 0.98118496 0
-0.60159332 7.9699202 0.97559458 -0.01026749 -0.004499435 0.99993718 0
-0.52080637 6.9882293 0.36534464 0.0038134824 -0.051269729 0.99867755 0
-0.55501133 7.495513 -0.13068542 -0.0013598064 0.017626666 0.99984372 0
0.53096592 4.6274366 -0.56686354 0.013487034 0.11946978 0.99274623 0
-0.52256304 7.0610499 -0.61527133 -0.0075511849 0.084278546 0.99641365 0
0.34075737 2.9578784 -0.57148528 0.022508729 0.19158648 0.98121762 7.9442813e-08
-0.27096009 3.6742961 -0.57743633 -0.011889678 0.15532355 0.98779207 3.268482e-08
0.25217417 2.1769893 -0.5770908 0.029737283 0.25678322 0.9660114 5.5321038e-07
-0.1872631 2.5295336 -0.57715815 -0.016600056 0.22418866 0.97440439 3.4783562e-07
-0.60081661 7.9793177 2.1317251 0.01897368 -0.25440085 0.96691275 0
-0.58511466 7.9745164 1.5459675 0.013791833 -0.1882256 0.98202896 0
-0.57394898 7.9744463 0.9758988 0.0086895861 -0.11980132 0.99275988 0
-0.49501172 6.9876018 0.36521393 0.0043333876 -0.030077839 0.99953818 0
0.54733682 4.6205306 -0.56625485 0.014489976 0.12182084 0.9924463 0
0.35049841 2.9517984 -0.57052439 0.022877745 0.19140245 0.98124498 1.0368935e-07
-0.25707591 3.6604407 -0.57509732 -0.010872865 0.1562828 0.98765248 7.9762962e-08
0.25919491 2.1713004 -0.57579833 0.030631823 0.25667304 0.96601278 5.5331407e-07
-0.17860807 2.5326011 -0.57772011 -0.01582263 0.22427672 0.97439706 4.1702896e-07
-0.57139313 7.9790573 2.1310792 0.019893801 -0.18783869 0.98199838 0
-0.55553871 7.9717116 1.5450145 0.013449652 -0.19161285 0.98137844 0
-0.54576772 7.9714499 0.97529054 0.0079849558 -0.12626678 0.99196416 0
-0.47044802 6.9867959 0.36508319 0.004276081 -0.03181595 0.9994846 0
0.5637638 4.6210551 -0.56655908 0.014552655 0.11998688 0.99266881 0
0.36109942 2.9529922 -0.57100517 0.023242649 0.19147126 0.98122299 2.8886745e-08
-0.24396196 3.6563888 -0.57431418 -0.01013538 0.15593937 0.98771465 5.6967014e-08
0.26736626 2.1751757 -0.57709068 0.031528432 0.25655362 0.96601564 4.7584433e-07
-0.16943178 2.5283492 -0.57659614 -0.015031413 0.22428717 0.97440714 2.2802924e-07
1.004988 8.0846815 1.8711903 -0.027993726 -0.21908325 0.97530448 0
-0.54476458 7.9784985 2.1304328 0.017949419 -0.26101881 0.96516681 0
1.0041599 8.0894079 1.2839721 -0.017087169 -0.089169398 0.99586987 0
-0.52959234 7.9808564 1.5464444 0.012448557 -0.188858 0.98192549 0
-0.51777655 7.9708309 0.97498643 0.0079824058 -0.12637533 0.99195039 0
-0.4471153 6.9858255 0.36495247 0.0034086774 -0.052555434 0.99861217 0
0.57846522 4.6142368 -0.56595045 0.015224962 0.12142003 0.99248445 0
0.37140507 2.9517131 -0.57100803 0.02374758 0.18744293 0.98198837 9.483351e-08
-0.23167402 3.6646097 -0.57549047 -0.0098840771 0.15620355 0.98767543 1.0050233e-07
0.27404183 2.1670425 -0.57515192 0.032422133 0.25647017 0.96600819 5.8288242e-07
-0.16120581 2.5313277 -0.57715809 -0.014289191 0.22435834 0.97440195 3.5108084e-07
1.033512 8.083539 1.8717524 -0.028286973 -0.22733919 0.97340471 0
-0.51722634 7.9851713 2.1317253 0.014798038 -0.24865492 0.9684791 0
1.0327046 8.0883036 1.284363 -0.019759564 -0.16149825 0.98667514 0
-0.50142002 7.9777575 1.5454912 0.011852147 -0.19397517 0.98093486 0
-0.48995006 7.9725895 0.97498655 0.0077698305 -0.12301172 0.99237478 0
-0.47935152 7.9815788 -0.13906838 -0.001124854 0.018133502 0.99983495 0
0.59520507 4.6171107 -0.56655884 0.015596007 0.11931168 0.99273437 0
0.38233948 2.9552677 -0.57195354 0.024235535 0.18737882 0.98198873 9.5928527e-08
-0.21858005 3.6604669 -0.57470953 -0.0092113763 0.15464227 0.98792762 6.5553671e-08
0.28285882 2.1756508 -0.57773679 0.033314895 0.25633782 0.96601295 5.7534305e-07
-0.15192692 2.5319014 -0.57715803 -0.013466612 0.22441299 0.97440106 4.2246069e-07
-0.47356948 7.9794598 1.5454913 -8.434402e-07 -5.622895e-05 1 0
-0.46255261 7.9816828 0.97589922 0.0068601021 -0.12030475 0.99271333 0
-0.45163026 7.9856992 -0.13911192 -0.00097141665 0.017101387 0.99985331 0
0.61212361 4.6148982 -0.56655872 0.015655512 0.1197667 0.99267864 0
0.39200276 2.9490483 -0.57100713 0.025106218 0.18893945 0.98166776 1.5131877e-07
-0.20594297 3.6636724 -0.57510012 -0.0088127917 0.15833373 0.98734635 5.6191496e-08
0.28980777 2.1698635 -0.57644433 0.0342132 0.25621796 0.96601337 5.6392128e-07
-0.14294606 2.5299845 -0.57659602 -0.012684229 0.22443324 0.9744069 3.7394238e-07
-0.44432023 7.9811411 1.5454915 0.011137732 -0.19382732 0.98097241 0
1.0928971 8.0979395 0.7117334 -0.011949934 -0.082882568 0.99648768 0
-0.43455225 7.9807711 0.97559524 0.0067396509 -0.12385855 0.99227697 0
-0.42361835 7.9847307 -0.13906814 -0.0015613397 4.4851491e-05 0.99999881 0
0.62722123 4.6053576 -0.56564575 0.01702638 0.12190893 0.99239522 0
0.40229449 2.9476621 -0.57100689 0.025519172 0.18822128 0.98179507 1.253439e-07
-0.19302002 3.6619036 -0.57470673 -0.0083631482 0.15478407 0.98791295 3.2627643e-08
0.29705003 2.1664462 -0.57579803 0.035106841 0.25609455 0.96601403 5.3856843e-07
-0.13398041 2.5280356 -0.57603401 -0.011899521 0.22448005 0.974406 4.2953431e-07
1.1211175 8.0939903 1.8768102 -0.03150177 -0.21551704 0.97599185 0
-0.43371162 7.9925623 2.1323721 0.013792609 -0.25624916 0.96651238 0
1.1207362 8.1015043 1.2882699 -0.020816864 -0.16189493 0.98658842 0
-0.41811091 7.9874725 1.5464449 -0.0015237345 -0.14273775 0.98975939 0
1.1218419 8.0990076 0.71216935 -0.011703267 -0.089340374 0.9959324 0
-0.40681922 7.9847174 0.97589946 -0.010876435 -0.00065062923 0.99994063 0
-0.39561877 7.983665 -0.13902438 -0.00089282339 0.01760222 0.99984467 0
0.64214569 4.6007957 -0.56534141 0.017402174 0.12312789 0.99223822 0
0.41292331 2.9486704 -0.57148415 0.026463071 0.18895932 0.9816283 1.4711829e-07
-0.18036087 3.6650214 -0.57509679 -0.0077567659 0.15570258 0.98777354 9.1555883e-08
0.30562633 2.1725698 -0.57773668 0.035999581 0.25596324 0.96601599 3.3503767e-07
-0.12559639 2.528466 -0.57603395 -0.011157089 0.22450638 0.97440875 3.3312818e-07
1.1500505 8.0948515 1.8779342 -0.031563401 -0.21390626 0.97634411 0
-0.40556213 7.9892035 2.1310799 0.013287839 -0.26008755 0.96549362 0
1.1500515 8.1048775 1.2894419 -0.021939535 -0.15264176 0.988038 0
-0.39046925 7.9937854 1.5473979 0.0092925448 -0.18891922 0.98194867 0
1.1497445 8.1026402 0.71282309 -0.012491954 -0.083373614 0.99644005 0
-0.37906402 7.9885678 0.97620386 0.0057595675 -0.11999973 0.9927572 0
-0.37228712 7.9925804 0.41740689 0.0024311934 -0.052951321 0.99859416 0
-0.36949235 7.9924226 -0.13915522 -0.00079765188 0.017318372 0.99984974 0
0.65820169 4.5985255 -0.56534129 0.016940428 0.11986224 0.99264598 0
0.421812 2.9374964 -0.56957084 0.027196646 0.18960026 0.98148465 1.0071106e-07
-0.16698697 3.6532962 -0.57314354 -0.0070756311 0.15646021 0.98765892 9.2759016e-08
0.31213617 2.1667643 -0.57644421 0.036848959 0.25586468 0.96601003 5.7210241e-07
-0.11712022 2.5361886 -0.57771987 -0.01037291 0.22457068 0.97440261 3.8736422e-07
-0.37801859 7.997807 2.1330185 0.01160709 -0.25501627 0.96686709 0
1.1783355 8.1008129 1.2894421 -0.022523811 -0.1567076 0.98738819 0
-0.36222565 7.9877448 1.5459684 0.0087239007 -0.19146264 0.98146111 0
1.1787392 8.1035061 0.71325904 -0.012505859 -0.082926691 0.99647719 0
-0.35095567 7.9848843 0.97559553 0.0053373841 -0.12315781 0.99237275 0
-0.34449446 7.9963255 0.41753781 -0.0045336224 -0.0013133779 0.99998885 0
-0.34137505 7.9886694 -0.13906778 -0.00073224027 0.017808208 0.99984115 0
0.67280465 4.586381 -0.56412405 0.01815783 0.12130634 0.99244905 0
0.4331398 2.9432878 -0.57100701 0.02780276 0.18913546 0.98155731 1.3049352e-07
-0.15434083 3.6563232 -0.57353461 -0.0064472123 0.15743153 0.98750883 3.3491986e-08
0.32005253 2.1680501 -0.57709026 0.037742693 0.25571686 0.96601468 2.5762179e-07
-0.10794138 2.5292814 -0.57603389 -0.0095916698 0.224565 0.9744119 3.7062287e-07
-0.35009882 7.9990778 2.1330185 -0.00011079532 0.0024342544 0.99999702 0
1.2076993 8.1039782 1.2906142 -0.038380314 -0.01396947 0.99916553 0
-0.3347573 7.9987688 1.5478748 0.0079283277 -0.18954581 0.9818399 0
-0.32318282 7.9885397 0.97589982 0.0054470734 -0.12398259 0.99226946 0
-0.31668019 7.9999733 0.4176687 0.0020185709 -0.051226638 0.998685 0
-0.31209281 7.9898667 -0.13906766 -0.00069021876 0.016780524 0.99985898 0
0.68844026 4.5815501 -0.56381965 0.016978657 0.1175198 0.99292541 0
0.44377881 2.9441857 -0.57147777 0.02850767 0.18661477 0.98201948 6.2273529e-08
-0.14147823 3.6543725 -0.57314634 -0.0060390783 0.1537623 0.98808938 5.3506831e-08
0.32872403 2.1716378 -0.57838279 0.038672745 0.25557652 0.96601504 2.3829034e-07
-0.098968729 2.5369616 -0.57771981 -0.0087632909 0.22468039 0.97439313 4.3929697e-07
-0.32217485 8.0002508 2.1330187 0.010421616 -0.24828561 0.96863079 0
-0.29557502 7.9970584 0.97681266 0.0042159995 -0.12004539 0.99275947 0
-0.28726569 7.9985852 0.41753805 0.0019349288 -0.05299044 0.99859315 0
-0.28411078 7.98841 -0.1390239 -0.00063741294 0.01779433 0.99984145 0
0.7044704 4.5740919 -0.56321102 0.018478597 0.12071024 0.9925158 0
0.45367715 2.9401922 -0.57100791 0.028628068 0.18618265 0.98209798 7.9921293e-08
-0.12881123 3.6573114 -0.57353663 -0.0056035691 0.15740637 0.98751801 5.9026565e-08
0.3355585 2.1657045 -0.5770902 0.039572317 0.25544229 0.96601409 5.4243384e-07
-0.089748591 2.527555 -0.57547182 -0.0079874303 0.22463314 0.97441065 2.9614554e-07
-0.29276064 7.9989648 2.1323726 0.0096662091 -0.26353848 0.96460044 0
1.2684124 8.1126432 0.71522033 -0.021557646 -0.0061743506 0.99974853 0
-0.26626244 7.9980888 0.97681278 -2.6726506e-05 0.00064458902 0.99999982 0
-0.25950831 8.0045309 0.41779977 -0.0087654637 -0.0030957609 0.99995679 0
-0.25630581 7.9918509 -0.13906741 -0.00051345007 0.016792826 0.99985886 0
0.72236925 4.5838599 -0.56473225 0.018917769 0.11991915 0.99260342 0
-0.20870094 6.5340943 -0.56785804 -0.002787228 0.086698845 0.99623066 0
0.46483541 2.9409342 -0.57148051 0.029430283 0.18727705 0.98186618 1.4110016e-07
-0.11524364 3.6528237 -0.57275224 -0.0050191549 0.15663868 0.98764324 9.6403582e-08
0.34197536 2.1573651 -0.57515144 0.040474258 0.25532436 0.96600795 4.8230231e-07
-0.081090137 2.5327222 -0.57659572 -0.0071920748 0.2246909 0.97440356 4.4359862e-07
-0.26491871 8.0023518 2.133019 -0.021465749 -0.014316562 0.99966705 0
1.2974228 8.1126051 1.2941304 -0.024614166 -0.15240718 0.98801124 0
-0.24965917 8.0043316 1.5483516 0.0065111737 -0.19779581 0.98022163 0
1.2979047 8.1155443 0.7158742 -0.020463487 -0.017273424 0.99964136 0
-0.2383423 7.9989691 0.97681296 0.0039574727 -0.12572755 0.99205691 0
-0.23171301 8.0103788 0.41806152 0.0014283094 -0.051489428 0.99867254 0
-0.22840749 7.9926968 -0.13906729 -0.00056657678 0.018544966 0.99982786 0
0.73678207 4.5715117 -0.56351513 0.0194721 0.12055749 0.99251533 0
-0.1854559 6.5198464 -0.56655306 -0.0024164468 0.087299049 0.99617922 0
0.4743118 2.934448 -0.57053077 0.029567044 0.18599631 0.98210549 7.4255375e-08
-0.10278174 3.6630766 -0.57431293 -0.0044000084 0.15546621 0.98783141 7.5540584e-08
0.34872669 2.1513915 -0.57385892 0.04137018 0.25520262 0.96600211 1.4932957e-07
-0.072248749 2.5329895 -0.57659572 -0.0064021759 0.22469848 0.97440732 3.7045913e-07
1.3278253 8.112031 1.8880491 -0.036091514 -0.22472018 0.9737547 0
-0.23705664 8.0056419 2.1336644 0.0075427 -0.25361389 0.96727616 0
1.3257333 8.1080275 1.2941296 -0.025111888 -0.15548527 0.98751897 0
-0.22178672 8.0076075 1.5488275 0.0053534214 -0.18821985 0.98211235 0
1.3274328 8.1183376 0.71652693 -0.022299033 0.0021048828 0.99974912 0
-0.21188258 8.0021954 0.97711629 -0.0033140827 -0.066628627 0.99777234 0
0.75394839 4.5762572 -0.56442833 0.019741572 0.11960387 0.99262542 0
-0.16288795 6.5279236 -0.56720614 -0.0013643333 0.084379889 0.99643272 0
0.48404017 2.9328592 -0.57052976 0.031631146 0.18986164 0.98130119 5.9275681e-08
-0.090569764 3.660929 -0.57392234 -0.0038997612 0.15524241 0.98786873 4.4257849e-08
0.35782209 2.1596901 -0.57644409 0.042249158 0.2550036 0.96601665 5.2434785e-07
-0.063537456 2.5380962 -0.57771993 -0.0056365556 0.22485059 0.97437698 3.1426018e-07
-0.21044287 8.0039692 2.1330183 0.0069943699 -0.26152498 0.9651714 0
-0.19510892 8.0033932 1.5478745 0.0047281669 -0.19201253 0.98138106 0
1.3569959 8.1210222 0.71718067 -0.01432888 -0.084822156 0.99629307 0
-0.18400696 8.0053673 0.97742069 -0.010541572 -0.0033195938 0.99993891 0
0.76829463 4.5688376 -0.56381965 0.021179732 0.1223547 0.9922604 0
0.49345574 2.9263139 -0.56957012 0.031987388 0.18960609 0.98133904 9.1497995e-08
-0.077623352 3.6538165 -0.57275569 -0.0035147411 0.15558438 0.98781633 8.3187025e-08
0.36495343 2.1560469 -0.5757978 0.043141339 0.25487253 0.96601182 4.0120696e-07
-0.054948263 2.5309873 -0.57603395 -0.0048727044 0.22470024 0.97441578 3.3634169e-07
-0.18261559 8.0094833 2.1343107 0.0053388872 -0.2536642 0.96727759 0
-0.1673288 8.011385 1.5493042 0.0039467993 -0.18938826 0.98189437 0
-0.15611172 8.008441 0.97772497 0.0020783681 -0.11717552 0.99310905 0
0.78381717 4.5636826 -0.56351531 0.020674946 0.12084627 0.9924559 0
0.50450361 2.929409 -0.5705269 0.03204079 0.18708253 0.98182154 8.8452737e-08
-0.064868651 3.6540651 -0.57275397 -0.0026482192 0.15734889 0.98753953 3.7075253e-08
0.37292743 2.1595833 -0.57709014 0.04398331 0.25471762 0.96601468 3.806978e-07
-0.046259779 2.5384703 -0.57771987 -0.0041078515 0.22480078 0.97439611 3.6696309e-07
1.414637 8.1171274 1.8925452 -0.038714699 -0.22445433 0.97371525 0
-0.15465628 8.0100727 2.134311 0.0056532687 -0.26857659 0.96324176 0
-0.13923056 8.0045595 1.5478748 0.0033348736 -0.1918094 0.98142654 0
-0.12815616 8.0089378 0.97772509 0.0020768179 -0.1170883 0.99311936 0
0.80060178 4.5658069 -0.56412363 0.020859798 0.11943357 0.99262303 0
0.51472622 2.9276304 -0.57052565 0.032711502 0.18706387 0.98180294 9.9653469e-08
-0.051998101 3.6468635 -0.57157564 -0.002305408 0.15722954 0.98755938 6.5325693e-08
0.37919918 2.1511347 -0.57515144 0.044860102 0.25454047 0.96602106 5.5070194e-07
-0.037317771 2.5337451 -0.57659584 -0.0033152588 0.22475545 0.97440958 4.1655113e-07
1.4442438 8.1193342 1.8942311 -0.039747592 -0.21259552 0.97633153 0
-0.1267347 8.0129786 2.1349573 0.0041789245 -0.255218 0.96687448 0
1.4431661 8.1213312 0.71848851 -0.015107109 -0.089613512 0.99586201 0
-0.10016654 8.006856 0.9774211 0.0013565072 -0.12660213 0.99195266 0
-0.093245506 8.0106907 0.41793042 -0.012382025 -0.0060681999 0.99990493 0
0.81478202 4.5532146 -0.5629065 0.021928906 0.12062138 0.99245638 0
-0.074079409 6.6316519 -0.57612264 -6.9870184e-05 0.085630581 0.99632698 0
0.52276748 2.9137402 -0.56814009 0.0340099 0.18855192 0.98147416 7.1196169e-08
-0.039386768 3.6568985 -0.57314336 -0.0016835784 0.15584143 0.98778063 9.1135306e-08
0.38670576 2.1497979 -0.57515138 0.045748077 0.25438616 0.96602011 4.0865896e-07
-0.0284412 2.5314238 -0.57603383 -0.0025278053 0.22474383 0.97441459 4.3103594e-07
1.4734479 8.1190367 1.8953552 -0.039773189 -0.23043858 0.97227371 0
-0.098701157 8.0085421 2.1336651 0.0030757028 -0.26168627 0.96514809 0
1.4728407 8.1235943 0.71914232 -0.01567365 -0.082363017 0.99647915 0
-0.072216839 8.0071564 0.97742122 0.0013558526 -0.12654123 0.99196041 0
-0.065347791 8.0184555 0.41832301 0.00023639853 -0.051342256 0.99868107 0
-0.047938321 6.27354 -0.10898355 -0.00012781908 0.017376931 0.99984902 0
0.83022422 4.5479021 -0.56260204 0.02186789 0.12044532 0.99247909 0
0.53337842 2.91431 -0.56862223 0.034484196 0.18799733 0.98156399 1.220145e-07
-0.026621545 3.6570139 -0.57314181 -0.0010869907 0.15548486 0.98783767 7.0356478e-08
0.39464572 2.15081 -0.57579756 0.046654146 0.25426465 0.96600872 5.6542194e-07
-0.01972161 2.5436873 -0.57884365 -0.0017492331 0.22479977 0.97440338 4.2734956e-07
1.5031114 8.1210299 1.8970411 -0.041234475 -0.21215256 0.97636622 0
-0.070768394 8.0112534 2.1343112 -0.023190774 0.00067937322 0.99973083 0
-0.055566914 8.0276651 1.5521643 -0.016503479 -0.0054729613 0.99984884 0
-0.044281423 8.009841 0.97772551 -0.010704536 -0.0019474233 0.99994081 0
-0.037370857 8.0211315 0.41845396 0.00023479325 -0.051325515 0.99868196 0
1.5069199 8.1098299 -0.43057328 0.012951724 0.0037877858 0.99990892 0
-0.026014851 6.2686701 -0.10889611 -7.829778e-05 0.017599795 0.99984509 0
0.84745985 4.5522943 -0.56351483 0.022212522 0.11912445 0.99263084 0
0.54445183 2.9172552 -0.56957316 0.034893923 0.18671787 0.9817937 1.3151782e-07
-0.013818486 3.6496758 -0.57197386 -0.00064883765 0.15597561 0.98776072 9.6793165e-08
0.40125844 2.1446724 -0.57450497 0.047525611 0.25407517 0.96601611 4.4818646e-07
-0.010782802 2.5339968 -0.57659572 -0.00096083566 0.22476755 0.97441196 3.3577251e-07
-0.042817924 8.0138674 2.1349578 -0.022311414 -0.0087188128 0.99971306 0
-0.027554728 8.0302649 1.5526409 0.00030167337 -0.18346599 0.98302603 0
-0.016328137 8.0124273 0.97802979 -0.010873381 -0.0001225637 0.99994087 0
-0.0093673188 8.0187168 0.41832328 8.8334142e-05 -0.053019229 0.99859351 0
-0.0041399254 6.2737222 -0.10898332 -1.4576059e-05 0.017323971 0.99984992 0
0.86241782 4.5444326 -0.56290609 0.022743471 0.1201244 0.99249828 0
0.55325061 2.9081044 -0.56814736 0.035562828 0.18701361 0.98171341 1.4692557e-07
-0.001086387 3.6546402 -0.57275623 4.2225565e-05 0.15695412 0.98760587 8.9230895e-08
0.40783313 2.1385148 -0.5732125 0.048411347 0.25389481 0.96601957 4.5547765e-07
-0.0019565444 2.541327 -0.57828158 -0.00017388549 0.22480655 0.97440338 3.8691772e-07
-0.014850062 8.0163822 2.1356039 0.0018960588 -0.26856753 0.96325898 0
0.00047620959 8.0303116 1.552641 0.00032625516 -0.19820403 0.98016071 0
0.011642667 8.0149183 0.97833425 -0.00038337111 -0.11707897 0.99312252 0
0.018631978 8.023694 0.41858506 -0.00037938205 -0.050395239 0.99872929 0
0.018843105 6.2686954 -0.10889589 3.119282e-05 0.017533166 0.99984628 0
0.8796922 4.5487027 -0.56381875 0.023021912 0.11902492 0.99262434 0
0.56433582 2.9109733 -0.56910092 0.036559448 0.18845879 0.98140037 9.9176809e-08
0.011656511 3.6472139 -0.57158363 0.00043969613 0.15562585 0.98781598 9.4478203e-08
0.41566843 2.1370058 -0.57321244 0.049338847 0.25371337 0.96602029 5.0036522e-07
0.007347736 2.5315728 -0.57603365 0.000643373 0.2247434 0.97441775 3.4508693e-07
0.013137368 8.0212154 2.1368964 -0.013501732 -0.18460849 0.98271942 0
0.028514428 8.0327158 1.5531179 -0.0009902647 -0.18342048 0.98303407 0
0.039619826 8.0148277 0.97833437 -0.00040592099 -0.12404352 0.99227667 0
0.048053645 8.0260677 0.41871601 -0.00039338792 -0.050222121 0.99873799 0
0.040811211 6.2835898 -0.10915776 0.00019814326 0.017287005 0.99985057 0
0.89491475 4.5381451 -0.56290585 0.023620628 0.11987808 0.99250758 0
0.57401663 2.906579 -0.56862283 0.036539357 0.18506493 0.98204678 5.3310924e-08
0.024400981 3.6496205 -0.57197183 0.0011179678 0.15800256 0.98743808 2.9587362e-08
0.42548332 2.1473849 -0.57644355 0.050231326 0.25356826 0.96601242 5.3908565e-07
0.016195614 2.533968 -0.57659554 0.0014393678 0.22518826 0.97431421 4.5573722e-07
0.042559147 8.0259438 2.1381888 0.0098114256 -0.32000938 0.94736356 0
0.057955518 8.0325575 1.553118 -0.0010678787 -0.19785656 0.98023039 0
1.6226376 8.1305618 0.72219342 -0.021580566 -0.0057732021 0.99975044 0
0.067635484 8.0196047 0.97894299 -0.0012237392 -0.11932091 0.99285501 0
0.076069534 8.0258512 0.41871616 -0.00041450514 -0.052955061 0.99859679 0
0.91221923 4.5422912 -0.56381845 0.023843072 0.11897248 0.99261123 0
0.58464456 2.9069636 -0.56909692 0.037270237 0.18597515 0.98184735 1.4285517e-07
0.037118446 3.6470444 -0.57157993 0.0015135985 0.1570683 0.98758656 9.8880768e-08
0.431537 2.1387856 -0.57450473 0.051114414 0.2533839 0.96601444 4.8900944e-07
0.025040746 2.533896 -0.57659554 0.0022107505 0.22399987 0.97458667 3.0411582e-07
1.6499559 8.1198168 1.9032234 -0.045262404 -0.22454967 0.9734109 0
0.069212578 8.0305872 2.1394813 -0.0033679672 -0.25015879 0.96819896 0
0.084616452 8.0347748 1.5535946 -0.0010092609 -0.19853204 0.9800939 0
0.095628656 8.0193186 0.97894311 -0.0012719671 -0.12403992 0.99227643 0
0.10277528 8.0330448 0.41910872 -0.00071755785 -0.051833194 0.9986555 0
0.92528635 4.5295172 -0.56260127 0.024465015 0.11960007 0.99252069 0
0.59380037 2.9000964 -0.56814772 0.037633181 0.185127 0.98199373 1.208074e-07
0.049910005 3.6518314 -0.57235932 0.0020606348 0.15496784 0.98791736 5.9780895e-08
0.43900019 2.1372662 -0.57450467 0.051999718 0.25318822 0.9660185 4.8490801e-07
0.033443339 2.5337989 -0.57659549 0.0029614128 0.22494371 0.97436726 1.810255e-07
0.09727183 8.032711 2.1401277 -0.0028858008 -0.25605962 0.96665668 0
0.11272841 8.0393381 1.5545479 -0.0027521669 -0.188219 0.98212326 0
0.1236943 8.0238991 0.97955167 -0.0020521875 -0.11933579 0.99285185 0
0.13077597 8.0301399 0.41897807 -0.00084188965 -0.053028822 0.99859262 0
0.94261014 4.5335479 -0.56351399 0.024704292 0.11859755 0.99263501 0
0.60392016 2.8980067 -0.56814384 0.039502196 0.18879126 0.98122239 2.8759533e-08
0.062656999 3.6516345 -0.57236123 0.0026530735 0.15561737 0.98781383 9.1559635e-08
0.44794706 2.1428115 -0.57644337 0.052882787 0.25300586 0.96601832 5.5890797e-07
0.042729985 2.5336595 -0.57659543 0.0037672832 0.22394277 0.97459501 2.1342622e-07
0.14074862 8.0364428 1.5540715 -0.0032880988 -0.19324462 0.98114508 0
0.15170214 8.0234184 0.97955179 6.1551282e-06 0.00060667837 0.99999982 0
0.16030374 8.0346003 0.41923982 -0.001295296 -0.050036266 0.99874657 0
0.12425122 6.0649819 -0.10535863 0.00027933525 0.017591465 0.99984521 0
0.95819002 4.525208 -0.56290531 0.024332024 0.11790878 0.99272627 0
0.61352158 2.8934801 -0.56767029 0.03941378 0.1859864 0.98176146 1.4788615e-07
0.07525973 3.6439869 -0.57118988 0.003266375 0.15652791 0.98766816 9.836571e-08
0.4544149 2.1365111 -0.57515085 0.053763535 0.2528381 0.96601367 4.9250406e-07
0.051573876 2.5334949 -0.57659537 0.0052013267 0.25585544 0.96670109 4.5665635e-07
0.1703037 8.0407801 1.5550249 -0.00427381 -0.18680112 0.98238844 0
0.17970809 8.0228395 0.97955197 -0.0025535529 -0.12323315 0.99237448 0
0.97188598 4.5121331 -0.56168807 0.025714081 0.11933734 0.99252075 0
0.62465608 2.8961182 -0.56862223 0.040179867 0.18632959 0.98166537 1.5146861e-07
0.088092096 3.6486394 -0.57196897 0.0035489865 0.15541135 0.98784345 7.9435949e-08
0.46186998 2.134912 -0.57515079 0.054647028 0.25264448 0.96601474 5.7056621e-07
0.060417138 2.5332994 -0.57659531 0.0053500412 0.2245798 0.97444099 2.1902585e-07
0.1814892 8.0360823 2.1414206 -0.0054778513 -0.26169828 0.9651342 0
0.19696687 8.0401707 1.555025 -0.0044154399 -0.19299813 0.98118919 0
0.20790027 8.0296059 0.98046476 -0.0033257448 -0.12006781 0.99276012 0
0.98843813 4.5161572 -0.56260073 0.025930619 0.11846896 0.9926191 0
0.63370687 2.8891265 -0.56766808 0.040897615 0.18662953 0.98157871 1.4887439e-07
0.10069758 3.6433728 -0.57118994 0.0041885125 0.1556218 0.98780781 8.9004395e-08
0.46827734 2.1285706 -0.57385826 0.055546414 0.25248417 0.96600533 5.5687997e-07
0.068940841 2.5379558 -0.57771927 0.0060932236 0.22471587 0.97440529 3.770528e-07
0.20972373 8.0426407 2.1433592 -0.0074787457 -0.25371006 0.96725142 0
0.22523275 8.046793 1.5564548 -0.0056002745 -0.18814312 0.98212564 0
0.23592749 8.0288305 0.98046488 -0.0034360776 -0.12405624 0.99226922 0
0.19832034 6.413136 -0.11147103 0.00059836701 0.017345056 0.99984938 0
1.0025765 4.5054131 -0.56168777 0.026693985 0.11946166 0.99247992 0
0.64432395 2.8892927 -0.56814122 0.041535165 0.18791753 0.9813062 8.9836174e-09
0.11319369 3.6355944 -0.57001626 0.0051055732 0.1569057 0.98760039 8.7723322e-08
0.47676316 2.1316354 -0.57515061 0.056422923 0.25229672 0.96600354 5.8016121e-07
0.078101352 2.5328162 -0.57659525 0.0069222753 0.22468498 0.97440684 4.1284363e-07
0.23786637 8.0442753 2.1440055 -0.014601453 -0.14008711 0.99003154 0
0.25331983 8.0459576 1.5564549 -0.0059177908 -0.19881843 0.9800185 0
0.26411209 8.032918 0.9810735 -0.020548139 -0.007177568 0.99976307 0
1.6956624 7.5026813 -0.40138617 0.011639163 0.051469285 0.99860674 0
0.2209577 6.419899 -0.1116019 0.00048146272 0.017736232 0.99984258 0
1.0196319 4.5041285 -0.56199187 0.026536075 0.1173032 0.99274158 0
0.65494949 2.8894181 -0.56862086 0.042004075 0.18517098 0.98180819 6.8894842e-08
0.12596591 3.6376448 -0.57041049 0.005577263 0.15731016 0.98753351 5.2408723e-08
0.48366362 2.127604 -0.57450432 0.057300936 0.25208691 0.96600664 5.5894213e-07
0.086625822 2.5227888 -0.5743472 0.0077132932 0.22466148 0.97440636 2.9723526e-07
0.26742721 8.0457621 2.1446519 -0.0076442687 -0.26695651 0.96367824 0
0.28289276 8.0474272 1.5569316 -0.006008334 -0.19710828 0.98036331 0
0.29232809 8.0369072 0.98168206 -0.0038595949 -0.12407294 0.99226558 0
0.30096191 8.0430527 0.41989467 -0.0019201098 -0.052678585 0.99860966 0
0.2438305 6.4315777 -0.11182008 0.00069587812 0.017316433 0.9998498 0
1.0347905 4.4981236 -0.56168753 0.027395327 0.11945809 0.9924612 0
0.24677032 6.5103364 -0.56589907 0.0038253758 0.088351995 0.99608195 0
0.66668922 2.894289 -0.57004607 0.042561557 0.18517266 0.98178387 9.3406939e-08
0.13839018 3.6297801 -0.56923735 0.0059447768 0.15613113 0.98771846 1.0141095e-07
0.48945022 2.118845 -0.57256556 0.058170911 0.25185061 0.96601623 5.5758289e-07
0.095694199 2.5297744 -0.57603312 0.0084926998 0.22463261 0.97440654 2.1727843e-07
0.29427993 8.0496588 2.1459444 -0.019541144 -0.19085926 0.9814229 0
1.8934445 8.151782 1.3183527 -0.033085428 -0.10905132 0.99348539 0
0.30976325 8.0513496 1.5578849 -0.014530106 -0.14104749 0.98989618 0
0.32076991 8.0457544 0.98289895 -0.0048290733 -0.12100776 0.99263984 0
0.26638108 6.4331851 -0.11186361 0.00067839539 0.017561585 0.99984556 0
1.050832 4.4994993 -0.56229591 0.02752413 0.11803009 0.99262851 0
0.26815644 6.5045056 -0.56546402 0.0024960625 0.083507814 0.99650401 0
0.67342287 2.8776076 -0.56719345 0.043267179 0.18536496 0.98171675 1.2470933e-07
0.15135825 3.6366768 -0.57040989 0.0065117255 0.15632661 0.98768395 1.0113672e-07
0.49795136 2.121825 -0.57385796 0.059049383 0.25164872 0.96601558 2.9659134e-07
0.10398711 2.527009 -0.5754711 0.0092375483 0.224591 0.97440934 4.1769275e-07
0.32256711 8.0534086 2.1472368 -0.01037129 -0.25502005 0.96688014 0
0.33806866 8.0551243 1.5588382 -0.008172418 -0.18681946 0.98236024 0
0.34842861 8.0346708 0.98168236 -0.0054515838 -0.12254022 0.99244857 0
0.28949749 6.4471998 -0.11212546 0.00085973291 0.017262574 0.99985063 0
1.0648104 4.4885616 -0.56138295 0.028365137 0.11909233 0.99247795 0
0.29166508 6.4960146 -0.56481135 0.0038841977 0.087325566 0.99617225 0
0.68403274 2.8776271 -0.56766826 0.044687018 0.18647031 0.98144376 5.2198409e-08
0.16383547 3.6311927 -0.56962639 0.0068107243 0.15466657 0.98794323 2.6018981e-08
0.50535488 2.1200738 -0.5738579 0.059929933 0.25143489 0.96601701 5.5925813e-07
0.11356205 2.5339124 -0.57715702 0.010055029 0.22458337 0.97440302 1.2132131e-07
0.31235781 6.45364 -0.1122563 0.00088558177 0.01717085 0.99985218 0
1.0818373 4.487041 -0.56168711 0.028261976 0.11790836 0.9926222 0
0.69291836 2.8704507 -0.56671697 0.044512991 0.18459527 0.9818061 1.4915589e-07
0.17650971 3.6305981 -0.56962925 0.0078082709 0.15677445 0.98760355 9.491248e-08
0.51161152 2.1136034 -0.57256538 0.060809731 0.251248 0.96601069 5.6916531e-07
0.12229335 2.5310674 -0.57659489 0.010857906 0.22459325 0.97439212 3.2179582e-07
0.33501112 6.4550066 -0.11229984 0.00086083933 0.017580761 0.99984509 0
1.0945381 4.4711881 -0.56016564 0.029175851 0.11862973 0.99250984 0
0.7040208 2.8702753 -0.56719208 0.04587416 0.18715647 0.98125839 5.7921131e-08
0.189438 3.6225286 -0.56845742 0.0078408029 0.15513162 0.98786271 9.3086747e-08
0.52130038 2.1211834 -0.57515025 0.061683849 0.25098124 0.96602458 5.6816532e-07
0.1311277 2.5306249 -0.57659489 0.011637832 0.22448269 0.97440857 2.2879738e-07
0.40877119 8.0591669 2.149822 -0.042608988 -0.02395056 0.99880469 0
0.42406175 8.0559702 1.5597919 -0.010021178 -0.19269207 0.98120809 0
1.1107384 4.469748 -0.56046975 0.029048527 0.1171597 0.99268818 0
0.7134409 2.8654187 -0.56671661 0.045911923 0.18428923 0.98179913 1.5304052e-07
0.20208187 3.621846 -0.56845272 0.0081351772 0.15474947 0.98792022 8.1548997e-08
0.5257681 2.1076374 -0.57191896 0.062588662 0.25088927 0.9659903 5.7116119e-07
0.1397004 2.5252867 -0.57547098 0.012385874 0.22428337 0.97444528 4.4807049e-07
0.43715915 8.0625134 2.1511133 -0.014152958 -0.25319207 0.96731251 0
0.45245206 8.0593414 1.5607439 -0.0098691927 -0.19390494 0.98097068 0
1.1251181 4.4610314 -0.55986178 0.029911811 0.11857039 0.992495 0
0.72414404 2.8677955 -0.56766975 0.046818774 0.18551932 0.98152465 1.4108026e-07
0.21380609 3.6162252 -0.56767374 0.0094238752 0.15673091 0.98759639 7.5941415e-08
0.53550142 2.1151519 -0.57450414 0.063455284 0.25059426 0.96601033 3.9738671e-07
0.14865297 2.5272155 -0.57603317 0.013205075 0.22439764 0.97440821 3.3932832e-07
2.0783308 8.1617146 1.9346932 -0.055413257 -0.21504642 0.97503048 0
0.46389288 8.0610199 2.1511135 -0.013906381 -0.24877799 0.96846068 0
0.4797523 8.0675964 1.5626503 -0.011716293 -0.18805456 0.98208869 0
0.4906902 8.0620422 0.98594081 -0.0073735155 -0.11990145 0.99275839 0
0.39553919 6.3912106 0.33369184 -0.0051316055 -0.040803008 0.99915403 0
1.141137 4.4620833 -0.56047022 0.029985424 0.11752032 0.99261767 0
0.7335394 2.8628733 -0.56719327 0.047097906 0.18312627 0.98196059 1.1478938e-07
0.22597437 3.6080644 -0.56649357 0.0099010952 0.15711568 0.98753059 2.169581e-08
0.54107231 2.1062541 -0.57256544 0.064325064 0.25037593 0.96600944 5.2223766e-07
0.15673953 2.5218453 -0.57490915 0.013948842 0.22436544 0.97440523 3.601603e-07
0.50806326 8.0683222 1.563127 -0.011429748 -0.19795534 0.98014438 0
0.51867092 8.0578041 0.98563677 -0.0077933054 -0.12264865 0.99241954 0
0.41816846 6.3947735 0.33395356 -0.0029990035 -0.054301258 0.99852008 0
1.1542088 4.4484668 -0.55925298 0.03083542 0.11832543 0.99249595 0
0.74414742 2.8626709 -0.56766534 0.047369219 0.18304093 0.98196346 8.5519481e-08
0.23904675 3.6146445 -0.56767386 0.010288822 0.15567315 0.98775506 9.7017981e-08
0.54903239 2.1066887 -0.57321167 0.06518659 0.25014266 0.96601212 5.5046991e-07
0.16598153 2.5212541 -0.57490921 0.014765526 0.22431709 0.97440434 3.7281094e-07
0.53654653 8.0713978 1.5640804 -0.013127999 -0.18311413 0.98300397 0
0.54729456 8.0633717 0.98654962 -0.0070431479 -0.12642846 0.99195075 0
1.1711385 4.4466057 -0.55955708 0.030698515 0.11705474 0.99265087 0
0.45063135 6.4919186 -0.5652464 0.0060144034 0.086481623 0.99623531 0
0.75413531 2.8600554 -0.56766886 0.048649982 0.18452185 0.98162359 1.4869714e-07
0.25183123 3.6162522 -0.56806093 0.010859968 0.15500389 0.98785418 7.051618e-08
0.55390549 2.095423 -0.57062668 0.066058069 0.24993552 0.96600652 1.2145772e-07
0.17494537 2.5230899 -0.5754711 0.015544247 0.22426388 0.97440445 3.3249674e-07
0.55066431 8.0700817 2.1549909 -0.017329872 -0.24770664 0.96868008 0
0.56629634 8.0718241 1.5645571 -0.013132662 -0.18284473 0.9830541 0
0.57613862 8.0713129 0.98776656 -0.0089031355 -0.11979644 0.99275857 0
1.1847287 4.4352994 -0.55864412 0.03165983 0.11819687 0.99248534 0
0.47257221 6.48037 -0.56437635 0.0057719992 0.086024173 0.99627632 0
0.76220757 2.8502944 -0.56623858 0.049233869 0.1841584 0.98166275 1.4617532e-07
0.26392183 3.6079619 -0.56689179 0.011430653 0.15613197 0.98767006 1.0160751e-07
0.56184399 2.0958085 -0.57127279 0.066928141 0.24965067 0.96602029 4.6275932e-07
0.18288919 2.5103142 -0.5726611 0.016315747 0.22418013 0.97441113 3.4405218e-07
0.57742256 8.0682106 2.1549911 -0.018720189 -0.2675899 0.96335101 0
0.59306026 8.0699024 1.5645572 -0.014197304 -0.19767277 0.98016524 0
0.60449314 8.0717287 0.98807102 -0.0089527983 -0.11668115 0.99312907 0
1.2000796 4.4337411 -0.55894822 0.031529147 0.11687823 0.99264568 0
0.49274611 6.4613833 -0.56285381 0.0067469105 0.08705239 0.99618089 0
0.77408373 2.8547204 -0.56767035 0.050069645 0.18457286 0.98154259 1.2766819e-07
0.27688548 3.6119428 -0.56767559 0.012063676 0.15673235 0.98756742 8.8090452e-08
0.57042766 2.0984945 -0.5725652 0.067792661 0.24943745 0.96601504 5.7295875e-07
0.1915738 2.5145531 -0.57378501 0.017064871 0.22414672 0.974406 2.7731372e-07
0.60576171 8.0685558 2.1556377 -0.018709315 -0.26817703 0.96318793 0
0.62141281 8.0702305 1.565034 -0.016783549 -0.0027787469 0.99985528 0
0.63266504 8.0695686 0.9880712 -0.0094001191 -0.12251521 0.9924221 0
1.2135757 4.4223471 -0.55803531 0.032321095 0.11780547 0.99251056 0
0.51549381 6.4621072 -0.56307113 0.0068452121 0.084040575 0.9964388 0
0.78208774 2.8449037 -0.56623763 0.050554164 0.18400988 0.98162347 1.4616451e-07
0.2892977 3.6084926 -0.56728369 0.012466088 0.15496688 0.98784101 9.7524307e-08
0.57931346 2.1035745 -0.57450378 0.068622813 0.24923313 0.9660092 1.8491025e-07
0.20072809 2.5187261 -0.57490891 0.017856034 0.22410014 0.97440255 4.0633608e-07
0.63429797 8.071207 2.1569302 -0.044004902 -0.013339058 0.99894226 0
0.64977485 8.0704584 1.5655107 -0.014930155 -0.19381131 0.9809252 0
0.66163379 8.0772047 0.98928827 -0.0099463137 -0.12048195 0.99266571 0
1.2310034 4.4252548 -0.55894798 0.032572594 0.11634942 0.99267411 0
0.53804767 6.460268 -0.56307095 0.0068307524 0.083863258 0.99645388 0
0.79333425 2.846884 -0.56719166 0.051220942 0.18382666 0.98162323 1.4818815e-07
0.30189195 3.6074612 -0.56728321 0.012805049 0.15454695 0.98790246 8.0962543e-08
0.58469832 2.094563 -0.57256502 0.069489807 0.24896614 0.96601605 4.7799432e-07
0.20951889 2.5180101 -0.57490885 0.018633666 0.22403304 0.97440338 1.2106277e-07
0.67855418 8.0754786 1.5669407 -0.016316313 -0.18627413 0.98236233 0
0.68940479 8.0699005 0.98868001 -0.010466573 -0.12243961 0.99242079 0
1.2464432 4.4209309 -0.5589478 0.033625066 0.12010752 0.99219126 0
0.56150812 6.4557714 -0.56285334 0.0072679636 0.086134836 0.99625701 0
0.80393589 2.8464599 -0.56765985 0.051278602 0.18175344 0.98200619 2.0242503e-08
0.31469399 3.6088469 -0.56766546 0.013109892 0.15386251 0.98800528 4.0806395e-08
0.5923714 2.092406 -0.57256496 0.070392773 0.24869013 0.96602178 5.3271606e-07
0.21895288 2.5196526 -0.57547081 0.019454628 0.22395837 0.97440451 1.1941559e-07
0.70695126 8.0755053 1.5674174 -0.016599575 -0.10282227 0.99456125 0
0.71800667 8.0723886 0.98928863 -0.010117535 -0.12633339 0.99193627 0
1.2633213 4.4187183 -0.55925196 0.033145051 0.11638249 0.99265128 0
0.58270341 6.4388885 -0.56154829 0.0079408092 0.086973518 0.99617898 0
0.81251299 2.8389173 -0.56671232 0.05268738 0.18420349 0.981475 9.4757866e-08
0.32662949 3.6003473 -0.56649917 0.01426365 0.15651073 0.98757327 7.3280837e-08
0.59900355 2.0880046 -0.57191867 0.071235694 0.24841382 0.96603107 2.5961828e-07
0.22753194 2.5164464 -0.57490873 0.020236334 0.22388159 0.97440624 4.5783113e-07
0.72147077 8.0784283 2.1608076 -0.022947541 -0.26217577 0.96474725 0
0.7367661 8.0753031 1.5678941 -0.01729347 -0.30517927 0.95213789 0
0.73352551 7.8421865 0.41087037 -0.0047047404 -0.051187843 0.99867797 0
0.75687993 8.0629978 -0.14085409 0.0016247287 0.017274885 0.99984944 0
1.2766635 4.4071317 -0.558339 0.034636598 0.11808023 0.99239981 0
0.6056385 6.4417748 -0.56198311 0.008096545 0.085751779 0.99628365 0
0.82173306 2.833708 -0.56622964 0.053169265 0.18433253 0.98142475 2.5919007e-08
0.33896658 3.5967267 -0.56610703 0.014809999 0.15646058 0.98757315 7.2693879e-08
0.60764086 2.0905378 -0.57321107 0.072162695 0.24830091 0.96599132 3.796215e-07
0.23653795 2.5180626 -0.57547069 0.021017579 0.22380538 0.9744072 3.7564396e-07
0.74869847 8.080802 2.1621003 -0.024273185 -0.24886823 0.96823317 0
0.78453875 8.0553312 -0.14076658 0.0016877507 0.017502204 0.99984539 0
1.2905718 4.4004936 -0.5580346 0.073016658 0.19781293 0.97751653 0
0.62675732 6.4372525 -0.56176549 0.0079611484 0.085122138 0.99633873 0
0.83439249 2.8402383 -0.56814212 0.053668715 0.18226707 0.98178327 9.8350228e-08
0.35223067 3.6028943 -0.56728387 0.015199887 0.1557942 0.98767257 9.9730926e-08
0.6149345 2.0884039 -0.57321101 0.073004887 0.24796687 0.96601385 5.1870313e-07
0.24396141 2.5075643 -0.5732227 0.02176594 0.22374533 0.97440457 4.1895268e-07
0.7771309 8.0805426 2.1627464 -0.022690047 0.003129222 0.99973768 0
0.80420947 8.0817118 0.99141866 -0.012080601 -0.12348051 0.99227345 0
1.3052169 4.3935833 -0.55773014 0.033158701 0.11402054 0.99292487 0
0.64960086 6.4274774 -0.56111288 0.0087511363 0.086957239 0.99617362 0
0.84570491 2.8420119 -0.56909329 0.054305781 0.18207753 0.98178339 9.954757e-08
0.36431366 3.5967288 -0.56650162 0.015745422 0.15544659 0.98771882 9.9691455e-08
0.62222064 2.0862448 -0.57321095 0.073898233 0.24778876 0.96599162 5.7490291e-07
0.2541115 2.5163498 -0.57547057 0.022579968 0.22364789 0.97440845 2.8669584e-07
0.83292079 8.0837936 0.99202728 -0.020837944 -0.0048988285 0.99977088 0
1.3198786 4.3840189 -0.55712146 0.021748029 0.096665755 0.99507928 0
0.67306226 6.4350801 -0.56198263 0.0090762191 0.085963584 0.99625695 0
0.85278106 2.8296449 -0.56719011 0.055050492 0.1826847 0.98162913 1.4401296e-07
0.37737489 3.6003475 -0.56728286 0.016289126 0.15657116 0.98753232 8.3890136e-08
0.62669754 2.0748153 -0.57062596 0.074763209 0.2473567 0.96603578 3.2595082e-07
0.26165012 2.5033309 -0.57266057 0.023359597 0.22356844 0.97440827 3.4168048e-07
1.3337243 4.3746381 -0.55651277 0.035791833 0.11722387 0.99246031 0
0.69525492 6.4302149 -0.56176502 0.0094780196 0.087789126 0.99609399 0
0.86480707 2.8336914 -0.56861895 0.055417616 0.18198352 0.98173869 1.2451812e-07
0.39020315 3.6014645 -0.56766659 0.016804561 0.15268572 0.98813194 1.0289339e-12
0.63606173 2.0795414 -0.5725646 0.075596698 0.24718817 0.96601403 5.4299187e-07
0.27064398 2.5048249 -0.57322252 0.024142323 0.22349453 0.97440612 4.3413641e-07
1.3489563 4.3725619 -0.55681688 0.035505902 0.11508797 0.99272054 0
0.71684855 6.4303493 -0.56198233 0.0094970204 0.085112862 0.99632603 0
0.87396705 2.8283114 -0.56814414 0.056295235 0.18221946 0.98164499 1.3948534e-07
0.40277228 3.6000807 -0.56766647 0.016803622 0.15267879 0.98813301 8.5703862e-13
0.64331686 2.0773082 -0.57256442 0.076457985 0.24692069 0.96601468 4.947384e-07
0.27815324 2.496649 -0.57153648 0.024882419 0.22340095 0.97440898 3.0303008e-07
0.91975677 8.0943527 0.99446148 -0.013836033 -0.11617284 0.99313265 0
1.3634704 4.3654585 -0.55651248 0.037334882 0.11880339 0.99221563 0
0.74012899 6.4252043 -0.56176472 0.0092355115 0.08393392 0.99642855 0
0.88089746 2.8158774 -0.5662325 0.057122782 0.18249355 0.98154628 1.1188382e-07
0.41505638 3.5961986 -0.56728154 0.018049279 0.15627959 0.98754793 6.3026171e-08
0.65201336 2.0796578 -0.57385689 0.07732264 0.24662219 0.96602207 5.3790711e-07
0.28867239 2.507715 -0.5743463 0.025702812 0.2233419 0.97440124 4.0146571e-07
0.94829303 8.0935574 0.994766 -0.014093097 -0.12584892 0.99194932 0
1.3794615 4.3604317 -0.5565123 0.035684846 0.11355439 0.99289072 0
0.76196891 6.417635 -0.56132954 0.011060623 0.089172721 0.99595475 0
0.8944335 2.8244801 -0.56861979 0.057512973 0.1816611 0.98167789 1.4099813e-07
0.42702997 3.589824 -0.5664978 0.018523483 0.15578046 0.98761803 8.8886509e-08
0.65707076 2.0704653 -0.57191807 0.078182623 0.24643993 0.96599942 5.6396539e-07
0.29629418 2.4970143 -0.57209831 0.026479967 0.22322889 0.9744063 4.1447635e-07
0.97713083 8.0951242 0.9953745 -0.014091837 -0.12587103 0.99194652 0
1.3939161 4.3532271 -0.55620784 0.037296262 0.11676914 0.99245852 0
0.78406554 6.4124637 -0.56111193 0.010520099 0.086871892 0.99616396 0
0.90278614 2.8166678 -0.56766558 0.057918847 0.18066747 0.98183739 7.9372896e-08
0.44074652 3.5981166 -0.56806022 0.018917222 0.15448561 0.98781389 8.7304379e-08
0.66725677 2.0773535 -0.57450294 0.079037197 0.24606386 0.96602571 5.4444274e-07
0.30559054 2.500802 -0.57322228 0.027262131 0.22314903 0.97440302 4.3148393e-07
0.97893888 8.0975075 2.1730869 -0.03115052 -0.25506023 0.96642327 0
0.99609393 8.1092491 1.57981 -0.023216063 -0.18748809 0.98199248 0
1.0062958 8.0990534 0.99628741 -0.015134806 -0.11834104 0.99285764 0
1.4098755 4.353301 -0.55681628 0.037310522 0.11519717 0.99264169 0
0.80656052 6.419713 -0.56198168 0.010845665 0.085871637 0.99624717 0
0.91185373 2.8111653 -0.56719065 0.058324255 0.18067399 0.98181218 1.3372592e-07
0.45269239 3.5916555 -0.56727928 0.019228214 0.15391478 0.98789704 1.8755543e-08
0.67525274 2.0773079 -0.57514912 0.079898261 0.24584647 0.96601021 4.0467066e-07
0.31328386 2.4949398 -0.5720982 0.028002938 0.22307558 0.97439885 1.5749259e-07
1.0069014 8.0916443 2.1724408 -0.032189418 -0.25986984 0.96510696 0
1.0348736 8.0979519 0.99659175 -0.015314415 -0.1231638 0.9922682 0
1.4235151 4.3436379 -0.55620754 0.038125563 0.11633728 0.99247777 0
0.82944912 6.4117742 -0.56154656 0.010549744 0.085022636 0.99632317 0
0.92166102 2.807965 -0.56719142 0.059911437 0.1820979 0.98145348 1.1180741e-07
0.46491256 3.5876033 -0.5668934 0.020865079 0.15664434 0.98743463 7.9218026e-08
0.68098646 2.0703516 -0.57385659 0.080753386 0.24555156 0.96601415 4.3521604e-07
0.32242617 2.4937749 -0.57209814 0.028821863 0.22296008 0.97440141 4.089751e-07
1.4409908 4.343101 -0.55681592 0.038065612 0.11408742 0.99274117 0
0.85051984 6.3989635 -0.56067646 0.012922804 0.088900886 0.99595666 0
0.92913198 2.7977452 -0.56576043 0.060094632 0.18092488 0.98165923 1.4785383e-07
0.47646466 3.5786142 -0.56572098 0.020297706 0.15422933 0.98782659 9.0919301e-08
0.68897384 2.0702527 -0.57450271 0.081594534 0.2452212 0.96602738 5.7795597e-07
0.3314454 2.4950495 -0.57266009 0.02960154 0.22283548 0.97440654 4.2357095e-07
1.103146 8.1138401 0.42722389 -0.0070664901 -0.054011419 0.99851531 0
1.4561423 4.3380446 -0.5568158 0.038950011 0.11673752 0.99239874 0
0.87184632 6.3885522 -0.56002384 -0.021121934 0.019391153 0.99958885 0
0.94173062 2.8012974 -0.56719238 0.060954057 0.1814203 0.98151481 1.1428389e-07
0.48957777 3.576844 -0.56571949 0.021559732 0.15604621 0.98751444 4.3662435e-08
0.69387811 2.0609708 -0.57256395 0.082520001 0.24504627 0.96599317 4.7530202e-07
0.34080219 2.4987061 -0.57378399 0.03037772 0.22267194 0.97442001 3.3428114e-07
1.0965359 8.1067944 2.1795492 -0.034504145 -0.25385731 0.96662605 0
1.1136221 8.1162415 1.5840998 -0.042315997 -0.58922303 0.80686152 0
1.1230643 8.1012249 0.99841768 -0.013839831 -0.1880437 0.98206317 0
1.1321489 8.1148863 0.42748573 -0.0071206689 -0.052529141 0.99859399 0
1.4728737 4.3376341 -0.55742419 0.0389091 0.11471918 0.99263567 0
0.89311039 6.3780699 -0.55937117 0.012392508 0.087161295 0.99611712 0
0.94912869 2.7910259 -0.56575495 0.06135039 0.18134992 0.98150313 9.1744482e-08
0.50103968 3.5677767 -0.56454515 0.021802168 0.15516667 0.98764771 1.0213218e-07
0.70341009 2.0653925 -0.57450259 0.083307989 0.24462888 0.96603131 5.2143514e-07
0.34818977 2.4878485 -0.57153606 0.031183606 0.22272912 0.97438151 4.515162e-07
1.1506178 8.1023693 0.99902511 -0.018447155 -0.084639944 0.99624085 0
1.4848298 4.3256855 -0.55651194 0.039801747 0.11560187 0.99249786 0
0.91425598 6.375073 -0.55937201 0.012142092 0.085394375 0.99627322 0
0.96077669 2.7948229 -0.56718987 0.062010624 0.18036856 0.98164243 1.2885585e-07
0.51391304 3.5734284 -0.56572127 0.022371124 0.15552709 0.98757827 7.3809403e-08
0.70867884 2.0584826 -0.57321036 0.084153593 0.24442311 0.96601009 5.3449889e-07
0.35746124 2.493916 -0.57322228 0.03187925 0.22241795 0.97443008 3.8598341e-07
1.1796054 8.1032152 0.99963373 -0.020872846 -0.0040586093 0.99977392 0
1.500735 4.3228202 -0.55681604 0.03923627 0.11242178 0.99288565 0
0.93542236 6.3644495 -0.5587194 0.012632547 0.08636605 0.9961834 0
0.97375691 2.8007231 -0.56908977 0.062602982 0.17915323 0.98182738 6.6754524e-08
0.52566987 3.5667267 -0.56493789 0.022800967 0.15460314 0.98771352 9.1321908e-08
0.71665621 2.0582764 -0.57385659 0.084985651 0.2440773 0.9660247 3.5691289e-07
0.36511582 2.4854207 -0.57153624 0.032693274 0.22251341 0.97438133 3.8344118e-07
1.200353 8.1261969 1.5883883 -0.027613252 -0.18614554 0.9821341 0
1.2086129 8.1039581 1.0002424 -0.017875962 -0.1156322 0.99313122 0
1.5158154 4.3175554 -0.55681586 -0.00038662468 -0.0010734804 0.99999934 0
0.9613288 6.3782191 -0.5602417 0.012921206 0.085827693 0.99622619 0
0.98108011 2.7903619 -0.56766844 0.062954299 0.17902364 0.98182857 9.6833098e-08
0.53884774 3.5697544 -0.565718 0.023170751 0.15383866 0.98782426 8.1040973e-08
0.72499996 2.0579131 -0.57450271 0.085876584 0.24375954 0.96602613 5.111927e-07
0.37529808 2.4912944 -0.57322216 0.033482354 0.22232154 0.97439831 4.1609292e-07
1.5316299 4.3119707 -0.55681574 0.040071651 0.11349424 0.99273026 0
0.98094112 6.3575926 -0.55871904 0.013317749 0.086201966 0.99618864 0
0.99246186 2.7915442 -0.56861979 0.063835301 0.1796113 0.9816643 1.4712532e-07
0.55167937 3.5702934 -0.5661031 0.023568163 0.15332867 0.98789418 4.5042146e-08
0.72892892 2.0462725 -0.57191765 0.086727694 0.24349742 0.96601623 5.6931054e-07
0.38399208 2.4899693 -0.5732221 0.034250572 0.22214654 0.97441155 4.2818451e-07
1.5449927 4.301928 -0.556207 0.041338548 0.11516516 0.99248582 0
1.0050603 6.3664317 -0.55980635 0.014668222 0.082552634 0.99647874 0
1.0005366 2.7834451 -0.56766647 0.063942321 0.17834957 0.9818874 1.207879e-07
0.56260866 3.5585866 -0.56454885 0.023780724 0.15324481 0.98790205 5.459534e-08
0.73688781 2.0459874 -0.57256389 0.087581538 0.24320124 0.96601379 3.6928392e-07
0.39230618 2.4862065 -0.57266003 0.035024092 0.22203374 0.97440976 8.551099e-08
1.2880611 8.1301489 1.5917249 -0.029937215 -0.1849214 0.98229724 0
1.5609449 4.301445 -0.55681539 0.04130698 0.11394338 0.99262816 0
1.0094073 2.7776306 -0.56718355 0.065962225 0.18109129 0.98125172 2.9546636e-09
0.57502693 3.5566008 -0.56454933 0.025552541 0.15529945 0.98753691 6.8652987e-08
0.74568188 2.0479395 -0.57385623 0.088430345 0.24289583 0.96601331 4.4231487e-07
0.40131497 2.4897037 -0.57378393 0.035775822 0.22195168 0.97440112 4.2840097e-07
1.3361238 8.1040201 -0.14285967 0.0028413606 0.017470624 0.99984336 0
1.5733836 4.2889829 -0.55590248 0.042079557 0.11470569 0.99250787 0
1.0190969 2.7740901 -0.56718415 0.066298582 0.18113889 0.98122025 8.1729375e-08
0.58584058 3.5448265 -0.56297892 0.025901893 0.15531899 0.98752475 6.1430164e-08
0.75031716 2.0385273 -0.57191741 0.089271516 0.24257359 0.96601689 5.1801135e-07
0.40926152 2.481003 -0.57209784 0.036578979 0.2217907 0.97440797 4.1141521e-07
1.5916852 4.2901654 -0.55681509 0.042158991 0.11357411 0.99263465 0
1.0304857 2.775116 -0.56813723 0.06580393 0.17698272 0.98201168 6.1894674e-08
0.59821081 3.5427597 -0.56297976 0.026404893 0.15553178 0.9874779 3.1054253e-08
0.76164931 2.0472093 -0.57514858 0.090126969 0.24229118 0.96600837 5.5213485e-07
0.41671824 2.4723506 -0.57041192 0.037348963 0.22164504 0.9744119 2.7960223e-07
1.3944852 8.122076 0.42997178 -0.0089283101 -0.053497862 0.99852806 0
1.6049064 4.2799373 -0.55620635 0.043079536 0.1147536 0.99245948 0
1.0401661 2.7715013 -0.5681414 0.066786602 0.17789099 0.98178118 1.3948767e-07
0.61099023 3.5430841 -0.56336969 0.026021831 0.14923944 0.98845863 7.3898363e-08
0.7670868 2.0400188 -0.573856 0.090970501 0.2419595 0.96601242 4.6969825e-07
0.42738965 2.4828882 -0.57322174 0.038125794 0.22152893 0.97440821 3.2792568e-07
1.3891348 8.1328716 2.1982894 -0.043897554 -0.26592723 0.96299309 0
1.4047818 8.130722 1.5955384 -0.033434018 -0.19542637 0.98014832 0
1.415588 8.1257954 1.0069364 -0.020961508 -0.12149296 0.99237096 0
1.6199704 4.2769127 -0.55651051 0.042737395 0.11302817 0.9926722 0
1.0480908 2.7632666 -0.56718272 0.068196751 0.17982955 0.98133099 9.9223264e-08
0.62335414 3.5409291 -0.56337231 0.027047668 0.15550232 0.98746514 5.0799731e-08
0.77420312 2.0373287 -0.57385594 0.09181609 0.24164021 0.9660123 1.8099294e-07
0.433954 2.4718568 -0.57097375 0.038855303 0.22145696 0.97439575 2.7827181e-07
1.4183425 8.1327314 2.1995821 -0.043903101 -0.26517662 0.96319979 0
1.6331137 4.2665973 -0.55590183 0.043881301 0.11447295 0.99245673 0
1.0594893 2.7641721 -0.56814241 0.068209678 0.17799063 0.98166531 1.5264233e-07
0.63571048 3.5387316 -0.56337458 0.027623594 0.15378636 0.98771793 9.8651398e-08
0.78268963 2.0392578 -0.57514834 0.092622735 0.24134363 0.96600944 5.4435822e-07
0.44513035 2.4847188 -0.57434547 0.039630659 0.22125539 0.9744103 2.5562892e-07
1.4479878 8.1348648 2.2015207 -0.045751963 -0.2443894 0.96859723 0
1.648893 4.2631845 -0.55620587 0.043406785 0.1122545 0.99273098 0
1.0691319 2.7604573 -0.56813961 0.068325497 0.17607452 0.98200274 1.0828065e-07
0.649827 3.5462096 -0.56492972 0.028046925 0.15258552 0.98789221 5.2172982e-08
0.78630215 2.0275099 -0.57256329 0.093463868 0.24101397 0.96601075 5.5837245e-07
0.45250055 2.4759586 -0.57265955 0.040402047 0.22112788 0.97440755 4.1253313e-07
1.477235 8.1345119 2.2028131 -0.045760442 -0.26491308 0.96318591 0
1.4938233 8.1372919 1.5998281 -0.034406196 -0.1837558 0.9823696 0
1.6628604 4.2550921 -0.55590153 0.04477248 0.11459932 0.99240237 0
1.0778656 2.7544246 -0.56765914 0.070680916 0.18064737 0.98100495 1.0241721e-07
0.66130078 3.5390632 -0.56415385 0.028410992 0.15247177 0.98789936 4.2696744e-08
0.79160839 2.0202575 -0.57127076 0.094306387 0.24068756 0.96601027 5.3030715e-07
0.46290755 2.4839447 -0.57491583 0.041262913 0.22123851 0.9743464 1.8739568e-07
1.506936 8.1364307 2.204752 -0.0474458 -0.24424714 0.96855164 0
1.6786155 4.2515693 -0.55620551 0.044184104 0.1119395 0.99273223 0
1.0883774 2.7529261 -0.56813878 0.069384813 0.17615265 0.98191446 7.2496533e-08
0.67319155 3.5343068 -0.5637604 0.03102346 0.15790989 0.98696607 4.8030482e-09
0.80132854 2.0242159 -0.5732094 0.095161721 0.2403702 0.96600538 5.0056957e-07
0.46932471 2.4703453 -0.57209736 0.041933406 0.22080658 0.97441572 3.3117385e-07
1.5362216 8.1358681 2.2060447 -0.047600392 -0.26467597 0.96316189 0
1.6925259 4.2433796 -0.55590117 0.045614123 0.1143558 0.99239212 0
1.0979803 2.74911 -0.56814075 0.070514858 0.17673106 0.98172998 1.3870473e-07
0.68505722 3.5295115 -0.56336701 0.030675899 0.15693797 0.98713195 6.2810654e-09
0.80694383 2.0167825 -0.57191682 0.096013725 0.23999701 0.96601385 5.2050137e-07
0.47975281 2.475786 -0.57378328 0.042759497 0.2206928 0.97440565 3.140849e-07
1.5944879 8.1406422 1.0127178 -0.0241681 -0.12450233 0.99192494 0
1.7089959 4.2394485 -0.55620521 0.045071673 0.1120609 0.99267864 0
1.103891 2.7361605 -0.56622916 0.07186152 0.17772941 0.98145205 9.8063801e-08
0.69737315 3.5270975 -0.5633744 0.030101418 0.15253676 0.98783928 9.9042509e-08
0.81307185 2.0117154 -0.57127053 0.096854195 0.23966499 0.96601242 5.6985306e-07
0.48652273 2.4645331 -0.57153529 0.043527033 0.22053495 0.97440737 3.0176736e-07
1.623378 8.1374598 1.0130223 -0.024166532 -0.12448793 0.99192679 0
1.7219105 4.2288623 -0.55559653 0.046279222 0.1135213 0.99245715 0
1.1152903 2.7368336 -0.56718642 0.072205089 0.1776415 0.98144275 2.6413451e-08
0.7101652 3.5270634 -0.56376249 0.030663552 0.15241688 0.98784047 9.7399656e-08
0.81917441 2.0066299 -0.57062423 0.097685993 0.23932184 0.96601373 5.7074215e-07
0.49417126 2.4580414 -0.57041126 0.044296127 0.22037654 0.97440857 3.1865923e-07
1.6251066 8.1382837 2.2112145 -0.054184861 -0.20235758 0.97781152 0
1.7368689 4.2254233 -0.55590069 0.045803737 0.11143018 0.99271613 0
1.1248367 2.7329233 -0.56719017 0.072463796 0.17541251 0.98182458 1.1227846e-07
0.72148728 3.5197239 -0.56297874 0.031637508 0.15453227 0.98748106 8.0320078e-08
0.82986438 2.0126855 -0.57320911 0.098532058 0.23900214 0.96600693 5.7394061e-07
0.50231981 2.4563892 -0.57041121 0.04502305 0.22022055 0.97441053 1.6302702e-07
1.7506554 4.2170434 -0.55559617 0.10706098 0.21143912 0.97150987 0
1.1381441 2.7380438 -0.56908846 0.072905496 0.17500183 0.98186511 9.4424315e-08
0.73427004 3.5196021 -0.5633719 0.032221373 0.15487215 0.98740894 6.2384956e-08
0.83316332 2.0008624 -0.57062411 0.099358626 0.23864265 0.96601117 4.5434896e-07
0.51131952 2.4545317 -0.57041109 0.045832396 0.22005893 0.97440928 4.3503698e-07
1.765139 4.2083111 -0.55529177 0.04842823 0.11491091 0.99219465 0
1.1457918 2.7295289 -0.56813931 0.073210679 0.17485188 0.98186916 2.527457e-08
0.74706107 3.5194342 -0.56375557 0.031828132 0.14726271 0.98858517 8.1256575e-09
0.84014255 1.9979417 -0.57062399 0.10018917 0.2382952 0.96601117 5.3570113e-07
0.52138627 2.4598839 -0.57209694 0.046582568 0.21987393 0.97441548 3.5905995e-07
1.7014298 7.9076543 0.42199513 -0.0092069497 -0.064201832 0.99789447 0
1.7798181 4.2021232 -0.55529159 0.047584593 0.11290962 0.9924652 0
1.1553124 2.725512 -0.56814229 0.07487075 0.17624168 0.98149538 9.0139025e-08
0.7593416 3.5168047 -0.56375974 0.032261744 0.14999841 0.98815972 8.1480582e-09
0.84900343 1.9994409 -0.57191634 0.10101967 0.23793809 0.96601266 5.0568457e-07
0.52895176 2.4532843 -0.57097292 0.047370363 0.21974263 0.97440714 4.5418227e-07
1.7476586 8.1573114 2.2228467 -0.051922038 -0.183364 0.98167294 0
1.7657574 8.1655216 1.6155568 -0.040252794 -0.18453249 0.98200178 0
1.7297708 7.9117265 0.42251861 -0.011345619 -0.049422771 0.99871349 0
1.7966719 4.203042 -0.5562042 0.047664847 0.11158282 0.99261135 0
1.1609508 2.7124412 -0.5662334 0.075118959 0.17546238 0.98161608 1.3898456e-07
0.7716127 3.514132 -0.56376505 0.033740062 0.15352896 0.98756796 9.398817e-08
0.8588388 2.0031214 -0.57385498 0.10188081 0.23751393 0.9660266 3.0459282e-07
0.53656751 2.4491363 -0.57041091 0.048096269 0.21963525 0.97439575 3.8157879e-07
1.7589983 7.9129519 0.42291129 -0.011304297 -0.050392929 0.99866551 0
1.8073953 4.1876335 -0.55498701 0.048547205 0.11218813 0.99250036 0
1.1743119 2.7173808 -0.56814146 0.07564459 0.17511132 0.98163837 1.2829885e-07
0.78280497 3.5065958 -0.56298369 0.033737674 0.15183504 0.98782986 7.2124926e-08
0.86259341 1.9936157 -0.57191628 0.10261407 0.23726426 0.96601039 5.270843e-07
0.54563844 2.4496269 -0.5709728 0.048861675 0.21947481 0.97439384 4.2339352e-07
1.8369247 8.1631603 1.021542 -0.018952848 0.031471185 0.99932498 0
1.8229942 4.1835737 -0.55529112 0.04829248 0.11120015 0.99262398 0
1.1808416 2.7065189 -0.56671065 0.075660586 0.17385913 0.98185968 6.6818934e-08
0.7961272 3.5086598 -0.56376129 0.034379546 0.15206943 0.98777169 8.8727219e-08
0.87051606 1.9928049 -0.57256234 0.10347051 0.23696992 0.96599126 5.5778321e-07
0.55525291 2.4524612 -0.57209665 0.049624518 0.21921206 0.97441441 4.3247272e-07
1.8345859 4.170372 -0.55437613 0.049431928 0.11218903 0.99245661 0
1.1902817 2.7023807 -0.56670952 0.077797249 0.17591444 0.98132652 4.8902564e-08
0.80616313 3.496232 -0.56220096 0.034911118 0.15194745 0.98777181 1.0256102e-07
0.87683743 1.9873923 -0.57191521 0.10442082 0.23677798 0.96593606 7.637052e-07
0.56206924 2.4409106 -0.56984758 0.050441246 0.21914925 0.97438663 3.5029993e-07
1.8508674 4.1658878 -0.55468017 0.0808881 0.22790354 0.97031802 0
1.197711 2.6937268 -0.56574988 0.078120254 0.1757845 0.98132414 1.1288981e-07
0.81836236 3.493397 -0.56219763 0.036524836 0.15406181 0.98738587 3.1913149e-08
0.88672322 1.9909353 -0.57385367 0.10503335 0.2358962 0.96608537 5.0965764e-07
0.57113671 2.4413068 -0.57040954 0.051193248 0.21892197 0.97439849 4.2011749e-07
1.8664141 4.161665 -0.55498433 0.04928289 0.10993429 0.99271631 0
1.4773184 6.2148228 -0.55479741 0.020247811 0.085118428 0.9961651 0
1.2091191 2.6940057 -0.56670743 0.077621378 0.17318133 0.98182642 1.1988614e-07
0.82998335 3.4881165 -0.56180418 0.036362454 0.15348989 0.98748094 3.072666e-08
0.89069057 1.9812225 -0.57191491 0.10607836 0.23600431 0.96594483 6.0379676e-07
0.58021379 2.4416692 -0.57097137 0.051975667 0.21878675 0.97438747 4.4363892e-07
1.8791806 4.1531925 -0.55467987 0.048447963 0.10868263 0.99289519 0
1.2185159 2.689769 -0.56670374 0.077916391 0.17244598 0.98193252 6.8747497e-08
0.84215415 3.4851985 -0.56180137 0.03669681 0.15336365 0.98748821 3.9299117e-08
0.90060091 1.9846964 -0.57385355 0.10681792 0.23541208 0.96600783 5.060549e-07
0.58660764 2.4326241 -0.56928539 0.052680381 0.21849845 0.97441429 4.1546809e-07
1.8916029 4.1420937 -0.55407113 0.050732896 0.11121836 0.99250019 0
1.2248313 2.6788046 -0.56527793 0.079673283 0.17387879 0.98153877 1.3699416e-07
0.85665536 3.4918323 -0.5633719 0.037169851 0.15222138 0.98764724 8.8133994e-08
0.90415567 1.975114 -0.57191479 0.10759502 0.23507202 0.96600437 7.9112516e-07
0.59682018 2.4376633 -0.57097125 0.053445078 0.21832401 0.97441173 3.3059658e-07
1.9673973 7.930624 0.42631775 -0.012210757 -0.048824169 0.99873275 0
1.6899225 6.7992468 -0.12176358 0.0043881261 0.017204139 0.99984235 0
1.9091691 4.1422253 -0.55498379 0.05074729 0.1101319 0.99262059 0
1.2341746 2.6745133 -0.56527728 0.081141695 0.17495435 0.98122728 2.8076979e-08
0.86943269 3.4912176 -0.56375831 0.037722182 0.15035914 0.98791152 1.1807948e-08
0.91307437 1.9763288 -0.57320714 0.10839822 0.23465225 0.96601665 4.4316513e-07
0.60357612 2.4284694 -0.56928521 0.054214358 0.2181761 0.97440237 3.7973825e-07
1.713001 6.7857356 -0.12163238 0.004087836 0.016691307 0.99985236 0
1.9204739 4.128787 -0.55407077 0.051728461 0.11094769 0.99247909 0
1.2424657 2.6679659 -0.56479424 0.081764437 0.17600343 0.98098797 4.5353527e-08
0.88281816 3.4929523 -0.56453496 0.037909269 0.15014468 0.98793697 4.7457867e-08
0.918266 1.9685935 -0.57191461 0.10926452 0.23426186 0.96601379 5.37961e-07
0.61306465 2.4286039 -0.56984711 0.05500973 0.21796826 0.97440434 4.2423702e-07
1.7335839 6.7676058 -0.12141388 0.0043589361 0.016999014 0.99984598 0
1.9366494 4.1239662 -0.55437493 0.051262747 0.1093725 0.99267811 0
1.252816 2.6658318 -0.56527799 0.080550283 0.17156042 0.98187506 1.1372441e-07
0.89317423 3.4826701 -0.56337196 0.038241055 0.15013516 0.98792565 6.3133456e-08
0.92822385 1.9719286 -0.57385319 0.11007493 0.23387156 0.96601635 3.7616829e-07
0.62333858 2.4335322 -0.57153296 0.055769283 0.2177621 0.97440726 4.4689742e-07
1.758451 6.7663522 -0.12150098 0.0043494804 0.016811216 0.9998492 0
1.9489058 4.1126966 -0.55376619 0.052847829 0.11108164 0.99240518 0
1.2631671 2.6636596 -0.56575108 0.081148565 0.17127633 0.98187542 1.1255446e-07
0.90532559 3.4795308 -0.56337219 0.040188104 0.15268983 0.98745668 8.0142691e-08
0.92991066 1.9577739 -0.57062203 0.11090387 0.23350716 0.96600968 5.6012681e-07
0.63061285 2.4266238 -0.57040894 0.056530174 0.21757363 0.97440547 1.8628171e-07
1.7795171 6.7505031 -0.12132613 0.0045427559 0.017068053 0.99984401 0
1.9625334 4.1062117 -0.55376601 0.052062247 0.10943083 0.99263006 0
1.2692745 2.6525943 -0.5643276 0.081804395 0.17134625 0.98180878 1.3444541e-07
0.9162119 3.4715731 -0.56259006 0.038876556 0.14918037 0.98804545 8.7346521e-08
0.93778473 1.9566927 -0.57126814 0.11171078 0.23311295 0.96601194 3.6011431e-07
0.63988858 2.4292331 -0.57153285 0.057253364 0.21737768 0.97440702 3.542219e-07
1.9714608 4.0881634 -0.55224454 0.053123318 0.10994614 0.99251688 0
1.2795945 2.6503568 -0.56480378 0.083804928 0.17298172 0.98135316 8.8422134e-08
0.92768919 3.4659684 -0.56219387 0.042513777 0.15522495 0.98696393 5.2542015e-09
0.94250244 1.9490612 -0.56997555 0.11252478 0.23274149 0.96600705 1.4432656e-07
0.64816314 2.4245167 -0.57097077 0.058050122 0.21716809 0.9744066 3.5011567e-07
3.1700871 6.5272365 0.12597278 -0.0076377052 -0.01590587 0.99984431 0
1.9886056 4.0853715 -0.55285293 0.052993342 0.10912676 0.99261427 0
1.2866858 2.6414628 -0.56385106 0.082648508 0.17012076 0.98195118 1.1267971e-07
0.93913841 3.4603252 -0.56180209 0.041366417 0.15258814 0.98742378 1.4460075e-08
0.95036125 1.9479289 -0.57062173 0.11333051 0.23231414 0.9660157 5.5278514e-07
0.65598941 2.4198871 -0.5704087 0.058803804 0.21695821 0.97440815 4.220841e-07
3.199455 6.5295978 0.12623468 -0.0076126065 -0.016217494 0.99983948 0
1.99738 4.0672708 -0.5513314 0.054202292 0.10970198 0.99248558 0
1.296983 2.639158 -0.56432074 0.083043918 0.16994019 0.98194909 1.0549377e-07
0.95121139 3.4570253 -0.56180471 0.041601278 0.15156765 0.98757106 8.6552141e-08
0.961429 1.9532627 -0.5732066 0.11414431 0.23194402 0.96600884 4.5875402e-07
0.66507363 2.4199324 -0.57097059 0.059542555 0.21671714 0.97441691 4.6803905e-07
2.0097547 4.0584016 -0.55102688 0.10573251 0.18109369 0.97776568 0
1.3040041 2.6302185 -0.56336784 0.083007671 0.16929241 0.98206407 1.798074e-08
0.96525401 3.4608228 -0.56297261 0.041636866 0.14945008 0.98789221 2.9349611e-08
0.96824127 1.9498949 -0.57320648 0.11495639 0.23153794 0.96600997 1.907632e-07
0.67114794 2.41067 -0.56928462 0.060278114 0.21653892 0.97441131 3.4024276e-07
1.9058682 6.7496967 -0.12189256 0.0047971825 0.017139057 0.99984163 0
2.022799 4.0491424 -0.55072254 0.054606471 0.10955119 0.99248004 0
1.3109787 2.6212621 -0.56241703 0.086200088 0.17143796 0.98141664 5.9558744e-08
0.97665995 3.455055 -0.5625844 0.042085528 0.14947064 0.9878701 5.6827535e-08
0.97179103 1.9400283 -0.57126772 0.1157594 0.23112264 0.96601349 4.8459623e-07
0.68129414 2.4128852 -0.57040846 0.06107679 0.21634282 0.97440517 4.2523033e-07
2.0409803 4.048347 -0.55163509 0.054545928 0.10796392 0.9926573 0
1.3172557 2.6098697 -0.56098145 0.08656726 0.17117053 0.98143095 7.7732871e-08
0.98660773 3.4419541 -0.56101853 0.043816905 0.15159132 0.98747158 3.8742385e-08
0.97889513 1.9364535 -0.5712676 0.1165952 0.23068084 0.96601856 5.4946491e-07
0.68880093 2.4056854 -0.56928444 0.061863728 0.21608855 0.97441196 3.4968963e-07
3.4130738 6.714457 -0.39299086 0.0048870244 -0.0010842745 0.99998748 0
2.0546784 4.0386276 -0.55133069 0.055522375 0.10933369 0.99245322 0
1.330158 2.6115813 -0.56242019 0.086873204 0.17092945 0.98144597 9.8573537e-08
0.99921632 3.4383144 -0.56102234 0.044142485 0.15137191 0.98749077 4.9500027e-08
0.98454958 1.9308743 -0.57062131 0.11740319 0.23027678 0.96601713 4.8258897e-07
0.69921708 2.4102888 -0.5709703 0.06262245 0.21589968 0.97440535 3.8993105e-07
1.9888713 6.7674017 -0.1225904 0.0047531272 0.017469553 0.99983609 0
2.0710311 4.0358453 -0.55193901 0.055288557 0.10792286 0.99262071 0
1.7904119 6.0904355 -0.55131465 0.02488438 0.08392261 0.99616152 0
1.3381431 2.6047401 -0.56194317 0.086602576 0.16806537 0.98196435 8.5891962e-08
1.0119065 3.4371748 -0.56141597 0.044285066 0.15140674 0.98747903 5.395481e-08
0.99239016 1.9295723 -0.57126743 0.11821833 0.2298806 0.96601206 5.4910385e-07
0.70626134 2.4031565 -0.56984627 0.063372351 0.21566744 0.97440827 4.5037001e-07
2.0167511 6.7747946 -0.12285211 0.0079459399 0.0054331212 0.99995369 0
2.0805402 4.0197787 -0.55072182 0.056183401 0.10844436 0.9925136 0
1.3490336 2.6046448 -0.56289589 0.08811678 0.17071299 0.98137277 8.209269e-08
1.0225966 3.4314327 -0.5610261 0.044464633 0.14919004 0.98780829 7.1076023e-08
0.99577737 1.9196683 -0.56932867 0.11902459 0.22947028 0.96601063 7.5324982e-07
0.71602696 2.4053488 -0.57097012 0.064125262 0.21545346 0.97440636 1.8369415e-07
2.0961564 4.0172558 -0.55133015 0.056011584 0.10734984 0.99264228 0
1.3569797 2.5977459 -0.56241918 0.087883942 0.168053 0.98185265 9.0694584e-08
1.0374104 3.4373031 -0.56258118 0.044839982 0.14896864 0.98782474 5.8487053e-08
1.0058368 1.9225972 -0.57126731 0.11981093 0.22903678 0.96601629 7.6353268e-07
0.72260267 2.3982937 -0.56984609 0.064835645 0.21522836 0.9744091 3.9360614e-07
2.1078537 4.0055242 -0.55072147 0.057117112 0.1084427 0.99246049 0
1.3690221 2.5997448 -0.56384307 0.088418685 0.1679868 0.98181593 1.2160228e-07
1.0452116 3.4220307 -0.5606342 0.045651931 0.14945272 0.98771441 9.4595379e-08
1.0110784 1.9171162 -0.57062101 0.12057215 0.22863819 0.96601599 9.7327063e-07
0.73167646 2.398088 -0.57040799 0.065587692 0.21500297 0.97440851 4.1278463e-07
2.1222885 4.0007033 -0.55102545 0.056569818 0.10679068 0.99267095 0
1.3746306 2.5884497 -0.56241709 0.088625349 0.16753772 0.98187405 4.262381e-08
1.0564243 3.4160023 -0.56023836 0.046656102 0.15022467 0.98755038 3.6840177e-08
1.0200362 1.9178374 -0.57191324 0.12136504 0.22822574 0.96601427 7.6302746e-07
0.73676783 2.3863325 -0.56816 0.066290982 0.21478114 0.97440988 3.1995918e-07
2.1338978 3.9888961 -0.55041683 0.057712562 0.10790467 0.99248469 0
1.3836575 2.5836351 -0.56241995 0.090869047 0.16879429 0.98145366 1.0825411e-07
1.0698111 3.4170074 -0.56102628 0.046853144 0.14977814 0.98760885 1.0596082e-07
1.021818 1.9059348 -0.56932837 0.12213777 0.22780551 0.96601605 7.6302746e-07
0.74870509 2.3953786 -0.57096982 0.067025699 0.21435708 0.97445297 4.0134398e-07
2.1501665 3.9857895 -0.55102509 0.057300277 0.10569435 0.99274641 0
1.3879969 2.5701549 -0.5605132 0.090024717 0.16729321 0.98178846 1.1653292e-07
1.0809895 3.4108982 -0.56063098 0.047364615 0.15031216 0.98750335 7.4093421e-08
1.0319164 1.9087267 -0.57126707 0.1229268 0.22737598 0.96601719 7.6213342e-07
0.75414002 2.383455 -0.56872177 0.067825042 0.21450891 0.97436422 4.1901234e-07
2.1640666 3.97826 -0.55102575 0.05915454 0.10911751 0.99226713 0
1.3981352 2.5674484 -0.56098986 0.09175875 0.16789177 0.98152572 1.1066361e-07
1.0936401 3.4094555 -0.56102526 0.047657304 0.14846002 0.98776942 9.3515979e-08
1.0362569 1.9008741 -0.56997466 0.12372247 0.22695346 0.96601492 7.5622626e-07
0.76540953 2.3900931 -0.57097006 0.068609595 0.21418425 0.97438073 3.2196382e-07
2.1791346 3.9728568 -0.55132985 0.058155913 0.10631219 0.99263066 0
1.4023588 2.5539525 -0.55907691 0.09206336 0.16773881 0.98152333 5.9144259e-08
1.1078131 3.4126675 -0.56218845 0.04787723 0.1474847 0.98790485 3.0974245e-08
1.0463818 1.9035912 -0.57191336 0.12453876 0.22656651 0.96600091 7.7500624e-07
0.77300125 2.3850882 -0.57040805 0.069306187 0.2138509 0.97440463 4.1924545e-07
2.1881816 3.956543 -0.55011266 0.059262328 0.10691605 0.99250036 0
1.4112653 2.5490415 -0.55907768 0.09252023 0.16729937 0.98155534 9.5736567e-08
1.1174159 3.4017377 -0.56102502 0.048756171 0.14845805 0.98771608 1.0112183e-07
1.0495023 1.8935934 -0.5699746 0.12525028 0.22601058 0.96603912 5.9222043e-07
0.78132212 2.3823752 -0.57040793 0.070036165 0.21358781 0.97441018 1.5129515e-07
2.2031887 3.9510472 -0.55041671 0.058772273 0.1055683 0.99267375 0
1.4273407 2.5569525 -0.56193435 0.0927075 0.16570225 0.9818086 7.7088728e-08
1.128508 3.3954732 -0.56062669 0.049787205 0.14973025 0.98747259 1.2872397e-08
1.0584658 1.8941326 -0.57126701 0.12615931 0.22574519 0.96598291 4.6005266e-07
0.78887051 2.3773198 -0.56984586 0.070786998 0.21335143 0.97440767 3.2093271e-07
2.2145329 3.9390075 -0.54980797 0.059885077 0.10660784 0.99249613 0
2.0107596 5.9845095 -0.54826874 0.027355811 0.081627451 0.99628741 0
1.4338465 2.5476778 -0.560987 0.093302891 0.16559759 0.98176986 1.0722656e-07
1.141921 3.3961954 -0.5614149 0.04967564 0.14759444 0.9877997 9.7824199e-08
1.0630255 1.886035 -0.56997442 0.12689093 0.22515702 0.96602434 5.8297104e-07
0.79680723 2.3721018 -0.56928378 0.071563162 0.21308821 0.97440863 3.1453138e-07
2.2326303 3.9373384 -0.55072063 0.05979364 0.10555173 0.99261451 0
2.0300379 5.9727373 -0.54783356 0.028202595 0.083009072 0.99614966 0
1.4415182 2.5405238 -0.56051028 0.094225712 0.16600381 0.9816131 1.4515963e-07
1.1545614 3.3945284 -0.56179845 0.049704138 0.14553982 0.98810303 1.9640233e-08
1.0707977 1.8844116 -0.5706206 0.12770906 0.22476669 0.96600741 4.0551782e-07
0.80430317 2.3669984 -0.56872177 0.072287835 0.2128195 0.97441381 3.0533931e-07
2.2414305 3.9209061 -0.54950339 0.060538374 0.10594413 0.99252754 0
2.05249 5.9703264 -0.54826832 0.03194581 0.11853864 0.9924354 0
1.4528183 2.5397365 -0.56145608 0.093690068 0.16453457 0.98191166 4.9201823e-08
1.1656029 3.3881407 -0.56141418 0.051169597 0.14883704 0.98753697 9.8871404e-08
1.074964 1.8764732 -0.56932801 0.12846909 0.22428714 0.96601808 4.7262611e-07
0.81413555 2.3687866 -0.56984562 0.073083222 0.21265419 0.97439063 3.6494893e-07
2.2593787 3.9220505 -0.55072027 0.060595557 0.10513509 0.9926101 0
2.0739088 5.968194 -0.54870307 0.028180474 0.079909101 0.99640375 0
1.4579918 2.5282729 -0.56003386 0.094976813 0.16492294 0.98172289 1.3003189e-07
1.1774228 3.3840511 -0.56141448 0.050814573 0.14657272 0.98789388 6.9128923e-08
1.0815078 1.8727095 -0.56932789 0.12920129 0.22379087 0.96603554 5.585926e-07
0.82119119 2.3637717 -0.56928355 0.073776603 0.21238382 0.9743973 2.2076762e-07
2.2693143 3.9077039 -0.54980725 0.083550021 0.12081201 0.98915309 0
2.0965939 5.962903 -0.54892033 0.028799631 0.082573384 0.99616879 0
1.4631045 2.5168071 -0.55859548 0.096840248 0.16589092 0.98137766 1.1458248e-08
1.1900445 3.3822508 -0.56180471 0.051766235 0.14722089 0.98774809 9.8673468e-08
1.0868213 1.8668371 -0.56868166 0.13003278 0.2233879 0.96601725 1.9879226e-07
0.8298493 2.3607459 -0.56928349 0.074565858 0.21212569 0.97439349 3.2776745e-07
2.2798567 3.8929381 -0.54889429 0.062645406 0.10608622 0.99238163 0
1.4731224 2.5137999 -0.55907947 0.096985847 0.1654171 0.98144329 1.1583558e-07
1.1985455 3.3687673 -0.56023657 0.052697293 0.14814687 0.98756039 5.9460394e-08
1.0908825 1.8588686 -0.56738907 0.13082266 0.22295038 0.9660117 2.3053944e-07
0.83565015 2.3509443 -0.56759745 0.075278267 0.21179509 0.97441059 1.822355e-07
2.2921691 3.8828194 -0.54858983 0.03958153 0.078135803 0.99615669 0
1.4831386 2.5107555 -0.55954868 0.095431156 0.16125454 0.98228806 4.2279019e-08
1.2119623 3.3692112 -0.56102389 0.052965552 0.1472514 0.98767996 9.6969913e-08
1.0985963 1.8571268 -0.56803524 0.1315999 0.22249527 0.96601105 3.6501268e-07
0.84385145 2.3480129 -0.56759739 0.076010793 0.21152237 0.97441298 4.1789815e-07
2.3037629 3.8730655 -0.54828542 0.06369324 0.10667382 0.99225193 0
1.4906363 2.5034544 -0.55907774 0.098304912 0.16537267 0.98131955 1.1116265e-07
1.2253981 3.3696048 -0.56179726 0.052974343 0.1456179 0.98792166 3.6278738e-08
1.1087884 1.8595001 -0.56997383 0.13237873 0.22202985 0.9660117 5.431026e-07
0.85163319 2.3452015 -0.56759727 0.076717168 0.21128681 0.97440875 4.0099977e-07
2.3172686 3.8649998 -0.54828525 0.062878981 0.10531038 0.99244946 0
1.4993658 2.4982362 -0.5590781 0.098613463 0.16443498 0.98144615 1.3692146e-07
1.2346052 3.3583493 -0.56063378 0.053133838 0.14546995 0.98793489 4.604923e-08
1.1152726 1.8556182 -0.56997377 0.13316192 0.22157773 0.96600789 6.5622395e-08
0.86272973 2.3489292 -0.56928313 0.077482231 0.21100666 0.97440892 4.2957305e-07
2.3352733 3.86285 -0.54919785 0.062691167 0.1036586 0.99263525 0
1.5106202 2.497184 -0.56003457 0.098902948 0.16372932 0.98153496 1.4267523e-07
1.2463206 3.3540192 -0.56063247 0.054936022 0.1474378 0.98754448 3.7583213e-08
1.1217431 1.8517139 -0.56997365 0.13393576 0.22111109 0.96600783 3.3028061e-07
0.8675496 2.3367622 -0.56703514 0.078233458 0.21074712 0.97440505 3.683833e-07
2.3461585 3.8504374 -0.54858911 0.061421171 0.10255439 0.99282932 0
1.5180486 2.4898012 -0.55955875 0.098616309 0.1614037 0.98194891 1.1115447e-07
1.2554255 3.3427107 -0.55945611 0.055174336 0.14697835 0.98759967 8.1110123e-08
1.1269394 1.845727 -0.56932729 0.13471329 0.22064582 0.9660061 4.8954973e-07
0.87740421 2.3382843 -0.56815898 0.078959078 0.21045914 0.97440875 4.3799008e-07
2.3550167 3.8362937 -0.54767615 0.063893102 0.10408222 0.99251425 0
1.5293031 2.4886675 -0.56051195 0.10040554 0.16376172 0.98137701 1.1781044e-07
1.2705789 3.3475463 -0.56102383 0.055484917 0.14623839 0.98769212 9.9821612e-08
1.132108 1.8397264 -0.568681 0.13550565 0.22019815 0.9659974 4.6085154e-07
0.88601261 2.3376415 -0.56872088 0.07965292 0.21018629 0.97441119 3.9968202e-07
2.372313 3.8343785 -0.54858875 0.063765712 0.10286754 0.99264908 0
1.5366874 2.4812286 -0.56003451 0.099645883 0.16069227 0.98196167 8.6782542e-08
1.2813751 3.3407848 -0.56062919 0.055488084 0.1448884 0.9878909 9.7195691e-09
1.1397974 1.8378143 -0.56932712 0.13623761 0.21969019 0.96601009 4.7604615e-07
0.89197224 2.3275492 -0.56703484 0.080438241 0.20995021 0.97439754 4.2363754e-07
2.3850367 3.8235533 -0.54828429 0.064670146 0.10392584 0.99248034 0
1.5479406 2.4800115 -0.56098813 0.10138043 0.16263409 0.98146427 1.1681752e-07
1.2930285 3.3362911 -0.56063354 0.056786526 0.1463223 0.98760575 7.7001786e-08
1.1436419 1.8297315 -0.56803465 0.13697943 0.21917698 0.96602178 7.6814956e-07
0.90359294 2.3335149 -0.56928265 0.081156783 0.20961089 0.97441101 3.8246995e-07
2.4023335 3.8215053 -0.5491969 0.064520486 0.10259589 0.99262846 0
1.553972 2.4704401 -0.56003386 0.10136167 0.16108498 0.9817217 1.4590567e-07
1.3010771 3.3225555 -0.55906969 0.05696097 0.14550065 0.98771709 9.7066881e-08
1.1526 1.8298125 -0.56932694 0.13777055 0.2187456 0.96600705 7.0983327e-07
0.90996629 2.3258059 -0.56815863 0.081892766 0.20933788 0.97440815 4.3177135e-07
2.4123359 3.8093259 -0.54858822 0.066856928 0.10449706 0.99227542 0
1.5665325 2.4712172 -0.56146055 0.1017701 0.16056667 0.98176432 1.4067989e-07
1.3162886 3.3271828 -0.56063402 0.057637911 0.14564054 0.98765719 9.0896833e-08
1.1576842 1.8237406 -0.56868064 0.1385178 0.21823779 0.96601504 7.9799935e-07
0.91945565 2.3273101 -0.56928247 0.082588069 0.20906287 0.97440851 3.8662577e-07
2.4242826 3.7987914 -0.54828376 0.067135051 0.10481097 0.99222356 0
1.5738264 2.4636662 -0.5609833 0.10179085 0.15936598 0.98195779 7.4541838e-08
1.3242409 3.3133912 -0.55907047 0.057580199 0.14444301 0.98783642 4.6346507e-08
1.1650285 1.8219247 -0.56932676 0.13924794 0.21778598 0.96601206 7.9799935e-07
0.92397898 2.3150299 -0.56703448 0.083326228 0.2087945 0.9744032 4.2982964e-07
2.4375279 3.7903056 -0.54828358 0.064949915 0.10140023 0.99272329 0
1.5810871 2.4560952 -0.56050497 0.10605621 0.16342269 0.98083895 1.1982586e-07
1.3376416 3.3133304 -0.55985272 0.058822464 0.14535624 0.98762923 8.0190283e-08
1.1700712 1.8158183 -0.56868047 0.14004226 0.21735464 0.96599436 8.0453992e-07
0.93386757 2.3163126 -0.56815833 0.084060863 0.20850824 0.97440141 4.3417043e-07
2.4480429 3.7776108 -0.54767483 0.066544615 0.10270958 0.99248302 0
1.5896509 2.4505613 -0.56050396 0.10045766 0.15640047 0.98257172 1.131006e-07
1.3445523 3.2972026 -0.55789793 0.058920011 0.14457159 0.98773855 1.0140015e-07
1.1790366 1.8157713 -0.56997287 0.14070417 0.21667364 0.96605116 5.7781165e-07
0.94194734 2.3130386 -0.56815827 0.084750809 0.20812839 0.97442281 4.5408265e-07
2.4639297 3.7731967 -0.54828322 0.065954275 0.10054897 0.99274367 0
1.5968509 2.4429433 -0.56003231 0.10402898 0.15926088 0.98174024 1.5327892e-07
1.3579282 3.2970579 -0.55867976 0.059900358 0.14502455 0.9876132 8.5521386e-08
1.1827195 1.8076055 -0.56868029 0.14162512 0.21649802 0.96595597 7.1569139e-07
0.9481709 2.3052275 -0.5670343 0.085660711 0.20816639 0.97433513 4.477416e-07
4.2052951 6.3958039 -0.39939603 0.028680516 0.043560427 0.99863905 0
2.4770854 3.7645726 -0.54828376 0.0069711497 0.010572024 0.99991983 0
1.6040177 2.4353065 -0.55955172 0.1077305 0.16225231 0.98085082 1.1766397e-07
1.3675383 3.2877359 -0.55789709 0.059445348 0.14322188 0.98790371 7.8513729e-08
1.1919997 1.8072878 -0.56997293 0.14230458 0.21575174 0.96602309 3.570882e-07
0.95847487 2.3062389 -0.56815845 0.086278975 0.20759733 0.97440201 2.2946823e-07
4.2245693 6.3741059 -0.39900312 0.020605344 0.03639609 0.999125 0
2.4908667 3.7554684 -0.54828358 0.067577079 0.10231242 0.99245429 0
1.6125083 2.4296925 -0.55955392 0.10638126 0.16038205 0.9813056 4.5383572e-08
1.3780532 3.2806649 -0.55750126 0.062501408 0.1471111 0.98714328 4.2597666e-08
1.1996398 1.8051262 -0.57061923 0.14303236 0.21525031 0.96602744 5.0221377e-07
0.96370381 2.2961354 -0.56647247 0.087008581 0.20727888 0.97440493 4.4129968e-07
2.5081 3.7529383 -0.54919618 0.067302898 0.10036653 0.99267161 0
1.6196139 2.4220092 -0.55908024 0.10558054 0.15797053 0.98178309 1.2578964e-07
1.3894963 3.2758346 -0.55750144 0.05855941 0.13980274 0.98844624 7.2790954e-08
1.2059336 1.8009278 -0.57061905 0.14378291 0.2147655 0.96602392 2.1066334e-07
0.97549838 2.3017361 -0.56872028 0.087713584 0.207013 0.97439826 4.2945052e-07
4.243227 6.3157306 0.13213061 -0.0097842263 -0.014546208 0.99984634 0
2.5205312 3.7446005 -0.549196 0.00051227992 0.0007852299 0.99999958 0
1.6321766 2.4224441 -0.56050938 0.1065862 0.15821989 0.98163426 1.4691157e-07
1.3999535 3.2686925 -0.5571146 0.062535211 0.14558563 0.98736727 8.0815227e-08
1.2068022 1.7887042 -0.56803411 0.14452973 0.21426582 0.96602345 5.4634819e-07
0.9840796 2.3007302 -0.56928217 0.088393785 0.20670064 0.97440308 4.3729386e-07
2.5335867 3.7357795 -0.54919577 0.067590386 0.10006419 0.99268258 0
1.6351033 2.4086134 -0.55860424 0.10673093 0.15731613 0.98176378 1.219797e-07
1.4103782 3.2615197 -0.5567162 0.063174121 0.14611863 0.98724788 8.5529637e-09
1.2157576 1.7884729 -0.5693264 0.14530253 0.21377674 0.96601588 2.4024146e-07
0.98961967 2.2903938 -0.5675962 0.089146264 0.20634632 0.97440964 2.5515556e-07
2.5430586 3.7203245 -0.5482828 0.069390342 0.10115346 0.99244797 0
1.6476617 2.4089658 -0.56003308 0.10802443 0.15802613 0.98150826 6.9139084e-08
1.4227389 3.2588394 -0.55711406 0.062021073 0.14220275 0.98789257 7.6371613e-08
1.2165273 1.7762532 -0.56674141 0.1460499 0.21328658 0.96601152 2.9092405e-07
0.99954832 2.2913949 -0.56872004 0.089870758 0.20604643 0.97440654 4.4446492e-07
2.5560296 3.7114248 -0.54828262 0.069311723 0.10103887 0.99246514 0
1.6518786 2.3971398 -0.5586037 0.10800388 0.15664983 0.98173112 1.2856052e-07
1.4350986 3.256114 -0.55750662 0.063114457 0.14328562 0.98766685 9.6750604e-08
1.2268407 1.7779554 -0.56868005 0.14679675 0.21276699 0.9660129 5.4876585e-07
1.0085182 2.290123 -0.56928194 0.090593196 0.20574015 0.97440434 3.9109062e-07
2.5725684 3.7090435 -0.54919523 0.069121458 0.099658921 0.99261791 0
1.6672413 2.4014344 -0.56098348 0.10859648 0.15644018 0.98169917 1.4128274e-07
1.4434537 3.2443128 -0.55633301 0.06356509 0.14290424 0.98769319 1.0033201e-07
1.2371804 1.7796071 -0.57061863 0.14754783 0.212265 0.9660089 4.6363058e-07
1.0131521 2.280082 -0.5675959 0.091264375 0.20542265 0.97440869 4.2668526e-07
2.581233 3.6939406 -0.54828227 0.069978908 0.10014426 0.99250901 0
1.6713896 2.3895695 -0.55955541 0.10898274 0.15575899 0.98176467 1.203848e-07
1.4588041 3.2482696 -0.55789739 0.064118184 0.14282377 0.98766911 9.7163813e-08
1.2419975 1.7733008 -0.56997228 0.14830181 0.21174836 0.96600682 7.4339098e-08
1.0234884 2.280802 -0.56871974 0.092022881 0.20509611 0.97440618 3.901572e-07
2.5990436 3.6905396 -0.54919487 0.069601022 0.098103531 0.99273932 0
1.6797208 2.3837211 -0.55955487 0.10962177 0.15569986 0.98170292 1.3682782e-07
1.4681007 3.2386572 -0.5571152 0.064455129 0.14211483 0.9877494 9.6979385e-08
1.245392 1.7650108 -0.56867975 0.14904577 0.21122657 0.96600658 3.438918e-07
1.0324447 2.2794363 -0.56928164 0.092737779 0.20477237 0.97440648 4.5419969e-07
2.6133473 3.6834683 -0.54949892 0.071319506 0.10160005 0.99226558 0
1.6894542 2.3798449 -0.56002361 0.10922775 0.1545534 0.98192799 6.4709674e-08
1.4804215 3.2357605 -0.5575 0.06546165 0.14390479 0.98742402 1.4045852e-08
1.2501442 1.7586856 -0.56803346 0.14978236 0.21070556 0.9660064 1.9440465e-07
1.0393866 2.2736013 -0.56871957 0.093451336 0.20444581 0.9744069 1.5466318e-07
2.6284347 3.6788187 -0.55010724 0.070421033 0.098637134 0.99262863 0
1.6920347 2.3659513 -0.55812168 0.11142923 0.1556111 0.9815135 1.0127305e-07
1.493772 3.2350595 -0.55828393 0.065171726 0.14085111 0.98788339 4.1229118e-08
1.2534598 1.7503866 -0.56674087 0.15050372 0.21017659 0.96600956 4.8087469e-07
1.0479363 2.272356 -0.56928146 0.094132252 0.20414102 0.97440523 1.4866164e-07
3.1901064 6.8615088 0.39467278 -0.021776222 -0.047024731 0.99865633 0
2.6369088 3.6635811 -0.54919428 0.071586885 0.099276684 0.99248147 0
1.6988477 2.358041 -0.55764091 0.11206742 0.15557294 0.98144686 2.7397702e-08
1.5071354 3.2343047 -0.55906332 0.065709405 0.14096291 0.98783183 7.4536551e-08
1.2595621 1.7460006 -0.56674081 0.15123212 0.20965227 0.96600974 5.4401755e-07
1.0552338 2.2662895 -0.56871939 0.094866678 0.20377308 0.97441101 3.4497492e-07
2.6517766 3.6558998 -0.54949832 0.072511047 0.10107531 0.9922328 0
1.7113961 2.3580511 -0.55907774 0.11245462 0.15620846 0.98130161 5.7239017e-08
1.5142242 3.2200794 -0.55750644 0.066292077 0.14110687 0.98777235 9.5229602e-08
1.2713352 1.7494025 -0.56932557 0.15194649 0.20910144 0.96601701 5.673989e-07
1.0631382 2.2625923 -0.56871927 0.095562346 0.20342132 0.97441655 2.3853468e-07
2.6674516 3.6506269 -0.5501067 0.07148806 0.097989917 0.99261647 0
1.7210667 2.3540428 -0.55955517 0.11200792 0.15151602 0.98208815 6.4595866e-08
1.5275667 3.2192392 -0.55828685 0.067485593 0.14214872 0.98754209 4.2804643e-08
1.2702924 1.7352176 -0.5660944 0.15269372 0.20860299 0.96600693 5.6056291e-07
1.0679111 2.2522585 -0.56703329 0.096310139 0.20312804 0.9744041 4.1851533e-07
2.6736569 3.6337688 -0.5488894 0.072362944 0.098305129 0.99252188 0
1.7336442 2.3539472 -0.56097633 0.11225549 0.15144616 0.98207062 5.7692418e-08
1.5366678 3.20943 -0.55750358 0.067555957 0.14120865 0.98767215 9.9254407e-08
1.279212 1.7346573 -0.56738675 0.15340589 0.20805171 0.96601301 4.9779226e-07
1.076421 2.2509043 -0.56759518 0.096988179 0.20281658 0.97440171 3.5918416e-07
2.6907601 3.630393 -0.54980201 0.072141774 0.097149491 0.99265176 0
1.7418501 2.3478808 -0.56097937 0.11261757 0.15167478 0.98199391 8.7513872e-09
1.5510749 3.2107213 -0.55867714 0.068059303 0.14096755 0.98767203 1.0088697e-07
1.2838174 1.7282443 -0.56674039 0.15414192 0.20753103 0.96600783 5.1349502e-07
1.0804442 2.2381606 -0.56534714 0.097699687 0.20240107 0.97441703 1.5380856e-07
2.7025623 3.6185186 -0.5494976 0.071718864 0.096730985 0.99272329 0
1.7500347 2.3417857 -0.56098348 0.11405694 0.15266031 0.98167503 1.5153137e-07
1.5622734 3.2052879 -0.55867231 0.067713164 0.13856773 0.98803538 1.1806066e-08
1.2941885 1.7295495 -0.56867903 0.1548457 0.20695621 0.96601862 2.0808169e-07
1.0893128 2.236568 -0.56590903 0.09840969 0.20207024 0.97441429 3.0023025e-07
3.378238 6.8822851 0.39990714 -0.023280088 -0.047287595 0.99861002 0
3.2174039 6.5483527 -0.12681507 0.0075839809 0.015392648 0.99985278 0
2.7106986 3.603116 -0.54858458 0.073611356 0.097716741 0.99248821 0
1.7552446 2.3317444 -0.56002349 0.11547271 0.15361121 0.98136109 3.9883915e-08
1.5734525 3.199815 -0.55867028 0.06751655 0.13830602 0.98808551 9.8390105e-09
1.3002177 1.7250214 -0.56867892 0.1555559 0.20640139 0.96602321 5.7434295e-07
1.0971134 2.2327518 -0.56590897 0.099115245 0.20172481 0.97441435 2.301235e-07
3.4021482 6.8732824 0.40003824 -0.02282308 -0.046072844 0.99867731 0
3.2402425 6.5370817 -0.12681478 -8.4359417e-05 -0.00014581921 1 0
2.7241313 3.5960851 -0.54888862 0.072165817 0.094938785 0.99286389 0
1.7648567 2.3275566 -0.56050611 0.11536115 0.15222174 0.98159075 1.4296036e-07
1.5835177 3.1920893 -0.55828315 0.068659216 0.13907443 0.98789889 8.3741895e-08
1.3033071 1.7166277 -0.56738639 0.15629245 0.20587884 0.96601582 5.5255953e-07
1.1066663 2.2334712 -0.56703281 0.099782817 0.20139411 0.97441459 2.6529753e-07
3.4250054 6.8591309 0.39990774 -0.02219937 -0.045065999 0.99873734 0
3.2630413 6.5257316 -0.12681451 0.0080582015 0.016209938 0.99983615 0
2.7366679 3.5865538 -0.54888844 -0.00010072401 -0.00011372214 1 0
1.7774445 2.3272314 -0.56192774 0.1149075 0.15026507 0.98194534 4.5577412e-08
1.5913444 3.1799138 -0.55710703 0.071408302 0.14142789 0.98736972 6.6665812e-08
1.3078223 1.7101508 -0.56674004 0.15701905 0.20534724 0.96601117 9.8570254e-08
1.1137593 2.2272189 -0.56647074 0.10052603 0.20104618 0.97441006 4.2827983e-07
3.2869246 6.5165343 -0.12685789 0.0076101338 0.015046297 0.99985784 0
2.7497947 3.5764997 -0.54888827 0.074552856 0.097355358 0.99245346 0
2.7832763 5.516417 -0.53651667 0.038334876 0.076663829 0.99631977 0
1.7825605 2.3171229 -0.56098324 0.11580364 0.15054926 0.98179656 1.3389119e-07
1.6024343 3.1743393 -0.55711013 0.070901118 0.14049684 0.98753917 1.433034e-08
1.3182105 1.7113112 -0.5686788 0.15773441 0.20483789 0.96600276 4.2105455e-07
1.1237133 2.2276719 -0.56759453 0.10115368 0.20054992 0.97444737 4.0972873e-07
2.7668231 3.572763 -0.54980087 0.074217185 0.095782161 0.99263167 0
2.7991316 5.5000067 -0.535864 0.03964531 0.077924013 0.9961707 0
1.7895372 2.3086362 -0.56050092 0.11833043 0.15224457 0.98123366 6.3408216e-08
1.6129403 3.1662436 -0.55671853 0.071053967 0.13992128 0.98760992 6.8088291e-08
1.3256582 1.7086058 -0.56932467 0.15843515 0.20430912 0.96600002 2.7534892e-07
1.1281805 2.217216 -0.56590849 0.1020539 0.20061073 0.97434098 4.0045882e-07
2.7762232 3.5591712 -0.54919219 0.075491302 0.096655257 0.99245089 0
2.8217201 5.4968519 -0.53651619 0.03954038 0.077159539 0.99623442 0
1.7990965 2.3043091 -0.56097674 0.11588022 0.14914371 0.98200202 5.5355407e-08
1.6296105 3.1715822 -0.55867535 0.071370021 0.13913353 0.98769844 9.0240839e-08
1.3360808 1.7096726 -0.57126337 0.15916464 0.20383145 0.96598101 3.7022414e-07
1.1392376 2.2197726 -0.56759441 0.10248239 0.19974126 0.97447461 4.3173529e-07
3.3618696 6.49508 -0.12711561 0.0081420094 0.01600254 0.99983883 0
2.78863 3.549459 -0.54919004 0.073938757 0.094672032 0.99275893 0
2.8386035 5.4825444 -0.53607816 0.03767566 0.074966438 0.99647409 0
1.8052095 2.2964017 -0.56050408 0.11735253 0.1495254 0.98176908 1.4521652e-07
1.6389862 3.1639669 -0.55828452 0.071761563 0.13814843 0.98780835 8.7813739e-08
1.3390498 1.7012061 -0.56997001 0.15986438 0.20318419 0.96600187 5.2156088e-07
1.1480951 2.217948 -0.56815505 0.10308649 0.19922279 0.97451705 4.5481295e-07
2.7973046 3.5363007 -0.5485813 0.076071016 0.096064083 0.99246407 0
2.8533168 5.4664745 -0.53542548 0.04061462 0.077644281 0.99615353 0
1.8086413 2.2843184 -0.55906647 0.11959561 0.15066525 0.98132402 4.7257867e-08
1.6523017 3.1626067 -0.55906421 0.072620891 0.13948947 0.98755705 9.8704227e-08
1.3404739 1.6908482 -0.56803119 0.16049576 0.20250373 0.96604002 5.7193762e-07
1.1509521 2.2054818 -0.56590712 0.10408491 0.19955549 0.97434282 4.0882838e-07
2.8111787 3.5284553 -0.54888535 0.075188577 0.09449511 0.99268192 0
2.8744919 5.4581847 -0.53564268 0.040132131 0.076408811 0.99626857 0
1.8181349 2.2799082 -0.55954754 0.11976082 0.15042956 0.98134005 2.3890001e-08
1.6656281 3.1611931 -0.55983853 0.072203204 0.13656819 0.98799586 5.331485e-09
1.3524026 1.6937023 -0.57061601 0.16131856 0.20206858 0.96599412 3.9241505e-07
1.1624204 2.2077215 -0.5675928 0.1045586 0.19869913 0.9744671 3.8029378e-07
2.8209839 3.5142591 -0.54827666 0.076605596 0.095465206 0.9924807 0
2.8900273 5.4415159 -0.53499007 0.040266767 0.076533705 0.99625355 0
1.8276199 2.2754595 -0.56002706 0.11852267 0.14706573 0.98200005 7.6898324e-08
1.6766523 3.1553588 -0.55984437 0.073041782 0.13739546 0.98781949 9.580512e-08
1.3552758 1.6852098 -0.5693233 0.16197883 0.20143069 0.96601683 5.4311425e-07
1.1689814 2.2014966 -0.56703091 0.1053912 0.19851264 0.97441542 4.3028783e-07
2.8363554 3.5082486 -0.54888499 0.076176703 0.094354257 0.99261993 0
1.839038 2.2725594 -0.56097829 0.11948453 0.14753674 0.98181278 1.3186592e-07
1.6858782 3.1448367 -0.55906421 0.073783688 0.13772474 0.98771852 9.9188419e-08
1.3596284 1.6785938 -0.56867713 0.16267739 0.20086172 0.9660179 5.5093807e-07
1.176659 2.197403 -0.56703079 0.10608356 0.19814397 0.97441536 3.6914736e-07
2.8423138 3.4906325 -0.54766774 0.07717827 0.094685495 0.99251103 0
1.8438556 2.2623231 -0.56002963 0.11992569 0.14715298 0.98181659 1.4062228e-07
1.6991881 3.1432798 -0.55984753 0.074819148 0.13848884 0.98753375 8.0016967e-08
1.3700645 1.6794474 -0.57061571 0.1633797 0.20029083 0.96601796 3.3084277e-07
1.1797086 2.1846993 -0.5647828 0.10679555 0.19779028 0.9744094 3.9760607e-07
2.85763 3.4845254 -0.54827613 0.076871157 0.093905523 0.99260896 0
1.8544636 2.2599883 -0.56098133 0.1217181 0.14861275 0.98137605 6.5153962e-08
1.7072451 3.1332881 -0.55906528 0.074172124 0.1362219 0.98789781 6.047825e-08
1.369779 1.6671964 -0.56803071 0.16408591 0.19972771 0.96601486 5.3056112e-07
1.1908101 2.1869931 -0.56646866 0.10748831 0.1974263 0.97440708 4.0015462e-07
2.8612654 3.4654665 -0.5467546 0.077724479 0.094061807 0.99252772 0
1.8607767 2.2516105 -0.56050539 0.12087288 0.1460927 0.98185879 9.1881141e-08
1.7205445 3.1316416 -0.55984348 0.075048 0.13669413 0.98776644 9.4657317e-08
1.3802143 1.6679825 -0.5699693 0.16478024 0.1991566 0.96601456 5.6046639e-07
1.1957198 2.1787565 -0.56534457 0.10813814 0.19706285 0.97440875 3.0250612e-07
2.8781071 3.4611797 -0.54766721 0.077457063 0.092985161 0.99265009 0
1.8733399 2.2507584 -0.56192648 0.12111042 0.14579111 0.98187435 7.4377617e-08
1.7278843 3.1191318 -0.55867219 0.075846352 0.13690886 0.98767573 1.0108118e-07
1.389124 1.666862 -0.57126164 0.16547552 0.19858491 0.96601337 5.5545041e-07
1.20017 2.1679587 -0.5636586 0.10886204 0.19666386 0.97440875 3.394793e-07
2.8891795 3.4487062 -0.54736274 0.076978505 0.092562228 0.9927268 0
1.8764505 2.2385654 -0.56050378 0.1221097 0.14581589 0.98174691 1.3235606e-07
1.7387619 3.1130819 -0.55866808 0.077204004 0.1380149 0.98741657 3.2563236e-08
1.3933798 1.6601546 -0.57061535 0.16616406 0.1979993 0.9660154 4.5920129e-07
1.2112801 2.1701443 -0.56534439 0.10954461 0.19628538 0.97440857 2.4316557e-07
2.8963969 3.4329123 -0.54644978 0.078735217 0.093352765 0.99251503 0
1.8810854 2.2282543 -0.55954307 0.12383448 0.14656572 0.98141915 2.0658397e-09
1.7508265 3.1091464 -0.55906206 0.077489525 0.13855407 0.98731863 3.463925e-08
1.3991663 1.6552807 -0.57061523 0.16685066 0.19741708 0.96601623 4.345562e-07
1.2200387 2.1680284 -0.56590629 0.11023092 0.19590454 0.97440779 4.4029215e-07
2.9125867 3.4289603 -0.54736239 0.078545116 0.092553243 0.99260491 0
1.8904424 2.2235427 -0.56002498 0.12391078 0.14595123 0.9815011 1.2133356e-07
1.7616689 3.1030159 -0.55906159 0.077319138 0.13648504 0.98762017 9.5144799e-08
1.4033686 1.648549 -0.56996888 0.16752604 0.19682363 0.96602046 5.4934515e-07
1.2284189 2.1660919 -0.56646818 0.11087529 0.19552149 0.97441161 3.2006605e-07
2.9164691 3.4093482 -0.54584092 0.079378307 0.092711888 0.99252385 0
1.9029855 2.2225204 -0.56144911 0.12322028 0.1438347 0.98190039 2.7649397e-08
1.7761617 3.1032827 -0.56023031 0.077091828 0.13415027 0.98795778 7.4547408e-08
1.4138352 1.6491363 -0.57190746 0.16822943 0.19625306 0.96601427 5.7154421e-07
1.2363498 2.1615748 -0.56646806 0.11158784 0.1951312 0.97440851 2.6595836e-07
2.9338076 3.4042726 -0.54675347 0.078834757 0.090815835 0.99274242 0
1.909127 2.2140057 -0.56097847 0.12409537 0.14397454 0.98176968 1.2837933e-07
1.7869831 3.0970633 -0.56023282 0.077388987 0.1335115 0.98802108 5.8702454e-08
1.4116836 1.6350588 -0.56867629 0.16896379 0.19569923 0.96599847 5.079927e-07
1.2426749 2.1551335 -0.56590599 0.11229245 0.194759 0.97440207 2.7345442e-07
2.9473002 3.3958843 -0.54705757 0.079280369 0.091536298 0.99264079 0
3.091785 5.3179479 -0.53411752 0.042763151 0.074420683 0.99630964 0
1.9120125 2.201772 -0.5595507 0.12478227 0.14382888 0.98170394 1.3248265e-07
1.7977827 3.0908065 -0.56023568 0.077561282 0.13328229 0.98803848 9.0441198e-08
1.4237276 1.6374049 -0.57126105 0.16959366 0.19506766 0.96601582 5.5423084e-07
1.2538509 2.1571076 -0.56759185 0.11294217 0.1943415 0.9744103 3.9406001e-07
2.9536448 3.3804882 -0.54614455 0.081193902 0.092311405 0.9924143 0
1.9229199 2.198777 -0.56050515 0.12597962 0.14388904 0.98154217 1.249813e-07
1.8098066 3.0866432 -0.56062686 0.07974194 0.13628212 0.98745555 8.5262499e-08
1.4278421 1.6306099 -0.57061481 0.17027774 0.19447966 0.96601403 4.4380874e-07
1.2548612 2.1424167 -0.56478184 0.11362755 0.19399402 0.97439986 4.1537032e-07
2.9637871 3.3682954 -0.5458402 0.16513644 0.1616514 0.97293305 0
1.9240901 2.184689 -0.55859786 0.12571734 0.14284596 0.98172814 1.3920742e-07
1.8193167 3.0781801 -0.56023574 0.078803927 0.13340664 0.98792338 6.5350534e-08
1.4287283 1.6201863 -0.56867599 0.17097165 0.19390242 0.96600753 4.3443367e-07
1.2627052 2.1378028 -0.56478173 0.11431578 0.19355857 0.97440594 3.5286288e-07
2.9744656 3.3555539 -0.54553568 0.050505433 0.066144742 0.99653101 0
1.9349643 2.1816292 -0.55954874 0.12698776 0.14332037 0.9814955 3.7466897e-08
1.8325723 3.0760567 -0.56101644 0.080094218 0.13445428 0.98767757 1.0182952e-07
1.4407961 1.6224062 -0.57126081 0.17161232 0.1932618 0.96602231 5.6788826e-07
1.2701598 2.1333823 -0.56478167 0.11498736 0.19315472 0.97440708 2.6830935e-07
2.9845073 3.3433003 -0.54523128 0.081270389 0.091256499 0.99250561 0
1.9392959 2.1712039 -0.55859298 0.12716424 0.14266719 0.9815678 1.1396945e-07
1.8394932 3.0632851 -0.55984551 0.080040939 0.13339496 0.98782551 8.8926541e-08
1.4464507 1.617367 -0.57126069 0.17231631 0.19269048 0.96601111 4.4672825e-07
1.2763494 2.1268444 -0.56421959 0.11565619 0.19274616 0.97440881 4.3021913e-07
3.0022154 3.3407643 -0.54644811 0.081090681 0.0899368 0.99264073 0
3.1703346 5.242413 -0.53194159 0.045249887 0.074672163 0.99618095 0
1.9567177 2.1753619 -0.56145465 0.12739536 0.14153211 0.98170215 1.2817263e-07
1.8527265 3.0610735 -0.56062645 0.081559874 0.1346816 0.98752666 6.3868185e-08
1.4456164 1.6051362 -0.56867576 0.17298503 0.19208869 0.96601146 5.3817263e-07
1.2859081 2.1267741 -0.56534344 0.11629397 0.19235906 0.9744094 2.1051706e-07
3.0138583 3.3302646 -0.54644793 -0.00010961645 -0.00010452121 1 0
3.1921175 5.235013 -0.53237635 0.045961723 0.076778866 0.99598819 0
1.9642993 2.1685188 -0.56145233 0.12748572 0.14023593 0.98187643 3.9490708e-08
1.8608339 3.0503685 -0.55984533 0.080986641 0.13269156 0.98784316 9.6321358e-08
1.4544585 1.6036547 -0.5699681 0.1736387 0.19146696 0.9660176 5.0532498e-07
1.2911664 2.1178823 -0.56421942 0.11701182 0.19196634 0.97440094 4.0157593e-07
3.0260441 3.3191955 -0.54644775 0.081230767 0.089442141 0.99267399 0
3.2142789 5.230207 -0.53302854 0.045126103 0.07288076 0.99631923 0
1.971857 2.1616488 -0.56145233 0.12673357 0.13941221 0.98209107 4.334137e-08
1.874052 3.0480654 -0.56062162 0.081247739 0.13232806 0.98787045 8.6767287e-08
1.4551566 1.5932231 -0.5680294 0.17428941 0.19084364 0.96602374 5.022024e-07
1.3010939 2.1175179 -0.56534326 0.11767592 0.19153869 0.97440511 4.292516e-07
3.0325754 3.3031313 -0.54553479 0.082831755 0.090082251 0.99248379 0
3.2338259 5.2210732 -0.53324574 0.045945615 0.074638553 0.99615163 0
1.9797665 2.1544068 -0.56145412 0.12851559 0.14005543 0.98176789 1.428908e-07
1.8839132 3.0390761 -0.56023043 0.081314445 0.1315431 0.98796982 5.7430132e-08
1.4656186 1.5934618 -0.56996793 0.17500088 0.19028004 0.96600634 3.4031297e-07
1.3123136 2.1191838 -0.56702906 0.1183496 0.19112071 0.97440559 2.9475751e-07
3.0457723 3.294347 -0.54583889 0.081954017 0.088756934 0.99267608 0
3.2586174 5.2203221 -0.53433293 0.045915894 0.073536903 0.99623495 0
1.98227 2.1420822 -0.5600276 0.12868658 0.13949674 0.98182505 1.2990664e-07
1.8918988 3.0282898 -0.55944473 0.084403478 0.13455738 0.98730457 2.5133396e-08
1.4662437 1.5830255 -0.56802917 0.17564113 0.18963763 0.96601641 5.2241512e-07
1.3171313 2.1104522 -0.56590515 0.1190167 0.19069874 0.97440702 2.2808752e-07
3.0532973 3.2805972 -0.54523075 0.08386407 0.089791089 0.99242347 0
3.2701969 5.198369 -0.53324616 0.046468358 0.073825985 0.99618793 0
1.9910371 2.1372924 -0.56049949 0.12925889 0.13915952 0.9817977 1.1749787e-07
1.9019302 3.0219989 -0.55944955 0.084239461 0.13362229 0.98744559 7.1598713e-08
1.4668142 1.5726039 -0.5660907 0.17627588 0.18900172 0.96602547 4.2019562e-07
1.325783 2.1079061 -0.56646711 0.11968378 0.19028845 0.97440553 4.2284174e-07
3.6302536 3.8754745 -0.27650261 0.035510782 0.038150374 0.99864084 0
3.0653007 3.2693841 -0.54523057 9.6427546e-05 0.00011917121 1 0
3.2936506 5.1953411 -0.53411579 0.046382874 0.073148318 0.99624193 0
1.9934444 2.1249628 -0.55907124 0.130942 0.13936968 0.98154485 1.1818094e-07
1.9137877 3.0174289 -0.55983627 0.082530946 0.13053249 0.98800302 1.4806294e-08
1.4722946 1.5674744 -0.56609064 0.1769546 0.18841136 0.96601671 4.3570598e-08
1.327932 2.0950255 -0.5642193 0.12034303 0.18984188 0.97441143 3.7717467e-07
3.630049 3.8482554 -0.2754555 0.039355528 0.038115986 0.99849802 0
3.0766945 3.2586644 -0.54523039 0.083944716 0.089239322 0.99246645 0
3.3077478 5.1775131 -0.53346312 0.047804475 0.07426694 0.99609196 0
1.9974777 2.1144269 -0.55811107 0.13206457 0.1394985 0.98137611 3.2654267e-08
1.9229815 3.0086477 -0.55944657 0.082790032 0.13038152 0.98800123 3.8987459e-08
1.4794182 1.5640783 -0.5667367 0.17762864 0.1878143 0.96600926 7.5959599e-07
1.3378518 2.0944881 -0.56534314 0.12099931 0.18944292 0.97440779 3.6094653e-07
3.6307518 3.8235283 -0.27453929 0.036765374 0.038046118 0.99859941 0
3.0926142 3.2538373 -0.54614288 0.083550736 0.087911278 0.9926182 0
2.0082307 2.1109941 -0.55907303 0.13241163 0.13944337 0.98133719 9.9517443e-08
1.929469 2.9956839 -0.55827546 0.085174233 0.13212414 0.98756701 3.0428126e-08
1.4882034 1.562399 -0.56802911 0.17826392 0.1871745 0.96601641 4.0566169e-07
1.3474185 2.0941422 -0.56646699 0.12162279 0.18904462 0.97440755 4.3485028e-07
3.098804 3.2376468 -0.54522997 0.084542707 0.088283926 0.99250114 0
2.0155876 2.1039715 -0.55907047 0.13016663 0.13538 0.98220617 3.2897862e-08
1.9385722 2.9868572 -0.55788636 0.085319243 0.13147993 0.98764044 8.2689297e-08
1.4950495 1.5591972 -0.56867522 0.17887618 0.18656695 0.96602076 2.2344662e-07
1.350756 2.0832868 -0.56478095 0.12227937 0.18861449 0.97440869 2.459029e-07
3.1135323 3.2303822 -0.54583836 0.083899863 0.086966299 0.99267197 0
2.0246253 2.0986886 -0.5595417 0.13004415 0.13482207 0.98229909 9.6168556e-08
1.9557303 2.9904134 -0.55984235 0.085521743 0.13078348 0.98771542 9.6313656e-08
1.4988037 1.5522331 -0.56802893 0.17953114 0.18594982 0.96601826 3.0356813e-07
1.3620054 2.0846846 -0.56646675 0.12292811 0.18817627 0.97441179 3.5170538e-07
3.635819 3.7494657 -0.27192149 0.035978001 0.037571143 0.99864608 0
3.1230602 3.2177143 -0.54553384 -0.010954839 0.015794812 0.99981523 0
2.0302269 2.089849 -0.55907065 0.13361859 0.13760042 0.98143375 1.4691051e-07
1.9620888 2.9773774 -0.55867177 0.085606992 0.12981045 0.98783636 5.6507005e-08
1.5025277 1.5452619 -0.56738257 0.18018664 0.18533108 0.9660151 6.3639084e-07
1.3652672 2.073806 -0.56478077 0.12360136 0.18776985 0.97440505 3.4759796e-07
3.6331809 3.7206814 -0.27074352 0.036731921 0.03750103 0.99862128 0
3.1325381 3.2050192 -0.54522943 0.085625246 0.087722898 0.99245805 0
2.0375092 2.0827496 -0.55907047 0.13414268 0.13709855 0.9814325 1.4566774e-07
1.9765598 2.976687 -0.55984205 0.086425759 0.13018151 0.98771626 1.0028794e-07
1.5096039 1.5417318 -0.56802875 0.18081643 0.18468319 0.96602148 6.5930948e-07
1.3724978 2.0690277 -0.56478065 0.12425257 0.18733653 0.97440565 2.8579004e-07
3.6461463 3.7079763 -0.27074331 0.036813043 0.037583813 0.99861515 0
3.1471894 3.1976006 -0.54583776 0.084595501 0.085667267 0.99272591 0
2.0464914 2.0773726 -0.55954063 0.13188781 0.13424289 0.98213261 2.9001617e-08
1.9828268 2.9636073 -0.55867088 0.086495347 0.12936996 0.98781675 8.9880736e-08
1.513279 1.5347347 -0.5673824 0.18147318 0.18406335 0.96601665 2.3116408e-07
1.3783619 2.0621967 -0.56421858 0.12490822 0.18691267 0.9744032 1.4578858e-07
3.6678541 3.7040935 -0.27139741 0.036618758 0.036489602 0.99866289 0
3.1583319 3.1865954 -0.54583758 -8.1727685e-06 7.9734327e-06 1 0
2.0520008 2.068475 -0.5590654 0.13214509 0.13414194 0.98211181 1.4229473e-08
1.9931598 2.9566679 -0.55866796 0.088670768 0.13099962 0.98740906 6.1073102e-08
1.5203304 1.5311553 -0.56802857 0.18211724 0.18343118 0.9660157 5.9721884e-07
1.3896224 2.063442 -0.56590438 0.12555532 0.18646771 0.97440529 3.8823239e-07
3.6860518 3.6965692 -0.27178976 0.036704056 0.036696456 0.99865216 0
3.1694362 3.1755512 -0.5458374 0.087708645 0.088201851 0.99223363 0
3.4641056 5.1043572 -0.53563589 0.04889616 0.07091374 0.99628329 0
2.0557365 2.0578287 -0.55811584 0.13607724 0.13569315 0.98136151 7.430198e-08
2.0034685 2.9496925 -0.55866885 0.088675648 0.13076131 0.98744017 5.6704e-08
1.5256658 1.525839 -0.56802845 0.1827461 0.18278366 0.96601969 5.376499e-07
1.3995447 2.0626154 -0.56702822 0.12620391 0.18602327 0.97440642 2.8725543e-07
3.182261 3.1662178 -0.54614139 0.085595384 0.085283756 0.99267322 0
2.0594246 2.0471833 -0.55715603 0.13637835 0.13547131 0.9813503 2.2174591e-08
2.0123608 2.9406414 -0.55828005 0.087981835 0.12858577 0.9877879 9.6299424e-08
1.5344127 1.5239046 -0.5693208 0.18328749 0.18191223 0.96608162 3.2349826e-07
1.4067363 2.0577176 -0.56702816 0.12684849 0.18556997 0.97440916 1.5921664e-08
3.1897624 3.1516042 -0.5455327 0.087079331 0.086037397 0.99247909 0
2.0700526 2.0434268 -0.55811799 0.135869 0.13417183 0.98159945 1.4889564e-07
2.0268109 2.9397039 -0.55944347 0.087950051 0.12782183 0.98788983 5.1077738e-08
1.5365453 1.5148827 -0.56802827 0.18398784 0.18141057 0.96604282 2.1867919e-07
1.415647 2.0545564 -0.56759 0.12752312 0.18509987 0.97441053 1.8431765e-08
4.4760194 6.45366 0.40973401 -0.028456802 -0.041730858 0.99872357 0
3.2048364 3.1433649 -0.54614103 0.086501017 0.08496882 0.99262172 0
3.5111575 5.0569539 -0.53454787 0.048521545 0.070677392 0.9963184 0
2.0789273 2.0379062 -0.55858678 0.13454553 0.13155967 0.98213518 2.8919892e-08
2.0328414 2.9265213 -0.5582782 0.088582076 0.12779489 0.9878369 7.6325669e-08
1.5418239 1.5095099 -0.56802821 0.18469049 0.18084158 0.9660154 5.7696252e-07
1.4214249 2.0475986 -0.56702793 0.12815973 0.18464644 0.97441304 3.2495467e-07
4.4942331 6.4318542 0.40934184 -0.028660569 -0.041900828 0.99871063 0
3.2086763 3.125237 -0.5449239 0.087621078 0.085198164 0.99250382 0
2.0842683 2.0289259 -0.55811512 0.13772123 0.13425873 0.98132944 1.1137424e-07
2.0402186 2.9153581 -0.55748957 0.091650046 0.12971638 0.98730642 1.9541607e-08
1.5470837 1.5041189 -0.56802809 0.1853147 0.18018714 0.96601814 3.9324823e-07
1.4257789 2.0386264 -0.5659039 0.1288204 0.18420902 0.97440869 3.3541897e-07
3.7033591 3.5865359 -0.26838642 0.037549723 0.036340155 0.9986338 0
3.2208061 3.1163042 -0.54522794 0.066707417 0.056675252 0.99616164 0
2.0913382 2.0216386 -0.55811 0.13860303 0.13452369 0.98116899 3.0827405e-08
2.0503821 2.9082179 -0.55749482 0.091411769 0.12944587 0.98736399 1.9665942e-08
1.5471078 1.4936819 -0.56608933 0.18596813 0.17955042 0.96601111 4.6051474e-07
1.4297335 2.0298989 -0.56477988 0.12946847 0.18381074 0.97439802 2.5976286e-07
3.7068551 3.5649374 -0.2677319 0.037794366 0.03637943 0.99862313 0
3.2334545 3.106761 -0.54553199 0.087175563 0.083915122 0.99265236 0
2.1019251 2.0177224 -0.55906737 0.13653971 0.13081901 0.98195893 8.555083e-08
2.0590949 2.899029 -0.55709803 0.09126427 0.12908888 0.98742437 1.3876144e-08
1.5592918 1.4949514 -0.56867415 0.18656537 0.17888895 0.96601868 5.1825714e-07
1.4385701 2.0266342 -0.56534177 0.13008511 0.18328834 0.97441429 2.4487881e-07
3.2394304 3.0897532 -0.54461902 0.088262372 0.084290132 0.9925245 0
2.1107337 2.0120656 -0.55953896 0.13667044 0.13036159 0.98200154 2.0165883e-08
2.0720699 2.895843 -0.55788678 0.09061747 0.12660201 0.98780584 7.6102914e-08
1.5627499 1.4878356 -0.56802785 0.18718883 0.17823128 0.96601963 6.0009654e-07
1.441396 2.0156474 -0.56365573 0.13074085 0.18284759 0.97440934 1.9312496e-07
3.2592077 3.0869544 -0.54614007 0.088116027 0.08319892 0.99262959 0
2.1141763 2.0013127 -0.55859357 0.13658626 0.12996717 0.98206556 9.3999724e-08
2.0864894 2.8946078 -0.5590539 0.091007151 0.1262273 0.987818 6.983629e-08
1.5696905 1.4840291 -0.56867397 0.18780574 0.1775734 0.96602106 1.8871494e-07
1.4512634 2.0145624 -0.56477958 0.1313796 0.18239564 0.97440815 4.0408091e-07
3.2694263 3.0761297 -0.5461399 0.088117272 0.083200097 0.99262941 0
3.6081176 4.9728594 -0.53345901 0.051139016 0.070829593 0.99617666 0
2.1193604 1.9922416 -0.55811286 0.14062057 0.13177693 0.98125464 1.8139062e-08
2.0893388 2.8773065 -0.55710721 0.091567904 0.12620449 0.98776907 9.1657824e-08
1.574861 1.4785409 -0.56867385 0.18842404 0.17691788 0.96602094 2.53461e-07
1.4565094 2.0077643 -0.56421751 0.13198392 0.18195528 0.97440881 3.5035958e-07
3.8557317 3.6095586 0.091547936 -0.012764351 -0.012002446 0.99984652 0
3.7763333 3.5315847 -0.26917049 0.038252685 0.036115251 0.99861526 0
3.271075 3.0562322 -0.54461849 0.089153379 0.083278373 0.99253029 0
3.6371992 4.9763284 -0.53519857 0.051233947 0.070058644 0.99622631 0
2.1245065 1.9831576 -0.55764091 0.13908294 0.12990353 0.98172349 1.4601603e-07
2.1022804 2.8739858 -0.55788821 0.092744105 0.12655079 0.98761505 8.3246199e-08
1.5762198 1.4700191 -0.56738132 0.18902563 0.17630425 0.96601558 5.777764e-07
1.4678096 2.0085764 -0.56590331 0.13262548 0.18150379 0.97440588 1.4686469e-07
3.8829589 3.6096878 0.091897078 -0.012766466 -0.011570425 0.99985158 0
3.2890024 3.0515432 -0.54583538 0.088957727 0.082509078 0.99261212 0
3.6471717 4.9535689 -0.5341109 0.052004375 0.07039319 0.99616283 0
2.1350174 1.9790636 -0.55859482 0.14029969 0.13019471 0.98151177 1.0295705e-07
2.1093755 2.8626506 -0.5571028 0.091390066 0.12468155 0.98797894 1.7336614e-08
1.5813416 1.4645082 -0.56738126 0.18964694 0.17564766 0.96601343 7.5382235e-07
1.4661694 1.9916537 -0.56253141 0.13325088 0.18103284 0.97440821 3.6382508e-07
3.2941573 3.0350022 -0.54492241 0.090300076 0.082918838 0.99245673 0
3.6644406 4.9408078 -0.53411067 0.050915845 0.068920143 0.99632204 0
2.136493 1.966617 -0.55716217 0.14040756 0.1292835 0.9816168 1.4632265e-07
2.1178858 2.8532851 -0.55671579 0.094601102 0.1265986 0.98743272 6.4468971e-08
1.582886 1.4557132 -0.56608874 0.19028413 0.17500252 0.96600521 1.1212187e-07
1.4731125 1.9865237 -0.56253129 0.13388665 0.18056962 0.97440702 3.1719003e-07
3.3047314 3.0234847 -0.54492223 0.089199558 0.081908464 0.99264014 0
3.6786869 4.9239931 -0.53367555 0.05233055 0.070114695 0.99616539 0
2.1524072 1.9674195 -0.55954653 0.14071409 0.12859453 0.98166341 1.4604177e-07
2.1234052 2.8399374 -0.55553454 0.09458936 0.12628394 0.98747414 2.3186516e-08
1.5915272 1.4534327 -0.56738108 0.19088985 0.17432061 0.96600902 4.6191087e-07
1.4800379 1.9813696 -0.56253123 0.13456571 0.18016449 0.97438842 2.1382608e-07
3.3066022 3.0030146 -0.54340124 0.0903133 0.082002193 0.99253166 0
3.7026951 4.9184408 -0.53454596 0.05210977 0.069147624 0.99624455 0
2.1577857 1.9578699 -0.55906671 0.14039685 0.12738158 0.9818669 1.8879883e-08
2.135283 2.8341093 -0.55592835 0.094738685 0.12611143 0.98748189 1.4898576e-08
1.5968436 1.4475896 -0.5673812 0.19144477 0.17352252 0.96604288 3.2123805e-07
1.4916738 1.9817787 -0.56421733 0.13516934 0.17958388 0.97441208 3.9932638e-07
3.9251287 3.5430617 -0.27532023 0.038802583 0.037350222 0.99854863 0
3.3244388 2.9980984 -0.54461807 0.090135358 0.081339076 0.99260241 0
3.7168348 4.9015145 -0.53411072 0.053482302 0.07029026 0.99609184 0
2.1646075 1.9503267 -0.55906171 0.1397467 0.12706678 0.98200047 1.5972104e-08
2.1481431 2.8305762 -0.55671209 0.093851179 0.12335237 0.98791504 4.5268212e-08
1.60548 1.4452353 -0.56867355 0.19209924 0.17293283 0.96601868 4.3594048e-07
1.4971143 1.9746157 -0.56365526 0.13581184 0.17914255 0.97440398 3.5614016e-07
3.3256378 2.9782028 -0.5430966 0.090938054 0.081381582 0.9925257 0
3.7339215 4.8885102 -0.53411049 0.05428528 0.071345322 0.99597335 0
2.165911 1.9378527 -0.557639 0.14255679 0.1273827 0.98155552 9.3464941e-08
2.1610045 2.8269877 -0.557495 0.09480197 0.12400512 0.98774254 9.1515957e-08
1.6087129 1.4380143 -0.56802732 0.19266126 0.17223062 0.96603221 4.1500266e-07
1.5084224 1.9751941 -0.56534106 0.13641544 0.17864637 0.97441077 3.9910256e-07
3.341578 2.9715202 -0.54400915 0.090519622 0.080366977 0.99264663 0
3.75248 4.8774223 -0.53432775 0.05264594 0.068595946 0.9962545 0
2.1653199 1.9237661 -0.55572665 0.14250615 0.12663078 0.98166013 1.8136284e-07
2.1663477 2.8135514 -0.55632555 0.094985545 0.12342592 0.98779744 8.3160181e-08
1.6209534 1.4387962 -0.57061207 0.19335425 0.17168467 0.96599096 3.0089475e-07
1.5108632 1.9641157 -0.56365508 0.13704906 0.1781844 0.97440642 2.867987e-07
3.3500695 2.9581962 -0.54370475 0.061952524 0.062240642 0.99613655 0
3.763386 4.8564143 -0.53345758 0.053773686 0.069177233 0.99615407 0
2.1808922 1.9246874 -0.55811542 0.1428805 0.12610169 0.98167384 1.3583895e-07
2.1817076 2.8141665 -0.55788451 0.095579706 0.12333005 0.98775208 9.4779367e-08
1.6277789 1.4347245 -0.57125819 0.19390364 0.17091967 0.96601647 3.8168571e-07
1.5206866 1.962687 -0.56477892 0.13766563 0.177705 0.97440708 2.1331797e-07
4.376647 3.846241 0.10105752 -0.013020489 -0.011387086 0.99985039 0
3.3579946 2.945435 -0.54340029 0.092080541 0.080863386 0.99246275 0
3.77947 4.8439083 -0.53345734 0.055133827 0.07092651 0.99595666 0
2.1802101 1.9105984 -0.5562095 0.14339502 0.12565628 0.98165596 1.3416131e-07
2.1854486 2.7987406 -0.55632281 0.095454544 0.12264452 0.98784953 2.9339205e-08
1.634596 1.4306225 -0.5719043 0.19452052 0.17026645 0.96600783 3.6738567e-07
1.5286816 1.9595568 -0.56534076 0.13825786 0.17726453 0.97440344 3.8493977e-07
4.3900466 3.8309402 0.10105776 -0.013190868 -0.011536296 0.99984646 0
3.3719995 2.9369535 -0.54400861 0.091323845 0.079601578 0.99263465 0
3.7987363 4.8319826 -0.5336746 0.053428009 0.068165496 0.9962424 0
2.186867 1.9029771 -0.55620289 0.14377913 0.12512885 0.9816671 1.9554275e-07
2.1952045 2.791095 -0.55632508 0.097397976 0.1233108 0.9875769 5.9356058e-08
1.6304584 1.4169956 -0.56867313 0.1950959 0.16956344 0.96601546 4.1153314e-07
1.5403588 1.9596951 -0.56702662 0.13890181 0.17675126 0.97440511 6.5544285e-08
3.3771079 2.919709 -0.54309571 0.093460388 0.080221318 0.99238586 0
3.8063121 4.8069706 -0.53236949 0.054106884 0.06836848 0.99619186 0
2.1990693 1.9001408 -0.55764043 0.14443143 0.12488962 0.98160183 1.377862e-07
2.1972806 2.7737281 -0.5543651 0.097603805 0.12296761 0.98759937 7.7857067e-08
1.6408843 1.4160241 -0.57061172 0.19568244 0.16888322 0.96601593 5.327982e-07
1.5502069 1.9581318 -0.5681504 0.13951795 0.17625771 0.97440648 3.675331e-08
4.6204405 3.9697921 -0.31745392 0.039964452 0.034196392 0.99861574 0
3.3853958 2.9062877 -0.54279131 0.091186583 0.078824535 0.99270928 0
3.8339283 4.8072929 -0.53389156 0.054114342 0.067884073 0.99622458 0
2.200098 1.8876631 -0.55620855 0.14476901 0.12426629 0.98163122 1.3970551e-07
2.2100239 2.7699051 -0.55515045 0.09816847 0.12295125 0.98754543 3.7455251e-08
1.6439816 1.4087179 -0.56996536 0.19584087 0.16802718 0.96613312 5.1432824e-07
1.5540026 1.9488937 -0.56702638 0.14012851 0.17575772 0.97440916 2.1939532e-07
4.6316805 3.9528286 -0.31732285 0.039536901 0.033913299 0.99864244 0
3.3893478 2.8902173 -0.54187828 0.11462576 0.084424257 0.98981488 0
3.8389437 4.780951 -0.53236902 0.054710682 0.067995287 0.99618441 0
2.2141504 1.8863325 -0.55811554 0.1451081 0.12363901 0.98166037 1.4555728e-07
2.2181356 2.7602475 -0.55475587 0.098531209 0.12314852 0.98748469 7.5527211e-08
1.6415257 1.3967174 -0.56738043 0.19681874 0.16749327 0.96602714 3.2099044e-07
1.5589352 1.9418272 -0.5664643 0.14070867 0.17528759 0.97441024 4.3421926e-07
4.3560557 3.6968348 1.3098775 -0.1805415 -0.14484182 0.97284406 0
4.6321139 3.9253428 -0.31640661 0.040807534 0.033931613 0.99859071 0
3.3937323 2.8735604 -0.54096532 0.093161628 0.07892251 0.99251807 0
2.2207224 1.8785927 -0.55811119 0.14457324 0.12207966 0.98193437 4.3784883e-08
2.2308586 2.7563303 -0.55554104 0.098012164 0.12100967 0.98780072 9.4729479e-08
1.6500839 1.3940928 -0.56867278 0.19746739 0.16683787 0.96600819 3.3727684e-07
1.5629851 1.9323064 -0.56534028 0.14135072 0.17476952 0.97441036 3.7792766e-08
4.3558903 3.6706226 1.3059442 -0.17303774 -0.14508817 0.97417009 0
3.4118433 2.8674853 -0.54218221 0.09290567 0.0781423 0.99260378 0
2.2253857 1.8692521 -0.55763745 0.14376232 0.12148952 0.98212659 4.83248e-08
2.2435827 2.7523596 -0.55631387 0.097783059 0.11987402 0.98796189 1.4168782e-08
1.6493851 1.3836731 -0.56673408 0.19802107 0.16613466 0.96601599 4.8453956e-07
1.5712557 1.9287306 -0.56590217 0.14195636 0.17427129 0.97441155 4.4187104e-07
4.367445 3.6530704 1.3053825 -0.17156616 -0.14413229 0.97457218 0
4.7992902 4.0154195 0.9844147 -0.11943764 -0.10010695 0.987782 0
4.3893733 3.6726577 0.49762601 -0.065648198 -0.055498376 0.99629825 0
3.4123027 2.8476133 -0.5406608 0.093650281 0.07815408 0.99253291 0
2.2318964 1.8614724 -0.55763966 0.14723629 0.1226545 0.98146695 1.0860882e-07
2.2500467 2.7406888 -0.5555408 0.099296913 0.12096211 0.98767823 1.0087609e-07
1.6504909 1.3748194 -0.56544155 0.19859526 0.16544108 0.96601719 5.636611e-07
1.5779786 1.9232342 -0.56590205 0.1425668 0.17377943 0.9744103 4.692219e-07
4.3626666 3.6245632 1.3003253 -0.17363282 -0.14373143 0.97426534 0
4.7973828 3.986861 0.9812898 -0.12101995 -0.099981584 0.98760206 0
4.3945022 3.65095 0.49675474 -0.064408563 -0.05520938 0.99639523 0
4.6306815 3.8415661 -0.31352705 0.040982489 0.033599053 0.99859476 0
3.4293714 2.842613 -0.54187757 0.093420371 0.077348664 0.99261767 0
2.232708 1.8489791 -0.55620432 0.14750324 0.12209156 0.98149705 1.2891903e-07
2.2580292 2.7309132 -0.55515116 0.099181868 0.12012485 0.98779196 9.1373082e-08
1.6627295 1.3751997 -0.5680263 0.19917066 0.16474345 0.9660179 4.4165466e-07
1.5874434 1.9217529 -0.5670259 0.14315258 0.17332233 0.97440583 4.496622e-07
4.3752923 3.6093125 1.3003255 -0.17252174 -0.14281161 0.97459793 0
4.8074603 3.966949 0.98050886 -0.11879717 -0.098871596 0.98798364 0
4.3976107 3.6276674 0.49566561 -0.082339324 -0.057535384 0.99494219 0
4.6389475 3.8198094 -0.31313425 0.039922498 0.033197347 0.99865115 0
3.4354393 2.8274729 -0.54126889 0.094491467 0.077772543 0.99248314 0
2.2448375 1.8458455 -0.55764043 0.14789326 0.12163021 0.98149562 1.3118876e-07
2.2707031 2.7268138 -0.55593109 0.099912114 0.11998354 0.98773557 1.0423992e-07
1.6600487 1.3632634 -0.56544137 0.19972588 0.16403371 0.9660241 5.778254e-07
1.5882572 1.9084202 -0.56477791 0.14378086 0.17278172 0.97440934 4.3799724e-07
4.3734083 3.5809112 1.2958302 -0.1760024 -0.14248964 0.97402251 0
4.8124127 3.9414823 0.9785558 -0.12679116 -0.10033858 0.9868415 0
4.4012394 3.6036394 0.49457642 -0.069011874 -0.055573639 0.99606675 0
4.6393805 3.7917261 -0.31221801 0.041215956 0.033215556 0.99859798 0
3.4496248 2.8180003 -0.54187715 0.093759015 0.076665685 0.99263871 0
3.9190817 4.6733069 -0.52954048 0.056411784 0.06694933 0.99616039 0
2.2496855 1.8360549 -0.55716288 0.14653699 0.11928909 0.98198628 9.8256059e-08
2.2727594 2.7090039 -0.55397755 0.10053829 0.11982267 0.98769152 9.9383051e-08
1.6650339 1.3571699 -0.56544125 0.20082264 0.16370757 0.96585202 5.8059629e-07
1.5999261 1.9081951 -0.56646371 0.1444159 0.17225726 0.97440827 3.772152e-07
4.3789392 3.5587149 1.2935826 -0.16868798 -0.14082254 0.97555798 0
4.8191614 3.9175897 0.97699356 -0.11878676 -0.098157085 0.98805612 0
4.4079928 3.5835431 0.4939231 -0.06706471 -0.054924782 0.99623573 0
4.6448321 3.7692189 -0.31169438 0.039017297 0.032685459 0.99870384 0
3.4541454 2.8006518 -0.54096425 0.094973043 0.076974697 0.99249935 0
2.2583079 1.8293407 -0.55763954 0.14957511 0.12128388 0.98128361 1.4684444e-07
2.285856 2.7044315 -0.55475843 0.10056069 0.11920502 0.987764 8.8496705e-08
1.6735187 1.3543847 -0.56673354 0.20091242 0.16261636 0.96601766 1.7634595e-07
1.6081454 1.9044629 -0.5670256 0.14502193 0.17175572 0.97440678 3.8841412e-07
4.3818531 3.5357628 1.2907733 -0.17548175 -0.14152582 0.97425693 0
4.8212743 3.8914413 0.97464991 -0.12332782 -0.098471329 0.9874683 0
4.4049673 3.5556259 0.49218029 -0.068223178 -0.054794766 0.9961642 0
3.4677677 2.791688 -0.54157257 0.094360545 0.076035008 0.99263024 0
2.2646799 1.8214468 -0.55763716 0.15005463 0.12114552 0.98122746 1.2197746e-07
2.2936852 2.6945541 -0.55436265 0.10034543 0.11843902 0.98787802 4.1324515e-08
1.6744683 1.3455126 -0.56544107 0.20146073 0.16189966 0.96602386 5.5715401e-07
1.6132089 1.896979 -0.56646353 0.1456228 0.17125082 0.97440606 3.1943381e-07
3.4716749 2.7749212 -0.54065967 0.095881626 0.076380089 0.99245799 0
3.9564729 4.6187615 -0.5280174 0.055769846 0.063583322 0.99641705 0
2.2710242 1.8135304 -0.55763727 0.14820001 0.11849687 0.98183262 8.2896484e-08
2.2950535 2.6771472 -0.55241078 0.10269967 0.11912671 0.98755336 6.6445971e-08
1.6810442 1.3411641 -0.56608719 0.2020299 0.16120164 0.96602172 5.3509922e-07
1.6150776 1.8857769 -0.56477755 0.1462099 0.17073056 0.97440946 3.5879472e-07
3.4813399 2.7627861 -0.54065949 0.093195923 0.07424105 0.99287599 0
3.9774477 4.6105847 -0.5286696 0.056552637 0.065605283 0.99624181 0
2.281189 1.8086389 -0.55858856 0.14905553 0.11827563 0.98172975 1.338191e-07
2.302773 2.6672482 -0.55201954 0.10285415 0.11892664 0.9875614 4.4979842e-09
1.6951877 1.3427768 -0.56931818 0.20263144 0.16053048 0.96600747 7.3305529e-07
1.6216502 1.8801277 -0.56477743 0.1468077 0.17022263 0.97440839 3.4453856e-07
3.489013 2.7490823 -0.54035503 0.09657158 0.076120809 0.99241096 0
2.2775283 1.7934791 -0.55620837 0.14965016 0.11787956 0.98168695 1.3581658e-07
2.3099885 2.657732 -0.55162543 0.10317436 0.11906959 0.98751074 3.5904019e-08
1.6903664 1.3293958 -0.56608701 0.20317885 0.15980805 0.9660123 4.877428e-07
1.6297972 1.8762977 -0.56533933 0.14740379 0.16971464 0.97440702 2.7884803e-07
4.387538 3.4415395 0.48477343 -0.069139831 -0.054290365 0.99612862 0
4.3923306 3.4440486 0.096786827 -0.013825156 -0.010786648 0.99984622 0
3.5000651 2.7390256 -0.54065913 0.094878465 0.074250892 0.9927159 0
2.2876437 1.7885386 -0.55716079 0.15098858 0.11792409 0.9814766 5.1090677e-08
2.3257465 2.6570926 -0.55319363 0.10260768 0.11699821 0.98781735 8.1744062e-08
1.7026161 1.3294253 -0.56867176 0.20370947 0.15907431 0.96602166 7.2683611e-07
1.6296098 1.8635355 -0.56309134 0.14793317 0.16924374 0.97440869 3.121709e-07
3.5076447 2.7252698 -0.54035467 0.095181704 0.074417062 0.99267447 0
2.2899947 1.7775364 -0.55620098 0.15054466 0.11685637 0.98167253 1.8682766e-07
2.336638 2.6508129 -0.55358112 0.10258656 0.1159418 0.98794407 3.6745458e-08
1.7031955 1.3208153 -0.56737924 0.20431291 0.15848084 0.96599174 3.8687025e-07
1.6393181 1.8614984 -0.56421512 0.14855744 0.16869777 0.97440839 3.6639688e-07
3.5092735 2.7069499 -0.53913748 0.096588016 0.074532501 0.99252993 0
2.3020194 1.7740214 -0.55763644 0.15065427 0.11607748 0.9817481 1.2651216e-07
2.3442395 2.6407907 -0.55319762 0.10226652 0.1152198 0.98806173 7.9492146e-08
1.7116257 1.3178052 -0.5686717 0.20481421 0.15768583 0.9660157 8.7738135e-07
1.6474189 1.8575903 -0.56477714 0.14916037 0.16817386 0.97440684 3.4122874e-07
3.5280838 2.7028391 -0.54065931 0.096432492 0.073794857 0.99260014 0
2.3117902 1.7693588 -0.55858326 0.15064697 0.11527357 0.98184395 4.912124e-08
2.3546267 2.634846 -0.55358624 0.10521305 0.11792722 0.98743272 4.0254985e-08
1.7140664 1.3106565 -0.56802571 0.20522429 0.15687913 0.96605998 5.4488532e-07
1.6551887 1.8539373 -0.56533927 0.14980043 0.16784607 0.97436517 3.8730579e-07
3.53157 2.6860034 -0.53974634 0.097144127 0.073937878 0.99252015 0
2.310132 1.7553445 -0.5566777 0.15175 0.11531157 0.9816696 2.0348257e-07
2.3621602 2.6247728 -0.55319673 0.10398049 0.11552282 0.98784745 6.3716286e-08
1.7244058 1.3090407 -0.56996417 0.20593426 0.15635766 0.96599346 7.4591156e-07
1.6600246 1.8463336 -0.56477731 0.15016168 0.1669863 0.97445732 3.3718806e-07
4.9693613 3.7621536 0.98051089 -0.12422489 -0.093695648 0.98782051 0
3.5488479 2.679637 -0.54096317 0.096728846 0.072786845 0.99264574 0
2.3162446 1.7472695 -0.55668122 0.1528223 0.11522609 0.98151326 1.0291482e-07
2.3762758 2.6220074 -0.55436677 0.10481052 0.11567146 0.9877423 9.9813931e-08
1.7308947 1.3044653 -0.57061046 0.20646875 0.15562472 0.9659977 4.4572045e-07
1.6697228 1.8441457 -0.56590116 0.15085402 0.16661662 0.97441363 4.2935503e-07
4.9824638 3.7447844 0.98051113 -0.12290483 -0.092699856 0.98807955 0
3.5581799 2.667233 -0.54096299 0.096896641 0.07291308 0.99262011 0
2.3282251 1.7435825 -0.55811566 0.1529534 0.11475813 0.98154765 1.2559094e-07
2.3787646 2.6063919 -0.55280674 0.1047093 0.1149398 0.98783845 6.2825819e-08
1.7315673 1.2955253 -0.56931788 0.20694409 0.15484543 0.96602124 3.3001328e-07
1.6777877 1.8401091 -0.56646299 0.15146847 0.1661412 0.97439951 4.4977486e-07
3.5555203 2.6459129 -0.5391373 0.097964138 0.072771832 0.9925257 0
2.3303561 1.7325193 -0.55716276 0.15256515 0.11328778 0.98177886 1.2216952e-07
2.3911853 2.6017129 -0.55358821 0.10634097 0.11550106 0.98759866 7.3499301e-08
1.740185 1.2920461 -0.57061023 0.20751557 0.15409279 0.96601897 5.523022e-07
1.6812319 1.830353 -0.56533897 0.15203328 0.16553581 0.97441459 2.1533734e-07
3.6871109 3.984679 -0.094187818 0.0030366373 0.012125165 0.99992186 0
3.5691881 2.6358104 -0.53974563 0.097326137 0.071901076 0.99265194 0
2.3442931 1.7301989 -0.55906355 0.15288277 0.11285227 0.98177963 1.2795533e-07
2.3935537 2.5860937 -0.55202001 0.10654125 0.11513075 0.98762029 8.8172058e-08
1.742739 1.2845325 -0.56996387 0.20805305 0.15336725 0.96601886 5.4806833e-07
1.6909122 1.8280561 -0.56646281 0.15264919 0.16504709 0.97440118 4.4835087e-07
3.68908 3.9589729 -0.093882084 0.011570822 0.01277805 0.99985141 0
3.5743628 2.6204026 -0.53913695 0.078907244 0.065796413 0.99470824 0
2.3463569 1.7191067 -0.55811179 0.15278728 0.11206692 0.98188442 6.2629972e-08
2.4059284 2.5813396 -0.55280453 0.10662547 0.11440055 0.98769605 9.9141047e-08
1.7413611 1.2741686 -0.56802517 0.20858437 0.15264049 0.96601939 5.4675087e-07
1.697283 1.8221426 -0.5664627 0.15322022 0.16450952 0.97440249 3.5582877e-07
3.6874969 3.9296532 -0.093489058 0.013337255 0.012682395 0.9998306 0
3.5790193 2.6056161 -0.53852826 0.10064641 0.072542295 0.99227411 0
2.3503578 1.7094642 -0.5576328 0.15601435 0.11310443 0.9812578 1.8141183e-08
2.4166119 2.5747283 -0.55319494 0.10692725 0.11393414 0.98771733 9.9080495e-08
1.7497088 1.2709173 -0.56931746 0.20915984 0.15192631 0.96600753 5.3620977e-07
1.6983274 1.8111639 -0.56477672 0.15374292 0.16397695 0.97440994 4.3846816e-07
3.6867883 3.9028552 -0.093139686 0.012113647 0.012714947 0.9998458 0
3.586081 2.5916548 -0.53822386 0.099292636 0.071861602 0.99246001 0
2.3543196 1.6998138 -0.55715919 0.15488654 0.11180653 0.9815852 1.4891103e-07
2.4205034 2.5608866 -0.5520221 0.10742473 0.1136748 0.98769325 9.988883e-08
1.7499939 1.2622863 -0.56802505 0.20962353 0.15122014 0.96601784 4.4369983e-07
1.7096466 1.8105476 -0.56646252 0.15430075 0.16342908 0.97441375 4.2384875e-07
3.6935041 3.8827116 -0.092964888 0.011816126 0.012615796 0.99985057 0
3.5991397 2.5820119 -0.53883213 0.097947143 0.070022769 0.99272513 0
4.1878109 4.4032178 -0.52757996 0.060179364 0.063278951 0.99617982 0
2.3642297 1.6944416 -0.5581153 0.15570626 0.11173152 0.98146403 1.1813817e-07
2.4362276 2.5595851 -0.5535875 0.10815187 0.11376859 0.98760313 7.6081953e-08
1.7543894 1.2561699 -0.56802493 0.2101555 0.15048806 0.96601659 5.3528413e-07
1.7075797 1.7957263 -0.56365258 0.15489817 0.16291013 0.97440588 3.5625013e-07
3.6956151 3.8565044 -0.09265916 0.011613687 0.012599519 0.99985319 0
3.6081305 2.5694332 -0.53883195 0.10016702 0.071609445 0.99239039 0
4.2108073 4.3950381 -0.52844959 0.059890989 0.062460884 0.99624884 0
2.3661289 1.6833361 -0.55715883 0.15552983 0.11071894 0.98160672 1.4472268e-07
2.4417346 2.5474958 -0.55280572 0.10780049 0.11228471 0.98781133 8.6367216e-08
1.7530717 1.2455405 -0.56608617 0.21072185 0.14972417 0.96601188 4.3218708e-07
1.7208771 1.796505 -0.56590033 0.15548411 0.16233316 0.97440886 4.2137773e-07
3.6951807 3.8291793 -0.09230978 0.012814748 0.012580241 0.99983877 0
3.6215785 2.5590534 -0.53944033 0.098826811 0.06985788 0.99264956 0
2.3780077 1.67931 -0.55858624 0.15507106 0.10963733 0.98180068 8.8086011e-08
2.45575 2.5442939 -0.55397499 0.10832778 0.11222517 0.98776042 9.9712089e-08
1.767283 1.2463638 -0.5693171 0.21122769 0.14898296 0.96601599 5.4382986e-07
1.7220738 1.7852178 -0.56421435 0.15603815 0.16177492 0.97441316 3.8097349e-07
5.1227098 3.5960321 -0.32621515 0.042922769 0.030214136 0.9986214 0
3.6963415 3.8036985 -0.092004053 0.012801545 0.012579642 0.99983895 0
3.6264243 2.5435481 -0.53883159 0.10035839 0.070329204 0.99246258 0
2.3838551 1.6709988 -0.5585863 0.155595 0.10916947 0.98176992 1.0964457e-07
2.464617 2.535707 -0.55396998 0.10777686 0.11094943 0.98796475 4.9470206e-09
1.7617245 1.2332716 -0.56608599 0.21174167 0.14824343 0.96601725 5.7603012e-07
1.7333769 1.7844473 -0.56590015 0.15664107 0.16127108 0.97439992 4.4862264e-07
3.6991165 3.7800448 -0.091741979 0.012478489 0.012541793 0.99984348 0
3.6368761 2.5329258 -0.53913575 0.098056667 0.068053283 0.99285126 0
2.3795972 1.6556665 -0.55620039 0.15730938 0.10922743 0.98149025 9.451783e-08
2.4717281 2.525321 -0.55358338 0.10818783 0.11090352 0.98792499 9.2528651e-08
1.7739569 1.2326195 -0.56867075 0.21221434 0.14748026 0.96603036 5.2660255e-07
1.7341853 1.7734548 -0.56421411 0.17147985 0.17558809 0.969414 2.4145655e-07
3.7052765 3.7599814 -0.091567189 0.012730232 0.012619049 0.99983937 0
3.6456957 2.5202153 -0.53913558 -0.00013235256 -7.7768345e-05 1 0
2.3894012 1.6501359 -0.55715942 0.15755956 0.10868514 0.98151034 1.0841916e-07
2.4770653 2.5131555 -0.55280495 0.10812 0.110421 0.98798645 7.7134665e-08
1.7762594 1.2250503 -0.56802452 0.21274576 0.14675601 0.96602374 4.5914715e-07
1.7457924 1.7723027 -0.56589991 0.15773484 0.16014649 0.97440898 3.5368737e-07
5.1477332 3.5337172 -0.32542923 0.042279921 0.029626878 0.99866647 0
3.7131009 3.7416971 -0.091436043 0.012180991 0.012384082 0.99984914 0
3.6549079 2.5068364 -0.5391354 0.0001208824 9.6601172e-05 1 0
2.3951468 1.6417851 -0.55715877 0.15684058 0.10743855 0.98176271 1.4449094e-07
2.4858232 2.5044937 -0.55280381 0.11102436 0.11163372 0.98752797 5.6052862e-08
1.7805248 1.2188426 -0.56802446 0.21328163 0.14601225 0.96601832 4.8041204e-07
1.7519684 1.766198 -0.56589985 0.15829349 0.15960023 0.97440797 3.4906483e-07
3.7120171 3.714556 -0.091086671 0.012446447 0.012373441 0.99984598 0
3.6636364 2.4940629 -0.53913522 0.00014090649 0.00011028421 1 0
2.3988328 1.6320353 -0.5566836 0.1571639 0.10695676 0.9817636 1.4714483e-07
2.4893208 2.4905553 -0.55162913 0.11076398 0.11078905 0.9876523 9.666811e-08
1.7847685 1.2126199 -0.56802434 0.21374732 0.14523843 0.96603203 7.6645944e-07
1.7632778 1.765252 -0.56758565 0.1588642 0.15904957 0.97440517 2.9376918e-07
3.7196462 3.6962857 -0.090955541 0.012281332 0.012304515 0.9998489 0
3.6718867 2.4819005 -0.53913504 0.099673524 0.067626826 0.99271941 0
2.4085848 1.6263958 -0.55763733 0.15876237 0.10740764 0.98145711 9.686574e-08
2.503247 2.4870782 -0.55280352 0.11098967 0.11027316 0.98768473 9.9747901e-08
1.7929975 1.2090793 -0.56931663 0.2143532 0.14456134 0.96599936 7.1159042e-07
1.7605016 1.7507899 -0.56477571 0.15936893 0.15850973 0.97441071 3.8189128e-07
3.7165272 3.6674633 -0.09056253 0.012576769 0.0122725 0.99984556 0
3.6764052 2.4663048 -0.5385263 0.10149691 0.068146512 0.99249911 0
3.6623766 3.6139143 -0.44624475 0.061716449 0.061034966 0.99622577 0
2.4101694 1.6152495 -0.55667573 0.15836242 0.10614726 0.98165888 1.5691133e-07
2.5084026 2.4748523 -0.55202067 0.11142577 0.11002643 0.98766315 9.2602612e-08
1.795199 1.2014719 -0.56867033 0.21479897 0.1437723 0.96601808 4.2402939e-07
1.7669069 1.7443255 -0.56477559 0.159945 0.15792033 0.97441202 3.2842968e-07
3.720387 3.6457124 -0.090344101 0.012269466 0.012218012 0.99985009 0
3.6916194 2.4569356 -0.53944236 0.10144494 0.067354538 0.99255848 3.1407595e-08
3.6589735 3.5854061 -0.44428733 0.062321901 0.060960416 0.99619263 0
2.4239705 1.6122576 -0.55858201 0.15870762 0.10557437 0.9816649 1.9873053e-07
2.5170259 2.4660816 -0.55202138 0.1113611 0.10920776 0.98776132 8.8793279e-08
1.8013946 1.1965325 -0.56931639 0.21533002 0.14304268 0.96600819 4.4257644e-07
1.7747211 1.7398559 -0.56533748 0.16053575 0.15738723 0.97440112 2.7853395e-07
3.7187717 3.6187451 -0.089994743 0.012742845 0.012189586 0.99984449 0
3.6997464 2.4446802 -0.53944254 0.10117573 0.066590838 0.99263746 2.0297673e-08
3.6744089 3.57673 -0.44472206 0.063245326 0.062611319 0.99603206 0
2.4275336 1.6024357 -0.55810928 0.15833859 0.10454588 0.98183453 9.0352898e-08
2.5304918 2.4628952 -0.55318993 0.11167349 0.10873082 0.98777866 8.6732392e-08
1.801318 1.187897 -0.56802398 0.21576042 0.14230146 0.9660216 3.8953266e-07
1.7769973 1.7305557 -0.56421345 0.16103923 0.1568436 0.97440571 4.2863155e-07
3.7211454 3.5983484 -0.08977633 0.012673064 0.012181476 0.9998455 0
3.713634 2.4371269 -0.54035133 0.10117573 0.066590838 0.99263746 2.0297673e-08
2.4284501 1.5921135 -0.55715203 0.15946309 0.10456158 0.98165083 1.9934436e-07
2.5297801 2.4458961 -0.55123872 0.11244147 0.10868032 0.98769706 9.2811526e-08
1.8092909 1.1845589 -0.56931627 0.21627073 0.14160533 0.9660098 9.3653267e-07
1.7774836 1.7195622 -0.56252748 0.16155382 0.15629344 0.97440892 4.0842238e-07
3.729455 3.5825222 -0.089688838 0.012691364 0.012191081 0.99984515 0
3.7158787 2.420089 -0.53944194 0.10128694 0.066284761 0.99264663 1.5046739e-08
2.4360509 1.5849639 -0.55762851 0.15968804 0.10392259 0.98168212 1.8868516e-07
2.5418611 2.4404764 -0.5520193 0.11343852 0.10892461 0.98755616 3.2417262e-08
1.8071308 1.1746098 -0.56737763 0.21670206 0.14086749 0.966021 7.0191032e-07
1.7901888 1.7204233 -0.56477523 0.16206425 0.15575978 0.97440958 2.8549798e-07
3.722219 2.4057572 -0.53913397 0.10330038 0.066778667 0.99240601 0
2.437443 1.5737913 -0.5566752 0.16031343 0.10349506 0.98162538 1.8742692e-07
2.5503638 2.4315879 -0.55202281 0.11183609 0.10602842 0.98805398 7.5612107e-08
1.8112199 1.1682945 -0.56737751 0.21720168 0.14011139 0.96601874 6.2172012e-07
1.7909058 1.7091085 -0.56308931 0.16261636 0.15519448 0.97440779 4.2199969e-07
3.7322659 2.3947401 -0.53943843 0.078182735 0.043774094 0.99597758 0
2.4426486 1.5656997 -0.55667531 0.16060065 0.10293292 0.98163754 1.8742692e-07
2.561995 2.4265187 -0.55279756 0.11211659 0.10580787 0.98804581 7.4313228e-08
1.8110142 1.1596813 -0.56608516 0.21766523 0.13938963 0.96601886 6.3787445e-07
1.7965636 1.70316 -0.56308931 0.16312176 0.15464845 0.97441018 4.0331321e-07
3.742696 2.3830292 -0.53974247 0.10213614 0.065194644 0.99263179 0
2.4501698 1.5584788 -0.55715722 0.16258426 0.10405108 0.98119301 4.7822592e-08
2.5704496 2.4175611 -0.55279773 0.11258086 0.10597221 0.98797542 5.4750995e-09
1.8232095 1.1585259 -0.56866992 0.21815369 0.13862944 0.96601802 5.4033785e-07
1.8060391 1.7002251 -0.56421322 0.16366149 0.15408216 0.97440934 2.7281877e-07
6.2694631 3.9718547 0.64622611 -0.074294016 -0.047139607 0.99612159 0
3.8721926 3.6172059 -0.091914371 0.012716179 0.011874476 0.99984866 0
3.7425976 2.3646519 -0.53852534 0.10330065 0.06518048 0.99251223 0
2.455596 1.5499172 -0.55715173 0.16117404 0.10174799 0.9816671 1.7706003e-07
2.5788727 2.4085736 -0.55279768 0.1129508 0.10585702 0.98794556 8.0124529e-08
1.8233548 1.149264 -0.56737745 0.21865042 0.13782191 0.9660213 4.289144e-07
1.8069286 1.6885942 -0.56252724 0.16424097 0.15353109 0.97439885 4.0644258e-07
3.8811331 3.6002641 -0.091826871 0.013192768 0.012125934 0.99983943 0
3.755446 2.3535523 -0.53913367 0.1023767 0.064101852 0.99267817 0
2.4672334 1.5452397 -0.5585832 0.16090654 0.1007937 0.98180944 1.1805027e-07
2.5818388 2.3945119 -0.55163151 0.11392056 0.10591085 0.98782843 9.3986834e-08
1.8294041 1.144171 -0.56802356 0.21912125 0.13705339 0.96602392 5.3535967e-07
1.8217241 1.6905787 -0.56533694 0.16476551 0.15291619 0.97440696 4.1961675e-07
3.8918402 3.5849996 -0.091783024 0.012859165 0.011891951 0.99984658 0
3.7615306 2.3391197 -0.53882921 0.10448115 0.064983234 0.99240154 0
2.4645369 1.5310116 -0.55668318 0.1614542 0.10040719 0.98175913 1.3592631e-07
2.5905983 2.3850331 -0.55162925 0.11638246 0.10680944 0.98744464 3.0396855e-08
1.8333869 1.1377782 -0.5680235 0.21961392 0.13630426 0.96601808 5.4543773e-07
1.825826 1.6825551 -0.56477487 0.16529505 0.15233921 0.97440767 4.3255946e-07
4.3914561 4.038878 1.1518978 -0.14088151 -0.12944154 0.98152804 0
4.3988686 4.0273709 0.31071451 -0.038691621 -0.035443716 0.99862242 0
3.7717853 2.3272772 -0.53913337 0.10306949 0.06375502 0.99262881 0
2.4719565 1.5236859 -0.55715823 0.16369414 0.10058191 0.98137021 8.003375e-08
2.595268 2.3726392 -0.55084169 0.11655553 0.10659096 0.9874478 7.043338e-08
1.845578 1.1364292 -0.57060826 0.22011423 0.13554786 0.96601063 2.9002032e-07
1.833482 1.6778196 -0.56533676 0.1658321 0.15176685 0.97440571 1.2134024e-07
4.4109597 4.0284934 1.1533277 -0.14030503 -0.12832735 0.98175687 0
4.4258218 4.023757 0.31163055 -0.038423378 -0.03342282 0.99870247 0
3.7714188 2.3089187 -0.53791618 0.10446699 0.063717596 0.99248511 0
2.4751654 1.5137687 -0.55668217 0.16086006 0.098453976 0.98205441 1.3499455e-07
2.6071858 2.3668895 -0.55162942 0.11565942 0.10501277 0.98772222 1.0371172e-07
1.8433475 1.1262083 -0.5686695 0.22056158 0.13476634 0.9660179 3.4796716e-07
1.8375279 1.6697676 -0.56477469 0.16635726 0.15117988 0.97440749 2.6724118e-07
4.4104619 3.999871 1.1495153 -0.14208232 -0.1282635 0.98150963 0
4.4509506 4.0183301 0.31241572 -0.038711797 -0.034766588 0.99864542 0
4.0293198 3.6345422 -0.094139159 0.012865684 0.01168773 0.9998489 0
3.7794554 2.2957397 -0.537916 -5.9299214e-06 9.9519548e-06 1 0
4.0775995 3.6781487 -0.47647056 0.064344056 0.058106627 0.99623466 0
2.4804354 1.5051202 -0.55667681 0.16683982 0.10125067 0.98077154 7.8430569e-09
2.6154325 2.3577747 -0.55162436 0.11428759 0.10297306 0.98809659 3.3607201e-08
1.8514001 1.122267 -0.56996185 0.2210519 0.13400257 0.96601212 5.6393441e-07
1.8451507 1.6649786 -0.56533659 0.16687198 0.15059352 0.97441024 4.1626461e-07
4.4668083 4.004437 0.31254676 -0.038399585 -0.034409992 0.9986698 0
4.0270987 3.6071007 -0.093789801 0.01301544 0.011675587 0.99984711 0
3.787446 2.2825332 -0.53791583 0.10468541 0.063353479 0.9924854 0
4.0811448 3.6555765 -0.47538298 0.067548394 0.058598302 0.99599367 0
2.4856737 1.4964522 -0.55668014 0.16181366 0.097580895 0.98198485 8.1128846e-08
2.6218088 2.346981 -0.55123401 0.1177083 0.10553419 0.98742455 3.2859994e-08
1.8470232 1.1108265 -0.56737691 0.22150621 0.1332244 0.96601564 5.1022005e-07
1.8437067 1.6520114 -0.5630886 0.16742039 0.15001847 0.97440487 3.9158658e-07
4.4788952 3.9871585 0.31241617 -0.03924353 -0.034999963 0.99861652 0
3.8039114 2.2743883 -0.53913265 0.10411568 0.062181711 0.99261945 0
2.4929895 1.4890234 -0.55715865 0.16404088 0.09799099 0.98157442 1.4309275e-07
2.6299853 2.3378148 -0.55123311 0.11778047 0.10500278 0.98747259 5.9706259e-08
1.8529648 1.105608 -0.56802309 0.22196244 0.13245006 0.96601743 4.9570122e-07
1.8494619 1.6455656 -0.56308854 0.16792214 0.14941935 0.97441059 4.3565333e-07
4.4209313 3.9257395 1.141414 -0.14089201 -0.12642223 0.98192 0
4.5021324 3.9797752 0.31307057 -0.039092526 -0.034522712 0.99863905 0
3.8075578 2.2585664 -0.53852397 0.1051225 0.062409114 0.99249905 0
2.4918356 1.4765633 -0.55572981 0.16347057 0.096962035 0.98177171 1.3021136e-07
2.6436772 2.3335304 -0.55240458 0.11618042 0.10235627 0.98793995 4.7546067e-08
1.8590842 1.100037 -0.5686692 0.22244105 0.13163348 0.96601897 4.3657485e-07
1.8627721 1.6452403 -0.56533629 0.16847721 0.14881855 0.97440672 3.8003463e-07
4.4198918 3.8972869 1.1376016 -0.14463992 -0.12621583 0.9814015 0
6.4138994 3.7833827 0.64840746 -0.074247919 -0.044133421 0.99626279 0
3.8222289 2.2483675 -0.53943658 0.10434049 0.061270468 0.99265248 0
2.5033238 1.4715828 -0.55715972 0.16489889 0.096908942 0.98153806 1.121572e-07
2.6518066 2.3242877 -0.552405 0.11639283 0.10201463 0.98795027 3.6833335e-08
1.8587449 1.0910995 -0.56737667 0.22291377 0.13086295 0.96601468 5.3033381e-07
1.8630185 1.6338989 -0.56365031 0.1689858 0.14821908 0.97441006 3.589607e-07
3.8279097 2.2337618 -0.53913218 0.10261954 0.060605705 0.99287271 0
2.5002172 1.4574603 -0.5552479 0.1650243 0.096327871 0.98157424 1.2736163e-07
2.6565864 2.3113065 -0.55162364 0.11901868 0.10358299 0.98747408 3.797679e-08
1.8583661 1.082178 -0.56608415 0.22339015 0.13009427 0.96600842 5.6825758e-07
1.8668764 1.6257825 -0.56308824 0.16949041 0.14761822 0.97441357 4.480618e-07
3.8313873 2.2179017 -0.5385235 0.10610558 0.061354242 0.99246019 0
2.5137904 1.453632 -0.55715775 0.16529915 0.0956669 0.9815926 1.3955672e-07
2.6646373 2.3020186 -0.55162913 0.11796812 0.10199244 0.98776567 9.6820322e-08
1.8705016 1.0805088 -0.56866896 0.22379957 0.12929119 0.96602148 5.0220126e-07
1.878059 1.6240469 -0.56477404 0.17001063 0.14703345 0.97441137 3.2610717e-07
4.4240007 3.8179128 1.1280707 -0.14592485 -0.1247904 0.98139352 0
3.8412583 2.205749 -0.53882754 0.10474511 0.060243882 0.99267274 0
2.5209801 1.4460689 -0.55762762 0.16421969 0.093863085 0.98194784 2.6445282e-08
2.678273 2.2975342 -0.55279899 0.11843766 0.10161454 0.98774844 9.6112473e-08
1.8658758 1.069178 -0.56608403 0.224277 0.12852637 0.96601284 5.9520056e-07
1.878181 1.6127096 -0.56308806 0.17050879 0.14642328 0.9744162 3.9127693e-07
6.2504706 3.5703859 1.1332616 -0.13700582 -0.077933408 0.98749977 0
3.8446214 2.189873 -0.53821892 0.10608768 0.060522173 0.99251318 0
4.6263371 3.9437757 -0.5277909 0.062646106 0.055613343 0.99648511 0
2.5238779 1.4360477 -0.55715442 0.16710131 0.095237114 0.9813292 1.1111628e-07
2.676888 2.2801523 -0.55084908 0.11852529 0.10108121 0.98779267 7.9944996e-08
1.8737979 1.0650412 -0.56737638 0.22471237 0.1277355 0.96601659 5.1785139e-07
1.8875005 1.6093122 -0.56421185 0.17105353 0.14585553 0.97440588 4.4104431e-07
4.3556175 3.6955886 0.69607514 -0.095308542 -0.081141643 0.99213523 0
3.8608861 2.181318 -0.53943574 0.10559891 0.059577372 0.99262249 0
2.5288761 1.4272293 -0.55714899 0.16780956 0.095229074 0.98120916 9.3054116e-09
2.6904807 2.2755859 -0.55202031 0.11986929 0.10132687 0.98760527 5.2007152e-08
1.8776888 1.0581661 -0.56737626 0.22517844 0.1269094 0.96601689 5.3607204e-07
1.8933864 1.6023833 -0.56421179 0.1715689 0.14521399 0.97441113 3.1313473e-07
3.8645239 2.1647289 -0.53882706 0.1091731 0.060345251 0.99218935 0
2.5381265 1.4207873 -0.55810773 0.16567589 0.092734963 0.98181045 7.0258693e-08
2.6908524 2.2598183 -0.55045813 0.11939675 0.10025558 0.98777187 8.8190887e-08
1.881371 1.0516053 -0.5673762 0.22561567 0.12612186 0.96601802 4.1888194e-07
1.895244 1.5926226 -0.56308776 0.17206736 0.14460997 0.97441304 3.2631723e-07
3.8698869 2.1500216 -0.53852266 0.10688598 0.059517447 0.99248832 0
4.6814404 3.9054773 -0.52931243 0.065798797 0.054908417 0.99632102 0
2.5476105 1.4138541 -0.55905718 0.16601767 0.092287071 0.98179489 8.7269747e-08
2.70859 2.2578588 -0.55241072 0.12018935 0.10021687 0.98767966 9.5234142e-08
1.8913701 1.0485387 -0.56931472 0.22612679 0.1253503 0.96599895 5.4907747e-07
1.9045269 1.589126 -0.56421161 0.17257878 0.14400859 0.97441167 4.2464862e-07
6.4948606 3.5891051 1.1684208 -0.13502577 -0.07307715 0.98814362 0
4.4265323 3.6858931 1.111868 -0.14047042 -0.12145361 0.98260731 0
3.8838904 2.1400902 -0.53943521 0.10605226 0.05832715 0.99264842 0
4.6931276 3.8875222 -0.52909476 0.066160753 0.055143576 0.99628407 0
2.5396252 1.3978611 -0.55620074 0.16741242 0.092070058 0.98157841 1.2740655e-07
2.7088544 2.2420821 -0.55084825 0.11992928 0.099263743 0.98780751 8.2048238e-08
1.8886667 1.0384455 -0.56737602 0.22649616 0.12454711 0.96601629 5.3753905e-07
1.9119351 1.5840259 -0.56477344 0.17309125 0.143408 0.97440934 2.784424e-07
4.4280305 3.661027 1.1090087 -0.14055529 -0.12145727 0.98259467 0
3.8891587 2.1253307 -0.53913081 0.10428423 0.057700682 0.9928723 0
4.6989794 3.8647821 -0.52822471 0.067381389 0.055453897 0.996185 0
2.5466437 1.3901618 -0.55667764 0.16816032 0.091610752 0.98149353 7.4554954e-08
2.7204759 2.2357538 -0.5516271 0.12055165 0.0991439 0.98774379 9.493467e-08
1.8944017 1.0330008 -0.56802219 0.22692603 0.12375346 0.96601743 4.7004514e-07
1.9099398 1.5711379 -0.56252551 0.17358698 0.14280888 0.97440916 3.5375419e-07
4.4275136 3.6346371 1.1056727 -0.15082163 -0.12106968 0.98111922 0
3.8921895 2.1093793 -0.53852212 0.10966241 0.058698189 0.99223417 0
4.7220807 3.8562403 -0.52931178 0.067155279 0.054836076 0.99623448 0
2.5536394 1.3824307 -0.55715609 0.16757537 0.090713076 0.98167694 1.4859458e-07
2.7263529 2.2246807 -0.55123156 0.11974494 0.098115459 0.9879446 3.5033615e-08
1.8979961 1.0263817 -0.56802213 0.22745895 0.12303674 0.96598363 2.1244848e-07
1.9172959 1.5660057 -0.56308734 0.17402929 0.14218202 0.97442192 2.9485494e-07
4.4306688 3.6113992 1.1032902 -0.15385413 -0.12142859 0.98060387 0
4.4375405 3.6003308 0.29763553 -0.040816125 -0.033009127 0.99862128 0
3.8973429 2.0946069 -0.53821778 0.10793003 0.05809848 0.99245942 0
4.7277794 3.8334537 -0.52844167 0.06656149 0.054689407 0.9962824 0
2.5562875 1.3723495 -0.55667287 0.16900422 0.091297805 0.98137772 3.5465884e-08
2.7283523 2.2104795 -0.55005938 0.12334752 0.099222839 0.98739064 4.8254378e-08
1.9079554 1.0231683 -0.56996059 0.22767104 0.12208375 0.96605456 3.6617794e-07
1.915194 1.5531515 -0.56084073 0.17526563 0.14211121 0.97421062 1.3147293e-07
4.452024 3.5863872 0.2977666 -0.040476263 -0.032655872 0.99864674 0
3.9090109 2.0833218 -0.53882605 0.10805219 0.058225915 0.99243867 0
2.5653958 1.3657211 -0.55763227 0.16788816 0.089344397 0.981749 1.0955086e-07
2.7341299 2.1993923 -0.54966742 0.12345917 0.09900251 0.98739874 2.4467961e-09
1.9115151 1.0165021 -0.56996059 0.22814302 0.12133586 0.96603745 4.0413948e-07
1.9243929 1.5495198 -0.56196296 0.17506586 0.14103901 0.97440237 3.1832496e-07
3.9250376 2.0742984 -0.54004157 0.10719001 0.056669842 0.9926222 0
2.5788326 1.3613354 -0.55953395 0.16814835 0.088682339 0.9817645 1.187689e-07
2.7417905 2.1898348 -0.5496676 0.12492156 0.099907622 0.98712361 5.4258873e-08
1.9193265 1.0120727 -0.57125229 0.22855431 0.12056531 0.96603674 1.978033e-07
1.93169 1.5443181 -0.5625245 0.17559953 0.1404912 0.97438544 3.9674887e-07
2.5726924 1.3466417 -0.55715662 0.16871269 0.088302515 0.98170191 1.5776277e-07
2.7513497 2.1817873 -0.55006599 0.12553482 0.10010111 0.98702621 1.0045832e-07
1.9164238 1.0020157 -0.56931359 0.22904333 0.11978549 0.9660179 5.9609647e-07
1.9446894 1.5436382 -0.56477195 0.17504114 0.13938685 0.97464448 1.1842711e-07
4.3880582 3.4583433 0.29096615 -0.041209836 -0.03246583 0.99862289 0
2.5841484 1.3405892 -0.55858612 0.1696822 0.087945119 0.98156691 1.3864275e-07
2.7593288 2.171689 -0.55005777 0.12542689 0.099594511 0.98709118 4.8154149e-08
1.9245483 0.99686754 -0.57060575 0.22966565 0.11893955 0.96597469 5.1057089e-07
1.9465126 1.533478 -0.56364787 0.17656443 0.13911466 0.97440857 2.0540791e-07
4.4124956 3.4514754 0.29175133 -0.041440528 -0.033290882 0.99858618 0
2.5868616 1.3299884 -0.55810815 0.16903242 0.086869508 0.98177481 1.4897623e-07
2.7692139 2.163084 -0.55044639 0.12550488 0.099292465 0.98711169 4.6530184e-09
1.919591 0.98540336 -0.568021 0.2299383 0.11804941 0.96601903 5.4617499e-07
1.9562193 1.5290002 -0.56477177 0.17708389 0.1384173 0.97441363 1.9254884e-07
2.5895319 1.3193855 -0.5576303 0.17025499 0.086777724 0.98157161 1.494124e-07
2.7810221 2.1559503 -0.55123204 0.12271003 0.09502463 0.98788285 4.443222e-08
1.9294789 0.98197687 -0.56995946 0.2303706 0.11725219 0.96601307 7.3719804e-07
1.9538581 1.5161742 -0.5625239 0.17758147 0.13781232 0.97440886 3.9730813e-07
2.5985048 1.3125488 -0.5585773 0.16869597 0.085516244 0.98195142 7.6843719e-08
2.7924407 2.1492469 -0.55201459 0.12364623 0.095177963 0.98775136 9.8013444e-08
1.9242663 0.97089231 -0.56737459 0.2307464 0.11644198 0.96602142 4.0035641e-07
1.9610653 1.5108349 -0.56308573 0.17805882 0.13718759 0.97440988 3.0118341e-07
2.5984526 1.3017287 -0.55763042 0.1699257 0.085229158 0.98176438 1.2927893e-07
2.7917132 2.1339664 -0.55044818 0.12457345 0.095329799 0.98762023 7.4622207e-08
1.9319658 0.96632624 -0.56866693 0.23117004 0.1156401 0.96601647 7.4670118e-07
1.9585987 1.4980459 -0.56083781 0.17852093 0.13653634 0.97441679 2.833898e-07
4.5757413 2.28159 0.44426024 -0.077725045 -0.038774781 0.99622053 0
4.8253398 3.6647809 -0.52604532 0.069102749 0.052470613 0.99622869 0
2.5985839 1.290471 -0.55667108 0.16976181 0.08482869 0.98182738 6.4212934e-08
2.8070049 2.1301897 -0.55201447 0.12429066 0.094343014 0.98775059 8.6629903e-08
1.9309977 0.95743489 -0.56737441 0.23157117 0.11483095 0.96601689 7.564106e-07
1.9732409 1.4989288 -0.56364751 0.17900671 0.13600016 0.97440267 3.7834471e-07
4.5743504 2.2619915 0.44338891 -0.078325264 -0.038730171 0.99617523 0
3.9843369 1.9636023 -0.54034454 0.10886937 0.053581595 0.99261093 0
4.828166 3.6404102 -0.52495778 0.07009197 0.052581985 0.99615371 0
2.6050501 1.2829288 -0.55715406 0.17288853 0.085074462 0.98126036 1.0116585e-07
2.8160241 2.1223588 -0.55239952 0.12407041 0.093527116 0.98785585 3.3961161e-08
1.9406666 0.95421702 -0.56931293 0.2319552 0.11405817 0.96601629 7.564106e-07
1.9804033 1.4935024 -0.5642094 0.17947532 0.13536848 0.97440445 4.0960762e-07
5.2403951 3.9231071 -0.1136826 0.014024571 0.010564419 0.99984586 0
3.9863667 1.9482019 -0.53973585 0.11172921 0.053945206 0.99227339 0
4.8382192 3.6228855 -0.5247401 0.068420485 0.051625192 0.99631995 0
2.6095135 1.2738283 -0.5571475 0.17064971 0.083314516 0.98180312 1.7565591e-07
2.8155138 2.1065876 -0.55084479 0.12396375 0.093278773 0.98789275 5.4617342e-08
1.9439857 0.94743699 -0.56931287 0.23240405 0.11328696 0.96599919 4.8256214e-07
1.9795041 1.482535 -0.56252342 0.17990363 0.13474999 0.97441119 3.0046621e-07
4.6086497 2.2390752 1.173903 -0.20165955 -0.097524628 0.97458833 0
5.2654052 3.9146645 -0.1139442 0.013894692 0.010179493 0.99985164 0
3.9909093 1.9331943 -0.53943145 0.10691358 0.052499913 0.9928813 0
4.8448429 3.6015131 -0.52408755 0.070576288 0.052287675 0.996135 0
2.6139443 1.2647116 -0.55714738 0.16985002 0.082196988 0.98203593 1.7565591e-07
2.8228498 2.0967469 -0.55084449 0.12607679 0.093335859 0.98761988 7.8460943e-08
1.9405906 0.93783885 -0.56737423 0.2326431 0.11244064 0.96604049 7.1742602e-07
1.9924754 1.4814448 -0.56477118 0.1803802 0.13413015 0.97440857 3.6715508e-07
4.6164374 2.2229743 1.1739032 -0.20181568 -0.097600147 0.9745484 0
4.5608592 2.1952133 0.08772669 -4.158363e-06 8.7622648e-06 1 0
5.2870789 3.9022043 -0.11411854 0.014341081 0.010956156 0.99983716 0
3.9931576 1.9171054 -0.53882283 0.1099957 0.052917037 0.99252242 0
4.8573852 3.5845795 -0.52408731 0.07058651 0.052295249 0.99613392 0
2.6227691 1.2576983 -0.5581069 0.17187096 0.082445882 0.98166341 1.4879436e-07
2.8222103 2.0810087 -0.54927671 0.12672268 0.09313371 0.98755634 6.877876e-08
1.9438524 0.9310593 -0.56737417 0.23325682 0.1117354 0.96597433 6.8492125e-07
1.9937201 1.4715799 -0.56364715 0.1808483 0.1334973 0.97440875 4.1694679e-07
4.6043787 2.1974111 1.1688459 -0.20355389 -0.096725911 0.97427404 0
4.5684938 2.1792796 0.087726861 -0.016110361 -0.007708509 0.9998405 0
4.0110321 1.908481 -0.54034394 0.10955963 0.051996194 0.99261928 0
4.8758917 3.572022 -0.52473944 0.06933219 0.050437156 0.9963178 0
2.6224921 1.2468898 -0.5571472 0.1721513 0.081852406 0.98166394 1.7401449e-07
2.8271058 2.0701771 -0.54888338 0.12742308 0.092993885 0.98747939 1.8016655e-08
1.9470906 0.92426825 -0.56737405 0.23352697 0.11086424 0.96600944 7.8984129e-08
2.000807 1.4660552 -0.56420904 0.18131053 0.13286409 0.97440934 3.1421416e-07
4.6116405 2.1821303 1.168846 -0.19829226 -0.094225451 0.97560328 0
4.7722349 2.2539287 -0.27477932 0.047450013 0.022427943 0.99862182 0
4.0150938 1.8941116 -0.54003954 0.11038447 0.052227151 0.9925158 0
4.8897233 3.5573003 -0.5249567 0.069946498 0.051015396 0.99624538 0
2.631269 1.2398167 -0.5581066 0.17281011 0.081491388 0.98157823 1.3565725e-07
2.8363094 2.0617499 -0.54927862 0.12850484 0.093775049 0.98726529 2.3279288e-08
1.950305 0.91746604 -0.56737399 0.23389816 0.11003984 0.96601391 1.3208839e-07
1.9997566 1.4551011 -0.56252307 0.1817546 0.13226782 0.97440773 3.6527447e-07
4.6170235 2.1649861 1.1682843 -0.20161653 -0.095243648 0.97482276 0
4.0329232 1.8853341 -0.54156059 0.10993694 0.051301129 0.99261373 0
4.8920212 3.5329118 -0.52386916 0.070654668 0.051079743 0.99619216 0
2.6400311 1.2326986 -0.55905145 0.17112099 0.079650134 0.98202521 1.18613e-08
2.8434889 2.0518367 -0.54928064 0.12543406 0.090354331 0.98797894 6.3926869e-08
1.9599056 0.91404974 -0.56931251 0.23425908 0.10927264 0.96601355 5.1348536e-07
2.0087676 1.4509722 -0.56364685 0.18224566 0.13164695 0.9744001 3.8436036e-07
4.6157141 2.1447539 1.1660367 -0.21008067 -0.094505131 0.97310579 0
4.5480576 2.1142926 0.7879371 -0.13830319 -0.064574555 0.9882825 0
4.0349751 1.869161 -0.54095197 0.1108681 0.051415142 0.9925043 0
4.9205074 3.5274351 -0.52560872 0.070550971 0.050529137 0.99622756 0
2.6420891 1.2224462 -0.55857992 0.17092103 0.079336725 0.98208535 4.129592e-08
2.854645 2.0447803 -0.5500626 0.12744632 0.091386981 0.98762637 9.6105708e-08
1.9652777 0.90821403 -0.56995869 0.23462847 0.10843899 0.96601784 2.2838255e-07
2.0098665 1.4411051 -0.56252289 0.18264824 0.13098024 0.97441459 3.5095564e-07
4.6165333 2.1255751 1.164351 -0.20550419 -0.094396427 0.97409308 0
4.6866698 2.1538322 -0.26849815 0.047441721 0.021822231 0.99863559 0
4.0482426 1.8581674 -0.54186451 0.11012787 0.050511114 0.9926331 0
4.9246783 3.5044553 -0.52473855 0.071349673 0.050671674 0.99616343 0
2.6441083 1.212195 -0.55810338 0.17654826 0.08039403 0.98100334 4.4044381e-08
2.857744 2.0319357 -0.54928076 0.12710692 0.090347819 0.98776573 9.8963547e-08
1.9728296 0.90335518 -0.57125103 0.23501028 0.10762038 0.96601659 4.5902748e-08
2.0168664 1.4354967 -0.56308472 0.18313549 0.13035816 0.97440654 4.3428304e-07
4.6261415 2.1104577 1.1649131 -0.20279442 -0.092646807 0.97482872 0
4.6805239 2.1312568 -0.26771286 0.048006229 0.021667726 0.99861199 0
4.0501852 1.8419726 -0.54125595 0.11204523 0.05073262 0.9924072 0
4.9389143 3.4886823 -0.52495587 0.069977589 0.0494311 0.99632311 0
2.6460891 1.2019445 -0.55762577 0.17561771 0.07954514 0.9812395 1.1810411e-07
2.8708668 2.0262282 -0.55044758 0.12691125 0.089671858 0.98785245 7.0383621e-08
1.9715704 0.89447176 -0.56995857 0.23537731 0.10679791 0.9660185 5.7602216e-07
2.0159042 1.4242196 -0.5613988 0.18357745 0.12970176 0.97441101 2.9940787e-07
4.6290393 2.0922916 1.1637894 -0.20745999 -0.093326263 0.97378159 0
4.6833825 2.1128542 -0.26745099 0.049013775 0.021823494 0.99855965 0
4.0565901 1.8278236 -0.54125577 0.11035839 0.049969036 0.99263495 0
4.9496288 3.4691255 -0.52473813 0.071922421 0.050494477 0.99613124 0
2.6525056 1.1937057 -0.55810893 0.17590594 0.079156935 0.98121929 1.240641e-07
2.8759015 2.0147748 -0.55005825 0.1272362 0.089219838 0.98785162 7.576633e-08
1.9748355 0.88723963 -0.56995851 0.23576994 0.10593428 0.96601784 5.6902542e-07
2.0290787 1.4224299 -0.56364655 0.18405916 0.12904087 0.97440785 3.096863e-07
4.6363144 2.0761206 1.1637895 -0.20424026 -0.091877744 0.9745996 0
4.6888156 2.0946574 -0.26731998 0.047423661 0.021349354 0.99864668 0
4.05193 1.8078929 -0.53973436 0.11153752 0.049684364 0.99251741 0
4.9657955 3.454675 -0.52517289 0.070877396 0.049321324 0.99626493 0
2.6544149 1.1834419 -0.55763018 0.17399402 0.077553466 0.98168808 1.5622496e-07
2.8768411 2.0004871 -0.54888076 0.1295733 0.089953452 0.98748124 2.2810108e-08
1.9712987 0.87740082 -0.56801981 0.23614985 0.10511911 0.96601409 5.5922879e-07
2.0320346 1.4139432 -0.56308448 0.18449791 0.12838915 0.97441095 3.4046204e-07
4.6283021 2.0522075 1.1598561 -0.20810206 -0.090471044 0.97391403 0
4.6846814 2.0732303 -0.26666558 0.049442198 0.020957159 0.99855709 0
4.0627561 1.7957425 -0.54034275 0.10921948 0.047600951 0.99287724 0
4.9737272 3.4344864 -0.52473772 0.073998466 0.050541323 0.99597681 0
2.6609802 1.1746947 -0.55810654 0.17768128 0.078770138 0.98093051 6.6539542e-08
2.8861842 1.9913342 -0.54927433 0.12968063 0.089755163 0.98748517 1.6194198e-08
1.9854027 0.87537569 -0.57125074 0.23650809 0.10429847 0.9660154 4.6859614e-07
2.0389597 1.4082297 -0.56364638 0.18495741 0.12775172 0.97440761 2.6856546e-07
4.6265144 2.0321245 1.1576085 -0.20773345 -0.090512238 0.97398889 0
4.6827426 2.0528591 -0.26614204 0.048143551 0.021082321 0.99861789 0
4.0712733 1.7825441 -0.54064691 0.10923966 0.047614042 0.99287438 0
4.9836326 3.4156942 -0.52452004 0.072232075 0.049612302 0.99615318 0
2.6650646 1.1653991 -0.55810434 0.17294322 0.075702332 0.98201823 4.8207461e-08
2.8971882 1.984043 -0.55006057 0.12901109 0.088435531 0.98769188 9.8321813e-08
1.981804 0.86554635 -0.56931198 0.2368805 0.10346024 0.96601427 5.492642e-07
2.0318232 1.3928168 -0.56027442 0.18537338 0.12710571 0.9744131 3.9634065e-07
4.6313453 2.0149915 1.1570467 -0.20422897 -0.089551315 0.97481847 0
4.6944604 2.0384877 -0.26640356 0.047852095 0.020844337 0.9986369 0
4.0774708 1.7683218 -0.54064673 0.11237351 0.048979621 0.99245816 0
5.0016999 3.4024847 -0.52517223 0.071653984 0.04881762 0.99623418 0
2.67137 1.1570635 -0.55857652 0.17345785 0.075400621 0.9819507 9.6367764e-08
2.9081776 1.9766999 -0.55083454 0.12687574 0.085105658 0.98826087 5.5034386e-09
1.9825962 0.85766661 -0.56866586 0.23723869 0.1026333 0.96601462 5.6569274e-07
2.0406954 1.3884643 -0.56139833 0.18584333 0.12644817 0.9744091 2.0584096e-07
4.6294007 1.9949601 1.1547991 -0.2077217 -0.089133725 0.97411853 0
4.6854906 2.0151901 -0.26548746 0.048260134 0.020686595 0.99862057 0
4.0904593 1.7570128 -0.54155928 0.11140405 0.047852922 0.99262238 0
5.0011683 3.3766339 -0.52386725 0.07273148 0.048791584 0.99615735 0
2.6686239 1.1448333 -0.55714858 0.17602473 0.075558402 0.98148167 8.1154013e-08
2.917105 1.9679199 -0.55122668 0.12826669 0.086502098 0.98796004 5.8340182e-09
1.9811361 0.84884262 -0.56737328 0.23762754 0.10180457 0.9660067 4.5310054e-07
2.0414972 1.3785982 -0.56027442 0.18628596 0.12579416 0.97440922 2.3717782e-07
4.6359906 1.9795974 1.1547986 -0.20533016 -0.088107876 0.97471869 0
4.6967421 2.0015974 -0.26574963 0.048029382 0.020495296 0.99863565 0
4.0894127 1.7405266 -0.54064703 0.11275475 0.047758982 0.99247438 0
5.0108562 3.3577678 -0.52365053 0.07033518 0.04756372 0.99638879 0
2.6724057 1.1359774 -0.55715001 0.17600715 0.074828073 0.98154074 1.114007e-07
2.9236145 1.9582356 -0.55122691 0.12849446 0.086304918 0.9879477 5.5600331e-08
1.9885355 0.84380466 -0.56866592 0.23797157 0.10097849 0.96600872 5.5608245e-07
2.0462971 1.3714637 -0.56027454 0.18665801 0.12507604 0.9744305 3.5221677e-07
4.6338968 1.9596112 1.1525509 -0.20796862 -0.087771952 0.97418946 0
4.687942 1.9775829 -0.26483354 0.048487045 0.020326873 0.99861693 0
4.0957646 1.7255265 -0.54064685 0.11459832 0.048539661 0.99222535 0
5.0184011 3.3374944 -0.52321535 0.072838597 0.048490576 0.99616426 0
2.6854055 1.1304446 -0.55905443 0.17499858 0.073467039 0.98182386 1.0616919e-07
2.9242685 1.9439095 -0.55005491 0.13154143 0.087160848 0.98747146 5.0732726e-08
1.9914688 0.83685827 -0.56866586 0.23828134 0.10013581 0.96602011 5.2597733e-07
2.0591753 1.3697245 -0.56252241 0.18720885 0.12454868 0.97439235 4.0839436e-07
4.6455426 1.9444931 1.153675 -0.2064825 -0.086595826 0.97461075 0
4.692512 1.9602455 -0.26470253 0.048552074 0.020343987 0.99861348 0
4.104053 1.7121733 -0.54095089 0.1132569 0.047702599 0.99241996 0
5.036253 3.3240771 -0.52386755 0.072203167 0.047640879 0.99625152 0
2.6848023 1.1191783 -0.55810601 0.17485674 0.072867423 0.98189384 5.9683408e-08
2.9310365 1.93369 -0.55005473 0.13156486 0.086914659 0.98749 1.8757229e-09
1.9876859 0.8271243 -0.5667271 0.23864605 0.099313915 0.96601492 4.4188747e-07
2.0598826 1.3598363 -0.56139839 0.18755741 0.1238115 0.9744193 3.0000172e-07
4.6429629 1.9253484 1.1514274 -0.21270247 -0.085610792 0.97335935 0
5.6796584 2.3559031 0.96724617 -0.14091314 -0.05763524 0.98834288 0
4.1165895 1.7013949 -0.5418635 0.11218558 0.046441164 0.99260145 0
5.0430841 3.304625 -0.52343243 0.073292516 0.048021249 0.99615371 0
2.6909616 1.1107343 -0.5585838 0.17681968 0.072879933 0.98154128 1.4464875e-07
2.939832 1.9248018 -0.55045146 0.13029985 0.085208163 0.98780644 9.2974467e-08
1.9950286 0.82201689 -0.56801945 0.23898399 0.0984753 0.96601725 5.4804997e-07
2.0704854 1.3570157 -0.56308419 0.18801424 0.12323704 0.97440404 2.1194501e-07
4.6428933 1.9063566 1.1497418 -0.20923598 -0.085689545 0.97410351 0
5.6901312 2.3370001 0.967637 -0.14052948 -0.057421293 0.98840994 0
4.1087217 1.6813823 -0.54003793 0.11294127 0.046137549 0.99252987 0
5.0593367 3.288837 -0.52386713 0.072360866 0.047059052 0.99626774 0
2.6902778 1.0994809 -0.55762917 0.17444469 0.071842752 0.98204261 4.9218361e-08
2.9527397 1.9185728 -0.55161881 0.13038999 0.084540345 0.98785192 8.394548e-08
2.000123 0.81595814 -0.56866568 0.23932754 0.097644001 0.96601653 7.5080578e-07
2.0734055 1.3480861 -0.56252211 0.18846327 0.12254375 0.97440475 2.090439e-07
4.6517768 1.8910545 1.1503038 -0.20709272 -0.084424421 0.97467178 0
5.6982541 2.3171237 0.96763718 -0.14313596 -0.058486488 0.98797339 0
4.1217575 1.6691028 -0.54095048 0.13085376 0.065397546 0.98924237 0
5.0666022 3.2684534 -0.52343202 0.07383538 0.047581792 0.9961347 0
2.6940994 1.0900834 -0.55762923 0.1777316 0.071782216 0.98145747 7.1296789e-08
2.9552708 1.9055717 -0.55084282 0.1308381 0.084284171 0.98781455 9.3176261e-08
2.0074391 0.81077605 -0.56995797 0.23967494 0.096807815 0.96601456 5.226085e-07
2.0780985 1.3408406 -0.56252205 0.18888785 0.12188334 0.97440535 1.4789862e-07
4.6496353 1.8703595 1.1480563 -0.20430261 -0.084773779 0.97523016 0
5.6998358 2.2934599 0.96646547 -0.15165366 -0.058991354 0.98667175 0
4.1344695 1.657472 -0.54186308 0.11080528 0.043198083 0.99290287 0
5.0800772 3.2520919 -0.52364928 0.072243378 0.046268281 0.99631327 0
2.6910522 1.0779397 -0.55619675 0.1773694 0.071047463 0.98157644 1.3695438e-07
2.9660614 1.8979118 -0.55162245 0.13157566 0.084203765 0.98772341 1.0342963e-07
2.0035274 0.80108041 -0.56801933 0.23998643 0.095968321 0.966021 5.5268316e-07
2.0807173 1.332261 -0.56195998 0.18930839 0.12122095 0.97440642 2.8988029e-07
5.0887322 3.2338905 -0.5234316 0.16652571 0.090928093 0.98183566 0
2.7039256 1.0721514 -0.5581075 0.17770222 0.070530325 0.98155355 1.2871702e-07
2.9726691 1.8875475 -0.55161655 0.13042843 0.083031744 0.98797476 6.9180006e-10
2.0108039 0.79585516 -0.56931162 0.24035247 0.095137037 0.96601224 7.8146303e-07
2.0789635 1.3214216 -0.56027395 0.18970309 0.12058493 0.97440857 2.3420699e-07
5.0978847 3.2147777 -0.52321386 0.073969901 0.046769816 0.99616313 0
2.7030818 1.0609164 -0.55715227 0.17654292 0.0693013 0.98185027 5.0104692e-08
2.9771512 1.8758397 -0.55123198 0.13286923 0.083623298 0.98759955 8.4468859e-08
2.011183 0.78830367 -0.56866539 0.24066658 0.094344541 0.96601176 7.8146303e-07
2.0835636 1.3141565 -0.56027389 0.19011998 0.11992449 0.97440881 2.4126612e-07
4.5631843 1.7821456 0.42552596 -0.081669942 -0.031888455 0.99614918 0
4.5687819 1.7824841 0.084981315 -0.016335879 -0.0063700513 0.99984628 0
4.5688362 1.7797552 -0.25514966 0.049083497 0.019362757 0.99860698 0
5.117516 3.2022543 -0.52408361 0.073363274 0.045812689 0.99625248 0
2.7113447 1.0532486 -0.55810678 0.17803918 0.06911613 0.98159307 1.411664e-07
2.977406 1.8615012 -0.55005324 0.13342771 0.083330669 0.98754901 6.6913017e-08
2.0161746 0.78214973 -0.56931144 0.24096955 0.093491942 0.96601909 4.6573612e-07
2.0984504 1.3133571 -0.56308365 0.19054824 0.11927263 0.97440517 4.1392826e-07
5.1265478 3.1830561 -0.52386588 0.075012743 0.046586879 0.99609375 0
2.7058403 1.0402617 -0.55619729 0.17826618 0.068524353 0.98159337 1.4268169e-07
2.9901745 1.8550097 -0.55123192 0.13360415 0.083103694 0.9875443 4.131422e-08
2.0188925 0.77510726 -0.56931144 0.24130456 0.092653364 0.96601629 4.8896004e-07
2.1009555 1.3047352 -0.56252164 0.19095244 0.11859991 0.97440815 3.0157912e-07
5.1397471 3.1664495 -0.5240832 0.073644504 0.045497373 0.99624622 0
2.7140431 1.0325522 -0.55715144 0.17931372 0.068227939 0.9814232 7.1065166e-08
2.99453 1.8432634 -0.55084258 0.13257891 0.081400149 0.98782432 8.3235086e-08
2.0215857 0.76805532 -0.56931132 0.24162221 0.091810346 0.96601737 6.4996749e-07
2.1075683 1.2986754 -0.56308347 0.19137783 0.11794096 0.97440469 3.9123583e-07
5.1401486 3.1419859 -0.52299565 0.07445994 0.045508038 0.99618506 0
2.7176311 1.0230724 -0.55715084 0.17932822 0.067838274 0.98144758 1.3433403e-07
3.0093689 1.8379587 -0.55240393 0.1335225 0.081619203 0.98767912 9.6570389e-08
2.0287776 0.76268953 -0.57060373 0.24195142 0.090953007 0.96601605 5.9818677e-07
2.110013 1.2900361 -0.56252146 0.19179899 0.11727445 0.97440231 1.5991706e-07
5.735291 2.1475987 0.96334159 -0.14525893 -0.054382872 0.98789793 0
4.8014183 1.7934599 -0.26679429 0.049244922 0.018706834 0.99861151 0
5.1595993 3.1291974 -0.52386528 0.074017726 0.044831131 0.99624872 0
2.7234862 1.0144348 -0.55762738 0.17957664 0.067158923 0.98144889 1.3940895e-07
3.0136561 1.8261607 -0.55201226 0.1326227 0.080156066 0.98792017 3.5250146e-08
2.0223701 0.75224376 -0.56801885 0.2422411 0.090115763 0.96602196 5.1011074e-07
2.1186638 1.2851977 -0.5636453 0.19216737 0.11657616 0.97441351 3.5077048e-07
5.7381206 2.1258514 0.96256047 -0.14738098 -0.054647155 0.98756897 0
5.8781996 2.1776817 0.54536277 -0.082339346 -0.030193858 0.99614686 0
6.7184806 4.0426555 -0.13628148 0.014648315 0.0089218998 0.9998529 0
4.1648979 1.5369658 -0.54003656 0.11380419 0.041848458 0.99262142 0
5.1667666 3.1076946 -0.52343017 0.07509578 0.045188509 0.99615192 0
2.7316182 1.0066162 -0.55857486 0.1771775 0.065099835 0.98202348 2.6469799e-08
3.0242422 1.8181804 -0.55278653 0.13251276 0.079898663 0.98795575 4.9928648e-08
2.0273812 0.74565798 -0.56866503 0.24258357 0.089229688 0.96601826 6.7962196e-07
2.1254451 1.2786834 -0.56420714 0.1926159 0.11589474 0.97440624 3.0288564e-07
5.7524624 2.1083555 0.96373266 -0.14566816 -0.053220876 0.98790097 0
5.881464 2.1544106 0.54492724 -0.07936094 -0.029780809 0.99640101 0
4.1681719 1.5208409 -0.5397321 0.1135806 0.04180358 0.99264896 0
5.181859 3.0921962 -0.52386487 0.074139029 0.044253636 0.99626553 0
2.7351153 0.99707496 -0.55857474 0.17727025 0.064834602 0.98202431 2.6856538e-08
3.0263317 1.8050772 -0.55201185 0.13370626 0.079839066 0.98779976 9.4063324e-08
2.0322416 0.73940003 -0.56931102 0.24290407 0.088383667 0.96601552 3.8003799e-07
2.1319849 1.272509 -0.56476903 0.19302309 0.11522338 0.97440529 2.5486719e-07
5.7578292 2.0864172 0.96334213 -0.14831392 -0.053860486 0.98747253 0
5.8819232 2.1313241 0.54427379 -0.083307609 -0.029850129 0.9960767 0
4.1617832 1.5020751 -0.53821081 0.11483144 0.041367557 0.99252325 0
5.1883368 3.0715482 -0.52342975 0.072720096 0.043811098 0.99638969 0
2.7339594 0.98585939 -0.55762911 0.17721097 0.06451422 0.98205608 1.2556369e-07
3.0283685 1.7919822 -0.55122203 0.1365138 0.080428623 0.98736781 1.9303762e-08
2.0279908 0.72985476 -0.56737238 0.24312808 0.087509766 0.9660387 5.9055475e-07
2.1301324 1.2613238 -0.56308305 0.19340211 0.11453327 0.97441149 2.0047426e-07
5.7693658 2.0689778 0.96412367 -0.14520411 -0.051777568 0.98804599 0
5.886982 2.1099401 0.54405606 -0.051199555 -0.02227846 0.99843991 0
4.1714153 1.4899329 -0.53881913 0.11403264 0.040727951 0.99264181 0
5.1920547 3.0505362 -0.5227772 0.075422317 0.044282343 0.99616796 0
2.7350729 0.97548753 -0.55714756 0.18110582 0.064434446 0.98135054 2.2105601e-08
3.0367322 1.7826527 -0.55162007 0.13685805 0.080411129 0.98732162 3.6152699e-08
2.0305262 0.72277123 -0.56737232 0.24356164 0.086708881 0.96600169 5.1136379e-07
2.1364014 1.2554914 -0.56364495 0.19380113 0.11389852 0.9744066 4.2856323e-07
5.7765527 2.0488265 0.96412385 -0.14295223 -0.05097444 0.98841602 0
5.8915987 2.0895746 0.54383838 -0.081595145 -0.029145446 0.9962393 0
4.1719108 1.4737121 -0.53821051 0.11606535 0.040781114 0.99240404 0
5.2069731 3.0349059 -0.5232119 0.074751303 0.043639701 0.99624687 0
2.7361455 0.9651193 -0.55667573 0.1793001 0.063333057 0.98175371 1.2656093e-07
3.0429366 1.7720418 -0.55161923 0.13344862 0.077768534 0.98799974 3.1488295e-08
2.0397477 0.71843439 -0.5693109 0.24381804 0.085892871 0.96600991 7.7096666e-07
2.1407709 1.2480263 -0.56364489 0.19417208 0.11321039 0.97441298 4.0988806e-07
5.7813387 2.0278332 0.96373338 -0.14826418 -0.052169733 0.98757076 0
5.8847547 2.0640552 0.54253125 -0.082980074 -0.028768722 0.99613589 0
4.1770296 1.4591407 -0.53821039 0.11565707 0.040637687 0.99245757 0
5.2089143 3.0117185 -0.52234185 0.075645395 0.043711901 0.99617618 0
2.7464514 0.9579826 -0.55810547 0.18016116 0.062851861 0.98162699 1.408692e-07
3.0512402 1.7626472 -0.55200887 0.13460346 0.077841982 0.98783731 9.3490165e-08
2.0376806 0.70972556 -0.56801844 0.24407999 0.085031703 0.96601999 5.4102907e-07
2.1345823 1.2344283 -0.560835 0.19461451 0.11255271 0.97440088 4.060272e-07
5.7977152 2.010874 0.96529609 -0.14680845 -0.050737102 0.98786288 0
4.1891341 1.4469783 -0.539123 0.11454435 0.039517187 0.99263185 0
2.7381754 0.94439685 -0.55572307 0.17996918 0.06208425 0.98171109 1.3917696e-07
3.050951 1.7482935 -0.55084145 0.13437741 0.077343501 0.98790723 6.0718463e-08
2.0425529 0.70303631 -0.56866455 0.24441206 0.084160566 0.9660123 4.0415225e-07
2.1475358 1.2314595 -0.56308275 0.19500148 0.11182959 0.97440678 3.2130202e-07
5.8023629 1.9898232 0.96490562 -0.14870021 -0.051149134 0.9875586 0
4.1897125 1.4300138 -0.53851438 0.11582746 0.039555535 0.99248141 0
2.7507486 0.93799508 -0.55762988 0.18105555 0.061711658 0.98153478 9.9131832e-08
3.0591803 1.7388562 -0.5512324 0.13669051 0.077469558 0.98757994 7.6142904e-08
2.0381331 0.69357443 -0.56672585 0.24470505 0.08327473 0.96601486 5.2124312e-07
2.1454759 1.2203305 -0.56139678 0.195584 0.1112965 0.97435105 4.2405401e-07
5.8189726 1.9717101 0.96646845 -0.15120876 -0.053493053 0.98705339 0
4.1993818 1.4169648 -0.53912276 0.11415289 0.038303349 0.99272454 0
2.7471895 0.92556101 -0.55619913 0.18039653 0.060756132 0.98171574 1.376397e-07
3.0569355 1.722772 -0.54966205 0.13693461 0.077160694 0.98757035 7.2297603e-08
2.05428 0.69106323 -0.57060307 0.2450891 0.082510509 0.96598309 5.4300295e-07
2.1539614 1.2152361 -0.56252056 0.19577102 0.11045559 0.97440916 4.5379625e-07
5.8375278 1.9553037 0.96842182 -0.14773335 -0.049474884 0.98778898 0
6.0574145 2.0288627 0.55582297 -0.08053688 -0.027121903 0.99638253 0
4.2043023 1.4022975 -0.53912264 -0.0077587352 -0.0025947234 0.99996656 0
2.7573907 0.9182874 -0.55762756 0.18194693 0.060922135 0.98141927 5.7724318e-08
3.0672376 1.7145058 -0.5504483 0.13710099 0.076645777 0.98758733 8.2244654e-08
2.0589721 0.68464822 -0.57124919 0.2452106 0.081521712 0.9660362 4.479258e-07
2.1581905 1.20771 -0.56252062 0.19653705 0.11014538 0.97429007 2.0922901e-07
7.0779161 3.9422965 0.98906416 -0.11077325 -0.062559836 0.99187475 0
4.2089291 1.3883477 -0.53912294 0.11320175 0.037524711 0.99286318 0
5.254663 2.9158037 -0.52168918 0.075729355 0.041857675 0.99624944 0
2.7604208 0.90913838 -0.55762923 0.18033718 0.058955062 0.98183644 1.192156e-07
3.0750647 1.7055259 -0.55083293 0.13553602 0.075273275 0.98790884 2.9877711e-09
2.0544639 0.67520106 -0.56931072 0.24556591 0.080718599 0.96601337 3.9301472e-07
2.1602652 1.1989828 -0.56195879 0.19644465 0.10902232 0.97443503 3.5518033e-07
7.0959768 3.9199684 0.9896729 -0.10519353 -0.058022466 0.99275762 0
6.4795871 2.1136706 -0.35537502 0.050211575 0.016342487 0.99860489 0
4.2116299 1.3721445 -0.53881848 0.076969258 0.03155436 0.99653405 0
5.2648087 2.8974438 -0.521689 0.078434721 0.04335266 0.99597615 0
2.7705805 0.90177137 -0.55905378 0.18009299 0.05823835 0.98192406 8.9282501e-08
3.0788367 1.6935881 -0.55044818 0.13680276 0.075266406 0.98773479 8.9478988e-08
2.0637016 0.67025721 -0.57124925 0.2458508 0.079848483 0.96601325 5.5773421e-07
2.1708326 1.1949711 -0.56364453 0.19691816 0.10840181 0.97440869 3.9929111e-07
6.4893022 2.091805 -0.35550568 0.049573261 0.016058661 0.99864137 0
4.2140312 1.3566754 -0.53851414 0.11835842 0.037895102 0.99224758 0
5.2770753 2.8802433 -0.52190632 0.076065108 0.041659515 0.99623221 0
2.7760487 0.89284468 -0.55952734 0.17978705 0.057538323 0.98202139 2.6119345e-08
3.0760658 1.6780893 -0.54888153 0.13798235 0.075058572 0.9875865 7.9480195e-08
2.0614283 0.66157776 -0.56995684 0.24607792 0.078984924 0.96602643 4.7906042e-07
2.1771269 1.1885576 -0.56420654 0.1972924 0.10771569 0.97440904 2.3586651e-07
5.9688945 1.9069878 0.5451467 -0.085001394 -0.02786494 0.99599111 0
6.4819293 2.0657301 -0.35472038 0.050110787 0.015905937 0.99861699 0
4.2185068 1.3426936 -0.53851402 0.11669857 0.037363783 0.9924643 0
2.7768085 0.88240725 -0.55905509 0.17952454 0.057453375 0.98207438 2.6501915e-08
3.0862446 1.669697 -0.54966712 0.13741188 0.074361511 0.98771876 9.6344486e-08
2.0683305 0.65583366 -0.57124919 0.24643247 0.07815031 0.96600389 2.5112811e-07
2.1746368 1.1778388 -0.56252056 0.19765173 0.10706358 0.97440809 3.8255669e-07
5.9823112 1.8894316 0.54580057 -0.082362078 -0.025837632 0.9962675 0
6.4914818 2.0438402 -0.35485107 0.049656488 0.015707534 0.99864286 0
4.2302713 1.3301902 -0.53942662 0.11407668 0.034867961 0.9928599 0
2.7798712 0.87270874 -0.55905867 0.18278193 0.057228688 0.98148644 1.2838217e-07
3.0877056 1.6565732 -0.54888493 0.13815154 0.074154459 0.98763114 8.1491059e-08
2.0636914 0.64645046 -0.56931049 0.24664967 0.077274077 0.96601897 2.9717634e-07
2.181083 1.1710167 -0.5630824 0.19803411 0.10633326 0.97441047 4.1845456e-07
6.4846244 2.0155919 -0.35406578 0.051178258 0.015336141 0.99857175 0
4.2398591 1.3161458 -0.54003501 0.11576291 0.036029361 0.99262321 0
2.7758684 0.86082453 -0.55761951 0.18332803 0.056892119 0.98140419 5.5386252e-08
3.0891128 1.64346 -0.54810148 0.13833568 0.073597364 0.98764706 8.7593783e-08
2.0636277 0.63853127 -0.56866425 0.24692138 0.076414168 0.96601796 4.4310582e-07
2.1808615 1.1610985 -0.56195843 0.19843683 0.10565656 0.97440213 1.951248e-07
6.4820728 1.990016 -0.35354221 0.050627518 0.015391642 0.99859899 0
4.2349358 1.2984322 -0.53881788 0.11675847 0.035745349 0.99251688 0
2.7835493 0.85256362 -0.55857795 0.18340853 0.056443881 0.98141497 6.6160268e-08
3.1057422 1.6384419 -0.55005962 0.13857101 0.073244318 0.98764026 7.8265955e-08
2.0635338 0.63062024 -0.56801796 0.24718328 0.075552903 0.96601874 2.1729007e-07
2.1892052 1.1557615 -0.56308228 0.19877058 0.10494785 0.97441071 4.3849275e-07
4.5127363 2.369019 0.62063807 -0.10844263 -0.056573559 0.9924916 0
4.243969 1.2858188 -0.53942627 0.11536764 0.034739733 0.99271518 0
2.7912083 0.84426004 -0.55952764 0.18040563 0.053896818 0.98211455 1.427016e-08
3.104883 1.6241484 -0.54888654 0.13830325 0.072273187 0.98774934 8.6904421e-08
2.0587842 0.62132663 -0.56607926 0.24749996 0.074651591 0.96600771 2.2653278e-07
2.188714 1.1462271 -0.56195825 0.19914694 0.10430324 0.97440308 3.7744823e-07
4.5087547 2.3658264 1.3531405 -0.22960849 -0.12098181 0.9657346 0
4.2484312 1.2709967 -0.53942615 0.11742752 0.035359863 0.99245173 0
2.7964904 0.83521247 -0.56000316 0.18114476 0.054176044 0.9819631 1.189424e-09
3.1214857 1.6189996 -0.55084014 0.13915867 0.07234183 0.98762417 8.3470113e-08
2.0748312 0.61826146 -0.56995642 0.24771072 0.073819727 0.9660176 5.2307831e-07
2.2015407 1.1427027 -0.564206 0.19946094 0.10353432 0.97442085 3.9832125e-07
6.4810071 1.9156656 -0.35236406 0.049336888 0.01459616 0.99867553 0
4.2602019 1.2575213 -0.54033875 0.11588701 0.033998754 0.99268037 0
2.7970333 0.82475311 -0.55953234 0.1821903 0.053849425 0.98178762 1.3580311e-07
3.1271186 1.608094 -0.55083662 0.13799421 0.070611246 0.98791277 1.8219081e-08
2.0746591 0.61033571 -0.56931013 0.24797049 0.072959781 0.96601629 5.0319721e-07
2.2011878 1.1327733 -0.56308204 0.19985667 0.10286006 0.97441119 2.7720296e-07
6.4852576 1.8923324 -0.35223302 0.049656503 0.01465429 0.99865884 0
4.2645659 1.2426428 -0.54033864 0.11553528 0.033895589 0.9927249 0
4.6457777 2.3690922 -0.45231745 0.076634541 0.036738608 0.99638218 0
2.7929673 0.81244469 -0.55809718 0.18473439 0.053355046 0.9813391 9.2468817e-08
3.1373899 1.5988705 -0.5516116 0.13758537 0.070235528 0.98799658 3.9410693e-08
2.0837367 0.60510415 -0.57124877 0.24829188 0.072125018 0.96599644 3.5555917e-07
2.2094646 1.1273054 -0.56420588 0.20020628 0.10215814 0.97441322 3.4911415e-07
6.4822264 1.8669219 -0.35170943 0.050641738 0.014535776 0.99861109 0
4.2641072 1.2263794 -0.53972995 0.11759582 0.033828501 0.99248517 0
4.6695709 2.3607407 -0.45383951 0.077385992 0.038905043 0.99624187 0
2.7981446 0.80336565 -0.55857986 0.18315189 0.052649934 0.98167378 1.4730912e-07
3.138546 1.585676 -0.55083507 0.13797969 0.070189588 0.98794484 1.054412e-08
2.0788696 0.59583712 -0.56931001 0.24847884 0.071227565 0.96601498 5.5715225e-07
2.2112143 1.1184824 -0.56364381 0.20058481 0.10147039 0.97440726 3.9472934e-07
4.2731371 1.2128404 -0.5403384 0.11648542 0.033080898 0.99264133 0
4.6800084 2.3455443 -0.45405683 0.075951733 0.037917804 0.99639028 0
2.7984319 0.79341459 -0.55810267 0.18289122 0.051913518 0.98176157 1.4442129e-07
3.1415806 1.5741502 -0.55044824 0.14021201 0.070041388 0.98764104 8.6012399e-08
2.0902345 0.59119749 -0.57189482 0.24874963 0.070361085 0.96600878 4.6682487e-07
2.2085786 1.1074688 -0.5619579 0.20093876 0.10076925 0.97440708 4.5384914e-07
4.272356 1.1973263 -0.53972971 0.15145394 0.03113728 0.98797375 0
4.6877608 2.3300118 -0.45405668 0.00018431015 0.00010158453 1 0
2.796458 0.7823227 -0.55714166 0.18597992 0.051707078 0.98119205 4.8312575e-08
3.1382167 1.5587691 -0.54887825 0.14097469 0.06982372 0.98754787 2.6371408e-08
2.0829787 0.5813095 -0.56930989 0.24896705 0.069488905 0.96601588 5.6564079e-07
2.2187765 1.1034054 -0.56364369 0.20124976 0.10009149 0.97441274 3.4572687e-07
4.2717252 1.1810853 -0.53912115 0.11794481 0.032607917 0.99248463 0
4.696269 2.3128147 -0.4540565 0.077560678 0.038383164 0.99624848 0
2.801537 0.77320749 -0.55762368 0.18513541 0.051375248 0.9813692 1.8267135e-08
3.1436386 1.5478051 -0.54888046 0.14103273 0.069429487 0.98756737 5.4511293e-08
2.0896533 0.57531291 -0.57060236 0.24919148 0.068620615 0.96602011 5.7305704e-07
2.2228055 1.0952656 -0.56364357 0.20158072 0.09933544 0.97442174 3.9202766e-07
6.6883106 1.8254848 -0.36152202 0.050060011 0.013577179 0.99865395 0
4.7842369 2.3355238 -0.092334419 0.015507823 0.0075131371 0.99985152 0
4.2808146 1.1667237 -0.53972948 0.11672848 0.031830952 0.99265367 0
4.6931286 2.2909353 -0.45296904 0.078548759 0.038237773 0.99617666 0
2.8042185 0.76342338 -0.55762774 0.18353271 0.049853742 0.98174864 1.3483329e-07
3.1556754 1.5400802 -0.550053 0.13960983 0.067962795 0.98787153 8.9089923e-08
2.0869861 0.56675357 -0.56930977 0.24946837 0.06775482 0.96600974 1.5683095e-07
2.2244282 1.0864267 -0.56308156 0.20196167 0.098648965 0.97441256 4.2174713e-07
6.6946421 1.8021271 -0.36152184 0.050251219 0.013629009 0.99864364 0
4.7946086 2.3199003 -0.092377886 0.015632264 0.0075957542 0.99984896 0
4.280067 1.1504874 -0.53912091 0.11782976 0.03177543 0.99252528 0
2.8163493 0.75616944 -0.55953056 0.18370499 0.049210835 0.98174882 1.3407086e-07
3.1588101 1.5279771 -0.54966646 0.1392611 0.067145385 0.98797667 6.3580615e-08
2.0889518 0.55946511 -0.56930971 0.24970506 0.066884696 0.9660092 5.6566302e-07
2.2303977 1.0797211 -0.56364346 0.20230426 0.097942889 0.97441274 4.4125861e-07
4.612412 2.2275159 0.9879691 -0.17273878 -0.082640022 0.98149472 0
4.7914128 2.2977357 -0.092159539 0.015812395 0.0075697564 0.99984634 0
4.2958531 1.1394638 -0.54064208 0.11737149 0.031108767 0.99260074 0
2.8142257 0.74508089 -0.55857843 0.18458399 0.048995662 0.98159468 1.2822983e-07
3.1663499 1.518012 -0.55005491 0.14340907 0.069097176 0.98724842 2.3706134e-08
2.0932276 0.5527845 -0.56995595 0.24991336 0.066004731 0.96601588 5.7239055e-07
2.2361603 1.0733773 -0.56420535 0.20264255 0.09728153 0.97440869 4.3296757e-07
4.6135216 2.2082174 0.98653948 -0.17054909 -0.08254309 0.98188573 0
4.9321151 2.347373 0.28443491 -0.046510827 -0.021389548 0.99868876 0
4.801661 2.2820716 -0.092203021 0.015652306 0.00746501 0.99984962 0
4.2902002 1.1219546 -0.5394249 0.11813027 0.030858081 0.99251854 0
2.8215592 0.7364893 -0.5595327 0.18416503 0.048056379 0.98171985 1.3537172e-07
3.1716294 1.50695 -0.55005693 0.13969652 0.066230774 0.98797691 6.4908193e-08
2.1044953 0.54789966 -0.5725407 0.25012997 0.065137066 0.96601874 3.7703512e-07
2.2444751 1.0672747 -0.56532919 0.20306909 0.096637338 0.97438401 3.4377601e-07
4.6056867 2.1847231 0.98320353 -0.17282039 -0.081738807 0.98155582 0
4.9497147 2.3335462 0.28495842 -0.047131564 -0.022181412 0.99864239 0
5.5478649 1.431646 -0.29845461 0.050943345 0.013093395 0.99861568 0
4.8028159 2.2620957 -0.092071958 0.015314634 0.0074455226 0.99985498 0
4.3014936 1.1080763 -0.54033756 0.1165881 0.02958861 0.9927395 0
4.7133956 2.2198699 -0.45188111 0.079536587 0.036973517 0.99614602 0
2.8312449 0.72846568 -0.56095707 0.18391436 0.047228537 0.98180699 1.0202228e-07
3.1813364 1.4979801 -0.55082911 0.13983314 0.065999553 0.98797303 2.8567282e-08
2.0970356 0.5381577 -0.56995583 0.25035596 0.064255811 0.96601921 4.9490001e-07
2.243784 1.0573484 -0.56420517 0.20333396 0.095828086 0.97440869 2.3062563e-07
4.6181035 2.1699188 0.98415691 -0.1718035 -0.080869786 0.98180634 0
5.5552483 1.4128861 -0.2985853 0.050272401 0.012829071 0.99865311 0
4.8016267 2.2410803 -0.091897249 0.015301088 0.0074462909 0.99985522 0
4.3077412 1.0936643 -0.54064173 0.11675972 0.029663481 0.99271709 0
2.8242524 0.71617162 -0.55905813 0.18407288 0.046795413 0.98179805 1.0897916e-07
3.1820722 1.4847714 -0.55005592 0.14158037 0.066073246 0.98771924 9.9336809e-08
2.1012435 0.53142434 -0.570602 0.25056511 0.063386559 0.96602237 5.0998324e-07
2.2496662 1.0505445 -0.56476706 0.20367295 0.09512075 0.9744072 4.3605974e-07
4.6163793 2.1504393 0.98225069 -0.2033529 -0.07751216 0.9760325 0
5.5550594 1.3932434 -0.29832345 0.05103489 0.012821226 0.99861455 0
4.7980809 2.2190497 -0.091678917 0.015929738 0.0073450217 0.99984616 0
4.3089366 1.0787718 -0.54033732 0.11864638 0.029810261 0.99248898 0
2.8314977 0.70749539 -0.56001103 0.18590912 0.04628982 0.98147595 9.236409e-08
3.1827567 1.4715766 -0.54926777 0.14328644 0.066055246 0.98747438 5.1941456e-08
2.1007416 0.52350467 -0.56995583 0.25071117 0.062497869 0.9660424 4.1692385e-07
2.2553463 1.044106 -0.56532902 0.2040062 0.094454959 0.97440225 4.3654043e-07
4.6149487 2.1301899 0.98034453 -0.17402528 -0.08009664 0.98147833 0
5.0052357 2.2970595 0.28679061 0.00075073482 -0.006824174 0.99997646 0
5.5671606 1.3756384 -0.29871586 0.050528795 0.012472679 0.99864471 0
4.8054132 2.2031262 -0.091678761 0.015931392 0.0073457835 0.9998461 0
4.3199043 1.0655036 -0.54124993 0.11593662 0.027543807 0.99287462 0
2.8268011 0.69585276 -0.55857414 0.185948 0.045955837 0.98148429 8.7737703e-08
3.1923609 1.4625207 -0.55005205 0.14109789 0.064829104 0.98787075 6.5709237e-08
2.1024661 0.51653546 -0.56995565 0.25104874 0.061695863 0.96600628 5.7194364e-07
2.2523401 1.0331676 -0.56364298 0.20421337 0.093715489 0.97443026 2.1125416e-07
4.6245871 2.1150904 0.98082125 -0.17255457 -0.079147227 0.98181498 0
5.5670762 1.3550178 -0.29845405 0.050952427 0.012470672 0.99862319 0
4.8244491 2.1915176 -0.091896787 0.015842317 0.0071996707 0.9998486 0
4.3284202 1.0515873 -0.54185826 0.11767828 0.028619876 0.99263924 0
5.1198173 2.3259861 -0.48797873 0.079064339 0.035908606 0.99622256 0
2.8339829 0.68713421 -0.55953163 0.18557903 0.045067996 0.98159528 1.3332694e-07
3.1951995 1.4503448 -0.54966098 0.14112961 0.064313471 0.9878999 5.884284e-08
2.1019082 0.50862747 -0.56930918 0.25121439 0.060814075 0.96601915 7.951661e-07
2.2603648 1.0273234 -0.56476671 0.20473729 0.093074448 0.97438174 3.7349147e-07
4.6189003 2.0920384 0.97796351 -0.17554396 -0.078351967 0.98134869 0
4.3274179 1.0345643 -0.54124862 0.11936291 0.02851359 0.99244118 0
5.1214972 2.3041346 -0.48732442 0.07961949 0.035949916 0.99617684 0
2.843528 0.6789431 -0.56095272 0.18421276 0.043914728 0.98190486 1.658799e-08
3.193491 1.4361358 -0.54848468 0.14439324 0.064583153 0.98741055 2.9614275e-08
2.1037586 0.50092047 -0.56930894 0.25143579 0.05990516 0.96601832 2.5376411e-07
2.2596757 1.0170242 -0.56364232 0.20498307 0.09229105 0.97440457 3.7115797e-07
4.6190982 2.0736885 0.97653383 -0.16814241 -0.078372933 0.98264223 0
4.33324 1.0207762 -0.54155272 0.11764678 0.027783958 0.99266678 0
2.8411007 0.66789305 -0.56000656 0.18445277 0.043557737 0.98187572 9.6702372e-08
3.1984844 1.4249796 -0.54848713 0.14454979 0.064296335 0.98740637 3.3143536e-08
2.1078463 0.49412301 -0.56995487 0.25163621 0.059012592 0.96602106 2.9105038e-07
2.2585905 1.007532 -0.56251806 0.20525646 0.091582701 0.97441387 4.6096582e-07
4.6173425 2.0535543 0.97462755 -0.17951147 -0.077199742 0.98072207 0
4.3319426 1.0045252 -0.5409441 0.11893354 0.027675593 0.99251646 0
2.8386331 0.65686864 -0.55904704 0.18801486 0.043057051 0.98122191 7.115764e-09
3.2056966 1.4148059 -0.5488767 0.13973026 0.061597791 0.98827183 4.129436e-08
2.1072042 0.48622143 -0.56930864 0.25177169 0.058040712 0.96604466 2.4965556e-07
2.2711737 1.003201 -0.56476581 0.20562898 0.090856321 0.97440332 4.2666397e-07
4.6177483 2.0344501 0.973198 -0.1729314 -0.077148698 0.98190773 0
5.1502719 2.2525506 -0.097523369 0.016095858 0.0070483857 0.99984562 0
4.3476925 0.99139416 -0.54246527 0.11823985 0.026831258 0.99262249 0
2.8409076 0.64695567 -0.55905497 0.18549511 0.042320326 0.98173344 1.4525916e-07
3.2106152 1.403607 -0.54888219 0.14414018 0.063148573 0.9875403 8.3657312e-08
2.1159556 0.48046076 -0.57124728 0.25206739 0.057245314 0.96601504 5.2327687e-07
2.2702019 0.99330556 -0.56364185 0.20593077 0.090111688 0.97440875 3.0213425e-07
4.6094341 2.0106282 0.96986204 -0.17567076 -0.076135591 0.98150045 0
5.1626892 2.2365503 -0.097610474 0.016066544 0.0070256316 0.99984622 0
4.3487058 0.97566974 -0.54216093 0.12138522 0.027026493 0.99223745 0
2.8455436 0.63756996 -0.5595324 0.18643993 0.041779511 0.98157763 1.4511492e-07
3.2132313 1.3914077 -0.5484857 0.14465024 0.062843747 0.98748517 7.0103731e-08
2.11762 0.47307178 -0.57124722 0.25226495 0.056365833 0.96601516 3.2388093e-07
2.2714224 0.98440212 -0.56307989 0.20624006 0.089390278 0.97440976 4.3836971e-07
4.6138244 1.9943559 0.96938556 -0.17913193 -0.077048995 0.98080337 0
5.7941308 1.2823025 -0.30918089 0.051812302 0.011293406 0.99859297 0
5.1888347 2.2264156 -0.097959392 0.015943864 0.0067090015 0.99985039 0
4.3519168 0.96124357 -0.54216081 0.11961728 0.026632981 0.99246281 0
2.8405607 0.62605357 -0.55810285 0.18580805 0.040993247 0.98173058 1.4014525e-07
3.2248728 1.3831117 -0.54966038 0.14277147 0.061133809 0.98786587 8.6177536e-08
2.1263359 0.46722537 -0.5731858 0.25248364 0.055490229 0.96600872 9.8125632e-08
2.2769105 0.97782993 -0.56364173 0.20653924 0.088707909 0.97440875 1.2606151e-07
4.6207576 1.9782383 0.96938568 -0.17304018 -0.074428529 0.98209852 0
5.0490499 2.1485732 0.2857469 -0.048000373 -0.020343589 0.99864012 0
5.7961321 1.2615392 -0.3090499 0.14407477 0.020127969 0.98936206 0
5.2080736 2.2131872 -0.098177418 0.016008444 0.0068029519 0.99984872 0
4.3625216 0.94762373 -0.54307348 0.11827761 0.025577251 0.9926511 0
2.8499248 0.61768895 -0.55953336 0.18702796 0.040541291 0.98151767 1.1129852e-07
3.2296815 1.3718466 -0.54965788 0.14221901 0.060376152 0.98799217 1.3460823e-08
2.1208711 0.45827663 -0.5712471 0.25265735 0.054602776 0.96601385 3.2354083e-07
2.2737594 0.9666062 -0.56195581 0.20686235 0.087946162 0.97440928 2.6325395e-07
4.6231174 1.9601766 0.96843266 -0.17782146 -0.075005829 0.9812001 0
5.0545912 2.129082 0.28561619 -0.049715992 -0.020830708 0.99854612 0
5.208858 2.1920798 -0.098046362 0.015945658 0.006800625 0.99984974 0
4.3635383 0.9311111 -0.54276913 0.11988969 0.02567289 0.99245524 0
2.8448617 0.60620767 -0.5581032 0.18568057 0.039613005 0.98181134 9.3565511e-08
3.2321746 1.3596036 -0.54927146 0.14604563 0.061251633 0.98737985 8.0630443e-08
2.1200953 0.45037097 -0.57060087 0.25284564 0.053714521 0.96601439 4.2228467e-07
2.2838497 0.96151185 -0.56364161 0.20716952 0.087229751 0.97440839 3.8661682e-07
4.630271 1.9432188 0.96843278 -0.17484887 -0.073751859 0.98182917 0
5.0619922 2.1114254 0.28561634 -0.047676422 -0.019975793 0.99866307 0
4.3716192 0.91689032 -0.54337746 0.11860582 0.024935933 0.99262828 0
2.8541677 0.59777784 -0.55953276 0.18696536 0.039119136 0.98158729 1.3496323e-07
3.234623 1.3473607 -0.54887754 0.14625941 0.060741723 0.98737967 8.0316617e-08
2.116925 0.44198492 -0.56930834 0.25303498 0.052829966 0.96601361 1.528487e-07
2.293932 0.95635885 -0.56532741 0.20748259 0.086511612 0.97440583 3.6213089e-07
4.5441079 1.8994445 1.3085581 -0.24005353 -0.099600025 0.96563667 0
4.6253633 1.9231322 0.96604997 -0.17757715 -0.073033549 0.9813931 0
5.064353 2.0927167 0.28535482 -0.049627326 -0.020220578 0.99856311 0
4.3673444 0.90088791 -0.54246467 0.11981442 0.024605263 0.99249136 0
2.8466215 0.58583933 -0.55762208 0.1871742 0.038574245 0.98156905 1.3059619e-07
3.2415881 1.337006 -0.54926759 0.14229371 0.058901604 0.98807037 7.6193551e-08
2.1184549 0.43459284 -0.56930834 0.25321463 0.051948618 0.96601433 1.9218774e-07
2.2948413 0.94781244 -0.56476539 0.20776515 0.085818931 0.9744069 1.2066747e-07
4.5484791 1.882645 1.307912 -0.2375166 -0.098966546 0.96632886 0
4.6275115 1.905102 0.96509689 -0.17459452 -0.07270775 0.98195231 0
5.5575137 1.1316842 0.098382592 -0.016954051 -0.0033938799 0.99985051 0
5.0693169 2.0740788 0.28522411 -0.11919054 -0.038702302 0.99211681 0
5.1852641 2.1184678 -0.097173221 0.016100323 0.0065977201 0.9998486 0
4.3728948 0.88612938 -0.54276884 0.11870741 0.024185987 0.99263465 0
4.6940498 1.9172931 -0.43969962 0.078433245 0.03303536 0.99637187 0
2.8534603 0.57686847 -0.55857778 0.18705367 0.03779716 0.98162228 1.4651799e-07
3.2439501 1.3247459 -0.5488804 0.14253965 0.058400381 0.98806471 8.161846e-08
2.1152236 0.42624569 -0.56801593 0.25339657 0.051074654 0.96601325 1.7821681e-07
2.3005526 0.94032091 -0.56532729 0.20810668 0.085066244 0.97439998 4.0532274e-07
4.5416207 1.8612486 1.3040349 -0.24553677 -0.09608496 0.96461356 0
4.6227746 1.884295 0.96271402 -0.17754555 -0.071981445 0.98147655 0
5.5640755 1.1117961 0.098426349 -0.01704035 -0.0034223564 0.99984896 0
4.3663774 0.86816454 -0.54155171 0.1197042 0.023816861 0.99252391 0
2.8602712 0.56785697 -0.55953199 0.1873313 0.037317209 0.98158771 1.1547419e-07
3.2462673 1.3124861 -0.54848599 0.1461792 0.05918996 0.98748577 1.6814719e-08
2.1261766 0.42072603 -0.57060069 0.25355762 0.050180536 0.96601784 5.2725932e-07
2.2970519 0.92953068 -0.56364131 0.20834981 0.084316008 0.97441322 4.3725191e-07
4.5372262 1.8400414 1.3008039 -0.24044801 -0.097315848 0.96577138 0
5.5532041 1.0894848 0.0981647 -0.017209912 -0.0033397051 0.99984634 0
4.3791237 0.85481519 -0.54276866 0.11915861 0.023288792 0.99260205 0
2.8551056 0.55596745 -0.55810267 0.18683617 0.036408924 0.98171616 1.0944036e-07
3.2510555 1.3005788 -0.54848939 0.14540152 0.058256894 0.98765606 9.3561809e-08
2.1276324 0.41330174 -0.57060063 0.2537379 0.049298331 0.96601593 5.3776677e-07
2.3025422 0.92241704 -0.5642032 0.20865938 0.083597399 0.97440892 4.4533292e-07
4.5481024 1.8259963 1.3020965 -0.23909216 -0.096224874 0.96621722 0
5.5569739 1.0700939 0.098164819 -0.016661871 -0.003233158 0.99985594 0
4.3698945 0.8371948 -0.54124731 0.11991625 0.022884887 0.99252021 0
2.8739049 0.54921097 -0.5614379 0.18732442 0.035850026 0.98164368 1.2894456e-07
3.2647541 1.2928717 -0.55005097 0.14490865 0.057327364 0.9877829 9.4948099e-08
2.1338074 0.40677246 -0.57189298 0.25390476 0.048410673 0.96601695 1.6444872e-07
2.3080106 0.91527635 -0.5647651 0.20896691 0.082876898 0.97440457 4.3297808e-07
4.540988 1.8047445 1.2982196 -0.24265872 -0.094892681 0.96545953 0
4.5529404 1.7930495 0.59569687 -0.11342249 -0.044722822 0.99253976 0
5.5582185 1.0502266 0.098121315 -0.017256975 -0.0032704147 0.99984574 0
4.3776674 0.82285058 -0.54185569 0.11880529 0.022276616 0.99266768 0
2.858824 0.53652072 -0.55810231 0.18715799 0.035086617 0.98170304 1.1400308e-07
3.2644274 1.2802287 -0.54927272 0.1450595 0.056768935 0.98779303 9.0467871e-08
2.1328399 0.39887992 -0.57124674 0.25407562 0.047524057 0.96601605 5.0403327e-07
2.3043935 0.90453112 -0.56307918 0.2092008 0.082130753 0.97441757 4.4693726e-07
4.5402079 1.7870158 1.296281 -0.24099042 -0.095010504 0.96586573 0
5.5690436 1.0331542 0.098252311 -0.017073303 -0.0031539258 0.99984926 0
4.3779316 0.80787998 -0.54155135 0.12049785 0.022302322 0.99246305 0
2.8727489 0.52875125 -0.56048477 0.18802075 0.034611076 0.98155504 7.8690618e-08
3.2734785 1.2706193 -0.55005217 0.14708698 0.057339393 0.9874602 5.5835617e-08
2.1389713 0.39229941 -0.57253909 0.25419626 0.046626009 0.96602809 4.892712e-07
2.3096497 0.89777148 -0.56364107 0.20950447 0.081447475 0.97440964 2.2608012e-07
5.9930773 1.0922114 0.52990198 -0.086178862 -0.015535628 0.99615854 0
5.567698 1.0128155 0.098165177 -0.016985375 -0.0031597493 0.99985075 0
5.7432752 1.041591 -0.30407664 0.051705807 0.0094471555 0.99861765 0
4.3856091 0.79347473 -0.5421598 0.11888882 0.021435754 0.99267614 0
2.8697464 0.51785195 -0.55953014 0.18689379 0.033712853 0.98180151 4.2476042e-08
3.2801983 1.2600738 -0.55044013 0.14041667 0.052234557 0.98871368 2.5899107e-08
2.1331956 0.38355514 -0.57060045 0.25443453 0.045757283 0.96600693 5.0589324e-07
2.3083806 0.88754302 -0.56251711 0.20980734 0.080681801 0.97440821 3.4370768e-07
5.9970398 1.0702382 0.5299021 -0.08449953 -0.015232786 0.99630708 0
5.5590677 0.99021471 0.097947143 -0.017376974 -0.003010154 0.99984449 0
4.3860445 0.77696353 -0.54185539 0.12049205 0.021474447 0.99248201 0
4.7208757 1.794937 -0.43795907 0.079526201 0.029771637 0.99638808 0
2.8787875 0.50910884 -0.56095803 0.18742284 0.033235654 0.98171687 1.2722646e-07
3.2868836 1.2494963 -0.55083084 0.14456473 0.054890472 0.98797172 2.8599379e-08
2.1392789 0.37694025 -0.5718928 0.2545487 0.044858214 0.96601897 5.8054491e-07
2.31829 0.8820917 -0.5642029 0.2100786 0.079939432 0.97441095 4.3600369e-07
5.9958324 1.0484418 0.52946645 -0.006042785 -0.019648256 0.9997887 0
5.5575652 0.96994603 0.097860008 -0.017305303 -0.0030154723 0.99984568 0
5.2727971 1.9843313 -0.097739317 0.0089153862 0.0095872991 0.99991429 0
4.3960652 0.76291829 -0.54276806 0.1186922 0.020174466 0.99272615 0
2.8660364 0.49655306 -0.55810112 0.18773471 0.03256122 0.98167992 1.3342475e-07
3.2935355 1.2388883 -0.55121607 0.14470945 0.054715101 0.98796022 1.4974372e-08
2.1382015 0.36906198 -0.57124656 0.25470361 0.043968316 0.96601909 4.7828314e-07
2.323633 0.87485671 -0.5647648 0.21037132 0.079215631 0.9744069 3.3270197e-07
5.9945455 1.0266668 0.52903074 -0.084735706 -0.014927239 0.99629164 0
5.5656786 0.95235258 0.097947374 -0.017058378 -0.0029015781 0.99985027 0
5.2609572 1.9589204 -0.097390108 0.0089709973 0.0095613841 0.99991405 0
4.4010172 0.74875146 -0.54307222 0.1205609 0.020832786 0.99248731 0
2.8701723 0.4869546 -0.55857557 0.18903868 0.031811919 0.98145419 4.3685191e-08
3.2909002 1.2247907 -0.55005103 0.1471121 0.054683246 0.98760712 7.2405165e-08
2.1442399 0.36239657 -0.57253891 0.25487691 0.043083366 0.96601325 5.2168468e-07
2.3219593 0.86543626 -0.56364083 0.21061403 0.07850568 0.9744119 3.4391212e-07
5.9880924 1.0051366 0.52815932 -0.086467713 -0.014402408 0.99615055 0
5.5665035 0.93250674 0.097903855 -0.017463924 -0.0029184199 0.99984324 0
4.4158435 0.73541725 -0.54459333 0.11962207 0.019773468 0.99262255 0
2.8694341 0.47653264 -0.55809498 0.18988879 0.031909496 0.98128694 6.2497584e-08
3.290524 1.2115835 -0.54926383 0.14759204 0.054339539 0.98755443 3.8399037e-08
2.1431088 0.35451761 -0.57189262 0.25502485 0.042190794 0.96601361 7.2899718e-07
2.3274 0.85776675 -0.56420273 0.21091343 0.077739678 0.97440857 3.7194789e-07
5.994194 0.98358482 0.52837735 -0.23691116 -0.057261176 0.96984237 0
5.572351 0.91250139 0.097947598 -0.017121891 -0.0028184317 0.99984944 0
4.41606 0.71882975 -0.54428899 0.12054677 0.01978348 0.9925105 0
5.1384773 1.8724327 -0.47449133 0.081927344 0.029927978 0.99618888 0
2.873503 0.46690553 -0.55857044 0.19003518 0.031562772 0.98126978 2.5235465e-08
3.3040082 1.2034825 -0.55083382 0.14678708 0.053449504 0.98772299 9.9439418e-08
2.1347957 0.34550011 -0.5693078 0.25514844 0.041299451 0.96601945 7.4462463e-07
2.3258054 0.84795988 -0.56307876 0.21112047 0.076990589 0.97442323 3.6851247e-07
6.0000501 0.96304905 0.52859539 -0.08361657 -0.013265186 0.99640971 0
5.5656295 0.89146674 0.097773202 -0.01733114 -0.0027515392 0.99984604 0
4.4307957 0.7053557 -0.54581016 0.119928 0.019096795 0.99259889 0
5.161377 1.8604101 -0.47601342 0.081089608 0.028317695 0.99630445 0
2.8824663 0.45751956 -0.5600059 0.18725248 0.029218294 0.98187721 1.1945802e-07
3.3083975 1.1913648 -0.55082989 0.14559719 0.052253127 0.98796308 1.5360685e-08
2.1455314 0.33954743 -0.57189256 0.25529385 0.040399898 0.96601909 4.9099413e-07
2.3333313 0.84149772 -0.56420255 0.21139862 0.0762477 0.97442132 4.1196381e-07
6.0033751 0.94209909 0.52859551 -0.085647352 -0.013587493 0.99623287 0
5.571177 0.87241948 0.097816944 -0.017203592 -0.0027143855 0.99984831 0
4.4209704 0.68798268 -0.54428881 0.12058321 0.018719921 0.99252671 0
2.8888969 0.44820434 -0.56095505 0.18745156 0.028992144 0.98184592 1.8109439e-08
3.3125367 1.1798092 -0.55082661 0.14382872 0.051775396 0.98824722 6.492725e-09
2.1371558 0.33058816 -0.56930768 0.25553027 0.039536502 0.96599233 4.1007266e-07
2.3362548 0.8333478 -0.56420261 0.21165647 0.075504541 0.97442323 4.1777162e-07
5.9941568 0.92030036 0.5275057 -0.086522959 -0.013213684 0.99616224 0
5.5567427 0.85129648 0.097511239 -0.017301079 -0.0026477468 0.99984682 0
5.9428864 0.90713704 -0.31323501 0.051381677 0.0080370074 0.99864674 0
5.6192193 1.9827619 -0.1034114 0.016700532 0.0060203285 0.99984241 0
4.4305882 0.67443538 -0.54520178 0.11984184 0.018186867 0.99262643 0
2.8927934 0.43898842 -0.56143558 0.18832196 0.028559713 0.98169202 1.3589666e-07
3.3141022 1.1679939 -0.55044246 0.1484126 0.052217286 0.98754597 6.9778274e-08
2.1477928 0.32493544 -0.57189262 0.25556594 0.038664881 0.96601814 6.5436632e-07
2.3275273 0.82151991 -0.56139296 0.21199064 0.074802682 0.97440469 3.0173149e-07
6.0022597 0.90010834 0.52794164 -0.085560597 -0.012825591 0.99625039 0
5.572042 0.83373976 0.097729482 -0.017200787 -0.0025603266 0.99984878 0
4.4280057 0.65823805 -0.54459321 0.1231204 0.017649408 0.99223477 0
2.8821692 0.42709765 -0.55904967 0.18905172 0.027965708 0.98156881 1.1708267e-07
3.3134983 1.1547871 -0.54965645 0.14856224 0.051740494 0.98754859 6.7413076e-08
2.1417458 0.31638414 -0.56995392 0.25573757 0.037793711 0.96600723 7.2420369e-07
2.3372757 0.81581181 -0.5630787 0.21221024 0.074071549 0.97441274 1.979278e-07
6.0004358 0.8784312 0.52750593 -0.088886589 -0.012539962 0.9959628 0
5.5674973 0.81320339 0.097598709 -0.02195818 -0.0015069272 0.99975777 0
4.4278202 0.6424222 -0.54428887 0.11748191 0.01772866 0.99291676 0
2.893358 0.41843268 -0.56096077 0.18895409 0.027310293 0.98160607 1.3682227e-07
3.3245091 1.1456366 -0.55083048 0.14697458 0.050690964 0.98784053 8.3036952e-08
2.1548445 0.31024191 -0.57318503 0.25586686 0.03684856 0.9660095 3.649011e-07
2.3425517 0.80803853 -0.56364065 0.21248351 0.073297828 0.97441173 3.9510303e-07
6.0011492 0.85608155 0.5272882 -0.086638555 -0.012470149 0.99616176 0
5.5630159 0.79173797 0.097467929 -0.017321328 -0.0024755015 0.99984694 0
4.425231 0.62549675 -0.54368031 0.12103632 0.017169913 0.99249959 0
5.7091703 1.9464506 -0.5236364 0.082692437 0.028307192 0.99617302 0
2.8923719 0.40798944 -0.5604794 0.18749413 0.026517326 0.98190773 2.4263368e-08
3.3261516 1.1332253 -0.55044216 0.14737263 0.050204597 0.98780608 9.1802967e-08
2.1511307 0.30205101 -0.5718925 0.25597453 0.035949856 0.9660148 5.5662571e-07
2.3522706 0.80222869 -0.56532645 0.2127348 0.072553813 0.97441256 1.033882e-07
5.632617 1.9147563 1.1485866 -0.17421229 -0.05573231 0.98312968 0
6.0189028 0.83718222 0.52859569 -0.085976437 -0.011843671 0.99622679 0
4.4347625 0.61105895 -0.54459292 0.12005869 0.016516292 0.99262941 0
2.891346 0.39755794 -0.56000757 0.19063996 0.025738601 0.98132253 1.3192812e-07
3.3254099 1.1200258 -0.54965353 0.14983435 0.050392546 0.9874261 4.3554138e-08
2.1569579 0.29519084 -0.57318491 0.25612247 0.035058424 0.96600837 4.7846117e-07
2.3550563 0.79401284 -0.56532639 0.21302952 0.071826383 0.97440207 1.5600273e-07
5.6459122 1.8984191 1.1500164 -0.18303001 -0.063087463 0.98108101 0
5.8415213 0.78764063 -0.30708492 0.11238532 0.0075731166 0.99363583 0
4.4318452 0.59569037 -0.54398435 0.11775341 0.016964518 0.99289793 0
2.887852 0.38681474 -0.5590474 0.19047104 0.025439845 0.98136312 2.7463154e-08
3.333982 1.109977 -0.55044162 0.14766835 0.049197014 0.98781258 9.4645003e-08
2.1507931 0.28670916 -0.57124627 0.25618616 0.034162477 0.96602356 4.9782409e-07
2.3507483 0.78387392 -0.56364048 0.21317682 0.071096204 0.97442341 4.2894266e-07
5.8417597 0.76692092 -0.30695397 0.052058261 0.0069104438 0.99862015 0
4.426517 0.57925415 -0.54307163 0.12100792 0.015888747 0.99252439 0
2.8891842 0.3767319 -0.55904973 0.19007264 0.024868667 0.98145503 1.0827158e-07
3.3378358 1.0983324 -0.55044311 0.14874074 0.048993245 0.98766184 9.5490748e-08
2.1565711 0.27981687 -0.57253861 0.25632814 0.033264976 0.96601725 4.7638667e-07
2.3536055 0.77525276 -0.56364042 0.21348767 0.070323668 0.97441143 2.5504912e-07
5.8643446 0.74802524 -0.30800056 0.051785704 0.006583767 0.99863654 0
6.6168408 2.1540227 -0.12086363 0.016483342 0.0053665075 0.99984974 0
4.4409189 0.56458557 -0.54459268 0.12041369 0.01529686 0.99260592 0
5.7286873 1.8642309 -0.52298343 0.08296141 0.026973587 0.99618763 0
2.8977866 0.36756599 -0.56047606 0.18775201 0.023749784 0.9819293 5.7821424e-08
3.3369548 1.0851409 -0.54966277 0.14821516 0.048239402 0.98777795 8.9875066e-08
2.1575348 0.27228734 -0.57253855 0.25643444 0.032365602 0.96601957 5.2985592e-07
2.353982 0.76627392 -0.5630784 0.21371949 0.06957496 0.97441435 2.4693571e-07
5.8570099 0.72632468 -0.30747715 0.051477261 0.0066883876 0.99865174 0
6.6195617 2.1293786 -0.12077621 0.016754467 0.0053964243 0.99984509 0
4.4330106 0.54786736 -0.54337567 0.12128194 0.014878914 0.99250656 0
5.7446418 1.8472798 -0.52385312 0.082480729 0.026518494 0.99623978 0
2.8966157 0.3571499 -0.56000209 0.1877657 0.023338687 0.98193651 4.2848242e-08
3.3501217 1.0765203 -0.55122524 0.14898072 0.047884777 0.98768002 9.3951627e-08
2.1584721 0.2647545 -0.57253855 0.25655165 0.031472094 0.96601796 4.5934237e-07
2.3659129 0.76105374 -0.56532615 0.21399459 0.068844229 0.97440588 3.5778979e-07
6.6317172 2.1077762 -0.12086331 0.016517172 0.0052628811 0.99984974 0
4.4372673 0.53345901 -0.54367983 0.08756236 0.0048401272 0.99614727 0
5.7436175 1.8259506 -0.52320057 0.08319737 0.026482288 0.99618113 0
2.8929708 0.34645638 -0.55904901 0.1904866 0.022728812 0.98142666 4.2754902e-08
3.3420963 1.0610679 -0.54927248 0.14859101 0.04719026 0.98777211 8.5871712e-08
2.1641798 0.25778532 -0.5738309 0.25665876 0.030577555 0.96601826 5.6553876e-07
2.3637836 0.7517187 -0.56420219 0.21420342 0.068127386 0.97441036 3.4221549e-07
7.7781105 2.4550231 0.99577218 -0.005901088 0.0090845255 0.99994135 0
6.6318817 2.0823631 -0.12073226 0.016437421 0.0052623716 0.99985105 0
4.4415674 0.51825339 -0.54398394 0.11948796 0.013936807 0.99273783 0
5.7621493 1.8086251 -0.5242877 0.082765453 0.026017273 0.99622941 0
2.8917253 0.33607432 -0.55856985 0.19046679 0.022283677 0.98144072 6.718782e-08
3.3552003 1.052364 -0.55083477 0.14972797 0.046984144 0.98761028 5.8876989e-08
2.15307 0.24885404 -0.57059985 0.25679255 0.02968755 0.96601045 4.1135735e-07
2.3711684 0.74451816 -0.56532604 0.21447054 0.067346983 0.97440588 3.2954296e-07
7.5761251 0.86652732 1.20087 -0.15645689 -0.017819891 0.98752403 0
7.7889996 2.4285972 0.99607652 -0.12069418 -0.038309243 0.99195027 0
6.6247883 2.0547485 -0.12047031 0.016733553 0.0051862607 0.99984652 0
4.4409709 0.50169331 -0.54367965 0.082625285 0.015333109 0.9964627 0
5.7517796 1.7833248 -0.52276546 0.083784036 0.025595322 0.99615514 0
2.9026358 0.32707077 -0.56047887 0.18858336 0.021120591 0.98183006 1.0389143e-07
3.3517804 1.038444 -0.54966301 0.14863838 0.046015717 0.98782045 6.4891928e-08
2.1611261 0.24213699 -0.57253844 0.25687146 0.02878391 0.96601683 5.4465085e-07
2.3644516 0.73333251 -0.56307817 0.21459962 0.066587001 0.97442967 3.7885476e-07
7.5841589 0.83929551 1.2016515 -0.14893287 -0.015565752 0.98872477 0
7.8021722 2.4028573 0.99668521 -0.11481322 -0.035280459 0.99276042 0
4.4402285 0.48591951 -0.54337537 0.11977908 0.01351195 0.99270862 0
2.9037595 0.3169367 -0.56048012 0.18865663 0.020461055 0.98182994 1.0189157e-07
3.3648262 1.0296403 -0.55122352 0.14941324 0.045728534 0.98771685 9.8550281e-08
2.1643593 0.23485008 -0.57318461 0.25696945 0.027886752 0.96601713 5.4732163e-07
2.3716528 0.72651064 -0.56420201 0.21492735 0.065843709 0.97440797 4.3974123e-07
7.5893555 0.81440365 1.2020423 -0.16130941 -0.018180773 0.98673642 0
7.8081393 2.3748846 0.99638122 -0.11185555 -0.034653436 0.99312007 0
5.6328349 0.59998101 -0.29504669 0.052694391 0.005212469 0.99859709 0
4.4344125 0.47041056 -0.54246253 0.12143879 0.012878173 0.99251539 0
2.8999658 0.30628645 -0.55953121 0.18872721 0.020108033 0.98182368 1.1571792e-07
3.3589487 1.0150193 -0.5496605 0.14967647 0.045242783 0.98769939 9.8364204e-08
2.16997 0.2277935 -0.57447696 0.25707412 0.026993506 0.96601462 1.5595948e-07
2.3717186 0.71793163 -0.56364 0.21512888 0.065127037 0.97441161 2.5405819e-07
7.5970645 0.78841543 1.2028238 -0.012858748 0.026240917 0.99957293 0
5.6249614 0.57929552 -0.29452324 0.05243583 0.0053112162 0.9986102 0
4.4434333 0.45568484 -0.54337519 0.12042456 0.012248716 0.99264693 0
2.9059014 0.29665709 -0.56048036 0.18917543 0.019437553 0.98175091 1.3286763e-07
3.3648367 1.0039974 -0.55004913 0.15064287 0.044935688 0.98756647 6.5581411e-08
2.1611018 0.21962854 -0.57189208 0.25714862 0.026139157 0.96601826 5.4143817e-07
2.3672123 0.7075423 -0.56195408 0.21537881 0.064383872 0.97440583 4.2670328e-07
7.6046839 0.76238328 1.2036052 -0.1500746 -0.014251174 0.98857194 0
5.6269488 0.55965722 -0.29452315 0.053531904 0.0054221419 0.99855143 0
4.4425278 0.43992823 -0.54307091 0.12162278 0.012177052 0.99250168 0
2.8971493 0.2855556 -0.55857342 0.19035938 0.018736465 0.98153567 1.1573376e-07
3.3730557 0.9936474 -0.55083406 0.15067804 0.044640828 0.98757446 8.1894441e-08
2.1666629 0.2125507 -0.57318449 0.25720763 0.025246933 0.96602631 5.4762455e-07
2.376673 0.70135665 -0.56363994 0.2155887 0.063625008 0.97440922 3.8712804e-07
7.6097574 0.73607033 1.2039961 -0.15003438 -0.014243326 0.9885782 0
6.4372859 1.8933867 1.2963318 -0.1841052 -0.05407526 0.98141789 0
5.6313534 0.54024971 -0.29465389 0.051352732 0.0049267891 0.99866843 0
4.453917 0.42535746 -0.5442878 0.12062683 0.011387636 0.99263263 0
2.8981283 0.2754409 -0.55857444 0.19030574 0.01802733 0.98155934 1.2311564e-07
3.3741336 0.98117465 -0.55044299 0.14978032 0.043491367 0.98776227 9.5117429e-08
2.1578093 0.20370907 -0.57059968 0.25735083 0.024296816 0.96601254 4.0772139e-07
2.3815651 0.69332641 -0.56420183 0.21582259 0.062837064 0.97440857 3.4780209e-07
7.6122804 0.70950276 1.2039962 -5.9544727e-05 -1.1675437e-06 1 0
6.8918266 0.6388824 0.12020053 -0.017673081 -0.0016968618 0.99984241 0
4.4529748 0.40880442 -0.5439834 0.1225965 0.011271104 0.9923926 0
2.9064054 0.26598898 -0.55999929 0.18873805 0.017277217 0.98187548 9.454309e-08
3.3870294 0.97212845 -0.55199999 0.14935721 0.042776551 0.98785758 7.5759615e-08
2.1657233 0.19682476 -0.5725382 0.25740334 0.023400724 0.96602064 5.8282757e-07
2.3816307 0.68433172 -0.56363982 0.21603872 0.062082291 0.9744091 2.9676372e-07
7.6148295 0.68159765 1.2039963 0.00012803862 1.5968464e-05 1 0
4.4568467 0.39347532 -0.54428762 0.2023357 0.031681813 0.97880363 0
2.8999801 0.25520161 -0.55857652 0.18968864 0.016702246 0.98170221 1.4610248e-07
3.3880265 0.95962346 -0.55161309 0.1496817 0.042307898 0.98782867 8.385188e-08
2.1615849 0.18884785 -0.57124579 0.25758064 0.022525333 0.96599424 5.7584515e-07
2.3840051 0.67601413 -0.56363976 0.21624795 0.061327141 0.97441047 3.6465883e-07
7.6170483 0.65634215 1.2039964 -0.15852115 -0.013921595 0.98725742 0
6.6482902 1.8601958 -0.11990189 0.017124876 0.0046698661 0.99984246 0
4.4605999 0.37890267 -0.54459178 0.12041105 0.010292687 0.99267077 0
5.8110371 1.6264085 -0.52385163 0.082302444 0.023381567 0.99633306 0
2.9008543 0.24507736 -0.55857044 0.19157235 0.016230397 0.98134428 7.5707556e-09
3.3889778 0.94712323 -0.55122375 0.15015687 0.042007178 0.98776937 9.8287053e-08
2.1646376 0.18150094 -0.5718919 0.25756833 0.021600809 0.96601862 2.2656224e-07
2.3815446 0.66678238 -0.5625158 0.21646143 0.060616057 0.97440755 8.3244565e-08
7.6242146 0.63015521 1.2047778 -0.15860605 -0.01394525 0.98724347 0
7.8662219 2.1840706 0.99668664 -0.11876028 -0.033191361 0.99236804 0
6.6475158 1.8349774 -0.11977084 0.017130593 0.0046696896 0.99984235 0
4.4569483 0.3629294 -0.54398322 0.1222163 0.0098717473 0.99245441 0
5.8097582 1.6031061 -0.52319914 0.08406087 0.023281015 0.99618864 0
2.9041374 0.2351463 -0.55905318 0.18914048 0.015146268 0.98183322 1.4658596e-07
3.3970237 0.936607 -0.55199778 0.14931151 0.041357182 0.98792493 6.7135183e-08
2.1652579 0.17394388 -0.57189184 0.25766027 0.020699613 0.96601385 5.8069747e-07
2.3886664 0.65935433 -0.56363964 0.21667512 0.059819274 0.97440934 3.3298809e-07
7.6362138 0.60431451 1.2063406 -0.15391342 -0.011719579 0.98801482 0
7.8809776 2.1585701 0.9975996 -0.11586253 -0.031500358 0.99276561 0
6.6514688 1.8111038 -0.11972707 0.017432569 0.0047196806 0.99983692 0
4.4607229 0.34678268 -0.54428744 0.11997785 0.0093432181 0.99273258 0
5.8345394 1.5880638 -0.5249387 0.083590224 0.022498997 0.99624622 0
2.9098346 0.22538325 -0.56000686 0.19044639 0.014838899 0.98158544 1.4273677e-07
3.3931258 0.92278975 -0.5508306 0.15139484 0.041164089 0.98761588 8.0953775e-08
2.163444 0.16620192 -0.57124567 0.25772092 0.019801926 0.96601647 5.9054719e-07
2.3933029 0.65165675 -0.56420153 0.21687928 0.059057441 0.97441036 3.9357943e-07
7.6408396 0.57650739 1.2067313 -0.15773568 -0.012364007 0.98740399 0
7.8888364 2.1296701 0.99759978 -0.11904801 -0.032366592 0.99236083 0
4.4594312 0.33102718 -0.54398304 0.12002627 0.0093391361 0.9927268 0
5.8448567 1.5689828 -0.52537346 0.083737157 0.022578768 0.99623203 0
2.9081931 0.2145378 -0.55953079 0.18909788 0.013878389 0.98186016 9.7047987e-08
3.3941011 0.90970486 -0.55043912 0.15143086 0.040587112 0.98763424 8.5092154e-08
2.1591933 0.15830038 -0.5699532 0.25779068 0.018896962 0.96601599 2.6199547e-07
2.4002657 0.64457107 -0.56532538 0.21710311 0.058308255 0.97440565 2.5535661e-07
4.4531341 0.31493697 -0.54307032 0.12192272 0.0085842079 0.99250245 0
2.9162688 0.20489603 -0.56096029 0.19051424 0.01345461 0.98159224 1.450336e-07
3.4068017 0.900388 -0.55200326 0.15091537 0.039895546 0.98774129 1.0223222e-07
2.1645515 0.15109432 -0.57124561 0.25785795 0.018000005 0.96601516 4.6042001e-07
2.4001474 0.63556063 -0.56476343 0.21728791 0.057534538 0.97441047 4.1545121e-07
5.6399455 1.47168 -0.10113987 0.017000729 0.0043606111 0.99984598 0
4.4591055 0.3004995 -0.543679 0.12024738 0.0078824116 0.99271268 0
2.9095869 0.19473752 -0.55952597 0.19076274 0.012891287 0.98155153 1.2047389e-07
3.4026027 0.88720697 -0.55083275 0.15101831 0.039327469 0.98774838 9.4990462e-08
2.1650658 0.14353764 -0.57124567 0.25791866 0.017100444 0.96601528 3.6560687e-07
2.3999956 0.62655884 -0.56420159 0.21741493 0.056763921 0.97442734 3.1771208e-07
5.9944191 0.38436365 -0.31297114 0.051420413 0.0032111087 0.99867195 0
5.6353664 1.4494854 -0.10096522 0.016760169 0.0044102725 0.9998498 0
4.4601765 0.28415409 -0.54367894 0.12197293 0.0079954714 0.9925012 0
5.7018056 1.4666179 -0.51102161 0.08450108 0.021648128 0.99618822 0
2.9175963 0.185041 -0.56095886 0.19032523 0.012064242 0.98164696 1.3652463e-07
3.4104609 0.87656003 -0.55161327 0.15114558 0.038847648 0.98774791 9.2705733e-08
2.167964 0.13612841 -0.57189184 0.25795576 0.016195664 0.966021 5.4142771e-07
2.406884 0.61940068 -0.5653255 0.21769449 0.056024473 0.97440767 4.2302278e-07
7.9913282 0.48793927 0.13913657 -0.027446013 -0.0035418677 0.99961704 0
5.9957242 0.36343685 -0.31297106 0.051953036 0.0032443255 0.99864423 0
5.6210122 1.4248765 -0.10061605 0.016994711 0.0042734183 0.99984646 0
4.4735265 0.26932362 -0.54520011 0.12106496 0.0071660867 0.99261874 0
5.7117176 1.4479338 -0.51145637 0.084042326 0.021403728 0.99623227 0
2.9231255 0.17514586 -0.56190681 0.18912938 0.011039127 0.98189014 8.6136303e-08
3.4158924 0.86525941 -0.55200475 0.1516771 0.038461592 0.98768151 9.4311062e-08
2.1660151 0.12841929 -0.57124561 0.25805151 0.015309613 0.96600986 5.6097576e-07
2.4090314 0.61099523 -0.56532544 0.21788849 0.055265114 0.97440773 4.3489391e-07
5.6235271 1.4046392 -0.1005723 0.017015945 0.0042760563 0.9998461 0
4.4719176 0.25434756 -0.54489577 0.12276603 0.0069791237 0.99241108 0
5.6995783 1.4247439 -0.50993407 0.084628642 0.021093979 0.99618924 0
2.9188168 0.16466799 -0.56095904 0.19028668 0.010734315 0.9816699 1.5000739e-07
3.4117069 0.85152721 -0.55083072 0.15181389 0.037915558 0.98768163 9.6465499e-08
2.176096 0.12138687 -0.57383043 0.2580595 0.014388201 0.9660219 3.9872992e-07
2.4039578 0.60121685 -0.56363952 0.21803372 0.054535188 0.97441632 3.8382322e-07
5.6378608 1.3883817 -0.10074671 0.017175818 0.004417046 0.9998427 0
4.4752564 0.2388673 -0.54519993 0.0068201688 -0.018173715 0.99981159 0
5.7117705 1.4066323 -0.51058632 0.082276285 0.01950217 0.99641871 0
2.9242761 0.15473451 -0.56190991 0.18951979 0.010119227 0.98182476 1.1962238e-07
3.4266436 0.84257662 -0.55278736 0.15220277 0.037524924 0.98763669 8.3910251e-08
2.1740744 0.11404572 -0.57318419 0.25810799 0.013545838 0.96602112 1.8055648e-07
2.4084063 0.59340906 -0.56420141 0.21824229 0.053779237 0.97441167 4.3886877e-07
4.4785414 0.22336681 -0.54550409 0.12088013 0.0061389422 0.99264812 0
2.9247997 0.14452597 -0.56190521 0.18887815 0.009603953 0.98195356 3.8283179e-08
3.4247658 0.82944155 -0.55200529 0.15102609 0.036407873 0.98785907 5.2715997e-08
2.1744592 0.10645612 -0.57318413 0.2581802 0.012640185 0.96601409 2.7519189e-07
2.4151952 0.58615655 -0.56532526 0.21846156 0.053021673 0.97440404 4.2951021e-07
4.4718571 0.20739087 -0.54459131 0.12291643 0.0052729552 0.99240303 0
2.9179308 0.13398293 -0.56047833 0.19141814 0.0086963782 0.98147005 6.8512676e-08
3.4348435 0.81920987 -0.5531767 0.15222256 0.036314979 0.98767883 1.0051487e-07
2.1724224 0.098378599 -0.57253796 0.25822482 0.011695349 0.96601409 3.2153736e-07
2.4078538 0.57501912 -0.56307739 0.21859781 0.052209165 0.97441739 4.289499e-07
5.8764391 0.25340563 -0.30642861 0.052599054 0.0022935537 0.99861306 0
4.470108 0.19089453 -0.54428703 0.12249942 0.0053181159 0.99245435 0
2.9159279 0.1236943 -0.56000531 0.190534 0.0080746161 0.98164737 1.3778038e-07
3.4328763 0.80607986 -0.55239445 0.15083723 0.035507176 0.9879207 3.5764096e-08
2.1655135 0.090499051 -0.57059932 0.25822681 0.010778535 0.96602422 4.5934223e-07
2.4122171 0.56717277 -0.56363934 0.2187968 0.051450938 0.97441304 2.97452e-07
5.8847713 0.23318553 -0.30682105 0.052015927 0.0020526582 0.99864417 0
4.4757066 0.17548203 -0.54489547 0.15371805 0.016835175 0.98797131 0
5.8839231 1.3612285 -0.5242855 0.085000984 0.019695548 0.9961862 0
2.9261515 0.11389021 -0.56191117 0.1903843 0.0074103316 0.98168164 1.4115365e-07
3.4380741 0.79465115 -0.55278671 0.15328117 0.03534751 0.9875502 6.7302146e-08
2.1682293 0.083029635 -0.57124543 0.25827152 0.0098908572 0.96602172 4.8844151e-07
2.4118097 0.55819529 -0.56307733 0.21896583 0.05068415 0.97441524 3.9987586e-07
5.8805232 0.21349017 -0.30655929 0.05369303 0.001689749 0.99855608 0
4.4812231 0.16081491 -0.54550385 0.12099165 0.0043324484 0.99264407 0
5.9005442 1.3444852 -0.52537268 0.080894798 0.015592419 0.99660069 0
2.9142673 0.10324921 -0.55952996 0.19031997 0.0067458567 0.98169893 1.3895043e-07
3.4336064 0.78099275 -0.55161321 0.1523463 0.034660954 0.98771918 1.0085278e-07
2.1781607 0.075787641 -0.57383025 0.25834814 0.0089933369 0.96601003 5.355808e-07
2.4207699 0.55183214 -0.56476313 0.21915247 0.049964592 0.97441047 1.6332626e-07
6.2580051 0.20847197 0.10868341 -0.01753502 -0.00054830662 0.9998461 0
5.878737 0.19288099 -0.30642837 0.051499955 0.001880558 0.99867123 0
4.4767966 0.14501306 -0.54489535 0.12231506 0.0039555402 0.99248344 0
2.9219689 0.093305901 -0.56095946 0.19136202 0.0060734926 0.98150074 9.3185903e-08
3.4435384 0.77062994 -0.55278254 0.15196143 0.034091499 0.98779833 9.1048349e-08
2.1711702 0.067963995 -0.57189155 0.25836754 0.0080947094 0.96601278 2.0565624e-07
2.4227765 0.54295594 -0.56476307 0.21933074 0.049158461 0.97441137 3.5810515e-07
6.2587271 0.18553382 0.10868349 -0.017721273 -0.00055416866 0.99984282 0
5.8719182 0.17111741 -0.30603576 0.052510619 0.0015629663 0.99861914 0
4.4822593 0.12874416 -0.54550374 0.12071273 0.0034101103 0.99268162 0
2.9198236 0.083037682 -0.56048298 0.18956643 0.0051960428 0.98185414 1.3055313e-07
3.441386 0.75753695 -0.55200291 0.15189716 0.033501521 0.98782837 8.4939458e-08
2.1738086 0.060449712 -0.57253778 0.25839204 0.0071856906 0.96601343 2.571453e-07
2.4199011 0.53343773 -0.56363916 0.21949957 0.04839348 0.97441161 4.3735304e-07
6.2643342 0.16381475 0.10877083 -0.017320732 -0.00045073382 0.99984986 0
5.8849583 0.15093541 -0.30668986 0.052077461 0.0012823438 0.99864221 0
4.4802008 0.11303587 -0.54519945 0.086952157 0.007902083 0.99618113 0
2.9225495 0.072904639 -0.56095803 0.18958308 0.0047336179 0.98185325 1.3534041e-07
3.4391835 0.74446833 -0.55122125 0.15310995 0.033046812 0.98765641 9.4594668e-08
2.1691775 0.052748404 -0.57124531 0.25840172 0.0062866053 0.96601707 4.2558193e-07
2.4146092 0.52342564 -0.56195325 0.21969217 0.047628008 0.97440594 2.1309208e-07
6.2598453 0.14292805 0.10868365 -0.017316626 -0.00045161648 0.99984998 0
5.8829308 0.13136448 -0.306559 0.053726826 0.0011108896 0.99855506 0
4.4780698 0.09812513 -0.54489517 0.12229403 0.0027758372 0.99249005 0
5.9065633 1.2593634 -0.52428496 0.087385118 0.018205309 0.99600822 0
2.9252405 0.062753603 -0.56143051 0.18908094 0.004021727 0.98195326 1.1502681e-07
3.4441757 0.73297608 -0.55161262 0.15277521 0.032530818 0.98772544 9.829111e-08
2.166934 0.045128211 -0.57059914 0.25842348 0.005386244 0.96601671 4.3244066e-07
2.4234757 0.51695383 -0.56363904 0.21983352 0.046899967 0.97440934 2.4063894e-07
7.6117043 0.14946534 1.1989194 -0.15068197 -0.0032235452 0.98857701 0
5.8833537 0.11082843 -0.30655891 0.052876841 0.0010933836 0.99860042 0
4.4858284 0.082626976 -0.54580784 0.12121453 0.0022275443 0.99262381 0
2.9205329 0.052457415 -0.56048334 0.18984383 0.0034721375 0.98180819 1.4397523e-07
3.439465 0.71942312 -0.55043656 0.15377581 0.032223839 0.98758018 4.852912e-08
2.1622486 0.037484702 -0.56930661 0.25844949 0.0044833547 0.96601439 6.3145471e-08
2.4253545 0.50806785 -0.56363899 0.21999627 0.046094693 0.97441107 3.3480967e-07
7.7707424 0.12407517 1.7847598 -0.21696515 -0.0023622115 0.9761765 0
7.6097107 0.12285537 1.1985288 -0.16238661 -0.0023194205 0.9867245 0
5.8912086 0.089375228 -0.30695134 0.052106228 0.00081048417 0.99864119 0
4.4786577 0.066078529 -0.54489505 0.122655 0.0015936751 0.99244809 0
2.9231522 0.042296387 -0.56095845 0.19263598 0.0027913856 0.98126632 5.4459505e-08
3.4419556 0.70741266 -0.55043638 0.15375499 0.031714048 0.98759991 6.1989276e-08
2.1671963 0.029999217 -0.57059908 0.25845361 0.0035810526 0.96601701 4.9810484e-07
2.4294984 0.50009441 -0.56420094 0.22015011 0.04531901 0.97441268 2.1259855e-07
6.2460155 0.076097697 0.10842209 -0.017483179 -0.00021129687 0.99984711 0
5.8814993 0.068697251 -0.30642796 0.053111564 0.00033709395 0.9985885 0
4.4788609 0.050444707 -0.54489505 0.0011937086 1.5510039e-05 0.99999928 0
2.92083 0.032067183 -0.56047559 0.19272943 0.0024878506 0.9812488 1.0032915e-07
3.4565022 0.69785315 -0.55239171 0.15277092 0.030700002 0.98778468 8.7547527e-08
2.1672878 0.022434123 -0.57059908 0.25845948 0.0026790022 0.96601838 5.5746114e-07
2.4312291 0.49161085 -0.56420088 0.22036567 0.044566557 0.97439867 3.8450901e-07
5.8767014 0.049153045 -0.30616617 0.052574627 0.00046928748 0.99861687 0
4.4790039 0.035592005 -0.54489499 0.12256275 0.001184424 0.99246007 0
2.9258313 0.021904817 -0.56143254 0.18968767 0.0014476974 0.98184341 9.4952384e-08
3.4564955 0.68529993 -0.55200422 0.15268597 0.030044548 0.98781794 8.0808924e-08
2.1745977 0.014911752 -0.5725376 0.25849342 0.0017853802 0.96601135 5.48564e-07
2.4376225 0.4845047 -0.56532472 0.22048752 0.043837957 0.97440416 3.3529986e-07
5.8868232 0.028684555 -0.30668944 0.052083533 0.00022577716 0.99864268 0
4.4865451 0.01998705 -0.54580766 0.1212564 0.00054370589 0.99262106 0
2.9283442 0.01169978 -0.56190813 0.18995593 0.00077675155 0.98179233 1.1863966e-07
3.4637127 0.67418027 -0.55278325 0.15266185 0.029688982 0.98783243 7.511818e-08
2.1673903 0.0076814936 -0.57059902 0.25847399 0.0009234756 0.96601778 4.6956174e-07
2.4345191 0.47505078 -0.56420076 0.220625 0.043055281 0.97440797 4.1497765e-07
7.7985129 0.015613112 1.7909416 -0.22073455 0.00071006408 0.97533369 0
5.8818946 0.0081303129 -0.30642775 0.052832257 4.5744033e-05 0.9986034 0
4.4791431 0.0043220823 -0.54489487 0.12213785 0.00012091837 0.99251312 0
2.9185498 0.0014796098 -0.56000674 0.19024374 0.00019675975 0.9817369 1.3512154e-07
3.4708951 0.66301864 -0.55356306 0.15302105 0.029194497 0.9877916 8.8021778e-08
2.1698189 0.00011375368 -0.57124513 0.25847894 2.2459837e-05 0.96601689 5.2253893e-07
2.4457293 0.46840069 -0.56644857 0.22076951 0.042287007 0.97440886 4.1122161e-07
7.8033919 -0.011617433 1.7920656 -0.21683946 0.0014439789 0.97620618 0
8.0477591 -0.01065782 1.2676753 -0.020199506 -0.036341507 0.99913526 0
6.278966 -0.010089894 0.10898958 -0.017373694 3.7084465e-05 0.99984908 0
5.8843842 -0.012407471 -0.30655852 0.032748092 -0.0023942946 0.99946076 0
5.6453481 1.058937 -0.099654235 0.017216472 0.0032667734 0.99984646 0
4.4865751 -0.011335141 -0.54580754 0.12102031 -0.000417517 0.99264997 0
2.9234452 -0.0087260092 -0.56095886 0.19149879 -0.00060453161 0.98149264 5.8719731e-08
3.4634821 0.64906663 -0.55200547 0.15301335 0.028751507 0.98780578 8.5938687e-08
2.1794648 -0.0078828502 -0.57382995 0.25851724 -0.00092616957 0.96600622 5.41563e-07
2.4354627 0.45716375 -0.56363875 0.22094275 0.041475177 0.97440451 4.0856571e-07
7.8057404 -0.038869098 1.7926276 -0.2225572 0.00092471042 0.9749192 0
6.2713876 -0.033061508 0.10885875 -0.017594926 0.00011009131 0.99984521 0
5.8867955 -0.033989977 -0.30668923 0.052075464 -0.00022993857 0.9986431 0
5.6662169 1.0424042 -0.09995956 0.016957177 0.0029393714 0.99985188 0
4.4840221 -0.027762709 -0.5455032 0.12264165 -0.00067317678 0.99245077 0
2.9160354 -0.018877991 -0.55952525 0.19112585 -0.0011313007 0.98156488 1.2533332e-07
3.4730105 0.63832164 -0.5531773 0.15423705 0.028259229 0.98762965 8.5495259e-08
2.179424 -0.015490536 -0.57382989 0.25842881 -0.0018346829 0.96602857 4.7631042e-07
2.4442282 0.44999641 -0.56532454 0.2210522 0.040700361 0.97441232 4.3007506e-07
7.7982373 -0.067413308 1.7909418 -0.22622696 0.0019393205 0.97407269 0
6.2737336 -0.054975223 0.10890245 -0.00052077498 0.0019383208 0.99999797 0
5.6380343 1.018886 0.29844499 -0.051849321 -0.0094604818 0.99861008 0
5.8741589 -0.054418683 -0.30603498 0.052501488 -0.00049418525 0.99862075 0
4.4888597 -0.043464918 -0.54611164 0.12083697 -0.0012377142 0.99267161 0
2.9282165 -0.029698426 -0.56191266 0.19100763 -0.0017957215 0.98158693 1.2605584e-07
3.4656088 0.62382549 -0.55161244 0.15377466 0.027709264 0.98771733 9.9956928e-08
2.1793566 -0.023098033 -0.57382989 0.25846151 -0.0027374474 0.96601766 4.3227325e-07
2.4433877 0.44102451 -0.56476259 0.22121637 0.039935999 0.97440672 4.1132e-07
7.8052626 -0.094724439 1.7926278 -0.22319329 0.0027627368 0.97477031 0
7.4952569 1.361367 2.0290816 -0.25946799 -0.045172416 0.96469468 0
6.2760029 -0.07690572 0.10894614 -0.036780223 -0.001814989 0.99932176 0
5.8839188 -0.075053699 -0.30655831 0.052077312 -0.0006953713 0.9986428 0
4.4862003 -0.059099905 -0.54580742 0.12298656 -0.0016084788 0.99240702 0
2.9280956 -0.039919615 -0.5619086 0.18919921 -0.0029386494 0.98193431 2.4558938e-08
3.4726274 0.61258888 -0.55239296 0.15511191 0.02738768 0.98751718 4.8305598e-08
2.1768479 -0.030669 -0.57318372 0.25843149 -0.0036391853 0.96602273 5.6864491e-07
2.4497085 0.43335059 -0.56588644 0.2212704 0.039133549 0.97442698 4.1955298e-07
7.8000336 -0.1205304 1.7915037 -0.22637023 0.0034384921 0.97403526 0
7.4925981 1.335229 2.0271425 -0.26300043 -0.044743571 0.96375763 0
5.8786445 -0.094483182 -0.3062968 0.052028861 -0.00068218377 0.99864537 0
4.4884605 -0.074018411 -0.5461117 0.12101504 -0.001912102 0.99264884 0
2.9304001 -0.049672615 -0.56238955 0.19219947 -0.0031187693 0.9813509 1.2547594e-07
3.4746401 0.60106987 -0.55239087 0.15238388 0.02631077 0.98797113 1.712764e-08
2.1863863 -0.038446195 -0.57576859 0.25845629 -0.0045493762 0.96601224 5.6898665e-07
2.4512062 0.42479679 -0.5658865 0.22146514 0.038377281 0.97441286 3.6841874e-07
7.8068724 -0.14789723 1.7931896 -0.22301118 0.0043253973 0.97480631 0
7.4924555 1.308233 2.0258503 -0.25703299 -0.044851847 0.96536124 0
5.7049966 0.96945494 0.30145419 -0.050838217 -0.0078663686 0.99867594 0
5.8607864 -0.11567809 -0.30538088 0.052500658 -0.0010807842 0.99862033 0
5.7368922 0.97284675 -0.10096306 0.017791573 0.0025975404 0.99983835 0
4.4807162 -0.090315633 -0.54519898 0.12235951 -0.0025602954 0.99248254 0
2.9277558 -0.059849482 -0.56190944 0.19136883 -0.0038340639 0.9815107 1.396491e-07
3.4791508 0.58935297 -0.55278409 0.15406133 0.026084853 0.98771691 9.6576464e-08
2.1789954 -0.045918539 -0.57382989 0.25841516 -0.0054453625 0.96601862 3.1734137e-07
2.4502733 0.41582578 -0.5653246 0.22160162 0.037608966 0.97441179 1.6102283e-07
7.8014069 -0.17639853 1.7920657 -0.22757205 0.0052417708 0.97374713 0
7.5019608 1.2815793 2.0271428 -0.24472597 -0.04029838 0.96875447 0
5.7231202 0.95200467 0.30223933 -0.051437665 -0.0084905569 0.99864012 0
5.8653383 -0.13625297 -0.30564246 0.052672781 -0.0010425894 0.99861127 0
5.7254601 0.95034784 -0.10070118 0.017321693 0.0028363855 0.99984592 0
4.4828548 -0.10601544 -0.54550314 0.12250207 -0.0025405365 0.99246502 0
2.932436 -0.070189655 -0.56286061 0.18961567 -0.0043909131 0.9818486 6.5495726e-08
3.473881 0.57598364 -0.55160862 0.15497409 0.025683083 0.98758465 8.936366e-08
2.18365 -0.053647418 -0.5751223 0.25844392 -0.0063536526 0.96600538 5.4488811e-07
2.4589167 0.40848148 -0.5670104 0.22171862 0.03684574 0.97441429 4.2818132e-07
7.8032146 -0.20233178 1.7926278 -0.22081007 0.0057467725 0.97529989 0
7.5085511 1.257095 2.0277891 -0.25315088 -0.042625945 0.96648729 0
5.7237821 0.93261737 0.30210859 -0.051883429 -0.0085056182 0.99861693 0
5.8798285 -0.15610497 -0.30642748 0.052179482 -0.0014036592 0.99863672 0
5.7262759 0.92995375 -0.10065746 0.017460056 0.0028419155 0.99984354 0
4.4924002 -0.12115245 -0.54672009 0.12116104 -0.0033992103 0.99262702 0
7.681582 1.2504603 -0.67650241 0.085214287 0.013960593 0.99626482 0
2.9321725 -0.080425307 -0.56286424 0.19048209 -0.0052154907 0.98167682 1.3921054e-07
3.4807432 0.56465119 -0.55239409 0.15532443 0.025201265 0.98754203 7.8792247e-08
2.1810355 -0.061199471 -0.57447606 0.25840157 -0.0072477967 0.96601039 4.6238142e-07
2.4506431 0.39874208 -0.56476253 0.22188318 0.03609952 0.97440475 4.1169085e-07
7.8000255 -0.22949663 1.7920659 -0.22750591 0.0065648165 0.97375458 0
7.5033617 1.2293098 2.0252044 -0.25642413 -0.041937105 0.96565413 0
5.9414363 -0.17540987 0.10314333 -0.016954297 0.00047373847 0.99985617 0
5.7317963 0.91135412 -0.100701 0.017742122 0.0029256446 0.99983829 0
4.4894695 -0.13675645 -0.54641581 0.12230564 -0.0036169353 0.99248588 0
7.6760631 1.2220668 -0.67563248 0.086308472 0.01374512 0.99617362 0
2.9196105 -0.090272456 -0.56047493 0.19128181 -0.005964322 0.98151702 9.0854634e-08
3.4826939 0.5524978 -0.55238909 0.15261957 0.024287388 0.98798651 5.9109775e-09
2.1735792 -0.068197802 -0.57253742 0.25834569 -0.0081021804 0.96601856 5.2532044e-07
2.4472101 0.38941061 -0.56363857 0.22200111 0.035326853 0.97440624 3.2286766e-07
7.8040462 -0.25688398 1.7931899 -0.23338179 0.0056453142 0.97236878 0
7.5147595 1.2042615 2.0271432 -0.25346279 -0.040524442 0.96649593 0
5.9382892 -0.19606498 0.10309975 -0.00046434344 -0.0020390598 0.99999779 0
5.7398825 0.89211261 -0.10078818 0.017399361 0.0027815716 0.99984473 0
4.4964046 -0.15268269 -0.54732847 0.12075382 -0.0043034125 0.99267316 0
7.6901245 1.1968026 -0.67650217 0.084919848 0.012967777 0.99630338 0
2.9290869 -0.1008075 -0.56238836 0.19130874 -0.0064637954 0.98150861 8.1760362e-08
3.4846003 0.54033744 -0.55239391 0.15468635 0.02396353 0.98767298 9.9790249e-08
2.1829817 -0.076130129 -0.57512224 0.25834483 -0.0090124262 0.96601075 4.6019002e-07
2.45818 0.3823818 -0.56588638 0.22209957 0.034552388 0.97441155 4.0149629e-07
7.5141463 1.177272 2.0258508 -0.26521203 -0.040107112 0.9633556 0
4.4958448 -0.16837713 -0.54732841 0.12299933 -0.0043835086 0.99239707 0
2.9287179 -0.1110313 -0.56238645 0.18904863 -0.0075233621 0.9819389 3.1025635e-08
3.4791439 0.52705163 -0.55121368 0.15566796 0.023661075 0.987526 2.9918471e-08
2.1658108 -0.083085991 -0.57059884 0.2582925 -0.0099085746 0.96601593 4.6059375e-07
2.4570918 0.37342826 -0.56532437 0.22222549 0.033776455 0.97441006 2.7808193e-07
7.5158234 1.1506687 2.0252049 -0.26499099 -0.040094666 0.96341693 0
7.6318436 -0.30320749 1.202827 -0.15908147 0.0068859099 0.98724145 0
5.9905677 0.89061874 0.3155854 -0.050421394 -0.0066943099 0.99870563 0
4.5001879 -0.18427473 -0.54793692 0.12116666 -0.0048927083 0.99262011 0
2.9332161 -0.12146012 -0.56334096 0.19044147 -0.0078874147 0.98166686 1.5182107e-07
3.4858458 0.51563293 -0.55200273 0.1544814 0.022853335 0.98773134 9.8080427e-08
2.1775718 -0.091161743 -0.57382983 0.25824943 -0.010807216 0.96601784 5.1751408e-07
2.4631982 0.36557347 -0.56644821 0.22233967 0.03299962 0.97441065 4.0856287e-07
7.8009286 -0.33859238 1.7931901 -0.23340289 0.0072532268 0.97235304 0
7.519794 1.1244264 2.0252049 -0.25330529 -0.038326554 0.96662688 0
7.6282716 -0.32973847 1.2024364 -0.15900895 0.0068759727 0.98725319 0
6.0035219 0.87114394 0.31610888 -0.051319014 -0.0072927303 0.99865568 0
6.0283499 -0.26544732 -0.31440842 0.052097365 -0.0022689691 0.9986394 0
4.4896011 -0.19953711 -0.54671985 0.12190837 -0.0054146503 0.99252659 0
7.6973062 1.1154903 -0.67606694 0.085449919 0.012357911 0.99626583 0
2.9278708 -0.13147469 -0.5623889 0.18934381 -0.0083903577 0.981875 7.5470794e-08
3.4949558 0.50453013 -0.5531677 0.15376434 0.022142723 0.98785943 5.4400456e-08
2.1748276 -0.098650642 -0.57318354 0.25820577 -0.011708076 0.96601897 5.4488697e-07
2.4548187 0.3555581 -0.5642004 0.22248816 0.032233659 0.97440237 2.867788e-07
7.5141153 1.0967692 2.0226202 -0.25732839 -0.037404537 0.96559983 0
7.6295414 -0.35648009 1.2028272 -0.15757425 0.0069474531 0.98748273 0
6.0149183 -0.28589189 -0.31375417 0.052657399 -0.0026378646 0.99860913 0
6.0487552 0.85404462 -0.10602356 0.017178843 0.0023966618 0.99984956 0
4.4987917 -0.21568722 -0.5479368 0.12117635 -0.005837799 0.99261385 0
7.6962218 1.0879149 -0.67563188 0.086823717 0.012302027 0.99614775 0
2.9322965 -0.14193468 -0.5633409 0.19039616 -0.0092083402 0.98166418 1.4352543e-07
3.4869163 0.49093741 -0.5516088 0.15528433 0.021924803 0.98762649 7.5689307e-08
2.1768816 -0.10636164 -0.57383245 0.25994709 -0.01304112 0.96553481 1.3306825e-06
2.4560437 0.34698686 -0.56420606 0.22085358 0.029310327 0.97486645 2.336594e-06
7.5226793 1.0712174 2.0239127 -0.25286812 -0.035847068 0.96683645 0
7.6405811 -0.3837325 1.2047806 -0.15415135 0.0083719641 0.98801178 0
6.0113902 -0.30675802 -0.31362325 0.053098489 -0.0027125936 0.99858558 0
4.4905772 -0.23100387 -0.54702407 0.12200073 -0.0062861061 0.99251008 0
7.7075582 1.0607226 -0.67628413 0.085611209 0.011793874 0.9962588 0
2.9219816 -0.15165402 -0.56142581 0.19299006 -0.010514637 0.98114437 4.3950484e-07
3.4910529 0.47910154 -0.5520097 0.15699662 0.020406332 0.98738831 2.402576e-06
2.1668315 -0.11382394 -0.5712449 0.25778589 -0.013235195 0.96611142 4.5518854e-07
2.4645376 0.3389923 -0.56588864 0.21652126 0.028348848 0.9758662 2.0692858e-06
7.5239806 1.044618 2.0232668 -0.27782506 -0.036900129 0.95992273 0
4.4971328 -0.24787405 -0.54793674 0.11388566 -0.0094902972 0.99344856 0
7.7038097 1.0328145 -0.67563164 0.10688804 0.0088887177 0.99423134 0
2.923883 -0.16199 -0.56191289 0.19279118 -0.011288577 0.98117489 1.1163884e-07
3.5024929 0.46823436 -0.55356961 0.14721493 0.014385895 0.9889999 1.0083169e-06
2.1688304 -0.12152413 -0.57189631 0.26281631 -0.014649562 0.96473467 8.0343068e-07
2.4681208 0.33071563 -0.56644595 0.2113305 0.026097953 0.97706616 8.4713258e-07
