# .PCD v0.7 - Point Cloud Data file format
VERSION 0.7
FIELDS normal_x normal_y normal_z curvature
SIZE 4 4 4 4
TYPE F F F F
COUNT 1 1 1 1
WIDTH 28800
HEIGHT 1
VIEWPOINT 0 0 0 1 0 0 0
POINTS 28800
DATA ascii
nan nan nan nan
-0.012163544 0.040195674 -0.99911773 0.0013807844
nan nan nan nan
nan nan nan nan
nan nan nan nan
nan nan nan nan
nan nan nan nan
nan nan nan nan
nan nan nan nan
nan nan nan nan
0.085013054 -0.012956081 0.99629563 5.9647391e-05
-0.11949144 -0.0073752794 -0.99280787 0
-0.19776617 0.0097612385 -0.98020065 0
0.14245129 0.013674092 0.98970735 2.7542979e-05
-0.25584346 0.016371744 -0.96657962 0.00011762844
-0.22212753 -0.027467221 -0.97463065 0.00012811771
nan nan nan nan
-0.67902809 -0.050052181 -0.73240399 0
-0.25587144 0.020402983 0.96649551 0
nan nan nan nan
nan nan nan nan
nan nan nan nan
nan nan nan nan
nan nan nan nan
nan nan nan nan
nan nan nan nan
0.096556664 -0.0080001317 0.99529529 6.8333131e-05
-0.3939411 0.078217901 0.91580147 0
-0.20784642 0.00767934 -0.97813141 0.00017642534
-0.2313948 -0.02139389 -0.97262472 0
-0.25424957 0.01700422 -0.96698916 0.00017549703
0.20860399 0.026945952 0.97762895 5.9274891e-05
nan nan nan nan
-0.55868125 -0 -0.82938248 0
nan nan nan nan
nan nan nan nan
nan nan nan nan
nan nan nan nan
nan nan nan nan
nan nan nan nan
nan nan nan nan
nan nan nan nan
0.10705622 -0.0069270465 0.99422884 0.0001002327
-0.010591126 0.01694577 0.99980032 0
-0.21626019 0.014172388 -0.97623289 0
0.13702245 0.019110085 0.99038363 0
-0.25828463 0.017579127 -0.96590883 0
-0.22050846 -0.026453396 -0.97502625 0
-0.22882201 0.015146708 0.97335047 0
0.11634521 0.014324194 -0.99310553 0.00080980873
nan nan nan nan
nan nan nan nan
nan nan nan nan
nan nan nan nan
nan nan nan nan
nan nan nan nan
nan nan nan nan
nan nan nan nan
-0.12131136 0.0082833963 -0.99257994 0
nan nan nan nan
0.17668062 -0.011842743 0.98419702 0
0.15088852 0.018572664 0.98837632 0
0.24720933 -0.013478512 0.96886837 0
-0.22089101 -0.026095686 -0.9749493 1.6163836e-05
0.15613858 -0.017715365 -0.98757631 0.0008882992
-0.94434345 -0.11663134 -0.3075915 0
nan nan nan nan
nan nan nan nan
nan nan nan nan
nan nan nan nan
nan nan nan nan
nan nan nan nan
nan nan nan nan
nan nan nan nan
-0.1412742 0.0069748806 -0.98994601 0
nan nan nan nan
-0.27338785 0.023961402 -0.96160543 0
-0.15563732 -0.017923344 -0.98765165 1.403332e-05
-0.25444883 0.017797748 -0.96692246 0
-0.22642407 -0.027076146 -0.97365242 0
0.079135023 -0.058123473 -0.99516791 0
-0 -0 -1 0
nan nan nan nan
nan nan nan nan
nan nan nan nan
nan nan nan nan
nan nan nan nan
nan nan nan nan
nan nan nan nan
0.013945229 0.0037828286 0.99989563 0
-0.19810247 0.0025030903 -0.98017806 0
nan nan nan nan
-0.2154083 0.022171017 -0.97627234 2.066691e-05
-0.16530316 -0.018861469 -0.98606241 0
-0.26097399 0.020448655 -0.9651292 0
-0.2683529 -0.036127608 -0.96264303 0
0.18228503 -0.018533606 -0.98307103 0.00087506243
-0.33500353 -0.050139707 0.94088191 0.00029169308
nan nan nan nan
nan nan nan nan
nan nan nan nan
nan nan nan nan
nan nan nan nan
nan nan nan nan
-0.056127992 0.0064510414 -0.99840277 0
-0.019418459 -0.0015603271 -0.99981022 0
-0.14681727 0.00758198 -0.98913461 6.051259e-05
-0.087063313 -0.0096743843 -0.99615574 0.00018683562
-0.203371 0.016403066 -0.97896433 0
0.14718331 0.016711194 0.98896807 8.9182417e-05
-0.25804865 0.020739634 -0.96590924 0
-0.25806472 -0.038015731 -0.96537942 0
nan nan nan nan
-0.087524705 -0.04111778 -0.99531341 0
nan nan nan nan
nan nan nan nan
nan nan nan nan
nan nan nan nan
nan nan nan nan
nan nan nan nan
-0.05379124 0.004145423 -0.99854362 0
-0.027070673 -0.0041481657 -0.99962491 0
-0.1542168 0.0099901771 -0.98798651 0
0.084203824 0.0091606108 0.99640644 0.00022057992
-0.19781515 0.018265761 -0.98006922 0
-0.1702148 -0.015794476 -0.98528033 0
-0.25918829 0.021479711 -0.96558785 2.5300389e-05
-0.2212237 -0.023016576 -0.97495145 5.0440118e-05
nan nan nan nan
0.11967191 0.031912506 -0.99230039 0
nan nan nan nan
nan nan nan nan
nan nan nan nan
nan nan nan nan
nan nan nan nan
nan nan nan nan
nan nan nan nan
-0.02402354 -0.0076421341 0.99968219 0
-0.157895 0.016590487 -0.98731643 6.1185237e-05
-0.1089621 -0.012622247 -0.9939658 0
0.17458972 -0.012126977 0.98456657 0.00012544214
0.15281379 0.015706804 0.98813021 0
0.25253728 -0.022636082 0.96732241 0.00049328484
-0.23990853 -0.02818303 -0.97038639 0
-0.68999535 -0.079176314 0.71947032 0
-0.30440131 -0.030899327 0.95204258 0
0.08972846 -0.0018463315 -0.99596453 0
nan nan nan nan
nan nan nan nan
nan nan nan nan
nan nan nan nan
nan nan nan nan
nan nan nan nan
-0.036754329 -0.0087825255 -0.99928576 0
-0.22645053 -0.03831188 -0.97326887 0
nan nan nan nan
-0.1908614 0.017471286 -0.98146158 9.1926104e-06
-0.15897693 -0.015710274 -0.98715729 6.2947147e-05
0.25286588 -0.022920603 0.96722984 0
0.20146422 0.014072243 0.97939473 1.5094521e-05
-0.23009722 0.021020669 0.97294062 0
0.14121562 0.019653246 -0.98978382 0.00077252509
-0.0026923451 -0.014359174 -0.99989331 0
nan nan nan nan
nan nan nan nan
nan nan nan nan
nan nan nan nan
nan nan nan nan
nan nan nan nan
nan nan nan nan
-0.12673785 0.010213512 -0.99188364 4.3074961e-05
nan nan nan nan
-0.18782125 0.017643597 -0.9820447 0.00018193497
-0.15918072 -0.015576668 -0.98712659 4.9186519e-06
-0.25834969 0.024461428 -0.96574169 9.9966768e-05
-0.22104129 -0.020715747 -0.97504437 0
nan nan nan nan
-0.26925692 -0.02560761 0.96272784 0.0012514552
-0.22638176 0.015198433 0.97392011 0
nan nan nan nan
nan nan nan nan
nan nan nan nan
-0.021706605 0.0018724045 0.99976259 0
nan nan nan nan
nan nan nan nan
nan nan nan nan
0.060029522 0.0035949657 0.99819016 0.00011362544
nan nan nan nan
0.17523956 -0.019664979 0.9843294 0.00036829477
-0.19480975 -0.025265211 -0.98051554 1.9009609e-05
-0.26091364 0.025729582 -0.96501917 1.5988649e-05
-0.23481642 -0.02278154 -0.97177279 6.4142936e-05
nan nan nan nan
0.13476424 0.012406573 -0.99080002 0.0007370488
0.10490777 -0.017312 -0.9943313 0.00017892498
nan nan nan nan
nan nan nan nan
nan nan nan nan
-0.018416461 0.001788247 0.99982882 0
nan nan nan nan
nan nan nan nan
nan nan nan nan
-0.19623558 0.037893776 -0.97982424 0
nan nan nan nan
-0.18784182 0.018945402 -0.9820165 0
-0.18098947 -0.019081367 -0.98329991 0
-0.26018903 0.026672529 -0.96518928 0.00014198406
0.21686482 0.020520104 0.97598594 0.00015639531
-0.028906647 -0.054382198 -0.99810165 0.00022495989
0.19750889 0.014632161 -0.98019189 0.0010031686
-0.46490026 0.017846895 0.88518327 0
nan nan nan nan
nan nan nan nan
nan nan nan nan
-0.00072674395 0 -0.99999976 0
nan nan nan nan
nan nan nan nan
nan nan nan nan
-0.14585653 0.01275821 -0.98922354 0
nan nan nan nan
-0.19667213 0.019255569 -0.98028022 0
0.13102521 0.011013927 0.99131787 0
-0.26389372 0.027337762 -0.96416426 0
-0.23905304 -0.017445674 -0.97084975 0
-0.17226049 -0.085209772 -0.981359 0
-0.2869063 -0.024046626 0.9576568 0
nan nan nan nan
nan nan nan nan
nan nan nan nan
nan nan nan nan
-0.026445525 0.0024057857 0.99964738 0
nan nan nan nan
nan nan nan nan
nan nan nan nan
0.068850324 -0.02692361 0.99726361 0.00011905147
nan nan nan nan
0.1816472 -0.019201806 0.98317629 0.00011522951
-0.19697824 -0.013307339 -0.98031747 0
-0.27508211 0.027946461 -0.96101451 0
0.22075595 0.018594822 0.97515178 0.00011925978
nan nan nan nan
-0.26170993 -0.021561595 0.96490568 0
nan nan nan nan
nan nan nan nan
nan nan nan nan
nan nan nan nan
-0.017677296 0.0020508922 0.99984163 0
nan nan nan nan
nan nan nan nan
nan nan nan nan
0.08058127 -0.011900646 0.99667698 0.00011524255
nan nan nan nan
0.17619649 -0.021907866 0.98411119 0
0.13096027 0.01265794 0.99130678 0
-0.31842342 0.030242341 -0.94746608 0
-0.22533643 -0.017237483 -0.97412854 0
nan nan nan nan
-0.3741557 -0.024239793 0.9270491 0
nan nan nan nan
nan nan nan nan
nan nan nan nan
nan nan nan nan
0.013970494 -0.001837265 -0.99990076 8.1580047e-06
nan nan nan nan
nan nan nan nan
nan nan nan nan
-0.24398308 -0.030290822 0.96930629 0
nan nan nan nan
-0.22020352 0.025856897 -0.97511119 0
-0.23406328 -0.010772579 -0.97216171 0
-0.27483258 0.031904709 -0.96096265 0
-0.23472634 -0.015916718 -0.97193116 0
nan nan nan nan
-0.8141169 0.030718558 0.57988793 0
-0.17076752 0.019247998 0.98512334 0
nan nan nan nan
nan nan nan nan
nan nan nan nan
-0.0052214363 -0.005903278 -0.99996895 0
nan nan nan nan
nan nan nan nan
nan nan nan nan
-0.13545504 0.016093722 -0.9906528 0.00032978423
nan nan nan nan
-0.19028379 0.022538818 -0.98147041 3.2224467e-05
-0.1590033 -0.011770524 -0.98720789 0
0.24467376 -0.028413426 0.96918911 9.6408192e-05
0.20881115 0.015905008 0.97782665 0.00024964529
nan nan nan nan
0.19027048 0.013996239 -0.98163188 0.00061179942
-0.17658703 0.020575637 0.98406994 0
nan nan nan nan
nan nan nan nan
nan nan nan nan
-0.31256452 -0.036997452 -0.94917578 0
nan nan nan nan
0.033141244 -0.0061087799 0.99943197 0
nan nan nan nan
0.033826426 0.002799514 0.9994238 0.00022629304
nan nan nan nan
0.1852002 -0.022883112 0.98243433 0
-0.16202149 -0.012315784 -0.98671037 0
-0.25760508 0.031535842 -0.9657355 0.00013556877
-0.22592564 -0.014887716 -0.97403073 0
nan nan nan nan
-0.26779351 -0.019638138 0.96327615 0
nan nan nan nan
nan nan nan nan
nan nan nan nan
nan nan nan nan
0.008619451 -0.0021526925 -0.99996054 0
nan nan nan nan
0.039193287 -0.0047805947 0.99922025 0
nan nan nan nan
-0.17840913 0.022009837 -0.98371017 0
-0.093698055 -0.0036366209 -0.99559402 0
0.18681514 -0.023466974 0.98211479 0.00024779967
-0.16279529 -0.010806672 -0.9866007 0.0001068097
-0.25447619 0.032681867 -0.96652657 0
0.21768174 0.013566989 0.97592551 7.9796635e-05
nan nan nan nan
0.24820931 0.015004338 -0.9685902 0
nan nan nan nan
nan nan nan nan
nan nan nan nan
nan nan nan nan
0.0082874559 -9.2727241e-05 -0.99996561 0
nan nan nan nan
0.033515975 -0.0022881948 0.99943548 7.5029106e-06
nan nan nan nan
0.02359212 -0.010752581 0.99966383 6.3611333e-05
-0.11005933 0.0063390471 -0.99390483 0
0.17215787 -0.0272326 0.98469281 0.00026468225
-0.17758028 -0.011565862 -0.98403829 0
0.25035763 -0.034754019 0.96752948 0.0001655441
0.20346721 0.0085324561 0.97904462 0.00010624986
nan nan nan nan
-0.59385705 -0.0026856477 0.80456614 0
nan nan nan nan
nan nan nan nan
nan nan nan nan
nan nan nan nan
0.010992841 -0.0015090854 -0.99993843 0
nan nan nan nan
-0.10626696 0.023000034 -0.9940716 0
nan nan nan nan
0.098189592 -0.0094582178 0.99512273 0.00031231734
-0.19275498 0.0017765032 -0.98124528 0
0.18040045 -0.024172172 0.98329616 0.00026804538
-0.16682923 -0.0093982248 -0.98594105 8.4438398e-06
-0.26259211 0.032804731 -0.96434915 3.2167325e-05
-0.24080919 -0.016584234 -0.97043079 0
nan nan nan nan
-0.38787535 -0.022302989 0.92144197 0
nan nan nan nan
nan nan nan nan
nan nan nan nan
nan nan nan nan
-0.0046097278 -0.0044823852 -0.99997932 0
nan nan nan nan
0.049343396 -0.007038916 0.99875706 2.0897172e-05
nan nan nan nan
0.1192745 -0.016296381 0.99272758 7.7720986e-05
-0.097467378 -0.027407225 0.9948613 0
0.18142632 -0.024812849 0.98309141 0
-0.17343554 -0.0098725697 -0.98479581 0
-0.25820488 0.034856603 -0.96546113 4.5731063e-05
0.21538985 0.0097934902 0.97647899 0
nan nan nan nan
0.002427177 0 -0.99999702 0
nan nan nan nan
nan nan nan nan
nan nan nan nan
nan nan nan nan
-0.018849164 0.0021401804 0.99982005 0
-0.065203793 0.0007453381 0.99787164 0
-0.024902863 -0.053112522 0.99827802 0
0.016872995 0.00080998632 0.99985731 2.554606e-06
0.10569263 -0.01938202 0.99420995 0
-0.024317024 -0.034524824 0.99910796 2.1045018e-05
0.18541779 -0.025990684 0.98231596 9.0918424e-05
-0.17304087 -0.010257576 -0.98486125 0
-0.26100916 0.036370497 -0.96465093 0
-0.22754365 -0.011923683 -0.97369486 0
nan nan nan nan
-0.51537311 -0.052440546 0.85535985 0
nan nan nan nan
nan nan nan nan
nan nan nan nan
nan nan nan nan
-0.025890185 0.0022523198 0.99966228 0
-0.37479806 0.05749004 0.92532223 0
-0.053164575 0.0070232302 -0.99856102 9.7646953e-06
0.0039729765 0.0026774644 0.9999885 0
-0.72802937 0.37630785 -0.57303196 0
nan nan nan nan
-0.19798802 0.028525515 -0.97978932 0
-0.22299255 -0.011631845 -0.97475076 0
-0.25986835 0.037868921 -0.96490121 0
0.20098245 0.0060441745 0.97957623 0.00010398659
nan nan nan nan
0.067284517 0.0034648106 -0.99772781 0
nan nan nan nan
nan nan nan nan
nan nan nan nan
nan nan nan nan
0.014331211 -0.0027856724 -0.99989343 0
nan nan nan nan
nan nan nan nan
-0.017478442 0.001413975 0.99984628 0
0.10627349 -0.01690199 0.99419326 0.00039214757
nan nan nan nan
-0.21443774 0.027568243 -0.97634846 0
0.14131606 0.0054329964 0.98994964 0
-0.25952777 0.039286815 -0.9649362 9.4057046e-05
0.19780825 0.007601297 0.98021126 0.00012439261
nan nan nan nan
-0.37253183 -0.026785458 0.92763275 0
nan nan nan nan
nan nan nan nan
nan nan nan nan
nan nan nan nan
0.0073040174 -0.0034429543 -0.9999674 0
nan nan nan nan
nan nan nan nan
-0.025889911 0.00045772432 -0.99966472 0
0.091402374 -0.018656284 0.99563926 0.00021959275
nan nan nan nan
0.17931977 -0.026651071 0.98342979 6.5341468e-05
0.14115354 0.0027359768 0.98998398 0
-0.26534125 0.043423221 -0.96317625 0
-0.23205113 -0.0089855958 -0.97266203 0
nan nan nan nan
0.18484946 0.0003084167 -0.98276681 0
0.092819631 -0.016879467 -0.99553984 0
nan nan nan nan
nan nan nan nan
nan nan nan nan
0.0065423306 -0.0022755933 -0.99997598 0
nan nan nan nan
nan nan nan nan
-0.034536853 -0.0012744195 -0.99940258 0
0.094240032 -0.01246845 0.99547142 0
nan nan nan nan
-0.19046395 0.029469244 -0.98125184 0.00022920931
-0.21857473 -0.0051501566 -0.97580665 0
-0.28654432 0.053972568 -0.95654547 0
0.16741695 0.0077762688 0.98585552 9.7337186e-05
nan nan nan nan
-0.39469922 -0.014366627 -0.91869801 0
0.10785609 -0.025575018 -0.99383748 0.00026883438
nan nan nan nan
nan nan nan nan
nan nan nan nan
0.0029346475 -0.0044117025 -0.99998599 0
nan nan nan nan
nan nan nan nan
-0.021302858 -0.0014343634 -0.99977207 0
-0.13763133 0.020316826 -0.99027514 0.00012701841
nan nan nan nan
-0.21721181 0.031878557 -0.97560382 3.51813e-05
-0.17116097 -0.003952662 -0.98523515 0
-0.25327286 0.039958574 -0.96656924 4.3958356e-05
0.2203777 0.0072834552 0.97538745 0
nan nan nan nan
-0.7507748 -0.14845815 -0.64365947 0
nan nan nan nan
nan nan nan nan
nan nan nan nan
nan nan nan nan
-0.038221259 0.0014990323 0.99926811 0
-0.10032486 -0.0055227014 0.99493945 0
nan nan nan nan
0.006234861 -0.0011276217 0.99997997 0
0.018241316 0.013533884 0.99974203 0
nan nan nan nan
-0.19940381 0.030875994 -0.97943085 0
0.13260432 0.0071537807 0.99114323 0
-0.2833184 0.047931042 -0.95782739 0
-0.22619525 -0.0064866566 -0.97406042 0
nan nan nan nan
0.17580439 -0.014671996 -0.98431581 0
nan nan nan nan
nan nan nan nan
nan nan nan nan
nan nan nan nan
-0.042803477 0 -0.99908352 0
-0.098368563 -0.0025367734 0.99514681 0
nan nan nan nan
-0.031225115 -3.5900641e-06 -0.99951237 0
0.055660598 0.013759852 0.99835491 0
nan nan nan nan
0.16518769 -0.031652413 0.98575407 0
0.14198156 0.0044487198 0.98985934 0.00010286846
-0.27913991 0.043236628 -0.95927656 0
0.21275117 0.0037539816 0.97709912 0
nan nan nan nan
-0.3018401 -0.009828046 0.95330793 0
nan nan nan nan
nan nan nan nan
nan nan nan nan
nan nan nan nan
0.012586745 -0.0035125809 -0.99991465 0
0.037552614 0.0025514045 -0.99929142 4.1465588e-05
nan nan nan nan
0.011448251 0.0013882888 0.99993354 0
-0.12795535 0.021971149 -0.9915365 0
-0.17688249 0.0069352486 -0.98420751 0
0.14798936 -0.023960968 0.9886986 0.00018529543
-0.20868713 -0.012075645 -0.9779079 0
-0.25180858 0.04338162 -0.96680427 7.3032439e-05
-0.23483995 -0.0067265416 -0.97201079 2.4284642e-05
nan nan nan nan
-0.38074052 -0.020652844 0.92445129 0
nan nan nan nan
-0.25493383 -0.0052139177 0.96694446 0
nan nan nan nan
nan nan nan nan
0.014104016 -0.0035164477 -0.99989438 0
-0.066366397 0.00049954816 0.99779522 0
-1.3895537e-07 0.024383053 0.99970269 0
-0.023263073 -0.0015235138 -0.9997282 0
0.10519163 -0.015364819 0.99433333 4.1018207e-05
-0.087886058 -0.0018916897 -0.9961288 8.6999869e-05
-0.18675175 0.032176428 -0.98188007 0.0001727567
-0.15890379 -0.0029617311 -0.98728967 0
0.2454814 -0.045323089 0.96834117 0.00023813885
-0.28839272 -0.017427869 -0.95735359 0
nan nan nan nan
0.21269619 -0.011207388 -0.97705412 0
nan nan nan nan
0.042750742 0.00090955629 -0.99908537 0.00084006839
nan nan nan nan
nan nan nan nan
0.0059417873 -0.0017605296 -0.99998075 0
-0.053594906 -0.00081985164 0.99856234 1.8479706e-05
nan nan nan nan
-0.034918796 -0.0026554838 -0.99938661 0
-0.1253356 0.021368388 -0.99188429 0
0.079258785 -0.00062048109 0.99685383 3.545883e-05
-0.39075148 0.089870006 -0.91609854 0
-0.15999749 -0.0019207457 -0.98711556 0
-0.26500896 0.043589175 -0.96326023 0
0.1842947 -0.0036603101 0.9828642 0.00011312099
nan nan nan nan
0.0675347 -0.016839484 -0.99757487 0
nan nan nan nan
0.052411616 -0.0054360903 -0.99861073 0
nan nan nan nan
0.081015535 -0.0011819518 -0.99671209 0.00010701235
9.4734234e-05 0.0019704893 -0.99999803 0
-0.059187807 -0.0022483536 0.99824435 0
nan nan nan nan
-0.019768057 0 -0.99980462 0
-0.14482778 0.016167212 -0.98932481 0
-0.091414236 -0.00052134728 -0.99581277 7.0460221e-05
0.18108967 -0.032380681 0.9829334 4.0959232e-05
-0.1740118 -0.001843543 -0.98474181 0
-0.27606666 0.04397637 -0.96013188 0
0.2203228 0.0020926013 0.97542483 0
nan nan nan nan
-0.90360379 0.062062677 0.42384955 0
nan nan nan nan
0.0029075507 -0.027396608 -0.99962044 0
nan nan nan nan
nan nan nan nan
nan nan nan nan
-0.025799097 -0.01446919 -0.99956244 0
-0.054500621 0.011358523 -0.99844921 0
0.0095283398 -0.0013406856 0.99995369 0
-0.33237058 0.13489595 0.93345213 0
-0.99996167 -0.0086567514 0.0013526174 0
-0.32623377 0.03838044 -0.94450957 0
-0.15750551 -0.001311408 -0.98751724 0
-0.26899251 0.046865609 -0.96200144 0
0.18313606 -0.00031726729 0.98308754 0
nan nan nan nan
-0.34442869 0.014395495 0.93870211 0.00032019138
nan nan nan nan
-0.2481565 0.0012398994 0.96871918 0
nan nan nan nan
nan nan nan nan
nan nan nan nan
-0.056796007 0.00035813442 0.99838573 0
0.049726926 -0.0083271004 0.99872816 0
0.0067748055 -0.0012207596 0.99997628 0
-0.26755556 0.048921376 -0.96229976 0
0.04147711 0.013965873 0.99904186 0.00016327458
0.17774612 -0.035989229 0.98341805 0
-0.15798809 -0.00094935595 -0.98744053 0
-0.25054771 0.047424179 -0.96694195 0.00020782195
0.12680113 0.0067005823 0.99190557 9.7597374e-05
nan nan nan nan
-0.42846569 0.014767805 0.90343732 0
nan nan nan nan
-1.1917674e-05 -5.5242821e-05 -1 0.00049667264
nan nan nan nan
nan nan nan nan
nan nan nan nan
0.035636526 0.0029464895 -0.99936038 2.1615031e-05
-0.24708517 -0.0079278732 -0.96896136 0
0.0078153154 5.3227966e-05 0.99996942 0
-0.1717997 0.028210465 -0.98472792 0
nan nan nan nan
-0.27314231 0.024536377 -0.96166068 0
-0.16241938 -0.00095410889 -0.98672134 0
0.22962405 -0.044991802 0.9722389 0
0.20866875 0.00050733116 0.97798628 0
nan nan nan nan
0.21896341 0.0041748588 -0.97572416 0
nan nan nan nan
0.056884009 -0.025304392 -0.99806005 0
nan nan nan nan
nan nan nan nan
nan nan nan nan
0.031301741 -0.00012144668 -0.99950999 1.236503e-05
nan nan nan nan
-6.3210773e-06 4.0966985e-05 1 0
-0.073787682 0.062928014 0.99528664 0
nan nan nan nan
-0.44010717 0.015368435 -0.89781374 0
-0.39149597 0.015952272 -0.9200415 0
-0.26442581 0.052751366 -0.96296227 0.0001766193
0.19293177 -0.00015754874 0.98121214 0.00014390248
nan nan nan nan
0.14857692 -0.010874533 -0.98884106 0.0013977911
nan nan nan nan
-0.25400844 -0.0018674479 0.96720016 0.00044038496
nan nan nan nan
nan nan nan nan
nan nan nan nan
-0.01479941 0.0077991365 -0.99986011 0
nan nan nan nan
0.014815676 -0.00019975631 0.99989021 0
-0.53609228 0.17666672 -0.82546592 0
nan nan nan nan
-0.20236249 0.035746988 -0.97865802 0
-0.20485429 0.0013164898 -0.97879159 0
-0.26616216 0.054106556 -0.96240854 0
0.20271902 -0.00053614227 0.97923678 0.00016638632
nan nan nan nan
0.13615693 -0.018788198 -0.99050909 0.00019201302
nan nan nan nan
-0.10296069 0.014993138 -0.9945724 0
nan nan nan nan
nan nan nan nan
nan nan nan nan
-0.037554774 0.027553087 -0.9989146 0
nan nan nan nan
0.0087707844 -0.0015988945 0.99996024 0
-0.20607078 0.026815863 -0.97816956 0
nan nan nan nan
-0.18620016 0.03734855 -0.98180169 0.00015054765
0.14746638 -0.0030633949 0.98906237 0.00012663
-0.26918083 0.057358019 -0.96138012 0
0.20766956 -0.00019861877 0.97819906 0.00013907625
nan nan nan nan
0.15448509 -0.0066237119 -0.98797286 0
nan nan nan nan
0.033590622 -0.0079036755 -0.99940437 0
nan nan nan nan
nan nan nan nan
nan nan nan nan
-0.091655828 0.0059320307 0.99577308 0
nan nan nan nan
0.016964598 -2.0234915e-05 0.99985605 2.6439061e-06
-0.22118151 0.045575071 -0.97416717 0
nan nan nan nan
0.17134708 -0.03326546 0.984649 0
-0.18140259 -0.00066157134 -0.98340869 0
0.24431908 -0.048706308 0.96847087 0
-0.23914894 0.0039071157 -0.97097504 0
nan nan nan nan
nan nan nan nan
nan nan nan nan
-0.22434206 -0 0.97451049 0
nan nan nan nan
nan nan nan nan
nan nan nan nan
nan nan nan nan
nan nan nan nan
-0.017420484 0.00023125549 -0.99984825 0
-0.15401812 0.029222501 -0.98763579 0
-0.24587092 0.022552026 -0.96904016 0
0.11002811 -0.0045948555 0.99391782 0.00015923004
0.14099479 -0.0042469758 0.9900012 0.00023015338
-0.26647553 0.055626042 -0.96223515 0
-0.22529441 0.0036771181 -0.97428381 0
nan nan nan nan
nan nan nan nan
nan nan nan nan
0.037957609 -0.014627188 -0.99917227 0.00014810696
nan nan nan nan
nan nan nan nan
nan nan nan nan
nan nan nan nan
nan nan nan nan
0.014487001 -0.00059734529 0.99989492 0
0.077531703 -0.028723557 0.99657601 0
-0.12264787 -0.0079229567 -0.99241859 0
-0.18917479 0.040595945 -0.9811039 0
-0.18358642 0.0042753904 -0.98299432 0
-0.27538219 0.055447038 -0.9597345 0
-0.23118396 0.0039766296 -0.97290194 0
nan nan nan nan
-0.74621022 -0.012708753 0.66558903 0
nan nan nan nan
-0.5727362 0.04495997 -0.81850582 0
nan nan nan nan
nan nan nan nan
nan nan nan nan
-0.063172936 -0.0017944181 0.99800092 0
nan nan nan nan
-0.023400553 -0.00092752161 -0.99972576 0
-0.47389057 0.10011007 -0.87487465 0
0.082153067 -0.0016102544 0.99661839 0
0.17601465 -0.038252346 0.98364401 0.00035187794
-0.16313411 0.0035828217 -0.98659742 0
-0.26037627 0.054710619 -0.96395588 0
-0.2336634 0.0037541785 -0.9723103 7.7573837e-05
nan nan nan nan
-0.29741091 -0.019591248 -0.9545486 0
nan nan nan nan
0.068436295 -0.013807047 -0.99755996 0.00063802622
nan nan nan nan
nan nan nan nan
nan nan nan nan
0.028337125 -0.0022774953 -0.99959582 0
nan nan nan nan
-0.017545674 0.00039695154 -0.99984592 0
-0.52795374 0.17053901 0.83197433 0
0.079058774 -0.0022415733 0.99686742 0
0.17830481 -0.040310301 0.98314935 0
0.150879 -0.004757503 0.98854083 6.3103311e-05
-0.2750814 0.056957208 -0.95973229 0
-0.24336754 0.001170023 -0.96993345 0
nan nan nan nan
-0.066840202 -0.058403008 -0.99605292 0
nan nan nan nan
0.071239576 -0.013357913 -0.99736983 0
nan nan nan nan
nan nan nan nan
nan nan nan nan
nan nan nan nan
nan nan nan nan
nan nan nan nan
0.00082321628 -0.0094335396 0.99995518 0
0.056152359 -0.012159992 0.99834812 0
-0.19475682 0.042167448 -0.97994477 0.00016161679
0.13752377 -0.0042189956 0.99048948 0
-0.25220287 0.056294534 -0.96603549 0
0.21035354 -0.010316545 0.97757101 0.00020500417
nan nan nan nan
-0.44719836 -0.023213901 0.89413357 0
nan nan nan nan
-0.23426636 0.0033562952 0.97216666 0
nan nan nan nan
nan nan nan nan
nan nan nan nan
nan nan nan nan
nan nan nan nan
nan nan nan nan
0.05764319 -0.0033442278 0.99833167 0.00033183594
-0.54473627 0.018840352 0.83839571 0
-0.18599184 0.042031836 -0.98165184 0
0.138632 -0.0036786157 0.99033713 7.8031095e-05
0.24812204 -0.05559881 0.96713203 3.7501486e-05
0.21005046 -0.007181087 0.97766417 0.00032789825
nan nan nan nan
0.24805985 -0.011693045 -0.96867418 0
nan nan nan nan
0.069795638 -0.025309179 -0.99724025 0.00063794671
nan nan nan nan
nan nan nan nan
nan nan nan nan
nan nan nan nan
nan nan nan nan
nan nan nan nan
-0.11885283 0.027124241 -0.99254125 0
0.015673757 -0.013102235 0.99979132 0
-0.18513888 0.042286742 -0.98180211 0
-0.17658246 0.008324855 -0.98425066 0
-0.26260272 0.064050712 -0.96277589 0
-0.24102174 0.010739365 -0.97046024 0
nan nan nan nan
nan nan nan nan
nan nan nan nan
-0.23506406 0.0025894106 0.97197652 0
nan nan nan nan
nan nan nan nan
nan nan nan nan
nan nan nan nan
nan nan nan nan
nan nan nan nan
0.099291004 -0.024822751 0.99474877 0
0.077030636 -0.0031020227 0.99702394 0.00021949774
-0.19315253 0.046048805 -0.98008752 0
-0.18460903 0.0064455988 -0.98279095 0
-0.30442327 0.085828498 -0.94866222 0
-0.25548738 0.014428828 -0.96670473 0
nan nan nan nan
nan nan nan nan
nan nan nan nan
nan nan nan nan
nan nan nan nan
nan nan nan nan
nan nan nan nan
nan nan nan nan
nan nan nan nan
nan nan nan nan
0.11726923 -0.027528431 0.99271852 7.8672725e-05
-0.097112574 0.004350388 -0.99526387 0
-0.1980034 0.04652736 -0.97909647 0
0.10940019 -0.014318345 0.99389464 0
-0.26392388 0.066518702 -0.96224707 5.4686107e-06
-0.25580093 0.019691801 -0.96652889 0
nan nan nan nan
nan nan nan nan
nan nan nan nan
nan nan nan nan
nan nan nan nan
nan nan nan nan
nan nan nan nan
nan nan nan nan
nan nan nan nan
nan nan nan nan
-0.44976771 0.027217403 -0.89273077 0
0.061480533 -0.0043333815 0.99809885 2.616384e-05
0.1821097 -0.044589531 0.98226666 0
-0.19173926 0.0020541602 -0.98144376 2.3668084e-05
-0.35078973 0.10653539 -0.9303745 0
-0.2284286 0.011833511 -0.97348875 0
nan nan nan nan
nan nan nan nan
nan nan nan nan
nan nan nan nan
nan nan nan nan
nan nan nan nan
nan nan nan nan
nan nan nan nan
nan nan nan nan
nan nan nan nan
-0.13266951 -0.043053247 0.99022478 0
0.085727707 -0.0045952876 0.99630797 4.985322e-06
0.1715688 -0.045265444 0.98413175 0.00028848689
-0.23123808 0.0027239264 -0.97289342 0
0.2452457 -0.060566276 0.96756721 0.00025581638
-0.26264042 0.019938281 -0.96468782 0
nan nan nan nan
nan nan nan nan
nan nan nan nan
nan nan nan nan
nan nan nan nan
nan nan nan nan
nan nan nan nan
nan nan nan nan
nan nan nan nan
nan nan nan nan
-0.13130172 0.032716278 -0.99080241 0
0.059622906 -0.0080610672 0.99818844 0.00012026122
-0.19141316 0.046132531 -0.98042476 0
0.12348523 -0.013370075 0.9922564 0
-0.25361502 0.062569685 -0.9652794 0
-0.24636462 0.014921334 -0.96906239 0
nan nan nan nan
nan nan nan nan
nan nan nan nan
nan nan nan nan
nan nan nan nan
nan nan nan nan
nan nan nan nan
nan nan nan nan
-0.060865987 0.017624678 -0.99799031 0
nan nan nan nan
-0.49475482 0.28554261 0.82078201 0
0.074490637 -0.0057398607 0.9972052 0
-0.18655059 0.047125451 -0.98131442 0
0.14001644 -0.010530751 0.99009323 4.3164702e-05
-0.24990544 0.063442066 -0.96618968 0.00010525687
-0.22570698 0.013134431 -0.97410673 7.962704e-05
nan nan nan nan
-0.32623067 0.039534286 0.94446307 0
nan nan nan nan
-0.19275032 0.011344318 0.98118222 0.00072674546
nan nan nan nan
nan nan nan nan
nan nan nan nan
nan nan nan nan
nan nan nan nan
nan nan nan nan
0.11075342 -0.029534195 0.99340904 0.00013765626
0.024082754 -0.034100991 0.99912816 0
-0.19276658 0.049767036 -0.97998184 0
-0.26343703 0.0032105332 -0.96467125 6.6948996e-05
0.23845664 -0.065038539 0.9689728 0.00017787293
-0.23402509 0.01355572 -0.97213602 0
nan nan nan nan
-0.36121631 0.017134042 0.93232465 0
nan nan nan nan
-0.24206074 0.017910412 0.97009581 0
nan nan nan nan
nan nan nan nan
nan nan nan nan
nan nan nan nan
nan nan nan nan
nan nan nan nan
-0.14663549 0.030728452 -0.9887132 0
nan nan nan nan
-0.18515185 0.048210125 -0.98152673 0
-0.21406363 0.008171591 -0.97678548 0
-0.2718991 0.061925299 -0.9603312 0
-0.22340943 0.014718565 -0.97461361 5.2935226e-05
nan nan nan nan
0.23046343 -0.022950787 -0.97281033 0.00089558435
nan nan nan nan
-0.21937683 0.0064335605 0.97561902 0
nan nan nan nan
nan nan nan nan
nan nan nan nan
nan nan nan nan
nan nan nan nan
nan nan nan nan
0.047642212 -0.0065713269 0.9988429 0
nan nan nan nan
0.17700411 -0.045149766 0.98317391 0
0.13562153 -0.010704013 0.99070293 2.7661692e-05
0.22391865 -0.066876493 0.97231066 0.00017100712
-0.22849724 0.015375984 -0.97342318 0
nan nan nan nan
nan nan nan nan
nan nan nan nan
-0.23816103 0.0010161733 0.97122514 0
nan nan nan nan
nan nan nan nan
nan nan nan nan
nan nan nan nan
-0.24382196 -0.020229787 -0.96960896 0
nan nan nan nan
0.088630825 -0.025597332 0.99573559 0
nan nan nan nan
0.15709493 -0.037790876 0.9868601 0.00025541984
-0.332618 0.0096053872 -0.94301277 0
0.23335852 -0.06406039 0.97027832 0.00030181766
-0.22850524 0.015944121 -0.97341216 0
nan nan nan nan
nan nan nan nan
nan nan nan nan
-0.38662934 -0 0.92223519 0
nan nan nan nan
nan nan nan nan
nan nan nan nan
nan nan nan nan
-0.1503461 0.015303843 -0.9885149 0
nan nan nan nan
-0.86269933 0.04199753 -0.50397032 0
nan nan nan nan
0.1761968 -0.04853677 0.98315763 2.7063668e-05
-0.15758578 0.012083824 -0.98743135 4.2381194e-05
0.24506813 -0.066605091 0.9672153 0
-0.22502851 0.016998991 -0.97420394 6.7075947e-05
nan nan nan nan
nan nan nan nan
nan nan nan nan
-0.92735565 -0.020333497 -0.37362802 0
nan nan nan nan
nan nan nan nan
nan nan nan nan
nan nan nan nan
0.026108159 -0.014577723 0.99955285 2.5265432e-05
nan nan nan nan
-0.025133401 -0.026631068 0.99932933 3.3867647e-05
nan nan nan nan
0.17514086 -0.048663147 0.98334008 0.00031806211
-0.1750451 0.015875505 -0.9844324 0
0.23390253 -0.062586024 0.97024363 0.00017304327
0.20364618 -0.015788948 0.97891724 8.7492197e-05
nan nan nan nan
nan nan nan nan
nan nan nan nan
-0.43931612 -0 0.8983326 0
nan nan nan nan
nan nan nan nan
nan nan nan nan
nan nan nan nan
nan nan nan nan
nan nan nan nan
0.10128628 -0.029583916 0.99441743 0.00036496611
nan nan nan nan
0.17328002 -0.048425134 0.98368138 9.6001786e-05
-0.15976192 0.013335508 -0.98706555 5.8964746e-05
0.23979422 -0.064720809 0.96866399 2.1513668e-05
-0.22681274 0.018686887 -0.97375906 7.7695848e-05
nan nan nan nan
nan nan nan nan
nan nan nan nan
0.035721581 -0.031381581 -0.998869 0
nan nan nan nan
nan nan nan nan
nan nan nan nan
nan nan nan nan
nan nan nan nan
nan nan nan nan
-0.19886927 0.035639655 -0.97937775 0
nan nan nan nan
-0.19301984 0.052434321 -0.97979277 0
-0.15543742 0.013505681 -0.98775339 7.9333455e-05
-0.31557223 0.10987494 -0.94251883 0
-0.23644403 0.020045662 -0.97143829 0
nan nan nan nan
nan nan nan nan
nan nan nan nan
-0.37440556 -0.11879374 -0.91962409 0
nan nan nan nan
nan nan nan nan
nan nan nan nan
-0.053626858 0.0049866 0.99854863 3.8466969e-06
nan nan nan nan
-0.018515786 0.0014177065 -0.9998275 0
-0.16580743 0.028447747 -0.98574769 0
-0.091727272 0.010826138 -0.99572539 3.5011864e-05
-0.18268541 0.052078202 -0.9817912 0
0.13062096 -0.013863827 0.99133551 4.3038159e-05
-0.26491016 0.076663896 -0.96122074 0
0.20994745 -0.018460104 0.97753835 0
nan nan nan nan
nan nan nan nan
nan nan nan nan
-0.20819825 -0.035438001 -0.97744447 0
nan nan nan nan
nan nan nan nan
nan nan nan nan
0.035989471 -0.0069048405 -0.99932837 0
0.048549101 -0.01387117 0.99872452 0
0.0031502508 -0.0010500834 0.99999452 0
-0.69493318 0.20003511 0.69069088 0
0.052150078 -0.0067905686 0.99861616 0.00012220658
-0.18553112 0.053638633 -0.98117334 0
-0.17685831 0.014430447 -0.98413056 0
-0.25888667 0.073517419 -0.96310592 7.7574223e-05
0.1875243 -0.017999023 0.98209494 0
nan nan nan nan
nan nan nan nan
nan nan nan nan
nan nan nan nan
nan nan nan nan
nan nan nan nan
nan nan nan nan
nan nan nan nan
nan nan nan nan
-0.018150579 0.0017980413 -0.99983364 0
0.10833666 -0.033704575 0.99354273 5.2048203e-05
-0.090293743 0.0089109009 -0.9958753 3.2790631e-05
0.17089516 -0.050141558 0.9840126 0.00011567066
0.14390104 -0.014270099 0.98948914 0
0.22911924 -0.071046695 0.97080213 0
-0.23091373 0.02154763 -0.97273558 0
nan nan nan nan
nan nan nan nan
nan nan nan nan
nan nan nan nan
nan nan nan nan
nan nan nan nan
nan nan nan nan
nan nan nan nan
nan nan nan nan
0.015340423 -0.0020961671 0.99988019 1.081235e-05
0.11160076 -0.033132773 0.99320066 1.3208879e-05
-0.091214836 0.0081982911 -0.99579746 1.892424e-05
-0.18081108 0.053600844 -0.98205614 0.00023034347
0.14081588 -0.014268784 0.98993301 2.3974088e-05
-0.2622166 0.07511948 -0.96208084 0.00011494937
-0.22140732 0.022493597 -0.974922 3.484232e-05
nan nan nan nan
nan nan nan nan
nan nan nan nan
-0.19964691 0.019062618 0.97968245 0
nan nan nan nan
nan nan nan nan
nan nan nan nan
0.013555098 -0.016658958 -0.99976933 4.9710252e-05
nan nan nan nan
0.016589351 -0.0021083269 0.99986011 0
0.11097018 -0.030882562 0.99334383 0.00022948573
0.073618151 -0.01436728 0.99718302 4.214446e-05
-0.20586132 0.053064208 -0.97714144 0
-0.1598759 0.017073451 -0.98698944 0
0.23338404 -0.072752342 0.96965921 7.4293421e-05
0.21498817 -0.023979113 0.97632223 0.00028014719
nan nan nan nan
nan nan nan nan
nan nan nan nan
0.16745621 -0.02083388 -0.9856593 8.0721475e-05
nan nan nan nan
nan nan nan nan
nan nan nan nan
-0.056069437 0.0042967824 0.99841762 1.3018153e-05
nan nan nan nan
-0.031114498 -0.0015127403 -0.99951464 0
-0.38909441 0.076886907 0.91798359 0
-0.099876881 -0 0.99499983 0
-0.18170372 0.055414177 -0.98179072 0
-0.15982319 0.017286669 -0.98699427 0
0.22213337 -0.071449131 0.97239488 0.00033684506
-0.22631453 0.023925422 -0.97376043 0
nan nan nan nan
nan nan nan nan
nan nan nan nan
-0.41029969 0.013036882 0.9118576 0
nan nan nan nan
nan nan nan nan
nan nan nan nan
-0.069105834 0.0078710169 0.99757826 1.7182569e-05
nan nan nan nan
-0.033782009 -0.018168457 0.99926412 0
-0.18029493 0.039623015 -0.98281413 0
-0.17990077 0.0090645934 -0.983643 0
-0.18310438 0.056139961 -0.98148924 0
0.14982589 -0.017977899 0.98854887 0
-0.24913992 0.077030987 -0.96539915 0
-0.23690173 0.024230197 -0.97123134 4.3200253e-05
nan nan nan nan
nan nan nan nan
nan nan nan nan
0.15201063 -0.020720312 -0.98816162 0
nan nan nan nan
nan nan nan nan
nan nan nan nan
-0.066962264 0.0076170997 0.99772644 0
nan nan nan nan
-0.0010121561 -0.005794121 0.99998271 0
0.09110263 -0.034228683 0.99525315 4.347086e-05
-0.067932047 -0.035156261 0.99707031 0
-0.18569076 0.05831489 -0.98087633 0
0.14982618 -0.018263182 0.98854375 7.7322518e-05
-0.27173054 0.08547996 -0.95856965 0
-0.22408003 0.025676025 -0.97423244 0
nan nan nan nan
nan nan nan nan
nan nan nan nan
nan nan nan nan
nan nan nan nan
nan nan nan nan
nan nan nan nan
0.019773973 -0.0093613295 -0.99976063 0
nan nan nan nan
0.013244755 -0.0017409343 0.99991077 0
-0.13547494 0.037985373 -0.9900524 0
-0.0045187417 -0.020265901 0.99978441 0
0.17268145 -0.052071519 0.98360038 0.00036193122
-0.16993813 0.01856697 -0.98527986 0
0.24050079 -0.076867081 0.96760058 0
-0.22731917 0.027247695 -0.97343904 0
nan nan nan nan
nan nan nan nan
nan nan nan nan
nan nan nan nan
nan nan nan nan
nan nan nan nan
nan nan nan nan
0.0011333833 -0.0060447101 -0.99998111 0
nan nan nan nan
-0.017808149 0.0019755308 -0.99983948 2.1880901e-06
0.075201936 -0.037350897 0.99646854 0
0.085354775 -0.010745916 0.99629265 0
-0.38428423 0.10134856 -0.91763502 0
-0.22855243 0.028119523 -0.97312546 2.5457077e-05
-0.27059558 0.086176284 -0.95882827 0
-0.22192781 0.026830602 -0.97469389 0
nan nan nan nan
nan nan nan nan
nan nan nan nan
nan nan nan nan
nan nan nan nan
nan nan nan nan
nan nan nan nan
0.0026991991 -0.0061552618 -0.99997735 5.393687e-05
nan nan nan nan
0.015501902 -0.0027244578 0.99987614 0
-0.0012700923 -0.01930533 0.99981284 0
0.057822268 -0.015554925 0.99820566 0
0.16483788 -0.053607021 0.9848628 0
-0.2049655 0.025785724 -0.97842944 0
-0.29348132 0.089536838 -0.95176244 0
-0.24658026 0.038239323 -0.9683677 0
nan nan nan nan
nan nan nan nan
nan nan nan nan
nan nan nan nan
nan nan nan nan
nan nan nan nan
nan nan nan nan
-0.055206113 -0.0047985632 -0.99846339 0
nan nan nan nan
-0.092193149 -0.0053551127 -0.9957267 0
0.086280234 -0.020836674 0.99605298 0.00016684098
0.06957747 -0.014603031 0.99746966 5.4056045e-06
-0.18504615 0.059538718 -0.98092455 0
-0.18280292 0.019537294 -0.9829554 0
0.2357406 -0.076568916 0.96879488 1.9064542e-05
-0.22829171 0.030102694 -0.97312725 1.8999906e-05
nan nan nan nan
nan nan nan nan
nan nan nan nan
nan nan nan nan
nan nan nan nan
nan nan nan nan
nan nan nan nan
-0.070329569 0.008362541 0.99748874 0
nan nan nan nan
-0.025424477 0.0019384539 -0.99967486 0
0.086732946 -0.021076392 0.99600863 1.293271e-05
-0.14451256 -6.9534508e-05 -0.98950297 0
0.17744759 -0.059767015 0.98231369 0
0.10731994 -0.018910294 0.99404472 4.2451651e-05
-0.26112613 0.088961586 -0.96119666 0
-0.22254372 0.029499028 -0.97447628 3.984075e-05
nan nan nan nan
nan nan nan nan
nan nan nan nan
nan nan nan nan
nan nan nan nan
nan nan nan nan
nan nan nan nan
0.046181601 -0.0087684486 -0.99889463 2.8691551e-05
nan nan nan nan
-0.0081035793 -0.0030083349 0.99996263 0
0.048233241 -0.021814037 0.99859786 0
0.012358864 0.011154648 0.99986142 0
0.17798302 -0.060051519 0.98219955 8.8520042e-05
-0.42223388 0.063068435 -0.90429026 0
-0.2558797 0.086790532 -0.96280479 0
0.19674039 -0.032754079 0.97990841 0.00018495656
nan nan nan nan
nan nan nan nan
nan nan nan nan
nan nan nan nan
nan nan nan nan
nan nan nan nan
0.00094125775 -0.0041415296 -0.999991 0
0.050604511 -0.0076125753 -0.99868977 4.3749656e-05
0.0082697878 -0.016539576 0.99982899 0
0.0069924919 -0.0032342109 0.99997032 0
-0.15398473 0.042953081 -0.98713917 0.00011922599
-0.090152204 0.01205955 -0.99585497 0
-0.18637984 0.06355954 -0.98041964 0
0.13118976 -0.018369375 0.99118698 8.0023681e-05
0.23770651 -0.080431975 0.96800125 0
-0.23827255 0.031080185 -0.97070086 0
nan nan nan nan
nan nan nan nan
nan nan nan nan
nan nan nan nan
nan nan nan nan
nan nan nan nan
-0.029175537 0.0052060452 0.99956071 0
-0.10465654 0.0059650345 -0.99449056 0
0.035764568 -0.015882354 0.99923402 2.7359254e-05
-0.020412313 0.0030549034 -0.99978697 0
-0.57924247 0.074740969 -0.81172156 0
-0.16798131 0.0042800237 -0.98578084 0
0.16600041 -0.048718389 0.98492151 0
-0.26662046 0.038163114 -0.96304572 0
-0.25449705 0.088217586 -0.96304142 0
-0.22218718 0.031701606 -0.97448856 0
nan nan nan nan
nan nan nan nan
nan nan nan nan
nan nan nan nan
nan nan nan nan
nan nan nan nan
-0.021869611 -0.0038452051 -0.99975348 0
-0.0010621428 0.0063061574 -0.9999795 3.4057946e-05
nan nan nan nan
0.0079174181 -3.9636034e-05 0.99996865 5.693882e-06
-0.19170129 0.081260651 -0.97808349 0
-0.35680452 -0 0.93417907 0
-0.17972386 0.062389802 -0.98173666 0
-0.019121673 -0.011233192 0.99975407 0
-0.25670397 0.089452006 -0.96234161 8.8602632e-05
-0.22950542 0.033931024 -0.97271574 0
nan nan nan nan
nan nan nan nan
nan nan nan nan
nan nan nan nan
nan nan nan nan
nan nan nan nan
nan nan nan nan
-0.069463179 0.0074864295 0.99755639 0
nan nan nan nan
-0.02825705 0.0061212718 -0.99958193 0
-0.6280387 0.26436883 -0.7318992 0
-0.17753534 0.001214951 -0.98411375 0
0.1761675 -0.061675038 0.98242617 0
0.094900019 -0.027356032 0.99511087 0
-0.24109001 0.084730223 -0.96679705 0
-0.21950455 0.032103896 -0.97508305 9.3801063e-05
nan nan nan nan
nan nan nan nan
nan nan nan nan
nan nan nan nan
nan nan nan nan
nan nan nan nan
nan nan nan nan
-0.069795504 0.0074307001 0.99753362 0
nan nan nan nan
-0.50447726 0.20235293 0.83937842 0
-0.023249364 -0.0036709486 0.99972296 0
0.07085599 -0.0062489626 0.99746698 6.8345747e-05
-0.18198147 0.064816914 -0.98116338 1.150208e-05
-0.16783212 0.02295485 -0.98554826 0
-0.24267216 0.086219102 -0.96626943 0
-0.24440299 0.044626143 -0.96864635 0
nan nan nan nan
nan nan nan nan
nan nan nan nan
nan nan nan nan
nan nan nan nan
nan nan nan nan
nan nan nan nan
-0.10304666 0.061955452 -0.9927451 0
nan nan nan nan
nan nan nan nan
0.090524346 -0.038630843 0.99514467 0
0.082145795 -0.012728269 0.99653906 0.00011766231
0.157168 -0.053036418 0.98614675 0.00029585653
0.15100116 -0.023925053 0.98824406 0
-0.24105413 0.085797675 -0.96671176 0
-0.22841117 0.036525857 -0.97287935 0
nan nan nan nan
nan nan nan nan
nan nan nan nan
nan nan nan nan
nan nan nan nan
nan nan nan nan
nan nan nan nan
-0.19019142 0.10003459 0.9766373 0
nan nan nan nan
nan nan nan nan
0.06979689 -0.039871696 0.99676412 6.4099549e-06
nan nan nan nan
0.1772134 -0.064126298 0.982081 3.0613912e-05
0.15088862 -0.024716105 0.98824173 9.7592412e-05
-0.24665226 0.091076396 -0.9648149 0
-0.21926047 0.035738524 -0.97501159 1.6498738e-05
nan nan nan nan
nan nan nan nan
nan nan nan nan
nan nan nan nan
nan nan nan nan
nan nan nan nan
nan nan nan nan
-0.064896286 0.017326429 0.99774152 0
nan nan nan nan
0.0064536985 -0.0073211878 0.99995244 0
0.037445154 -0.020271977 0.99909306 0.0002033718
nan nan nan nan
-0.19882305 0.077068329 -0.97700053 0.00011563335
0.13776591 -0.021461125 0.99023223 0.00014445034
-0.23928314 0.08812584 -0.96694225 7.3632757e-05
-0.23590268 0.034283414 -0.9711718 0
nan nan nan nan
nan nan nan nan
nan nan nan nan
nan nan nan nan
nan nan nan nan
nan nan nan nan
nan nan nan nan
nan nan nan nan
nan nan nan nan
-0.0037109128 -0.0094571458 0.99994838 0
0.089957677 -0.026270131 0.99559903 0.0002009101
nan nan nan nan
-0.18403165 0.068348356 -0.98054111 8.8915003e-05
0.13461852 -0.021108968 0.99067271 0.00012846566
-0.24163684 0.089958973 -0.96618789 7.231471e-05
-0.22664906 0.036318272 -0.97329909 6.4665306e-05
nan nan nan nan
nan nan nan nan
nan nan nan nan
nan nan nan nan
nan nan nan nan
nan nan nan nan
nan nan nan nan
nan nan nan nan
nan nan nan nan
0.015605152 -0.0031340867 0.99987328 3.6724502e-06
0.11026542 -0.041012358 0.99305558 0.00017699164
nan nan nan nan
-0.18409248 0.067916751 -0.98055971 0
-0.16880859 0.026501991 -0.98529249 0
0.23664674 -0.0903688 0.96738398 0.00014201949
-0.23154299 0.035241492 -0.97218609 0
nan nan nan nan
nan nan nan nan
nan nan nan nan
nan nan nan nan
nan nan nan nan
nan nan nan nan
nan nan nan nan
nan nan nan nan
nan nan nan nan
nan nan nan nan
-0.15770894 0.047829755 -0.98632669 0
nan nan nan nan
-0.17767869 0.06747245 -0.98177278 9.4030795e-05
0.15122692 -0.027128916 0.9881267 4.9214468e-05
-0.23870371 0.091633223 -0.9667595 0.00025102359
-0.22116254 0.039272346 -0.97444588 0.00025471117
nan nan nan nan
nan nan nan nan
nan nan nan nan
nan nan nan nan
nan nan nan nan
nan nan nan nan
nan nan nan nan
nan nan nan nan
nan nan nan nan
nan nan nan nan
0.034727264 -0.0067525185 0.99937397 0
nan nan nan nan
0.08040344 -0.073094025 0.99407876 0
0.14997153 -0.027653774 0.98830348 0
-0.24749257 0.093400612 -0.9643774 0
-0.22631785 0.038693964 -0.9732846 0
nan nan nan nan
0.032389984 -0.0052881609 -0.99946129 0
nan nan nan nan
nan nan nan nan
nan nan nan nan
nan nan nan nan
nan nan nan nan
nan nan nan nan
nan nan nan nan
nan nan nan nan
-0.11606518 0.045596953 -0.99219441 5.7988487e-05
nan nan nan nan
0.15693974 -0.066057749 0.98539656 0
-0.1562645 0.02836566 -0.98730785 8.3735307e-05
-0.25134593 0.094002694 -0.96332169 6.8284295e-05
-0.21937725 0.040286452 -0.97480804 5.6759407e-05
nan nan nan nan
0.10294662 0.0097476859 -0.9946391 0.00041320288
nan nan nan nan
nan nan nan nan
nan nan nan nan
nan nan nan nan
-0.032482695 -0.0031233358 -0.99946743 0
nan nan nan nan
nan nan nan nan
nan nan nan nan
0.069213279 -0.04203257 0.99671608 0.00011756048
nan nan nan nan
0.16294503 -0.065842755 0.98443574 3.8080332e-05
-0.1689918 0.031256817 -0.98512173 2.0502815e-05
0.2328738 -0.093364097 0.96801496 0.00015923601
0.21670891 -0.040218603 0.97540742 0
nan nan nan nan
nan nan nan nan
nan nan nan nan
nan nan nan nan
nan nan nan nan
nan nan nan nan
nan nan nan nan
nan nan nan nan
nan nan nan nan
nan nan nan nan
0.09770593 -0.044424307 0.9942233 0
nan nan nan nan
0.17504765 -0.068884671 0.98214722 0
-0.17596719 0.03282414 -0.98384857 0
-0.23745023 0.094361216 -0.96680576 8.9393005e-05
-0.22940443 0.043340392 -0.97236574 0
nan nan nan nan
nan nan nan nan
nan nan nan nan
nan nan nan nan
nan nan nan nan
nan nan nan nan
nan nan nan nan
nan nan nan nan
nan nan nan nan
nan nan nan nan
-0.56722564 0.14822714 -0.81011343 0
nan nan nan nan
0.15513395 -0.05769147 0.98620743 1.1003847e-05
0.14050005 -0.02779993 0.9896903 0.00010351597
0.2324654 -0.092670985 0.9681797 0.00023542736
0.21363108 -0.040725008 0.97606522 0
nan nan nan nan
nan nan nan nan
nan nan nan nan
nan nan nan nan
nan nan nan nan
nan nan nan nan
nan nan nan nan
nan nan nan nan
nan nan nan nan
nan nan nan nan
-0.17402884 0.064057685 -0.98265487 0
nan nan nan nan
-0.18128064 0.072418734 -0.98076141 0.00016962367
0.14601003 -0.027888568 0.98888993 1.4610204e-05
-0.24878255 0.10203144 -0.96317017 0
0.19276252 -0.039538547 0.98044854 0.00011207745
nan nan nan nan
nan nan nan nan
nan nan nan nan
nan nan nan nan
nan nan nan nan
nan nan nan nan
nan nan nan nan
nan nan nan nan
nan nan nan nan
nan nan nan nan
-0.3308354 0.094524406 -0.93894249 0
nan nan nan nan
-0.17544235 0.071341619 -0.98190141 0
-0.16516915 0.034573887 -0.985659 0.00010516931
-0.24265987 0.099411748 -0.96500444 0
-0.22243512 0.044660158 -0.97392404 2.9358926e-05
nan nan nan nan
nan nan nan nan
nan nan nan nan
nan nan nan nan
nan nan nan nan
nan nan nan nan
nan nan nan nan
nan nan nan nan
nan nan nan nan
nan nan nan nan
0.043571506 -0.034749389 0.99844581 0.00031784692
nan nan nan nan
0.16871622 -0.072004698 0.98303109 2.5468567e-05
-0.15451919 0.031685885 -0.98748159 0
-0.25019956 0.10252287 -0.96275091 0
-0.22794543 0.047106147 -0.97253376 0
nan nan nan nan
nan nan nan nan
nan nan nan nan
nan nan nan nan
nan nan nan nan
nan nan nan nan
nan nan nan nan
nan nan nan nan
nan nan nan nan
nan nan nan nan
0.004483765 -0.0014581351 0.99998891 0
nan nan nan nan
0.16886754 -0.070757478 0.98309571 4.5410532e-05
-0.15262604 0.031901535 -0.98776901 6.8194684e-05
-0.25510356 0.10408302 -0.96129543 0
-0.2250053 0.047403954 -0.97320366 0
nan nan nan nan
nan nan nan nan
nan nan nan nan
nan nan nan nan
nan nan nan nan
nan nan nan nan
nan nan nan nan
nan nan nan nan
nan nan nan nan
nan nan nan nan
-0.092827968 0.058866542 0.99394053 0
-0.44267863 0.033805612 0.89604288 0
0.16592 -0.068826407 0.98373449 0
-0.15483972 0.032589592 -0.9874019 0
-0.26488099 0.10430996 -0.95862269 0
0.205677 -0.041156188 0.97775406 0.00010779192
nan nan nan nan
nan nan nan nan
nan nan nan nan
nan nan nan nan
nan nan nan nan
nan nan nan nan
nan nan nan nan
nan nan nan nan
0.045752253 -0.019033575 0.99877149 0
nan nan nan nan
0.059900586 -0.029832629 0.99775839 0.00012857973
nan nan nan nan
-0.17613569 0.074375466 -0.98155212 0
0.13373178 -0.028900353 0.99059606 5.792181e-05
0.2330835 -0.0997843 0.96732372 0.00018999487
-0.22453167 0.04834554 -0.97326678 0
nan nan nan nan
nan nan nan nan
nan nan nan nan
nan nan nan nan
nan nan nan nan
nan nan nan nan
nan nan nan nan
nan nan nan nan
0.02064429 -0.020540645 0.99957585 3.390748e-05
nan nan nan nan
0.10578328 -0.045335688 0.99335515 0
nan nan nan nan
-0.17439218 0.074785113 -0.98183221 0.00010322272
-0.22761028 0.041928206 -0.97284919 0
-0.23840815 0.10187227 -0.96580714 0.00025356642
-0.2195632 0.048256423 -0.9744041 9.8215263e-05
nan nan nan nan
nan nan nan nan
nan nan nan nan
nan nan nan nan
nan nan nan nan
nan nan nan nan
nan nan nan nan
nan nan nan nan
-0.12506728 -0.028607761 0.9917357 0
nan nan nan nan
0.099071562 -0.045144629 0.99405575 0.0002937016
nan nan nan nan
-0.17742927 0.076081261 -0.9811883 0
-0.18636976 0.0435756 -0.98151284 5.2060277e-05
-0.23700485 0.10213857 -0.96612448 0
-0.2292373 0.051409282 -0.97201204 0
nan nan nan nan
nan nan nan nan
nan nan nan nan
nan nan nan nan
nan nan nan nan
nan nan nan nan
nan nan nan nan
nan nan nan nan
nan nan nan nan
nan nan nan nan
0.089652732 -0.041187368 0.99512112 0.00013706328
0.08383584 -0.018319607 0.99631119 0
-0.18013561 0.077881075 -0.98055375 0
0.11869463 -0.027577717 0.99254775 9.7066986e-05
0.22177753 -0.095147066 0.9704442 2.2254109e-05
0.20723976 -0.048856609 0.9770695 0.00027068573
nan nan nan nan
nan nan nan nan
nan nan nan nan
nan nan nan nan
nan nan nan nan
nan nan nan nan
nan nan nan nan
nan nan nan nan
nan nan nan nan
nan nan nan nan
-0.35777196 0.26832932 -0.89442647 0
nan nan nan nan
0.14293145 -0.06009993 0.98790622 0.00017719601
-0.23296736 0.046601698 -0.9713673 0
-0.2500698 0.11072341 -0.96187592 0
-0.226768 0.051543817 -0.97258389 0
nan nan nan nan
nan nan nan nan
nan nan nan nan
nan nan nan nan
nan nan nan nan
nan nan nan nan
nan nan nan nan
nan nan nan nan
nan nan nan nan
nan nan nan nan
-0.11542526 0.050817695 -0.99201536 0
nan nan nan nan
-0.39412463 0.14967051 -0.90678805 0
-0.15732694 0.037144072 -0.98684782 9.6652082e-05
-0.24021213 0.10807893 -0.96468496 0.00018388107
-0.2194254 0.051242437 -0.97428268 0
nan nan nan nan
nan nan nan nan
nan nan nan nan
nan nan nan nan
nan nan nan nan
nan nan nan nan
nan nan nan nan
nan nan nan nan
nan nan nan nan
nan nan nan nan
-0.13743436 0.05610409 -0.98892063 0
nan nan nan nan
-0.43255889 0.14420797 -0.88999826 0
0.12751405 -0.031070963 0.99135 0.00021070725
-0.24022076 0.10835098 -0.9646523 0
0.21557252 -0.051124565 0.97514856 0.00017361998
nan nan nan nan
nan nan nan nan
nan nan nan nan
nan nan nan nan
nan nan nan nan
nan nan nan nan
nan nan nan nan
nan nan nan nan
nan nan nan nan
-0.061681405 -0.0010920091 -0.99809527 0
-0.25013679 0.10005473 -0.9630267 0
nan nan nan nan
0.1645509 -0.075910203 0.9834432 0
0.078316309 -0.01117308 0.99686599 0.00012313368
-0.24251433 0.11142713 -0.96372753 0
0.21086676 -0.051639333 0.97614992 0.00017228673
nan nan nan nan
nan nan nan nan
nan nan nan nan
nan nan nan nan
nan nan nan nan
nan nan nan nan
nan nan nan nan
nan nan nan nan
nan nan nan nan
nan nan nan nan
-0.12208491 0.059442569 -0.99073809 4.505078e-05
-0.094907373 0.029285427 -0.99505532 0
-0.20402287 0.082710519 -0.97546583 0
-0.16087191 0.039953224 -0.9861663 1.0885825e-05
-0.2365665 0.10855228 -0.9655323 4.1931358e-05
-0.21788362 0.0534449 -0.97451037 4.2883923e-05
nan nan nan nan
nan nan nan nan
nan nan nan nan
nan nan nan nan
nan nan nan nan
nan nan nan nan
nan nan nan nan
nan nan nan nan
-0.060808841 0.033066574 -0.99760157 0
nan nan nan nan
-0.11940386 0.056048743 -0.99126244 0
0.053539574 -0.018556019 0.99839336 8.0713915e-05
0.15171874 -0.074193679 0.98563516 0
-0.21806931 0.044468872 -0.97491968 0
-0.23219135 0.10702673 -0.96676391 0
0.21451649 -0.05331986 0.97526389 0.00012197191
nan nan nan nan
nan nan nan nan
nan nan nan nan
nan nan nan nan
nan nan nan nan
nan nan nan nan
nan nan nan nan
nan nan nan nan
nan nan nan nan
nan nan nan nan
-0.1029731 0.0097940061 0.99463594 0
nan nan nan nan
-0.17590094 0.080895908 -0.98107839 0.00017902785
-0.15741464 0.039588902 -0.98673868 0
-0.23161651 0.10788629 -0.96680629 0
0.2050015 -0.051914454 0.97738391 0.00014168983
nan nan nan nan
nan nan nan nan
nan nan nan nan
nan nan nan nan
nan nan nan nan
nan nan nan nan
nan nan nan nan
nan nan nan nan
nan nan nan nan
nan nan nan nan
0.017862882 -0.025398128 0.9995178 9.8398916e-05
nan nan nan nan
-0.17818151 0.078814372 -0.98083627 0
0.12880702 -0.033173874 0.99111468 3.9981271e-05
-0.23051058 0.10874876 -0.9669739 4.5051122e-05
-0.2164236 0.055477716 -0.97472209 0
nan nan nan nan
nan nan nan nan
nan nan nan nan
nan nan nan nan
nan nan nan nan
nan nan nan nan
nan nan nan nan
nan nan nan nan
nan nan nan nan
nan nan nan nan
0.079460621 -0.043875515 0.99587202 0
nan nan nan nan
-0.17134176 0.082158528 -0.98178005 0
-0.15948379 0.040048279 -0.98638785 0
-0.24108374 0.1145075 -0.96372539 0
0.19773509 -0.052839104 0.97883028 0
nan nan nan nan
nan nan nan nan
nan nan nan nan
nan nan nan nan
nan nan nan nan
nan nan nan nan
nan nan nan nan
nan nan nan nan
nan nan nan nan
nan nan nan nan
0.057661384 -0.022352654 0.99808592 2.3877852e-05
nan nan nan nan
-0.17927849 0.087650038 -0.97988605 0
-0.15272109 0.040131975 -0.98745418 0.00010115842
-0.27867723 0.1212289 -0.95270276 0
0.21134353 -0.055972047 0.97580785 6.4555672e-05
nan nan nan nan
nan nan nan nan
nan nan nan nan
nan nan nan nan
nan nan nan nan
nan nan nan nan
nan nan nan nan
nan nan nan nan
nan nan nan nan
0.0043188804 -0.0043188804 0.9999814 0
-0.11342452 0.052250389 -0.9921717 0.00010429922
nan nan nan nan
0.17041825 -0.080508254 0.98207742 6.5531625e-05
0.14887995 -0.040069938 0.98804313 5.5950699e-05
-0.23494548 0.11308685 -0.96540773 0
-0.21914321 0.058411427 -0.97394264 0
nan nan nan nan
nan nan nan nan
nan nan nan nan
nan nan nan nan
nan nan nan nan
nan nan nan nan
nan nan nan nan
nan nan nan nan
nan nan nan nan
-0.021683155 -0.0040413048 0.99975669 0
-0.11582961 0.053228535 -0.99184179 8.989936e-05
nan nan nan nan
-0.17512505 0.093414173 -0.98010457 0
0.14891253 -0.040313736 0.98802835 0
-0.24556506 0.11675721 -0.96232301 9.1566209e-05
0.1910339 -0.048269931 0.98039591 0.00021474589
nan nan nan nan
nan nan nan nan
nan nan nan nan
nan nan nan nan
nan nan nan nan
nan nan nan nan
nan nan nan nan
nan nan nan nan
-0.050547879 0.024607804 -0.99841839 0
0.012162309 -0.0040162797 0.99991792 3.499104e-06
-0.11771978 0.062647596 -0.99106878 9.0789792e-05
nan nan nan nan
-0.17894109 0.10231739 -0.97852498 0
0.087034278 0.0036111749 0.99619877 0
-0.24331954 0.11862885 -0.96266443 0
-0.24241565 0.068824522 -0.9677282 0
nan nan nan nan
nan nan nan nan
nan nan nan nan
nan nan nan nan
nan nan nan nan
nan nan nan nan
nan nan nan nan
nan nan nan nan
-0.026584007 -0.013291997 0.99955821 0
0.0137778 -0.004544999 0.99989474 3.1104905e-06
0.10109117 -0.04920486 0.99365956 8.8720502e-05
0.079583362 -0.021858649 0.99658853 0.00014665091
-0.17118125 0.0842821 -0.98162806 6.6917215e-05
0.14229095 -0.03837176 0.98908091 0
0.2201338 -0.10853561 0.96941268 0.0002359459
0.20010597 -0.055662356 0.97819191 9.8522127e-05
nan nan nan nan
-0.30137733 0.10959176 -0.94718599 0
nan nan nan nan
nan nan nan nan
nan nan nan nan
nan nan nan nan
nan nan nan nan
nan nan nan nan
nan nan nan nan
0.002714393 -0.0080885133 0.99996364 0
0.095284231 -0.049249619 0.99423105 0.00017539049
0.067087695 -0.024563253 0.99744475 0.00016042155
0.16221373 -0.019907901 0.98655474 0
0.14810318 -0.04157988 0.98809749 9.5842312e-05
-0.23022966 0.11494298 -0.96632421 2.4175171e-05
0.20896734 -0.058592364 0.97616577 8.7378183e-05
nan nan nan nan
nan nan nan nan
nan nan nan nan
nan nan nan nan
nan nan nan nan
nan nan nan nan
nan nan nan nan
nan nan nan nan
nan nan nan nan
nan nan nan nan
0.0065615508 0.072178185 0.99737018 0
0.069780841 -0.023018271 0.99729675 8.8345305e-06
-0.1748853 0.11983094 -0.97726953 0
-0.15766446 0.04524054 -0.98645592 0
0.21844238 -0.10528275 0.97015387 0
0.21333422 -0.060596269 0.97509825 0
nan nan nan nan
nan nan nan nan
nan nan nan nan
nan nan nan nan
nan nan nan nan
nan nan nan nan
nan nan nan nan
nan nan nan nan
nan nan nan nan
nan nan nan nan
-0.11322748 0.056238286 -0.9919762 5.3537875e-05
0.07457646 -0.02275015 0.99695569 0.00010056089
-0.17714882 0.13231653 -0.97524905 0
0.13956676 -0.03986695 0.98940986 0
-0.22862081 0.116681 -0.96649784 8.4797146e-05
-0.22188872 0.064592823 -0.97293019 0
nan nan nan nan
nan nan nan nan
nan nan nan nan
nan nan nan nan
nan nan nan nan
nan nan nan nan
nan nan nan nan
nan nan nan nan
nan nan nan nan
nan nan nan nan
0.10660685 -0.054053299 0.99283087 0
-0.11946318 0.039215095 -0.99206388 0
0.16792215 -0.084663115 0.98215795 7.3109339e-05
0.14368576 -0.041745063 0.98874247 0
-0.2350373 0.12067374 -0.96446633 0
0.20818597 -0.059650149 0.97626865 2.6399988e-05
nan nan nan nan
0.13099089 -0.032164104 -0.99086165 0
nan nan nan nan
nan nan nan nan
nan nan nan nan
nan nan nan nan
nan nan nan nan
nan nan nan nan
nan nan nan nan
nan nan nan nan
0.10233793 -0.050926138 0.99344522 7.3995048e-05
0.065306999 -0.021877751 0.99762541 0
0.16713567 -0.078592636 0.98279643 2.6828662e-05
0.12914215 -0.039411347 0.99084264 0
-0.22787738 0.11851034 -0.96645075 0.00033803325
0.20786457 -0.060477979 0.97628629 8.1543832e-05
nan nan nan nan
nan nan nan nan
nan nan nan nan
nan nan nan nan
nan nan nan nan
nan nan nan nan
nan nan nan nan
nan nan nan nan
nan nan nan nan
nan nan nan nan
0.081430182 -0.045397948 0.99564457 0.00027466356
0.062763222 -0.014777721 0.99791902 5.3131913e-05
0.031824544 0.30499575 0.9518218 0
0.10611432 -0.035016216 0.99373716 1.817984e-05
0.22502328 -0.11871704 0.96709394 0
-0.22727688 0.06997063 -0.97131312 0
nan nan nan nan
nan nan nan nan
nan nan nan nan
nan nan nan nan
nan nan nan nan
nan nan nan nan
nan nan nan nan
nan nan nan nan
nan nan nan nan
nan nan nan nan
nan nan nan nan
-0.44537863 0.28683749 -0.84815216 0
0.14668836 -0.020609818 0.98896796 5.9320715e-05
0.14179727 -0.043459345 0.98894125 0
0.20962547 -0.11825701 0.97060418 7.1169939e-05
-0.21734488 0.066090278 -0.97385484 0
nan nan nan nan
nan nan nan nan
nan nan nan nan
nan nan nan nan
nan nan nan nan
nan nan nan nan
nan nan nan nan
nan nan nan nan
nan nan nan nan
nan nan nan nan
nan nan nan nan
-0.12470505 0.03560001 -0.99155498 8.9677436e-05
0.16352947 -0.060970969 0.98465258 0
0.12941217 -0.040543307 0.9907617 8.8765672e-05
-0.2276925 0.12087978 -0.96620095 2.7307674e-06
0.13858466 -0.059867885 0.9885394 0.00019231245
nan nan nan nan
nan nan nan nan
nan nan nan nan
nan nan nan nan
nan nan nan nan
nan nan nan nan
nan nan nan nan
nan nan nan nan
nan nan nan nan
nan nan nan nan
-0.10921557 0.067289621 -0.99173796 0
0.077309668 -0.023328751 0.9967342 0
-0.1685096 0.091968529 -0.98140013 0
0.13528104 -0.042919192 0.98987722 0.0001923627
-0.23560259 0.12534194 -0.96373272 4.375455e-05
-0.26574787 0.071812116 -0.96136421 0
nan nan nan nan
nan nan nan nan
nan nan nan nan
nan nan nan nan
nan nan nan nan
nan nan nan nan
nan nan nan nan
nan nan nan nan
nan nan nan nan
nan nan nan nan
-0.1729174 0.34583479 -0.9222244 0
-0.084651351 0.026848473 -0.99604893 0
0.10205322 0.19474493 0.97553033 0
-0.15607026 0.048390761 -0.98655987 0.00018101902
-0.23824257 0.12684363 -0.96288693 0
0.20971228 -0.067257605 0.97544712 5.3798274e-05
nan nan nan nan
nan nan nan nan
nan nan nan nan
nan nan nan nan
nan nan nan nan
nan nan nan nan
nan nan nan nan
nan nan nan nan
nan nan nan nan
nan nan nan nan
nan nan nan nan
-0.098089814 0.026264047 -0.99483091 0
0.16533577 -0.084566317 0.98260504 0
-0.16504435 0.050454628 -0.98499477 0
0.19731916 -0.10809945 0.97436118 0.00010765619
-0.21809281 0.0691071 -0.97347814 0
nan nan nan nan
nan nan nan nan
nan nan nan nan
nan nan nan nan
nan nan nan nan
nan nan nan nan
nan nan nan nan
nan nan nan nan
nan nan nan nan
-0.027489072 -0.0062475163 0.99960262 0
0.10336538 -0.05207118 0.99327958 0
nan nan nan nan
-0.17264409 0.10605056 -0.97925854 0
0.14659977 -0.047776297 0.98804152 2.3760495e-05
-0.27044803 0.14473134 -0.95179349 0
0.20073162 -0.064701743 0.97750729 8.8727538e-06
nan nan nan nan
nan nan nan nan
nan nan nan nan
nan nan nan nan
nan nan nan nan
nan nan nan nan
nan nan nan nan
nan nan nan nan
nan nan nan nan
0.0031070425 -0.005563396 0.99997973 0
0.10336538 -0.05207118 0.99327958 0
nan nan nan nan
-0.17067172 0.099728003 -0.98026806 0
-0.15204774 0.049950816 -0.9871102 6.8587397e-05
-0.25903815 0.13995944 -0.95567286 0
0.18071017 -0.055634182 0.98196167 0
nan nan nan nan
nan nan nan nan
nan nan nan nan
nan nan nan nan
nan nan nan nan
nan nan nan nan
nan nan nan nan
nan nan nan nan
nan nan nan nan
0.0027648455 -0.0069442503 0.99997205 0
0.10311469 -0.05034646 0.99339455 8.2297112e-05
nan nan nan nan
-0.1733484 0.10785905 -0.97893655 6.7683352e-05
-0.14731611 0.048893344 -0.98788029 4.1370207e-05
-0.22560416 0.12584747 -0.96605653 0
-0.2142223 0.071031697 -0.97419876 0
nan nan nan nan
nan nan nan nan
nan nan nan nan
nan nan nan nan
nan nan nan nan
nan nan nan nan
nan nan nan nan
nan nan nan nan
nan nan nan nan
-0.033484176 0.003133022 -0.99943429 0
-0.11633527 0.62045372 0.7755664 0
-0.10342374 0.035860583 -0.99399066 0
-0.16758963 0.099230014 -0.98085022 0
-0.18485965 0.054033387 -0.98127836 0
0.20896451 -0.11660561 0.97094637 0
-0.21439923 0.071787007 -0.97410452 2.840818e-05
nan nan nan nan
nan nan nan nan
nan nan nan nan
nan nan nan nan
nan nan nan nan
nan nan nan nan
nan nan nan nan
nan nan nan nan
nan nan nan nan
0.014816301 -0.005461087 0.99987531 0
-0.15478884 0.33689365 -0.92873198 0
0.05689301 -0.020208482 0.99817568 8.862785e-05
-0.16747692 0.097886451 -0.98100442 0
-0.16837682 0.052031964 -0.98434842 0
0.21600777 -0.11968533 0.96902841 0.00014338916
0.20388919 -0.069778025 0.97650403 0.00015123677
nan nan nan nan
nan nan nan nan
nan nan nan nan
nan nan nan nan
nan nan nan nan
nan nan nan nan
nan nan nan nan
nan nan nan nan
nan nan nan nan
nan nan nan nan
0.10501222 -0.058353405 0.99275744 3.5713056e-05
-0.088460073 0.028684622 -0.99566656 0
0.15935266 -0.085070305 0.98354959 0
0.14100714 -0.049605023 0.988765 0
0.21749923 -0.12311983 0.96826416 0.0001557584
-0.21320222 0.07331638 -0.9742533 0
nan nan nan nan
nan nan nan nan
nan nan nan nan
nan nan nan nan
nan nan nan nan
nan nan nan nan
nan nan nan nan
nan nan nan nan
nan nan nan nan
nan nan nan nan
0.10473195 -0.05298787 0.99308783 0
0.067650996 -0.023121241 0.99744111 0.00013639691
-0.16719688 0.10023526 -0.98081499 0
0.14111498 -0.049526483 0.98875362 1.6424065e-05
-0.23221684 0.13450895 -0.96331859 0
-0.22605963 0.075193696 -0.97120696 0
nan nan nan nan
nan nan nan nan
nan nan nan nan
nan nan nan nan
nan nan nan nan
nan nan nan nan
nan nan nan nan
nan nan nan nan
nan nan nan nan
0.0059386678 -0.0061115036 0.9999637 0
-0.10591562 0.066566117 -0.99214458 2.4102821e-05
-0.82023776 0.5718438 0.014309838 0
0.16250522 -0.091477305 0.98245811 0.00012922032
-0.16308659 0.056943174 -0.98496711 4.5653265e-05
-0.22947615 0.13264547 -0.96423334 0
-0.22224541 0.07727199 -0.97192383 0
nan nan nan nan
nan nan nan nan
nan nan nan nan
nan nan nan nan
nan nan nan nan
nan nan nan nan
nan nan nan nan
nan nan nan nan
nan nan nan nan
-0.01151205 -0.007790105 0.99990338 0
-0.10863879 0.072749406 -0.99141574 9.1430564e-05
-0.34412858 0.15745227 -0.9256264 0
0.15215416 -0.020701714 0.98813987 0
0.10682318 -0.031404786 0.99378192 0
0.20573357 -0.12497728 0.97059488 9.6519863e-05
0.20859699 -0.074066363 0.97519308 0.00016530062
nan nan nan nan
nan nan nan nan
nan nan nan nan
nan nan nan nan
nan nan nan nan
nan nan nan nan
nan nan nan nan
nan nan nan nan
nan nan nan nan
-0.031754084 0.0067672641 -0.9994728 0
-0.11256497 0.089634396 -0.98959327 0
0.045593053 -0.023158204 0.99869156 9.4594281e-05
-0.16406724 0.095868684 -0.98177952 0
-0.21041411 0.078592122 -0.97444814 6.8862821e-05
-0.22384554 0.13190326 -0.96565765 0
-0.21313694 0.076629922 -0.97401261 0
nan nan nan nan
nan nan nan nan
nan nan nan nan
nan nan nan nan
nan nan nan nan
nan nan nan nan
nan nan nan nan
nan nan nan nan
nan nan nan nan
nan nan nan nan
0.099996328 -0.050097737 0.99372584 0
0.000712918 -0.028082266 0.99960536 4.6727677e-05
-0.16338687 0.097337998 -0.98174852 4.9082504e-05
0.12529761 -0.04634472 0.99103618 0.00010386373
0.21110116 -0.1289137 0.96892601 0.00018574703
0.20774667 -0.075438768 0.97526938 0
nan nan nan nan
nan nan nan nan
nan nan nan nan
nan nan nan nan
nan nan nan nan
nan nan nan nan
nan nan nan nan
nan nan nan nan
nan nan nan nan
nan nan nan nan
-0.11686884 0.093371138 -0.98874843 0
nan nan nan nan
-0.16726428 0.10997918 -0.9797588 3.4688244e-05
0.086137965 -0.037155244 0.99559015 5.2460418e-05
-0.22333302 0.13398275 -0.96548998 4.9103557e-05
0.20520119 -0.075183257 0.97582787 0.00016559
nan nan nan nan
nan nan nan nan
nan nan nan nan
nan nan nan nan
nan nan nan nan
nan nan nan nan
nan nan nan nan
nan nan nan nan
nan nan nan nan
nan nan nan nan
0.1019275 -0.056412518 0.993191 0
nan nan nan nan
-0.16853967 0.1084399 -0.97971177 4.1223731e-05
-0.3686147 0.097172581 -0.9244895 0
-0.25953615 0.15171424 -0.95374203 0
0.20702705 -0.076718718 0.97532248 1.0374945e-05
nan nan nan nan
nan nan nan nan
nan nan nan nan
nan nan nan nan
nan nan nan nan
nan nan nan nan
nan nan nan nan
nan nan nan nan
nan nan nan nan
nan nan nan nan
-0.11350948 0.091317028 -0.98933142 0
-0.10739461 0.049703296 -0.99297327 0
-0.17169838 0.12047809 -0.97775495 0
-0.15143253 0.056730103 -0.98683834 0.00010886284
0.20923211 -0.12776777 0.96948308 0
-0.20942216 0.078261465 -0.97468841 0
nan nan nan nan
nan nan nan nan
nan nan nan nan
nan nan nan nan
nan nan nan nan
nan nan nan nan
nan nan nan nan
nan nan nan nan
nan nan nan nan
nan nan nan nan
-0.12499265 0.16706333 -0.97799116 0
0.026440322 -0.019969277 0.99945092 3.8434428e-05
0.15891407 -0.091080233 0.98308223 3.9636092e-05
0.12881148 -0.049980417 0.99040878 0
-0.22774564 0.13852929 -0.96381605 0
-0.21523029 0.081729613 -0.97313726 0
nan nan nan nan
nan nan nan nan
nan nan nan nan
nan nan nan nan
nan nan nan nan
nan nan nan nan
nan nan nan nan
nan nan nan nan
nan nan nan nan
nan nan nan nan
-0.13212329 0.24048467 -0.96161872 8.3201208e-05
0.033934459 -0.027001601 0.99905926 0
0.1578984 -0.086051844 0.98369873 0
0.14022802 -0.054716472 0.98860615 0
-0.22171356 0.13702086 -0.96543688 0
0.20567775 -0.078852721 0.97543782 8.2464001e-05
nan nan nan nan
nan nan nan nan
nan nan nan nan
nan nan nan nan
nan nan nan nan
nan nan nan nan
nan nan nan nan
nan nan nan nan
nan nan nan nan
nan nan nan nan
0.080181882 0.064957157 0.99466145 0
nan nan nan nan
-0.1633779 0.10670435 -0.98077613 0
nan nan nan nan
0.20297585 -0.12904806 0.97064275 0.00013946465
0.20679745 -0.079984374 0.97510886 6.5731976e-05
nan nan nan nan
nan nan nan nan
nan nan nan nan
nan nan nan nan
nan nan nan nan
nan nan nan nan
nan nan nan nan
nan nan nan nan
nan nan nan nan
nan nan nan nan
-0.10882273 0.095502615 -0.98946291 0
nan nan nan nan
0.14093728 -0.056741141 0.98839116 0
nan nan nan nan
-0.22451428 0.14124626 -0.96417987 0
0.19846082 -0.078109868 0.97699136 9.1132111e-05
nan nan nan nan
nan nan nan nan
nan nan nan nan
nan nan nan nan
nan nan nan nan
nan nan nan nan
nan nan nan nan
nan nan nan nan
nan nan nan nan
nan nan nan nan
0.060260721 0.10146443 0.99301243 0
nan nan nan nan
-0.16394238 0.10821246 -0.98051667 0
-0.14385052 0.058128759 -0.98789072 0.00016751766
-0.21996309 0.13920778 -0.96552444 0
0.20324804 -0.081610911 0.97572017 0
nan nan nan nan
nan nan nan nan
nan nan nan nan
nan nan nan nan
nan nan nan nan
nan nan nan nan
nan nan nan nan
nan nan nan nan
nan nan nan nan
nan nan nan nan
-0.10619786 0.08005251 -0.9911173 0
-0.095918782 0.049282294 -0.99416846 5.8331039e-05
0.15571734 -0.091272466 0.98357588 0
0.13557877 -0.055563487 0.98920733 0
-0.21606518 0.13803998 -0.96657169 0
-0.20911166 0.08287321 -0.97437388 0
nan nan nan nan
nan nan nan nan
nan nan nan nan
nan nan nan nan
nan nan nan nan
nan nan nan nan
-0.043052796 0.022211323 0.99882585 0
nan nan nan nan
nan nan nan nan
nan nan nan nan
-0.10485502 0.078939632 -0.99134958 2.2540731e-05
-0.072996847 0.050217647 0.99606711 0
0.14695561 -0.064156659 0.98706025 0.00012241749
0.13884811 -0.05750335 0.98864269 0
-0.21490631 0.13840289 -0.96677804 0
-0.20818046 0.083669953 -0.97450513 0
nan nan nan nan
nan nan nan nan
nan nan nan nan
nan nan nan nan
nan nan nan nan
nan nan nan nan
nan nan nan nan
nan nan nan nan
nan nan nan nan
nan nan nan nan
0.099835746 -0.057798401 0.9933238 0
-0.085180692 0.034180935 -0.99577904 6.4574131e-05
-0.19443175 0.19779605 -0.96076691 0
-0.14999528 0.060623419 -0.98682642 0
-0.2211386 0.14303514 -0.96469617 0
0.20111637 -0.080430575 0.97625971 0.00013445597
nan nan nan nan
nan nan nan nan
nan nan nan nan
nan nan nan nan
nan nan nan nan
nan nan nan nan
nan nan nan nan
nan nan nan nan
nan nan nan nan
nan nan nan nan
0.10094879 -0.062685393 0.99291486 0
0.078295432 -0.031951264 0.99641806 9.341097e-05
-0.1717533 0.12449718 -0.97724169 8.3276464e-05
0.11225298 -0.054352269 0.99219209 0
-0.22990006 0.14613128 -0.96218061 0
-0.20774117 0.085989967 -0.97439688 0.00015207544
nan nan nan nan
nan nan nan nan
nan nan nan nan
nan nan nan nan
nan nan nan nan
nan nan nan nan
nan nan nan nan
nan nan nan nan
nan nan nan nan
nan nan nan nan
0.096714973 -0.047979277 0.99415499 0
-0.13085133 0.069141865 -0.98898804 0
0.15187964 -0.085800253 0.9846679 0
0.13791268 -0.057571057 0.98876983 7.5362907e-05
-0.23113169 0.14394906 -0.96221453 0
-0.20827112 0.086505458 -0.9742381 0.00011331435
nan nan nan nan
nan nan nan nan
nan nan nan nan
nan nan nan nan
nan nan nan nan
nan nan nan nan
nan nan nan nan
nan nan nan nan
-0.050072681 0.096262023 -0.99409574 0
nan nan nan nan
-0.10128091 0.066815965 -0.99261159 0
-0.11734018 0.063033991 0.99108928 0
0.15474953 -0.096989825 0.98318136 0.00017732619
-0.18760158 0.085153617 -0.97854716 0
0.20527442 -0.14188215 0.96836561 0
0.20271744 -0.085499771 0.97549754 9.5386735e-05
nan nan nan nan
nan nan nan nan
nan nan nan nan
nan nan nan nan
nan nan nan nan
nan nan nan nan
nan nan nan nan
nan nan nan nan
-0.045019411 0.038505238 -0.99824375 0
nan nan nan nan
0.098761529 -0.060364641 0.99327856 5.3841308e-05
-0.075567789 0.05334191 0.99571288 0
0.15745459 -0.10196582 0.98224789 6.9938716e-05
0.13574746 -0.05645252 0.98913383 2.4709232e-05
-0.22023204 0.14670667 -0.96435213 0
-0.22187622 0.090358369 -0.97087914 0.00010240048
nan nan nan nan
nan nan nan nan
nan nan nan nan
nan nan nan nan
nan nan nan nan
nan nan nan nan
-0.15262331 0.064571373 -0.98617268 0
nan nan nan nan
0.042495769 -0.025603132 0.99876857 9.673161e-06
nan nan nan nan
0.094206966 -0.046564933 0.99446309 2.2902592e-05
-0.80451047 0.24682522 -0.54022241 0
-0.15743072 0.10622078 -0.98180073 0.00014897042
0.13894849 -0.059384659 0.98851752 0
-0.22202814 0.1474808 -0.96382201 0
0.20065488 -0.085882269 0.97589028 0.00011314864
nan nan nan nan
nan nan nan nan
nan nan nan nan
nan nan nan nan
nan nan nan nan
nan nan nan nan
nan nan nan nan
nan nan nan nan
0.043168675 -0.025801966 0.99873459 0
0.0047553116 -0.0054346421 0.99997395 0
0.098409683 -0.061049849 0.99327159 8.6777618e-05
-0.45156178 0.19022849 -0.87172538 0
-0.15708475 0.10625409 -0.98185259 4.9700597e-05
0.1413586 -0.060934164 0.98808134 3.8811624e-05
-0.21081635 0.14407969 -0.96684927 8.0696489e-05
-0.21122015 0.091329433 -0.97316235 6.1411141e-05
nan nan nan nan
nan nan nan nan
nan nan nan nan
nan nan nan nan
nan nan nan nan
nan nan nan nan
nan nan nan nan
nan nan nan nan
-0.039147966 0.082542285 -0.99581832 0
nan nan nan nan
-0.10021935 0.074822612 -0.99214792 2.5266676e-05
-0.13052012 0.053174857 -0.99001867 0
0.1558968 -0.10245652 0.98244542 0
0.13733397 -0.060448337 0.98867863 0.00012899611
-0.2209117 0.15127374 -0.96349066 0
-0.21368283 0.092982881 -0.9724679 0
nan nan nan nan
nan nan nan nan
nan nan nan nan
nan nan nan nan
nan nan nan nan
nan nan nan nan
nan nan nan nan
nan nan nan nan
-0.04534677 0.040819034 -0.99813706 0
nan nan nan nan
-0.10015431 0.068577498 -0.99260581 1.8961875e-05
-0 -0.015242133 0.99988377 0
0.15549421 -0.10461561 0.98228151 0
0.1390774 -0.061830778 0.98834932 1.3999176e-05
0.2043113 -0.14251594 0.96847624 0
0.19976635 -0.088211969 0.97586477 0
nan nan nan nan
nan nan nan nan
nan nan nan nan
nan nan nan nan
nan nan nan nan
nan nan nan nan
nan nan nan nan
nan nan nan nan
0.040662907 -0.020491572 0.9989627 0
nan nan nan nan
-0.10393223 0.088898838 -0.99060339 7.8152907e-06
0.0027449066 -0.015249513 0.99988002 0
0.1498891 -0.085650966 0.98498589 0
0.13885905 -0.062293481 0.98835099 3.3180931e-05
-0.20945029 0.14597981 -0.96686107 7.4741503e-05
0.1899004 -0.086257957 0.9780069 8.5021675e-05
nan nan nan nan
nan nan nan nan
nan nan nan nan
nan nan nan nan
nan nan nan nan
nan nan nan nan
nan nan nan nan
nan nan nan nan
0.03759313 0.013969024 0.99919552 0
nan nan nan nan
0.097106934 -0.054873124 0.99376011 4.5314515e-05
-0.13789631 0.053517327 -0.98899972 0
0.15220517 -0.095031761 0.9837696 2.6247822e-05
-0.14316651 0.064701185 -0.98758143 0
-0.21810241 0.15124483 -0.96413499 0
-0.20346747 0.091664381 -0.97478133 4.4812285e-05
nan nan nan nan
nan nan nan nan
nan nan nan nan
nan nan nan nan
nan nan nan nan
nan nan nan nan
nan nan nan nan
nan nan nan nan
-0.045223329 0.035962928 -0.9983294 0
nan nan nan nan
-0.1013621 0.074726909 -0.99203914 5.0724706e-05
0.046839431 -0.01418376 0.99880171 0
-0.15850787 0.11719565 -0.98037767 0
0.13426211 -0.058438707 0.98922122 0
-0.28506064 0.19824637 -0.93778396 0
0.19322999 -0.090934284 0.9769305 0.00018717651
nan nan nan nan
nan nan nan nan
nan nan nan nan
nan nan nan nan
nan nan nan nan
nan nan nan nan
nan nan nan nan
nan nan nan nan
-0.042895634 0.033148028 -0.99852955 3.8078091e-05
nan nan nan nan
-0.10036593 0.073146828 -0.99225819 0
0.056847785 -0.027418407 0.99800628 1.0683522e-05
-0.15870416 0.12930791 -0.97882193 0
-0.19869274 0.12865821 -0.97158027 0
-0.249466 0.17335439 -0.95274079 0
0.20051189 -0.091944039 0.97536725 0
nan nan nan nan
nan nan nan nan
nan nan nan nan
nan nan nan nan
nan nan nan nan
nan nan nan nan
nan nan nan nan
nan nan nan nan
0.040170342 -0.015797332 0.9990679 0
nan nan nan nan
0.096107244 -0.06273026 0.99339241 3.8997357e-05
-0.085549779 0.038778752 -0.99557894 0.00010452562
-0.16028614 0.12907901 -0.97859436 0
0.071815699 -0.0032034793 0.99741274 0
-0.21499562 0.15385881 -0.96441919 6.2519386e-05
-0.21829382 0.097579293 -0.97099239 8.6516862e-05
nan nan nan nan
nan nan nan nan
nan nan nan nan
nan nan nan nan
nan nan nan nan
nan nan nan nan
nan nan nan nan
nan nan nan nan
0.042262673 -0.027812863 0.99871933 0
nan nan nan nan
-0.10007312 0.07477174 -0.99216664 0
0.071468383 -0.031038463 0.99695975 0
-0.1578716 0.12335256 -0.97972482 6.1988561e-05
nan nan nan nan
-0.20985921 0.15103354 -0.96599579 0
-0.2029833 0.094429798 -0.97461832 0.00010941944
nan nan nan nan
nan nan nan nan
nan nan nan nan
nan nan nan nan
nan nan nan nan
nan nan nan nan
nan nan nan nan
nan nan nan nan
-0.042980421 0.045072388 -0.99805868 0
nan nan nan nan
0.093570866 -0.055791207 0.99404824 0
-0.10055535 0.047112815 -0.99381536 5.5913162e-05
-0.15775254 0.12450931 -0.97959763 0
nan nan nan nan
0.19904393 -0.14393885 0.9693622 0.00022091296
0.18080534 -0.086590216 0.97969979 0.0001870897
nan nan nan nan
nan nan nan nan
nan nan nan nan
nan nan nan nan
nan nan nan nan
nan nan nan nan
nan nan nan nan
nan nan nan nan
-0.068834007 0.14241509 -0.98741066 0
nan nan nan nan
0.094425365 -0.059891641 0.99372876 0
0.068782553 -0.03340989 0.9970721 8.0332276e-05
-0.1549508 0.12221637 -0.98033333 5.5025055e-05
0.14046693 -0.048695128 0.98888713 0
0.18968643 -0.13681535 0.97226572 0.00019063601
0.1949586 -0.093061909 0.97638649 0.00010768259
nan nan nan nan
nan nan nan nan
nan nan nan nan
nan nan nan nan
nan nan nan nan
nan nan nan nan
nan nan nan nan
nan nan nan nan
-0.046203371 0.048952229 -0.99773186 2.2372968e-05
nan nan nan nan
0.095553771 -0.064372584 0.99334067 3.9156992e-05
-0.080697387 0.038341619 -0.99600089 3.3611173e-05
-0.15658784 0.12273552 -0.98000824 0
-0.16451778 0.19473647 -0.96695995 0
-0.24228032 0.18310787 -0.95277065 0
-0.21754131 0.10340104 -0.97055858 0
nan nan nan nan
nan nan nan nan
nan nan nan nan
nan nan nan nan
nan nan nan nan
nan nan nan nan
nan nan nan nan
nan nan nan nan
-0.044041026 0.039147723 -0.99826241 0
nan nan nan nan
0.090930916 -0.039193057 0.9950856 2.8982149e-05
-0.078896649 0.038229376 -0.99614954 6.8721201e-05
-0.15426888 0.1167309 -0.98110908 0
-0.0022403905 0.46149352 0.88714075 0
0.18289383 -0.13015194 0.97447944 0
0.19641367 -0.095050052 0.97590321 0
nan nan nan nan
nan nan nan nan
nan nan nan nan
nan nan nan nan
nan nan nan nan
nan nan nan nan
nan nan nan nan
nan nan nan nan
0.041419249 -0.029284198 0.9987126 0
nan nan nan nan
0.09649346 -0.068570092 0.99296886 0
0.06080373 -0.029032245 0.99772745 0.00017725404
-0.15505445 0.11905231 -0.98070621 0
-0.29294306 0.93962628 -0.17688075 0
0.1878456 -0.13569532 0.97277987 0
0.19845229 -0.096509181 0.97534746 4.8857128e-06
nan nan nan nan
nan nan nan nan
nan nan nan nan
nan nan nan nan
nan nan nan nan
nan nan nan nan
nan nan nan nan
nan nan nan nan
0.040222809 -0.026578661 0.99883723 4.7814324e-06
nan nan nan nan
-0.099974543 0.08730609 -0.99115223 0
-0.13132162 0.060161009 -0.98951268 0
-0.15754515 0.12787677 -0.97919714 0
0.12177872 0.031915113 0.99204403 4.7328998e-05
-0.21542639 0.16488145 -0.96249962 0
0.19708911 -0.097120583 0.97556317 0.00013260728
nan nan nan nan
nan nan nan nan
nan nan nan nan
nan nan nan nan
nan nan nan nan
nan nan nan nan
nan nan nan nan
nan nan nan nan
0.040967308 -0.026979927 0.99879622 0
nan nan nan nan
-0.10089535 0.092372768 -0.99059945 0
-0.009873176 0.025054425 0.99963737 7.1385766e-05
-0.15171935 0.11601251 -0.98159176 0
-0.14659776 0.085939646 -0.98545605 2.2600178e-05
-0.21219607 0.16110353 -0.96385598 0.00016013757
-0.22207646 0.11286839 -0.96847439 0
nan nan nan nan
nan nan nan nan
nan nan nan nan
nan nan nan nan
nan nan nan nan
nan nan nan nan
nan nan nan nan
nan nan nan nan
0.040739067 -0.024501352 0.99886936 9.5889409e-06
nan nan nan nan
-0.097068332 0.076483957 -0.9923346 5.9866798e-06
0.024920683 -0.012072774 0.99961656 7.1829803e-05
-0.15075506 0.11439465 -0.98193014 1.115458e-05
0.084163867 0.012794452 0.99636972 0
-0.20555578 0.15728445 -0.96592361 0.00013587139
-0.21308494 0.10903749 -0.97093028 0
nan nan nan nan
nan nan nan nan
nan nan nan nan
nan nan nan nan
nan nan nan nan
nan nan nan nan
nan nan nan nan
nan nan nan nan
-0.041767083 0.032987867 -0.99858266 0
nan nan nan nan
-0.096490592 0.078973182 -0.9921959 0
-0.016882308 -0.0046512559 0.99984658 0
-0.15987593 0.13380989 -0.97802591 0
0.13116665 -0.049670942 0.99011523 5.8254522e-05
-0.20787816 0.16022287 -0.96494317 0
0.19655088 -0.099142827 0.97546828 0
nan nan nan nan
nan nan nan nan
nan nan nan nan
nan nan nan nan
nan nan nan nan
nan nan nan nan
nan nan nan nan
nan nan nan nan
0.04062774 -0.024419669 0.99887592 0
nan nan nan nan
-0.096309476 0.074928746 -0.99252713 0
-0.43275422 0.14959404 -0.88901377 0
-0.15224911 0.12145444 -0.98085111 4.6694196e-05
0.12932462 0.01521319 0.9914856 0
-0.20268713 0.15704191 -0.96656907 5.7912792e-05
-0.21594864 0.10833467 -0.97037613 0
nan nan nan nan
nan nan nan nan
nan nan nan nan
nan nan nan nan
nan nan nan nan
nan nan nan nan
nan nan nan nan
nan nan nan nan
-0.051381089 0.057666961 -0.99701279 0
nan nan nan nan
0.090384297 -0.05793405 0.99422038 2.7778355e-05
-0.1479869 -0.0064497897 0.98896825 0
0.14844617 -0.11104361 0.98266631 0
0.13268174 -0.050819516 0.98985499 0
0.19954972 -0.15667814 0.96728063 0.00011824886
-0.20311278 0.10385174 -0.97363234 0
nan nan nan nan
nan nan nan nan
nan nan nan nan
nan nan nan nan
nan nan nan nan
nan nan nan nan
nan nan nan nan
nan nan nan nan
0.035796229 -0.016723443 0.99921918 0
nan nan nan nan
-0.095512964 0.073384039 -0.99271953 0
-0.1080246 0.0079749636 0.99411625 0
-0.15123242 0.12242448 -0.98088789 0
0.089914083 0.063552082 0.99391973 0
-0.20547034 0.16216263 -0.9651348 0
-0.22736424 0.11004166 -0.96757239 0
nan nan nan nan
nan nan nan nan
nan nan nan nan
nan nan nan nan
nan nan nan nan
nan nan nan nan
nan nan nan nan
nan nan nan nan
0.034937643 -0.016075408 0.99926019 1.2948961e-05
nan nan nan nan
0.094183959 -0.070097975 0.99308383 0
0.023451503 -0.025706446 0.99939442 0
-0.15522929 0.13641368 -0.9784146 0
0.1341408 -0.054593571 0.98945731 0
0.19694315 -0.15566285 0.96797854 0.00027829703
0.18896452 -0.10175585 0.97669756 6.2566403e-05
nan nan nan nan
nan nan nan nan
nan nan nan nan
nan nan nan nan
nan nan nan nan
nan nan nan nan
nan nan nan nan
nan nan nan nan
-0.04280483 0.040975574 -0.99824286 0
nan nan nan nan
0.090734497 -0.060561065 0.99403191 7.6620308e-05
0.027255027 -0.02346964 0.99935305 0
-0.15121476 0.13026452 -0.97988021 0
-0.14116541 0.084190547 -0.98639971 2.6632688e-05
-0.21091378 0.16845363 -0.96288037 0
0.18411338 -0.10051662 0.97775191 0.00015254154
nan nan nan nan
nan nan nan nan
nan nan nan nan
nan nan nan nan
nan nan nan nan
nan nan nan nan
nan nan nan nan
nan nan nan nan
-0.061195757 0.19378673 -0.97913319 0
nan nan nan nan
0.089981884 -0.060294021 0.99411666 4.6287081e-05
0.028774785 0.001158698 0.99958521 0
0.14060915 -0.07002759 0.98758554 0
0.1167828 -0.013884966 0.99306035 0
-0.20035888 0.16087896 -0.96642345 0
0.0030029651 -0.040738512 0.99916524 0
nan nan nan nan
nan nan nan nan
nan nan nan nan
nan nan nan nan
nan nan nan nan
nan nan nan nan
nan nan nan nan
nan nan nan nan
0.038432676 0.0048041069 0.99924964 0
nan nan nan nan
-0.098624475 0.08661855 -0.99134785 0
0.07413093 -0.038280781 0.99651355 0
-0.14837426 0.12145294 -0.9814449 0
0.13385257 -0.055609073 0.98943985 0
-0.19942999 0.16167988 -0.96648192 0.00019760063
0.15647246 -0.09262152 0.98332983 0
nan nan nan nan
nan nan nan nan
nan nan nan nan
nan nan nan nan
nan nan nan nan
nan nan nan nan
nan nan nan nan
nan nan nan nan
0.037578207 -0.015968926 0.99916607 0
nan nan nan nan
-0.096516669 0.082566172 -0.99190086 0
-0.064780518 0.056243517 0.99631321 0
-0.15049309 0.12835206 -0.98024368 4.8907263e-05
-0.13925512 0.080903389 -0.98694617 0
0.19596389 -0.16123177 0.96726549 6.2444575e-05
0.1769041 -0.10206978 0.97892118 1.6038051e-05
nan nan nan nan
nan nan nan nan
nan nan nan nan
nan nan nan nan
nan nan nan nan
nan nan nan nan
nan nan nan nan
nan nan nan nan
0.023048243 0.022832759 0.99947357 0
nan nan nan nan
-0.09584301 0.082177289 -0.99199849 0
-0.11451355 0.056767408 -0.99179846 0
0.14394264 -0.11423632 0.98297036 0
0.058708485 0.068914749 0.99589354 0
0.19504467 -0.16183037 0.96735126 0
0.17421819 -0.10228685 0.97938013 0.00012383207
nan nan nan nan
nan nan nan nan
nan nan nan nan
nan nan nan nan
nan nan nan nan
nan nan nan nan
nan nan nan nan
nan nan nan nan
-0.042599443 0.040017724 -0.99829054 0
nan nan nan nan
0.085861102 -0.050690994 0.99501669 3.0307036e-05
-0.080293216 0.045169774 -0.99574733 2.166501e-05
-0.14973074 0.12742519 -0.98048127 0
0.070641674 0.046474189 0.99641854 0
0.19141011 -0.16033249 0.96832621 0
0.16408066 -0.099653617 0.98140037 0.00013559732
nan nan nan nan
nan nan nan nan
nan nan nan nan
nan nan nan nan
nan nan nan nan
nan nan nan nan
nan nan nan nan
nan nan nan nan
-0.040311448 0.034782052 -0.99858153 5.1523016e-06
nan nan nan nan
-0.093347393 0.077366248 -0.99262321 0
-0.07668782 0.042930204 -0.99613047 0
0.14475092 -0.11543391 0.98271161 0.00010472303
-0.13973634 0.087185651 -0.98634297 2.1076656e-05
-0.20234704 0.16727521 -0.96492213 0
-0.21999438 0.11395536 -0.9688223 0
nan nan nan nan
nan nan nan nan
nan nan nan nan
nan nan nan nan
nan nan nan nan
nan nan nan nan
nan nan nan nan
nan nan nan nan
-0.040037084 0.034147155 -0.99861455 0
nan nan nan nan
0.069662355 0.11062282 0.991418 0
0.016064223 -0.024988931 0.99955869 0
0.14796518 -0.04041009 0.98816663 0
-0.14004603 0.087606937 -0.98626167 0
-0.20480943 0.17002404 -0.96392167 0
-0.28225133 0.13040322 -0.95043635 0
nan nan nan nan
nan nan nan nan
nan nan nan nan
nan nan nan nan
nan nan nan nan
nan nan nan nan
nan nan nan nan
nan nan nan nan
0.037408121 -0.023084478 0.99903345 0
nan nan nan nan
0.087267466 -0.011786561 0.99611515 0
0.027631758 -0.03790611 0.99889922 4.7349666e-05
-0.14521405 0.1238983 -0.98161203 6.8604568e-05
-0.57208627 0.7663464 -0.29228482 0
-0.19822888 0.16687165 -0.96584636 0
-0.20049717 0.11068317 -0.97342187 0
nan nan nan nan
nan nan nan nan
nan nan nan nan
nan nan nan nan
nan nan nan nan
nan nan nan nan
nan nan nan nan
nan nan nan nan
-0.042517152 0.048602037 -0.99791294 0
nan nan nan nan
-0.093532577 0.090576679 -0.9914875 0
0.053343754 -0.040571243 0.99775171 0
-0.14618008 0.12848651 -0.98087847 0
0.13048455 -0.062053289 0.98950654 5.3919131e-05
-0.20598437 0.17076944 -0.96353936 0
0.17800808 -0.10918074 0.97795331 0
nan nan nan nan
nan nan nan nan
nan nan nan nan
nan nan nan nan
nan nan nan nan
nan nan nan nan
nan nan nan nan
nan nan nan nan
-0.040320944 0.036629833 -0.99851507 0
nan nan nan nan
-0.095641896 0.099698789 -0.99041051 1.9511152e-05
nan nan nan nan
-0.1449901 0.12460946 -0.98155504 0.00010734692
0.10813372 0.30037263 0.94767261 0
-0.19419371 0.16762017 -0.96653622 0
0.17872192 -0.10902655 0.97784036 0.00017550241
nan nan nan nan
nan nan nan nan
nan nan nan nan
nan nan nan nan
nan nan nan nan
nan nan nan nan
nan nan nan nan
nan nan nan nan
-0.039717797 0.034398489 -0.99861866 0
nan nan nan nan
0.091529682 -0.075786583 0.99291426 0
nan nan nan nan
-0.1434399 0.12303072 -0.98198181 9.1164744e-05
0.13255599 -0.06933368 0.98874766 5.3106156e-05
-0.19277583 0.16713396 -0.96690416 1.7007142e-05
-0.19354585 0.11245964 -0.97462445 0.00016178691
nan nan nan nan
nan nan nan nan
nan nan nan nan
nan nan nan nan
nan nan nan nan
nan nan nan nan
nan nan nan nan
nan nan nan nan
-0.042964634 0.047782969 -0.99793327 0
0.0021601166 0.0043202103 0.99998838 0
0.089922667 -0.070562117 0.99344593 1.4193545e-05
nan nan nan nan
-0.1465455 0.1275086 -0.98095155 0
-0.13803969 0.085707225 -0.98671138 0
-0.19814248 0.17158358 -0.96503818 0
-0.19278225 0.11214023 -0.97481257 0
nan nan nan nan
nan nan nan nan
nan nan nan nan
nan nan nan nan
nan nan nan nan
nan nan nan nan
nan nan nan nan
nan nan nan nan
-0.052647784 0.10034575 -0.9935587 0
-0.050032273 0.025859375 0.99841273 0
0.088006631 -0.072568931 0.99347305 3.6070189e-05
nan nan nan nan
-0.14361392 0.12506841 -0.98169905 4.6688034e-05
-0.1358733 0.081216522 -0.98739159 0
-0.19302867 0.16834185 -0.96664423 0
0.17923091 -0.099979706 0.97871363 0.00011457393
nan nan nan nan
nan nan nan nan
nan nan nan nan
nan nan nan nan
nan nan nan nan
nan nan nan nan
nan nan nan nan
nan nan nan nan
0.038394894 -0.027545869 0.99888295 0
nan nan nan nan
-0.091753609 0.080869913 -0.99249244 0
nan nan nan nan
-0.14587204 0.12945135 -0.98079747 0
-0.1361953 0.083970286 -0.98711699 0
-0.19451357 0.17222418 -0.96566206 2.7288585e-05
-0.19233993 0.1129699 -0.97480416 8.7480286e-05
nan nan nan nan
nan nan nan nan
nan nan nan nan
nan nan nan nan
nan nan nan nan
nan nan nan nan
nan nan nan nan
nan nan nan nan
0.038894705 -0.025428113 0.99891973 1.5489295e-05
nan nan nan nan
-0.090651534 0.079543039 -0.99270093 0.00010814902
0.058440443 0.070128217 0.99582469 0
-0.14348318 0.12637447 -0.98155087 0
-0.13562755 0.083610199 -0.98722565 0
0.18905959 -0.16584897 0.96785879 3.48248e-05
0.18818909 -0.11108007 0.97583103 0
nan nan nan nan
nan nan nan nan
nan nan nan nan
nan nan nan nan
nan nan nan nan
nan nan nan nan
nan nan nan nan
nan nan nan nan
0.039084353 -0.031288091 0.99874598 0
nan nan nan nan
-0.09171363 0.082292177 -0.99237925 3.9008282e-05
0.066399336 -0.00095166167 0.99779266 5.1215426e-05
-0.14313594 0.13070422 -0.9810344 0
-0.13762447 0.091007113 -0.98629475 0
-0.19818363 0.18041205 -0.96341825 0
-0.19689836 0.11948967 -0.97311521 0
nan nan nan nan
nan nan nan nan
nan nan nan nan
nan nan nan nan
nan nan nan nan
nan nan nan nan
nan nan nan nan
nan nan nan nan
-0.040529568 0.04714483 -0.99806547 0
nan nan nan nan
0.086117804 -0.053838771 0.99482924 2.9112514e-05
0.056320336 0.034066908 0.9978314 0
0.13816202 -0.12460463 0.98254007 0
0.13188578 -0.075394794 0.98839349 0.00011857504
-0.20200896 0.18684009 -0.96139646 0
0.19041066 -0.11374211 0.97509307 0.00015526087
nan nan nan nan
nan nan nan nan
nan nan nan nan
nan nan nan nan
nan nan nan nan
nan nan nan nan
nan nan nan nan
nan nan nan nan
0.029321993 0.012111163 0.99949664 0
nan nan nan nan
0.085611783 -0.05760096 0.99466211 0
-0.094137833 0.087641589 -0.99169403 0
-0.14015645 0.1268561 -0.9819693 0
-0.13378245 0.083094165 -0.98752093 4.9959635e-05
-0.1901269 0.17107432 -0.96673954 5.9279337e-05
0.18795972 -0.11111376 0.97587132 0
nan nan nan nan
nan nan nan nan
nan nan nan nan
nan nan nan nan
nan nan nan nan
nan nan nan nan
nan nan nan nan
nan nan nan nan
-0.039361488 0.038216569 -0.99849397 0
nan nan nan nan
0.089120947 -0.071758762 0.99343252 5.0202885e-05
-0.092356846 0.075594626 -0.99285227 0
-0.14107063 0.12795268 -0.98169607 3.3440228e-05
0.1317022 -0.073089339 0.98859113 0
0.16906315 -0.14669386 0.97462744 0.0001787963
-0.19127199 0.11664738 -0.97458118 0
nan nan nan nan
nan nan nan nan
nan nan nan nan
nan nan nan nan
nan nan nan nan
nan nan nan nan
nan nan nan nan
nan nan nan nan
0.032124039 -0.011778798 0.9994145 0
nan nan nan nan
0.089296788 -0.080151401 0.99277484 1.6526092e-05
0.072889052 -0.041320294 0.99648368 0
-0.14527775 0.12979296 -0.9808405 0
-0.1345547 0.087359175 -0.98704785 0
-0.20981769 0.19843325 -0.95739275 0
-0.19194755 0.12079616 -0.97394276 6.9688256e-05
nan nan nan nan
nan nan nan nan
nan nan nan nan
nan nan nan nan
nan nan nan nan
nan nan nan nan
nan nan nan nan
0.040227596 -0.024652407 -0.99888635 2.3137542e-05
-0.038603432 0.036060672 -0.99860376 0
nan nan nan nan
-0.090304285 0.085713461 -0.99221885 0
0.07263682 -0.035705995 0.99671912 1.4053189e-05
-0.13637374 0.13017009 -0.98206818 2.7907905e-05
0.11021255 -0.0189359 0.99372768 0
0.18301322 -0.16897137 0.96848077 0
0.18105145 -0.10724261 0.97760904 7.2484334e-05
nan nan nan nan
nan nan nan nan
nan nan nan nan
nan nan nan nan
nan nan nan nan
nan nan nan nan
nan nan nan nan
nan nan nan nan
0.031034458 -0.0099468883 0.9994688 0
nan nan nan nan
0.08322081 -0.065309934 0.9943887 6.5924942e-05
0.059883434 0.004172931 0.99819666 0
-0.14119166 0.12964742 -0.98145628 0
0.12064552 -0.057372428 0.99103636 0
-0.18886736 0.17624083 -0.96605808 0
-0.19277109 0.12336098 -0.97345847 0
nan nan nan nan
nan nan nan nan
nan nan nan nan
nan nan nan nan
nan nan nan nan
nan nan nan nan
nan nan nan nan
nan nan nan nan
0.01502296 0.071941741 0.99729562 0
nan nan nan nan
0.087629914 -0.07517495 0.99331242 2.3848192e-05
-0.098588973 0.18206389 -0.97833174 0
-0.14119166 0.12964742 -0.98145628 0
-0.13172591 0.082497947 -0.98784739 0
0.172521 -0.16094704 0.97176772 0
0.18179876 -0.10810896 0.97737485 0
nan nan nan nan
nan nan nan nan
nan nan nan nan
nan nan nan nan
nan nan nan nan
nan nan nan nan
nan nan nan nan
nan nan nan nan
-0.038756382 0.039413117 -0.99847114 0
nan nan nan nan
-0.091308609 0.10123403 -0.99066353 0
0.072459653 -0.040034927 0.99656749 0
-0.13555649 0.13175279 -0.98197031 0
0.12842715 -0.0753778 0.98885018 9.1015092e-05
-0.19969054 0.1943301 -0.96039551 0
-0.1910716 0.12890613 -0.97307497 0
nan nan nan nan
nan nan nan nan
nan nan nan nan
nan nan nan nan
nan nan nan nan
nan nan nan nan
nan nan nan nan
nan nan nan nan
-0.045316484 0.068685561 -0.99660861 0
nan nan nan nan
-0.089449801 0.089343779 -0.99197608 0
-0.08025559 0.14617978 -0.9859972 0
nan nan nan nan
-0.1355205 0.10065462 -0.98564851 3.2411623e-05
0.18207629 -0.17137188 0.96823549 3.1081881e-06
-0.19247109 0.14067729 -0.97116667 7.5308235e-05
nan nan nan nan
nan nan nan nan
nan nan nan nan
nan nan nan nan
nan nan nan nan
nan nan nan nan
nan nan nan nan
nan nan nan nan
0.030886352 -0.014618708 0.99941605 0
nan nan nan nan
-0.088809267 0.08960072 -0.99201041 0
0.03166252 0.25929055 0.96528018 0
0.13012949 -0.12673998 0.98336327 0.00025081821
0.12840201 -0.078033641 0.98864734 5.9598744e-05
-0.20309795 0.2032996 -0.95782071 0
0.18760949 -0.11535823 0.97544611 0
nan nan nan nan
nan nan nan nan
nan nan nan nan
nan nan nan nan
nan nan nan nan
nan nan nan nan
nan nan nan nan
nan nan nan nan
-0.037920728 0.03598009 -0.99863279 0
nan nan nan nan
-0.091020912 0.094959319 -0.99131125 0
0.072240613 -0.04633119 0.99631053 0
0.13012949 -0.12673998 0.98336327 0.00025081821
-0.14222179 0.11845054 -0.98272192 0
-0.19439122 0.19043031 -0.96226209 0.00018356732
-0.18785122 0.13429086 -0.9729737 0.00011230044
nan nan nan nan
nan nan nan nan
nan nan nan nan
nan nan nan nan
nan nan nan nan
nan nan nan nan
nan nan nan nan
nan nan nan nan
0.037430745 -0.034091808 0.99871755 0
nan nan nan nan
-0.088104539 0.088532299 -0.99216908 0
0.071153536 -0.043386523 0.99652135 0
-0.13934694 0.13732195 -0.98067594 0
-0.13015425 0.084173389 -0.98791432 0
-0.20934109 0.20973603 -0.95508492 0
-0.19093785 0.14740868 -0.97047073 0
nan nan nan nan
nan nan nan nan
nan nan nan nan
nan nan nan nan
nan nan nan nan
nan nan nan nan
nan nan nan nan
nan nan nan nan
0.037461609 -0.033782832 0.9987269 2.4777162e-05
nan nan nan nan
-0.086591668 0.083923526 -0.99270272 0
0.071571931 -0.044497002 0.99644238 0
-0.13919483 0.13724184 -0.98070866 9.2192844e-05
-0.13317226 0.12351087 -0.98336673 0
-0.18855916 0.18556908 -0.96437001 7.9438076e-05
0.17118411 -0.042795487 0.98430914 0
nan nan nan nan
nan nan nan nan
nan nan nan nan
nan nan nan nan
nan nan nan nan
nan nan nan nan
nan nan nan nan
nan nan nan nan
-0.037275754 0.036869481 -0.99862462 0
nan nan nan nan
-0.087642789 0.088825785 -0.9921838 0
0.071621977 -0.046842966 0.99633127 3.5777073e-05
0.10848767 -0.10409302 0.98863292 2.9937872e-05
-0.13288884 0.095654979 -0.98650432 1.3488938e-05
-0.21080033 0.20955659 -0.95480323 0
-0.18949747 0.14440267 -0.9712047 0
nan nan nan nan
nan nan nan nan
nan nan nan nan
nan nan nan nan
nan nan nan nan
nan nan nan nan
nan nan nan nan
nan nan nan nan
0.03817708 -0.027985819 0.99887908 0
nan nan nan nan
-0.088619687 0.095715329 -0.99145609 0
0.071223244 -0.044653855 0.99646032 0
0.12984565 -0.12652956 0.98342782 0
-0.13014352 0.088878356 -0.98750353 5.8853318e-05
-0.19575964 0.19670989 -0.96072024 0
0.1442413 0.21678184 0.96550512 0
nan nan nan nan
nan nan nan nan
nan nan nan nan
nan nan nan nan
nan nan nan nan
nan nan nan nan
nan nan nan nan
nan nan nan nan
-0.036886591 0.053631142 -0.99787933 0
nan nan nan nan
0.085628688 -0.082532033 0.99290293 7.1137976e-05
-0.075065918 0.061770424 -0.99526352 0
-0.13454114 0.1344604 -0.9817428 6.2018822e-05
0.12303673 -0.076955639 0.9894138 0.00016025723
-0.18544467 0.18465716 -0.96514863 8.1952036e-05
0.08694908 0.56182563 0.8226735 0
nan nan nan nan
nan nan nan nan
nan nan nan nan
nan nan nan nan
nan nan nan nan
nan nan nan nan
nan nan nan nan
nan nan nan nan
0.036499899 -0.032315798 0.99881095 0
nan nan nan nan
0.084768303 -0.079988591 0.9931848 7.1014683e-06
-0.073086381 0.053290281 -0.99590087 0
-0.13167527 0.13627166 -0.98188168 0.00017292889
-0.13167253 0.093436599 -0.98687989 0
-0.18358847 0.18428549 -0.9655745 1.8893852e-05
0.1842339 -0.11075494 0.97662228 0.00018216817
nan nan nan nan
nan nan nan nan
nan nan nan nan
nan nan nan nan
nan nan nan nan
nan nan nan nan
nan nan nan nan
nan nan nan nan
0.035830889 -0.031513784 0.9988609 0
nan nan nan nan
-0.085663006 0.088292681 -0.99240428 5.3490876e-06
-0.073221609 0.053162314 -0.99589777 0
0.12227414 -0.13842969 0.98279512 5.4171225e-05
-0.12849826 0.088099703 -0.98778874 0
-0.21472363 0.20492795 -0.95493364 2.3891202e-05
-0.18495201 0.12730996 -0.97446644 0.00011615076
nan nan nan nan
nan nan nan nan
nan nan nan nan
nan nan nan nan
nan nan nan nan
nan nan nan nan
nan nan nan nan
nan nan nan nan
0.035009097 -0.029993298 0.99893689 0
nan nan nan nan
-0.085210375 0.089389727 -0.99234504 1.6639164e-05
-0.072791532 0.055934511 -0.99577743 0
0.11630952 -0.13861966 0.98349202 0
-0.13185661 0.1090582 -0.98525131 1.2713784e-05
-0.17956486 0.18291099 -0.96659195 0
-0.18665971 0.1387997 -0.97257018 2.6243028e-05
nan nan nan nan
nan nan nan nan
nan nan nan nan
nan nan nan nan
nan nan nan nan
nan nan nan nan
nan nan nan nan
nan nan nan nan
-0.040128101 0.051871151 -0.99784726 0
nan nan nan nan
-0.085092105 0.091717757 -0.99214274 0
-0.071697801 0.053226009 -0.99600518 0
0.12933096 -0.13535038 0.98232067 4.1868007e-05
-0.130622 0.098347977 -0.98654222 0
0.17652537 -0.1806999 0.96756721 0
0.16494599 -0.073581532 0.98355407 0.00015439065
nan nan nan nan
nan nan nan nan
nan nan nan nan
nan nan nan nan
nan nan nan nan
nan nan nan nan
nan nan nan nan
nan nan nan nan
0.035014648 -0.032905318 0.99884492 0
nan nan nan nan
-0.08467108 0.08793053 -0.99252158 1.9579535e-05
0.067667075 -0.041641597 0.99683863 4.403423e-05
0.12951894 -0.13443322 0.98242182 0
-0.12792125 0.09079697 -0.9876194 0
-0.17725076 0.18318339 -0.96696752 0.00012971413
-0.21379142 0.22164471 -0.95140266 0.0001496394
nan nan nan nan
nan nan nan nan
nan nan nan nan
nan nan nan nan
nan nan nan nan
nan nan nan nan
nan nan nan nan
nan nan nan nan
0.035793543 -0.034880988 0.99875033 0
nan nan nan nan
-0.085359976 0.094840348 -0.99182606 0
0.070243374 -0.047726605 0.99638748 0
-0.13430808 0.14481965 -0.98030031 0
0.12436914 -0.086206689 0.98848408 0.00011113547
-0.17965087 0.18688899 -0.96581477 0
-0.19538046 0.16031839 -0.96753532 0
nan nan nan nan
nan nan nan nan
nan nan nan nan
nan nan nan nan
nan nan nan nan
nan nan nan nan
nan nan nan nan
nan nan nan nan
0.035892528 -0.035896078 0.99871087 6.3378525e-06
-0.01435064 0.010229534 -0.99984467 0
-0.084745407 0.088481903 -0.99246627 0
0.069170497 -0.03702521 0.99691749 3.0714666e-05
0.131082 -0.12247573 0.98377699 0
-0.12659748 0.089380324 -0.98791909 0
-0.18693051 0.1941735 -0.96299201 0
-0.2813693 0.34516382 -0.89537323 0
nan nan nan nan
nan nan nan nan
nan nan nan nan
nan nan nan nan
nan nan nan nan
nan nan nan nan
nan nan nan nan
nan nan nan nan
-0.03605786 0.037439335 -0.99864811 0
-0.01435064 0.010229534 -0.99984467 0
-0.088339411 0.10383593 -0.99066347 0
0.062645935 -0.019200211 0.99785113 0
0.13178331 -0.080470726 0.98800683 0.00010743264
-0.12858167 0.10244863 -0.98639297 0
-0.17895347 0.18858008 -0.96561545 0
-0.18946478 0.15079734 -0.97023875 0
nan nan nan nan
nan nan nan nan
nan nan nan nan
nan nan nan nan
nan nan nan nan
nan nan nan nan
nan nan nan nan
nan nan nan nan
0.035412781 -0.010308511 0.99931955 0
0.014048917 -0.0098250313 0.99985296 0
-0.1071443 0.083949685 -0.99069291 0
-0.081617616 0.10385362 -0.99123806 0
0.13338856 -0.091500662 0.98683083 0.00019082181
-0.12931761 0.10239722 -0.98630208 0
-0.17834756 0.18862858 -0.96571803 1.0305954e-05
-0.18790999 0.14721152 -0.97109145 0
nan nan nan nan
nan nan nan nan
nan nan nan nan
nan nan nan nan
nan nan nan nan
nan nan nan nan
nan nan nan nan
nan nan nan nan
-0.036350623 0.057596631 -0.99767798 0
0.013727752 -0.0082103107 0.99987209 0
-0.083668984 0.088973612 -0.99251354 1.6466316e-05
-0.10873303 0.24070676 -0.96448821 0
-0.13236347 0.20410445 -0.96995944 0
0.1245796 -0.089403704 0.98817354 2.5112447e-05
-0.17972817 0.19139701 -0.964917 0
0.17648867 -0.12075603 0.97686726 0.00011613771
nan nan nan nan
nan nan nan nan
nan nan nan nan
nan nan nan nan
nan nan nan nan
nan nan nan nan
nan nan nan nan
nan nan nan nan
-0.038286969 0.067223467 -0.99700308 0
0.013796912 -0.0083187334 0.99987018 0
-0.085383423 0.088473238 -0.99241227 6.1572646e-05
-0.070914 0.055413831 -0.995942 0
nan nan nan nan
-0.16121888 0.22277698 -0.96144623 0
-0.18034819 0.19142261 -0.96479636 0
0.17850809 -0.1268473 0.97572768 3.4859375e-05
nan nan nan nan
nan nan nan nan
nan nan nan nan
nan nan nan nan
nan nan nan nan
nan nan nan nan
nan nan nan nan
nan nan nan nan
-0.037289836 0.046961106 -0.99820054 0
-0.014103555 0.010683294 -0.99984348 0
-0.085383423 0.088473238 -0.99241227 6.1572646e-05
-0.074922882 0.068228684 -0.99485248 0
0.12967454 -0.12662849 0.98343766 0
0.084488481 0.026236566 0.99607897 0
-0.17219155 0.18901183 -0.96675986 6.0885028e-05
-0.18214068 0.13725206 -0.9736461 0
nan nan nan nan
nan nan nan nan
nan nan nan nan
nan nan nan nan
nan nan nan nan
nan nan nan nan
nan nan nan nan
nan nan nan nan
0.030570695 -0.020419521 0.99932408 0
-0.014770985 0.012947407 -0.99980706 0
-0.08261846 0.091220304 -0.99239767 0
-0.072564974 0.061527647 -0.99546403 2.9573139e-05
0.12714964 -0.11380353 0.98533326 0
0.11116645 -0.049420767 0.99257225 6.9430855e-05
-0.17220382 0.18945879 -0.96667016 0
-0.18331259 0.1401352 -0.97301525 0
nan nan nan nan
nan nan nan nan
nan nan nan nan
nan nan nan nan
nan nan nan nan
nan nan nan nan
nan nan nan nan
nan nan nan nan
0.03294725 -0.025980255 0.99911934 0
-0.014202023 0.012408092 -0.9998222 0
-0.081772618 0.090260349 -0.99255538 2.2480101e-06
-0.069528468 0.051833842 -0.99623245 0
-0.12876496 0.14187543 -0.9814738 0
-0.15118995 0.18230054 -0.97154933 0
-0.17278147 0.19161369 -0.96614218 6.9942645e-05
-0.18694939 0.15123717 -0.97065812 0.00011620083
nan nan nan nan
nan nan nan nan
nan nan nan nan
nan nan nan nan
nan nan nan nan
nan nan nan nan
nan nan nan nan
nan nan nan nan
0.033049807 -0.016457457 0.99931818 0
0.012947014 -0.0041081868 0.99990773 0
-0.083155118 0.092159964 -0.992266 3.6026977e-05
0.067338444 -0.046566162 0.99664295 3.900121e-05
-0.12822323 0.14163435 -0.9815796 0
0.11193931 -0.043965653 0.99274194 0
-0.17367363 0.19336501 -0.96563309 0
-0.17909345 0.13584143 -0.97440892 0
nan nan nan nan
nan nan nan nan
nan nan nan nan
nan nan nan nan
nan nan nan nan
nan nan nan nan
nan nan nan nan
nan nan nan nan
-0.034987736 0.044457201 -0.99839842 0
-0.013880928 0.010450284 -0.99984908 0
0.078526877 -0.087329835 0.99307954 7.5428718e-05
-0.072396398 0.062505461 -0.99541539 0
-0.13296227 0.14343034 -0.98068786 3.8376293e-05
-0.14599721 0.21235912 -0.96622378 0
-0.17163998 0.19117323 -0.96643281 0
-0.18618628 0.15360335 -0.97043318 0
nan nan nan nan
nan nan nan nan
nan nan nan nan
nan nan nan nan
nan nan nan nan
nan nan nan nan
nan nan nan nan
nan nan nan nan
0.034382463 -0.035381652 0.99878228 0
0.013730939 0.027461879 0.99952859 0
0.079619914 -0.089006156 0.99284375 0
0.067407928 -0.047851667 0.99657732 0
-0.12377653 0.14262077 -0.9820075 2.6497724e-05
0.10987941 -0.042228792 0.99304742 7.7193865e-05
-0.17176959 0.19384408 -0.96587765 7.856806e-05
0.17402351 -0.12621762 0.97661906 0
nan nan nan nan
nan nan nan nan
nan nan nan nan
nan nan nan nan
nan nan nan nan
nan nan nan nan
nan nan nan nan
nan nan nan nan
-0.038022768 0.082032256 -0.99590409 0
0.013067898 -0.005807946 0.99989772 0
-0.082053907 0.092192739 -0.99235457 0
0.065673061 -0.043468244 0.99689394 3.265815e-05
nan nan nan nan
-0.12371924 0.096801735 -0.98758441 0
0.16647308 -0.17748414 0.96994126 3.8807473e-05
-0.17794564 0.13877015 -0.97420645 0
nan nan nan nan
nan nan nan nan
nan nan nan nan
nan nan nan nan
nan nan nan nan
nan nan nan nan
nan nan nan nan
nan nan nan nan
-0.036113549 0.051876891 -0.9980002 0
0.011211098 -0.0019083155 0.99993533 0
-0.11301091 0.11938004 -0.98639596 0
0.065445788 -0.016237048 0.997724 0
nan nan nan nan
0.11823975 -0.075468808 0.99011302 0
-0.16990519 0.19348861 -0.96627861 0
-0.20625891 0.19927801 -0.95799035 0
nan nan nan nan
nan nan nan nan
nan nan nan nan
nan nan nan nan
nan nan nan nan
nan nan nan nan
nan nan nan nan
nan nan nan nan
-0.034447838 0.040137537 -0.99860013 0
0.013518267 -0.00022161042 0.99990857 0
-0.19101629 0.18301427 -0.96437466 0
-0.06863638 0.054898027 -0.99613017 0
0.12090681 -0.14202692 0.98245102 0.00046939997
-0.12261371 0.094667479 -0.98792911 1.2840436e-05
-0.16942775 0.19471705 -0.96611565 0.00020654401
-0.18387751 0.15065782 -0.97133476 0
nan nan nan nan
nan nan nan nan
nan nan nan nan
nan nan nan nan
nan nan nan nan
nan nan nan nan
nan nan nan nan
nan nan nan nan
-0.034366127 0.040261623 -0.99859798 0
-0.01385357 0.012418838 -0.99982691 0
-0.084954008 0.099834174 -0.99137074 0
0.06761755 -0.05276968 0.99631488 0
-0.12320599 0.14307489 -0.98201323 0
-0.12473315 0.10326628 -0.98680174 2.2529479e-05
-0.17266861 0.20119675 -0.96421236 0.00011155815
-0.17891948 0.14517248 -0.9730944 0
nan nan nan nan
nan nan nan nan
nan nan nan nan
nan nan nan nan
nan nan nan nan
nan nan nan nan
nan nan nan nan
nan nan nan nan
-0.033940777 0.039299849 -0.99865091 0
-0.013695987 0.011314071 -0.99984217 0
0.080450475 -0.058572076 0.99503618 0
0.066467896 -0.050052676 0.99653238 2.9419391e-05
-0.12573773 0.14620239 -0.98123133 0
0.12100283 -0.094370708 0.98815602 0
0.16470665 -0.19092526 0.96768761 0
0.16960216 -0.12956779 0.97695816 0.00011834721
nan nan nan nan
nan nan nan nan
nan nan nan nan
nan nan nan nan
nan nan nan nan
nan nan nan nan
nan nan nan nan
nan nan nan nan
-0.034834027 0.040763222 -0.99856144 0
-0.013742805 0.011074892 -0.99984419 0
0.080929503 -0.0042594625 0.99671078 0
0.067057453 -0.051671822 0.99641019 1.2093483e-05
-0.12353211 0.14591533 -0.98155415 0
0.11280704 -0.082591124 0.99017847 0
0.14868268 -0.17403376 0.97345042 0
-0.17516281 0.13949171 -0.97460765 0
nan nan nan nan
nan nan nan nan
nan nan nan nan
nan nan nan nan
nan nan nan nan
nan nan nan nan
nan nan nan nan
nan nan nan nan
0.033254299 -0.038494769 0.99870527 8.250297e-07
0.013464246 -0.010719009 0.99985188 0
-0.042968906 0.55501366 0.83073062 0
-0.068998344 0.089697853 -0.99357611 0
-0.12289964 0.1446479 -0.98182112 3.6445959e-05
-0.12946343 0.11126859 -0.98532158 0
-0.16676024 0.19676797 -0.96616423 0
-0.17483491 0.14149943 -0.9743771 0.0001300142
nan nan nan nan
nan nan nan nan
nan nan nan nan
nan nan nan nan
nan nan nan nan
nan nan nan nan
nan nan nan nan
nan nan nan nan
-0.033863734 0.041223153 -0.99857587 0
0.013496037 -0.010622088 0.99985248 0
-0.077913776 0.10791785 -0.99110198 0
-0.067969576 0.061644658 -0.99578112 1.837823e-05
-0.1226347 0.14582211 -0.98168051 0.00022549226
-0.12080935 0.09791106 -0.98783529 2.4333436e-05
-0.16384958 0.19528769 -0.96696228 0
-0.1766872 0.14595632 -0.97338498 2.7573627e-05
nan nan nan nan
nan nan nan nan
nan nan nan nan
nan nan nan nan
nan nan nan nan
nan nan nan nan
nan nan nan nan
nan nan nan nan
-0.033240162 0.039940599 -0.998649 7.2513835e-06
-0.013473033 0.011688179 -0.99984086 0
0.077552937 -0.091808639 0.99275208 6.4380489e-05
0.064787522 -0.04726167 0.99677926 0
-0.12832044 0.14828983 -0.98058343 0
-0.12293998 0.10556947 -0.98678303 1.9175528e-05
-0.16835006 0.20105805 -0.96500456 3.300251e-05
-0.17576721 0.14505163 -0.97368681 0
nan nan nan nan
nan nan nan nan
nan nan nan nan
nan nan nan nan
nan nan nan nan
nan nan nan nan
nan nan nan nan
nan nan nan nan
-0.034482691 0.041929588 -0.99852526 0
0.013324539 -0.0088098841 0.99987239 0
-0.080982551 0.10129765 -0.99155468 0.00010660477
0.065587416 -0.05091583 0.99654692 0
-0.14037736 0.15117936 -0.97848809 6.2873172e-05
0.11829554 -0.091479689 0.98875552 7.1657516e-05
-0.17629306 0.20751406 -0.96221554 5.2382409e-05
-0.17358206 0.14361398 -0.97429168 0
nan nan nan nan
nan nan nan nan
nan nan nan nan
nan nan nan nan
nan nan nan nan
nan nan nan nan
nan nan nan nan
nan nan nan nan
-0.067377076 0.065197207 -0.9955951 0
0.01318545 -0.0093574161 0.99986923 0
0.074321538 -0.082320519 0.9938308 3.1375326e-05
0.06480401 -0.048748955 0.99670655 2.9828429e-05
0.11702953 -0.14710718 0.98217291 0
-0.12117224 0.10465217 -0.98709935 0
0.15841621 -0.19630569 0.96766132 0.00013260391
-0.17552707 0.14577919 -0.97362149 3.5103334e-05
nan nan nan nan
nan nan nan nan
nan nan nan nan
nan nan nan nan
nan nan nan nan
nan nan nan nan
nan nan nan nan
nan nan nan nan
nan nan nan nan
0.013312735 -0.0061391727 0.99989253 0
0.072071627 -0.06934122 0.99498618 9.6006086e-05
-0.070137016 0.080511875 -0.99428302 0
0.064456083 -0.15426661 0.98592454 3.85204e-05
-0.12139996 0.10453767 -0.98708355 1.4307745e-05
-0.16898742 0.20415051 -0.96424359 0
-0.17789342 0.14631774 -0.97311109 0
nan nan nan nan
nan nan nan nan
nan nan nan nan
nan nan nan nan
nan nan nan nan
nan nan nan nan
nan nan nan nan
nan nan nan nan
nan nan nan nan
0.013273148 -0.011023833 0.99985111 0
nan nan nan nan
0.064467676 -0.048820097 0.9967249 1.2257196e-05
0.073369868 -0.15475108 0.98522532 5.6743229e-05
-0.12446608 0.11875454 -0.98509169 8.3390951e-06
-0.16533369 0.20295274 -0.96512944 0
-0.17431663 0.14585425 -0.9738276 0
nan nan nan nan
nan nan nan nan
nan nan nan nan
nan nan nan nan
nan nan nan nan
nan nan nan nan
nan nan nan nan
nan nan nan nan
nan nan nan nan
-0.013455753 0.012543501 -0.99983078 0
nan nan nan nan
-0.068763264 0.065160036 -0.99550277 0
-0.12369078 0.14800145 -0.98122174 0
-0.11827601 0.099945918 -0.98793805 3.9830771e-05
0.1592498 -0.19841465 0.96709418 0
0.16682969 -0.14413983 0.97539306 2.8490516e-05
nan nan nan nan
nan nan nan nan
nan nan nan nan
nan nan nan nan
nan nan nan nan
nan nan nan nan
nan nan nan nan
nan nan nan nan
-0.15402947 0.0045247823 -0.98805588 0
0.013163706 -0.010789277 0.9998551 0
nan nan nan nan
0.065549441 -0.054125052 0.99638039 0
-0.70350659 -0.12732178 0.69919086 0
-0.11868802 0.10174415 -0.98770505 0
-0.15979826 0.19991724 -0.96669418 0.0001628952
-0.1801791 0.15136282 -0.97191811 0
nan nan nan nan
nan nan nan nan
nan nan nan nan
nan nan nan nan
nan nan nan nan
nan nan nan nan
nan nan nan nan
nan nan nan nan
-0.032891281 0.040754508 -0.99862766 4.3754426e-06
0.013216564 -0.010475175 0.99985778 0
-0.074985899 0.0993343 -0.99222469 0
-0.066252798 0.058697615 -0.99607491 0
0.10945778 -0.14699769 0.98306185 9.9415483e-06
-0.11912547 0.1093676 -0.98683733 0
0.15581529 -0.19676213 0.96799082 0
-0.16963799 0.14560471 -0.97469079 0
nan nan nan nan
nan nan nan nan
nan nan nan nan
nan nan nan nan
nan nan nan nan
nan nan nan nan
nan nan nan nan
nan nan nan nan
-0.032290176 0.041406076 -0.99862051 0
0.012893107 -0.0093910787 0.99987274 0
-0.074985899 0.0993343 -0.99222469 0
-0.089841157 0.13890223 -0.98622251 0
0.09165103 -0.13992846 0.98591083 0
-0.12189786 0.12775733 -0.98428601 0
0.15600435 -0.19784692 0.96773928 8.8271001e-05
0.16488269 -0.14547002 0.97552663 7.2558862e-05
nan nan nan nan
nan nan nan nan
nan nan nan nan
nan nan nan nan
nan nan nan nan
nan nan nan nan
nan nan nan nan
nan nan nan nan
-0.033368826 0.042026766 -0.99855912 0
0.012403724 -0.0090855341 0.9998818 0
-0.075126037 0.095933132 -0.9925487 2.6824655e-05
-0.074745275 0.099128038 -0.99226344 0
0.072495781 -0.12914693 0.98897195 3.1627944e-05
-0.1222128 0.12783146 -0.98423731 0
-0.1621522 0.20790787 -0.96461439 0.00010915557
0.16382916 -0.14653681 0.97554445 3.2364076e-06
nan nan nan nan
nan nan nan nan
nan nan nan nan
nan nan nan nan
nan nan nan nan
nan nan nan nan
nan nan nan nan
nan nan nan nan
-0.032231923 0.041205935 -0.99863064 0
0.012120602 -0.0072238981 0.9999004 0
-0.077010632 0.096134908 -0.99238479 4.7180249e-05
0.062439553 -0.049454305 0.99682271 0
0.10925351 -0.14567138 0.98328197 0
0.11661496 -0.10054909 0.9880743 0
-0.15852621 0.20409155 -0.96603107 1.8364932e-05
-0.17195107 0.1477567 -0.97396135 0
nan nan nan nan
nan nan nan nan
nan nan nan nan
nan nan nan nan
nan nan nan nan
nan nan nan nan
nan nan nan nan
nan nan nan nan
-0.032964814 0.04162037 -0.99858958 0
0.012263664 -0.0023846058 0.99992198 0
0.070221655 -0.096600339 0.99284297 2.0970268e-05
0.061765805 -0.048284091 0.99692208 2.7848953e-05
-0.12498119 0.15120278 -0.98057002 0
-0.11882817 0.11161362 -0.98662162 0
0.14967178 -0.1939427 0.96952808 0.00014475601
0.11687725 -0.168346 0.97877437 0
nan nan nan nan
nan nan nan nan
nan nan nan nan
nan nan nan nan
nan nan nan nan
nan nan nan nan
nan nan nan nan
nan nan nan nan
0.025066847 -0.039937727 0.99888772 1.5847787e-05
-0.0036540402 0.11023016 0.99389941 0
-0.089260213 0.09505216 -0.99146241 0
0.063516431 -0.053383771 0.99655199 0
0.10564979 -0.15208943 0.98270386 8.632891e-05
-0.11882817 0.11161362 -0.98662162 0
-0.16063002 0.208115 -0.96482444 0.00012866239
-0.034669213 -0.24242084 0.96955156 0
nan nan nan nan
nan nan nan nan
nan nan nan nan
nan nan nan nan
nan nan nan nan
nan nan nan nan
nan nan nan nan
nan nan nan nan
-0.037700552 0.041595966 -0.99842298 0
-0.013002676 0.012142894 -0.99984169 0
-0.21221879 0.10372103 -0.97170222 0
-0.065330267 0.065674163 -0.99570018 5.3333374e-06
0.078223526 -0.1442287 0.98644775 4.3478463e-05
-0.11659537 0.10749163 -0.98734546 0
-0.15600275 0.20544538 -0.96615493 0
-0.17471354 0.14855503 -0.9733482 2.1904565e-05
nan nan nan nan
nan nan nan nan
nan nan nan nan
nan nan nan nan
nan nan nan nan
nan nan nan nan
nan nan nan nan
nan nan nan nan
nan nan nan nan
0.012882069 -0.01137457 0.9998523 0
nan nan nan nan
-0.062621877 0.089236207 -0.99403995 0
0.10321023 -0.15203145 0.98297215 9.8016368e-05
0.1151807 -0.10212682 0.98808074 0
-0.15430348 0.20534654 -0.96644866 7.7098346e-05
-0.16443761 0.1516414 -0.97466153 8.4123203e-05
nan nan nan nan
nan nan nan nan
nan nan nan nan
nan nan nan nan
nan nan nan nan
nan nan nan nan
nan nan nan nan
nan nan nan nan
nan nan nan nan
-0.012906728 0.011666051 -0.99984866 0
-0.075711317 0.10358306 -0.99173498 0
-0.064513214 0.061373424 -0.99602783 1.6999029e-05
-0.071573466 -0.17035413 0.9827801 0
-0.14407052 0.21254157 -0.9664728 0
-0.1559819 0.20884462 -0.96542919 0
0.15917669 -0.15338404 0.97526211 0
nan nan nan nan
nan nan nan nan
nan nan nan nan
nan nan nan nan
nan nan nan nan
nan nan nan nan
nan nan nan nan
nan nan nan nan
nan nan nan nan
-0.013304929 0.014021241 -0.9998132 0
0.059873167 -0.075802714 0.99532366 0
0.063389584 -0.055325229 0.99645412 0
-0.11765923 0.15498543 -0.98088521 0
0.10900261 -0.090207681 0.98993993 6.3392741e-05
-0.15561293 0.20989652 -0.96526057 0
-0.16677928 0.15158002 -0.97427309 9.8471035e-05
nan nan nan nan
nan nan nan nan
nan nan nan nan
nan nan nan nan
nan nan nan nan
nan nan nan nan
nan nan nan nan
nan nan nan nan
nan nan nan nan
0.010416052 -0.0020831635 0.99994355 0
0.071295075 -0.093393534 0.9930734 5.3950839e-06
-0.064160913 0.060064495 -0.99613029 0
-0.12208182 0.15800712 -0.97986203 0
-0.1169655 0.11188638 -0.98681325 0
-0.15322186 0.20744169 -0.96617341 0
-0.16947611 0.15134077 -0.97384483 0
nan nan nan nan
nan nan nan nan
nan nan nan nan
nan nan nan nan
nan nan nan nan
nan nan nan nan
nan nan nan nan
nan nan nan nan
nan nan nan nan
0.011204368 -0.004481771 0.99992716 0
0.085053936 -0.034348011 0.99578422 0
-0.063389659 0.058874581 -0.99625081 2.6253989e-05
-0.12376437 0.15923631 -0.97945195 1.6762979e-05
-0.11339061 0.10442321 -0.98804772 0
-0.15371293 0.20992003 -0.96555996 0
-0.12009353 -0.17965242 0.97637212 0
nan nan nan nan
nan nan nan nan
nan nan nan nan
nan nan nan nan
nan nan nan nan
nan nan nan nan
nan nan nan nan
nan nan nan nan
nan nan nan nan
-0.017638143 0.041754048 -0.9989723 0
-0.074936144 0.12442093 -0.98939574 0
-0.067769371 0.99339813 0.092560686 0
-0.11146016 0.15361281 -0.9818247 0
-0.11594041 0.11138894 -0.98699057 0
-0.15196891 0.20912851 -0.96600765 0
-0.29460931 0.13698341 -0.94574887 0
nan nan nan nan
nan nan nan nan
nan nan nan nan
nan nan nan nan
nan nan nan nan
nan nan nan nan
nan nan nan nan
nan nan nan nan
nan nan nan nan
0.012114317 -0.0084800338 0.99989074 0
0.071194448 -0.09631449 0.99280149 2.0869964e-05
-0.063923009 0.084322564 -0.99438602 0
-0.11410091 0.15806121 -0.98081475 0
0.11016133 -0.097066887 0.9891625 0
-0.15022817 0.20875189 -0.96636128 0
-0.26708826 0.14030585 -0.95340347 0
nan nan nan nan
nan nan nan nan
nan nan nan nan
nan nan nan nan
nan nan nan nan
nan nan nan nan
nan nan nan nan
nan nan nan nan
nan nan nan nan
0.012577659 -0.010878309 0.99986172 0
-0.072743341 0.11203593 -0.99103808 0
0.062406462 -0.053180363 0.99663299 0
0.085136585 -0.10279452 0.99105251 0
-0.11409134 0.10980678 -0.98738325 2.5770536e-05
-0.14999869 0.2092979 -0.96627885 3.8786722e-05
-0.18708378 0.15590316 -0.96989375 0
nan nan nan nan
nan nan nan nan
-0.090794481 0.12639476 0.9878161 6.2924242e-05
nan nan nan nan
nan nan nan nan
nan nan nan nan
nan nan nan nan
nan nan nan nan
0.027473012 -0.040325839 0.99880886 8.998587e-06
0.012428171 -0.011296565 0.99985898 0
-0.075266749 0.13590209 -0.98785907 0
-0.063690834 0.064954862 -0.9958536 0
-0.27200457 0.43966404 -0.85598427 0
-0.1192486 0.11898638 -0.98570889 0
0.14653009 -0.20241454 0.96827543 3.9847131e-05
0.14707617 -0.15442891 0.97699553 0
nan nan nan nan
nan nan nan nan
nan nan nan nan
nan nan nan nan
nan nan nan nan
nan nan nan nan
nan nan nan nan
nan nan nan nan
nan nan nan nan
-0.012932461 0.013321138 -0.99982762 0
-0.099626526 0.20691662 -0.97327286 0
-0.063544802 0.06349837 -0.99595684 0
-0.10892113 0.15401211 -0.98204708 0
-0.12651919 0.12377245 -0.98421204 0
0.14489707 -0.20232473 0.96853989 0.00014763571
0.12213379 -0.14705326 0.98155928 0.00027100544
-0.12945034 0.23815432 0.96256179 0
nan nan nan nan
nan nan nan nan
nan nan nan nan
nan nan nan nan
nan nan nan nan
nan nan nan nan
nan nan nan nan
nan nan nan nan
-0.012850763 0.013114098 -0.99983138 0
-0.069928937 0.10165842 -0.99235851 2.9059333e-05
0.061351579 -0.05647663 0.99651712 0
0.10579018 -0.14991826 0.98302227 0
-0.11235686 0.10843644 -0.98773354 5.3101171e-06
-0.1478947 0.21080776 -0.96627492 0
-0.21628864 0.16132464 -0.96290892 3.454071e-05
-0.1357031 0.28924432 0.94758773 0
nan nan nan nan
nan nan nan nan
nan nan nan nan
nan nan nan nan
nan nan nan nan
nan nan nan nan
nan nan nan nan
nan nan nan nan
0.012479277 -0.011885026 0.99985141 0
-0.069306359 0.10149886 -0.99241853 0
-0.061950207 0.060689136 -0.99623239 0
-0.1359929 0.18513712 -0.97325748 0
-0.11767009 0.11148529 -0.98677492 0
-0.15146415 0.22151767 -0.96332157 0
0.1118305 -0.15419294 0.98169166 0.00011519931
-0.15127783 0.53076112 0.833911 0
nan nan nan nan
nan nan nan nan
nan nan nan nan
nan nan nan nan
nan nan nan nan
nan nan nan nan
nan nan nan nan
nan nan nan nan
0.012185638 -0.010165557 0.99987411 0
-0.081159063 0.12554199 -0.98876309 0
0.061242908 -0.059822105 0.99632859 7.6801489e-06
-0.112997 0.16132066 -0.98041177 5.8611949e-05
0.10461596 -0.11023463 0.98838443 3.1422464e-05
-0.14962633 0.21822041 -0.96436083 0
-0.17189351 0.15932643 -0.97214597 0.0001196848
0.11921838 -0.10527314 -0.98727131 0.00015342448
nan nan nan nan
-0.085581101 0.13488849 0.98715806 3.9765833e-05
nan nan nan nan
nan nan nan nan
nan nan nan nan
nan nan nan nan
nan nan nan nan
nan nan nan nan
-0.012960976 0.013995891 -0.99981809 0
-0.076074846 0.11485809 -0.99046469 0
-0.061496664 0.060417753 -0.99627697 0
0.098909654 -0.14811352 0.98401183 0.00016467777
-0.10864548 0.11053104 -0.98791653 4.2716533e-06
0.14393656 -0.20885445 0.96729624 0.00018853904
0.15381064 -0.1579517 0.97539401 2.7162134e-05
-0.12851098 0.24971071 0.95975488 0
nan nan nan nan
-0.087301277 0.13074163 0.98756522 3.0614567e-05
nan nan nan nan
nan nan nan nan
nan nan nan nan
nan nan nan nan
nan nan nan nan
0.020480275 -0.034541361 0.99919337 0
0.012165537 -0.0091215521 0.99988443 0
0.068537191 -0.098532006 0.99277091 0
0.060213391 -0.057935327 0.99650288 0
0.0316578 -0.10093843 0.99438888 0.00018467561
-0.10864548 0.11053104 -0.98791653 4.2716533e-06
-0.14679213 0.21587412 -0.96532398 2.0254396e-05
0.047331516 -0.12838407 0.99059439 0.00027615507
-0.13161592 0.27871609 0.95131207 0
nan nan nan nan
-0.088227116 0.12657928 0.98802519 0.00010175077
nan nan nan nan
nan nan nan nan
nan nan nan nan
nan nan nan nan
nan nan nan nan
0.028392186 -0.035716955 0.99895853 0
-0.012097745 0.014743989 -0.99981809 0
-0.067841209 0.10086538 -0.99258441 0
-0.062040292 0.063566834 -0.99604732 0
0.10071918 -0.15123613 0.98335308 0.00012347838
-0.10973904 0.1101419 -0.98783916 2.7700691e-05
0.1416091 -0.21073535 0.96723187 0.00027029446
-0.15955532 0.15872394 -0.97434533 1.7020619e-05
0.11609507 -0.079194151 -0.99007589 0.00022943373
nan nan nan nan
-0.086155333 0.17494932 0.98080069 0
nan nan nan nan
nan nan nan nan
nan nan nan nan
nan nan nan nan
nan nan nan nan
0.027683267 -0.04085407 0.9987815 1.2759342e-05
0.012172985 -0.011437519 0.99986047 0
0.067313366 -0.099968664 0.99271101 4.5276729e-06
0.060817007 -0.060169891 0.99633378 1.4024334e-05
0.086839899 -0.13121502 0.98754317 0.00017676764
nan nan nan nan
-0.14949763 0.22065678 -0.96382624 0.00013249468
-0.21597275 0.15987238 -0.96322203 0
-0.12575608 0.18366241 0.97491211 3.6408252e-05
nan nan nan nan
0.087774202 -0.12169997 -0.98867834 5.852932e-05
nan nan nan nan
nan nan nan nan
nan nan nan nan
nan nan nan nan
nan nan nan nan
nan nan nan nan
0.012059646 -0.011359943 0.99986273 0
-0.067472637 0.10233351 -0.99245918 0
-0.061579511 0.06609644 -0.9959113 1.0186443e-05
0.039462533 -0.04142483 0.998362 2.5506775e-05
-0.10823761 0.11214632 -0.9877792 5.1275736e-05
-0.16300189 0.24415399 -0.95593888 9.8929173e-05
-0.16373147 0.16212788 -0.97309124 0.00011666687
0.29026535 0.095503815 -0.95216858 0
nan nan nan nan
0.092469744 -0.10906532 -0.98972422 2.7479311e-05
nan nan nan nan
nan nan nan nan
nan nan nan nan
nan nan nan nan
nan nan nan nan
nan nan nan nan
-0.016074432 0.027509378 -0.99949229 0
-0.068639845 0.10709259 -0.99187684 0
0.058918219 -0.049237162 0.99704784 2.8993141e-05
0.059776843 -0.044233475 0.99723125 0.00015022115
-0.11250482 0.11440966 -0.98704261 5.5354125e-05
0.12130786 -0.18818116 0.97461396 0.00023175676
-0.15825084 0.16142415 -0.97411442 1.8824585e-05
nan nan nan nan
nan nan nan nan
-0.032103155 0.2797876 0.95952505 0
nan nan nan nan
nan nan nan nan
nan nan nan nan
nan nan nan nan
nan nan nan nan
0.012217328 0.12669817 0.99186605 0
-0.015790513 0.02694587 -0.99951214 0
0.064744644 -0.093201168 0.99353999 9.4892494e-05
0.059778504 -0.056376293 0.99661845 1.7266981e-05
0.075443782 -0.07391753 0.99440658 3.5864392e-05
-0.12154598 0.12016436 -0.98528528 0
0.12451202 -0.19733745 0.97239637 0.00025971705
-0.15916818 0.16353792 -0.97361225 4.1247269e-05
nan nan nan nan
nan nan nan nan
0.093099892 -0.11393227 -0.98911673 0
nan nan nan nan
nan nan nan nan
nan nan nan nan
nan nan nan nan
nan nan nan nan
nan nan nan nan
0.010737508 -0.0049388395 0.99993014 0
0.066102102 -0.098409459 0.99294817 1.961503e-05
0.058598913 -0.051588736 0.99694771 2.2701253e-05
-0.11451644 0.18875515 -0.97532433 0
0.10403037 -0.109364 0.98854291 0
0.13828623 -0.21340677 0.96712697 0
-0.1643028 0.16827737 -0.97195029 0
0.13014223 -0.15968025 -0.97855264 0
nan nan nan nan
-0.079203993 0.14642845 0.9860453 0
nan nan nan nan
nan nan nan nan
nan nan nan nan
nan nan nan nan
nan nan nan nan
nan nan nan nan
0.011577632 -0.0089688301 0.99989283 0
0.065667264 -0.097361557 0.99308032 5.4743756e-05
-0.060732674 0.094560124 -0.99366492 0
0.06375134 -0.082709804 0.99453247 2.3837256e-05
-0.10735245 0.11329322 -0.98774499 0
-0.14310709 0.22010118 -0.96492273 7.1531817e-05
-0.15348934 0.16121155 -0.97491115 0
0.12306505 -0.17108119 -0.97754091 7.5869146e-05
nan nan nan nan
0.091988698 -0.102875 -0.99043161 0
nan nan nan nan
nan nan nan nan
nan nan nan nan
nan nan nan nan
nan nan nan nan
nan nan nan nan
-0.012440298 0.016890822 -0.99978 0
0.065607324 -0.092089713 0.99358708 3.5799647e-05
-0.060359437 0.070226885 -0.99570322 0
-0.12274498 0.17901167 -0.97616011 0
-0.10746956 0.11355726 -0.98770183 0
-0.15864523 0.23134299 -0.95985001 0
0.14662433 -0.15622345 0.97677815 7.2296119e-05
0.12102343 -0.17963764 -0.97626007 0
nan nan nan nan
0.088633187 -0.11125454 -0.98983157 0
nan nan nan nan
nan nan nan nan
nan nan nan nan
nan nan nan nan
nan nan nan nan
nan nan nan nan
0.0084348256 0.010351867 0.99991083 0
nan nan nan nan
0.058959793 -0.062065341 0.99632913 4.7773592e-06
-0.10315315 0.16149716 -0.98146725 5.8419457e-05
0.10388778 -0.10931744 0.98856312 0
0.13126831 -0.21318848 0.96815258 0
-0.19465639 0.20869854 -0.95841211 0
0.11880083 -0.18422684 -0.97567755 8.0300764e-05
nan nan nan nan
-0.083632477 0.13189012 0.98773003 0
nan nan nan nan
nan nan nan nan
nan nan nan nan
nan nan nan nan
nan nan nan nan
nan nan nan nan
-0.012219803 0.014472045 -0.99982065 0
nan nan nan nan
0.058017336 -0.061474666 0.9964211 0
0.093059286 -0.15595266 0.98337114 0
-0.10750916 0.11402486 -0.98764378 0
-0.14072894 0.22031578 -0.96522343 5.9722614e-05
-0.16393512 0.17656301 -0.97054154 6.0143364e-05
-0.11815629 0.18834324 0.97496969 4.0792722e-05
nan nan nan nan
-0.083581932 0.13480751 0.98734039 0
nan nan nan nan
nan nan nan nan
nan nan nan nan
nan nan nan nan
nan nan nan nan
nan nan nan nan
-0.011932733 0.016532691 -0.99979216 0
nan nan nan nan
-0.059024133 0.063497879 -0.99623501 1.9312449e-05
-0.10178839 0.16224958 -0.98148566 7.953083e-05
0.10216539 -0.11439344 0.98816818 0.00013591908
0.13187899 -0.21668519 0.9672929 9.8251066e-06
-0.16677134 0.17841987 -0.96971834 0
0.11359383 -0.18179363 -0.97675353 3.2344706e-05
nan nan nan nan
-0.084804296 0.135757 0.98710608 6.7194793e-05
nan nan nan nan
nan nan nan nan
nan nan nan nan
nan nan nan nan
nan nan nan nan
nan nan nan nan
0.012107777 -0.0083609354 0.99989182 0
nan nan nan nan
0.058616813 -0.062696986 0.9963097 0
0.10014899 -0.1593357 0.98213148 0.00020940135
-0.10581306 0.11596699 -0.9876008 0
-0.13421315 0.2190908 -0.96642953 0
0.12374514 -0.13901119 0.98252892 0
-0.11756855 0.19116329 0.97449178 0
nan nan nan nan
-0.081299424 0.13120706 0.98801577 4.5349218e-05
nan nan nan nan
0.046922494 -0.071108975 -0.99636424 2.6133437e-05
nan nan nan nan
nan nan nan nan
nan nan nan nan
nan nan nan nan
0.011678815 -0.010261334 0.99987912 0
nan nan nan nan
-0.058617391 0.064222269 -0.99621254 0
-0.09750355 0.1734958 -0.97999603 0
-0.10400692 0.11425307 -0.98799229 0
-0.15959433 0.23699234 -0.95831323 0
0.12965719 -0.14379665 0.98107672 0.00014713344
0.10994396 -0.18181482 -0.97716719 8.7616252e-05
nan nan nan nan
0.079954505 -0.13132815 -0.98810947 1.3402791e-05
nan nan nan nan
-0.04466413 0.077683911 0.99597716 0
nan nan nan nan
nan nan nan nan
nan nan nan nan
nan nan nan nan
0.011379652 -0.0078411531 0.99990451 0
0.084447123 -0.038746871 0.99567431 8.038681e-05
-0.058545485 0.064474218 -0.9962005 0
0.10048898 -0.15756524 0.98238236 5.7064113e-05
-0.10474575 0.11503612 -0.98782343 9.2047303e-05
-0.13275194 0.2195617 -0.96652448 8.4916166e-05
0.13430829 -0.15047342 0.97944838 0
-0.13027976 0.20805901 0.96940118 0
nan nan nan nan
0.070838764 -0.12794007 -0.98924887 7.6667653e-05
nan nan nan nan
-0.044627748 0.078057073 0.99594951 0
nan nan nan nan
nan nan nan nan
nan nan nan nan
nan nan nan nan
0.011561652 -0.012267993 0.9998579 0
0.079171382 -0.055285566 0.99532682 0.00010997124
-0.058254834 0.064544819 -0.99621308 0
0.10048898 -0.15756524 0.98238236 5.7064113e-05
-0.10565586 0.11597993 -0.98761606 0
-0.14965564 0.2275345 -0.96220124 0
0.14274612 -0.15806372 0.97705644 8.0261212e-05
0.10570356 -0.17608047 -0.97868401 0
nan nan nan nan
nan nan nan nan
nan nan nan nan
-0.045107055 0.074486345 0.99620134 0
nan nan nan nan
-0.0091380756 0.015166293 0.99984324 0
nan nan nan nan
-0.034000564 0.071107782 -0.996889 0
0.011222366 -0.011502841 0.99987084 0
0.065872386 -0.093958184 0.99339461 0
0.049874056 -0.066775754 0.9965207 1.3446433e-05
nan nan nan nan
-0.10466191 0.11567117 -0.9877581 0
-0.13879602 0.22248802 -0.96500504 0
-0.1504133 0.16819489 -0.97421062 4.1251678e-05
0.077592053 -0.1429542 -0.98668313 0
nan nan nan nan
-0.081867009 0.13441704 0.98753721 2.4714375e-06
nan nan nan nan
-0.045107055 0.074486345 0.99620134 0
nan nan nan nan
-0.0090035778 0.014845764 0.99984932 6.6782053e-07
nan nan nan nan
-0.026686084 0.049449492 -0.99842 0
-0.011923421 0.013625362 -0.99983597 0
nan nan nan nan
-0.05932847 0.064821795 -0.99613172 0
nan nan nan nan
nan nan nan nan
0.1247905 -0.22013976 0.9674533 0
-0.1541969 0.17360722 -0.97266841 0
-0.14975932 0.23372617 0.96069992 1.4500707e-05
nan nan nan nan
-0.079309821 0.13464154 0.98771536 3.3114247e-05
nan nan nan nan
-0.043521959 0.079115592 0.99591494 0
nan nan nan nan
-0.0089498563 0.014993759 0.99984747 0
nan nan nan nan
-0.026686084 0.049449492 -0.99842 0
0.011408267 -0.012051504 0.99986231 0
nan nan nan nan
-0.057343837 0.065412901 -0.9962092 2.875616e-06
nan nan nan nan
0.098331556 -0.1140445 0.98859739 6.1453553e-05
-0.129245 0.22184575 -0.96647829 0.00016499191
-0.15032645 0.17014587 -0.97388518 0
nan nan nan nan
nan nan nan nan
-0.079407975 0.13503623 0.98765361 0
nan nan nan nan
-0.043533936 0.081674419 0.99570781 0
nan nan nan nan
-0.0075369105 0.018294122 0.99980432 0
nan nan nan nan
0.026956014 -0.035555903 0.99900407 0
-0.011756317 0.014049318 -0.99983215 0
nan nan nan nan
0.055471554 -0.063342892 0.99644893 1.2933923e-05
nan nan nan nan
-0.10303057 0.11854763 -0.98758852 2.6405834e-05
-0.12889539 0.22150923 -0.96660209 0.00027498126
-0.15268971 0.17192394 -0.97320497 0
nan nan nan nan
nan nan nan nan
0.075226195 -0.096017331 -0.99253297 2.1952252e-05
nan nan nan nan
-0.042277277 0.087972708 0.99522525 0
nan nan nan nan
nan nan nan nan
nan nan nan nan
nan nan nan nan
0.01127701 -0.012399781 0.99985951 0
-0.061692446 0.10362701 -0.99270117 4.0930954e-05
0.055471554 -0.063342892 0.99644893 1.2933923e-05
-0.096920207 0.19408977 -0.97618419 0
-0.10693485 0.1208856 -0.9868899 0
-0.12994803 0.22464663 -0.96573669 4.6032063e-05
0.14478496 -0.16774672 0.97514015 8.5676686e-05
-0.12138127 0.22005127 0.96790707 0.00022789647
nan nan nan nan
0.073861241 -0.11825005 -0.99023306 4.9573166e-05
nan nan nan nan
0.044583153 -0.068498112 -0.99665457 9.2919599e-06
nan nan nan nan
nan nan nan nan
nan nan nan nan
nan nan nan nan
0.011261286 -0.012611032 0.99985707 0
-0.05974241 0.11394003 -0.99168968 0
nan nan nan nan
-0.094531089 0.17659177 -0.97973424 0
-0.10162335 0.11783639 -0.98781943 1.8987075e-05
-0.12948711 0.22810212 -0.96498829 0
0.14109649 -0.16725601 0.97576487 9.2948343e-05
-0.16359757 0.30725953 0.93745792 5.9972223e-05
nan nan nan nan
-0.085803494 0.16216077 0.98302674 0
nan nan nan nan
-0.043170936 0.075112216 0.99624014 0
nan nan nan nan
nan nan nan nan
nan nan nan nan
nan nan nan nan
-0.011669965 0.015361116 -0.99981385 0
-0.058161501 0.12017968 -0.99104697 0
nan nan nan nan
0.094683476 -0.15903345 0.9827224 0.00011276628
-0.13427448 0.15054077 -0.97944266 0
0.12898737 -0.21052782 0.96904087 0.00021102825
0.13690287 -0.1636872 0.9769668 0.00015636944
-0.11425245 0.20465119 0.97214425 1.1221723e-05
nan nan nan nan
0.075854428 -0.13166134 -0.98838836 0.00012832979
nan nan nan nan
-0.043368399 0.081791565 0.99570537 0
nan nan nan nan
-0.0081810476 0.016019195 0.99983823 0
nan nan nan nan
nan nan nan nan
0.010705568 -0.0094748773 0.99989778 0
-0.060152315 0.12381013 -0.99048108 0
nan nan nan nan
0.092868194 -0.1529498 0.98386073 0.00012220934
0.097390056 -0.11531985 0.98854262 0
0.1271867 -0.21734998 0.96777195 0.00017773223
0.14305994 -0.16773382 0.97539699 0
0.10438389 -0.17978865 -0.97815132 5.3202995e-05
nan nan nan nan
0.061640657 -0.097996294 -0.993276 8.324589e-05
nan nan nan nan
-0.043825168 0.078455292 0.99595392 2.1346419e-05
nan nan nan nan
0.009897924 -0.011487151 -0.99988508 0
nan nan nan nan
0.025642093 -0.043189541 0.99873775 0
0.011175324 -0.012780891 0.99985582 0
0.059655093 -0.10249481 0.99294317 0
nan nan nan nan
-0.093777269 0.1670842 -0.98147273 0
0.085437559 -0.10186504 0.99112254 0.00013885072
-0.1267307 0.22451562 -0.96619469 6.9092494e-05
0.14255221 -0.16797492 0.97542977 0
0.10469653 -0.18445896 -0.97724795 9.0495312e-05
nan nan nan nan
0.063954532 -0.10283715 -0.99264002 7.9788893e-05
nan nan nan nan
-0.042839017 0.074875511 0.99627233 0
nan nan nan nan
0.0089944201 -0.014060344 -0.99986064 0
nan nan nan nan
0.025239421 -0.04447135 0.99869174 0
-0.011541639 0.014738519 -0.99982476 0
-0.061987374 0.11350363 -0.99160188 3.6807061e-05
nan nan nan nan
-0.094393253 0.17112148 -0.98071772 2.3635503e-05
0.097241282 -0.11668555 0.98839694 0
-0.12747674 0.22886729 -0.96507484 0
-0.15236022 0.18198597 -0.97142553 0
-0.11458316 0.20605795 0.97180796 0
nan nan nan nan
-0.075484671 0.13501714 0.9879638 0
nan nan nan nan
-0.042090319 0.078783594 0.99600273 0
nan nan nan nan
-0.0084678847 0.015335855 0.99984652 0
nan nan nan nan
0.024895549 -0.043790001 0.99873054 0
0.0096906936 -0.0081085507 0.99992019 0
-0.059736248 0.10820588 -0.9923321 0
nan nan nan nan
-0.092582561 0.16646595 -0.98169112 5.4456723e-05
0.096838817 -0.11638431 0.98847204 0.0001458951
-0.12580529 0.22614859 -0.96593475 0
-0.14713809 0.1758606 -0.97335678 0
-0.14710657 0.2685672 0.95196176 0
nan nan nan nan
0.070857413 -0.1264184 -0.98944312 8.8275359e-05
nan nan nan nan
-0.041767407 0.075382426 0.9962796 4.5110523e-06
nan nan nan nan
-0.008353129 0.015091826 0.99985123 1.7283105e-06
nan nan nan nan
-0.02554152 0.046690404 -0.99858284 0
-0.012327854 0.019530207 -0.99973327 0
-0.066784486 0.12247093 -0.99022257 1.578209e-05
nan nan nan nan
-0.092200361 0.16677089 -0.98167539 9.5362819e-05
-0.09972135 0.11952507 -0.98781043 0
-0.12881508 0.22914721 -0.96483064 0
-0.14747372 0.17739365 -0.97302777 8.0980033e-05
-0.11252077 0.20359203 0.97256839 4.0291674e-05
nan nan nan nan
0.070366442 -0.12885506 -0.98916376 5.5434648e-05
nan nan nan nan
0.039243352 -0.072139807 -0.9966222 1.6651949e-05
nan nan nan nan
-0.008538302 0.016284522 0.9998309 0
nan nan nan nan
0.02329939 -0.041264459 0.99887657 9.4453817e-06
-0.012828569 0.023936542 -0.99963117 0
0.056397252 -0.10175353 0.99320978 0
nan nan nan nan
-0.09167283 0.16732442 -0.98163056 4.1296345e-05
0.097756207 -0.11731136 0.98827213 9.8115961e-05
-0.12414578 0.22670572 -0.9660188 0
-0.19555432 0.21268496 -0.9573524 0
-0.13278611 0.22788365 0.96459156 7.0645736e-05
nan nan nan nan
0.0677398 -0.12930648 -0.98928827 0.00012170197
nan nan nan nan
0.040353134 -0.075240269 -0.99634856 0
nan nan nan nan
-0.0085315965 0.016021697 0.99983525 0
nan nan nan nan
-0.026098896 0.048167933 -0.9984982 7.917015e-06
0.011010576 -0.013081812 0.99985379 0
-0.059278734 0.11113492 -0.99203581 0
nan nan nan nan
-0.11177274 0.1842106 -0.97651082 0
-0.10314211 0.13480498 -0.98548937 0
0.11667148 -0.22421531 0.96753055 0.00017649154
0.12446439 -0.15896317 0.97940767 0.00023571537
0.099510282 -0.18978903 -0.97676909 0
nan nan nan nan
-0.080875799 0.14299062 0.98641407 1.258104e-05
nan nan nan nan
0.038756102 -0.074189298 -0.99649078 9.4206907e-06
nan nan nan nan
0.0079478091 -0.01450078 -0.99986327 0
nan nan nan nan
0.023831815 -0.044512317 0.99872452 1.0412316e-05
-0.011041838 0.013246689 -0.99985123 3.0760784e-06
0.055999152 -0.098477967 0.9935624 0
nan nan nan nan
0.080488041 -0.16113295 0.9836452 4.3324446e-05
-0.10314211 0.13480498 -0.98548937 0
0.11831761 -0.22418925 0.9673366 0.0001604869
-0.14099742 0.17383613 -0.97462851 0
0.10111377 -0.1924817 -0.97607726 0
nan nan nan nan
-0.074654385 0.13802363 0.98761135 8.6877168e-05
nan nan nan nan
0.039201021 -0.074840881 -0.99642462 6.9857092e-06
nan nan nan nan
-0.0086047025 0.017219437 0.99981475 0
nan nan nan nan
-0.025150189 0.047216054 -0.998568 0
-0.011041838 0.013246689 -0.99985123 3.0760784e-06
-0.058843821 0.10915016 -0.99228209 0
nan nan nan nan
0.079809502 -0.16240567 0.98349118 0.00018493572
nan nan nan nan
0.11881033 -0.22383747 0.9673577 0
-0.14913063 0.17689872 -0.97286528 0
0.10120688 -0.19386384 -0.97579402 0.00024320986
nan nan nan nan
-0.072720714 0.13728029 0.98785913 2.9910403e-05
nan nan nan nan
-0.040384088 0.076444998 0.99625564 5.773657e-06
nan nan nan nan
0.0079842526 -0.014707509 -0.99985999 0
nan nan nan nan
0.023490071 -0.044003945 0.99875516 6.9680209e-06
0.0098510506 -0.011346507 0.99988705 4.1587668e-06
0.058077447 -0.10133517 0.99315566 5.0467775e-06
-0.055069443 0.068883471 -0.99610358 0
0.043106791 -0.15645672 0.98674375 0.00041788703
-0.096610464 0.12488778 -0.98745608 0
0.11902803 -0.22409797 0.96727067 0
0.13508373 -0.17443724 0.97535843 0.0001163517
0.093084827 -0.18777427 -0.97779137 0
nan nan nan nan
-0.084983304 0.14291778 0.98607928 0
nan nan nan nan
-0.040259544 0.076715112 0.99623996 1.1555685e-06
nan nan nan nan
0.0078379987 -0.013906883 -0.99987257 0
nan nan nan nan
-0.02414926 0.045629088 -0.99866652 4.0857794e-06
-0.010692384 0.013535655 -0.99985129 1.0047154e-06
nan nan nan nan
-0.05394996 0.06793236 -0.99623019 0
nan nan nan nan
-0.09727139 0.12227964 -0.98771757 1.8591702e-05
-0.12080737 0.23563808 -0.96430296 0
-0.13779782 0.17496769 -0.97488362 2.6173311e-05
-0.10433844 0.19934398 0.97435904 0
nan nan nan nan
0.068334162 -0.13656846 -0.988271 0
nan nan nan nan
-0.040715303 0.077916399 0.99612814 0
nan nan nan nan
0.0078903604 -0.014649816 -0.99986154 0
nan nan nan nan
-0.024629289 0.04827727 -0.99853027 0
-0.010665694 0.013595976 -0.99985075 8.5406549e-07
nan nan nan nan
-0.053426065 0.068120219 -0.99624556 0
nan nan nan nan
-0.097004034 0.1224267 -0.98772562 0
0.11756014 -0.1973411 0.97326052 0.0001503505
-0.1402678 0.17785883 -0.97400779 0
-0.11271523 0.20784009 0.97164696 0
nan nan nan nan
-0.074043661 0.139816 0.98740518 5.682146e-05
nan nan nan nan
-0.040374149 0.077611387 0.99616587 3.074425e-05
nan nan nan nan
-0.0081769265 0.016264332 0.99983424 0
nan nan nan nan
-0.023766847 0.045843579 -0.99866587 3.808022e-06
-0.010647237 0.013707482 -0.99984932 0
nan nan nan nan
-0.056403734 0.1052611 -0.99284381 0
nan nan nan nan
-0.097825676 0.12386052 -0.9874658 7.9715894e-05
0.11858744 -0.22050793 0.96814936 7.1901668e-05
0.13744132 -0.17323329 0.97524363 1.7739505e-05
0.09305355 -0.19263728 -0.97684789 0
nan nan nan nan
-0.082763232 0.14420286 0.986081 0
nan nan nan nan
-0.041615281 0.078689314 0.99603015 4.4539011e-06
nan nan nan nan
-0.0082026692 0.016159087 0.99983573 0
nan nan nan nan
-0.025039565 0.047960192 -0.99853534 0
-0.027741326 0.017784376 -0.99945688 0
nan nan nan nan
-0.053993396 0.069187805 -0.99614143 0
nan nan nan nan
0.091682427 -0.12345683 0.98810565 9.7574331e-05
-0.11726965 0.2337784 -0.9651919 0
-0.13910268 0.18323666 -0.97317767 0
-0.10022873 0.19974492 0.97470826 0
nan nan nan nan
-0.075995535 0.14206639 0.98693556 1.7713233e-05
nan nan nan nan
0.03079582 -0.073954523 -0.996786 4.191255e-05
nan nan nan nan
-0.0078927502 0.015568444 0.99984765 0
nan nan nan nan
-0.024556389 0.047355559 -0.99857622 0
-0.021310616 -0.0070698773 0.99974793 0
nan nan nan nan
-0.12618464 0.053403623 -0.99056828 0
-0.091896296 0.1750676 -0.98025835 7.4116775e-05
-0.094398297 0.12336254 -0.98786163 3.9414521e-05
0.11791914 -0.22559935 0.96705735 0
-0.13764045 0.18013789 -0.97396374 8.0702221e-06
-0.10137736 0.20053938 0.97442627 7.725833e-05
nan nan nan nan
-0.23732372 0.19338419 0.95198745 0
nan nan nan nan
-0.051071256 0.083245054 0.99521959 0
nan nan nan nan
-0.0087037114 0.01633965 0.99982858 0
nan nan nan nan
-0.024312131 0.047122065 -0.99859321 0
nan nan nan nan
-0.057934523 0.14827728 -0.98724735 3.2065713e-05
0.011174285 -0.070573859 0.99744397 0
-0.084039062 0.16955264 -0.98193145 0
nan nan nan nan
-0.11193592 0.25092253 -0.96151352 2.8142476e-05
-0.13684784 0.18026669 -0.97405171 4.9919381e-05
-0.10137736 0.20053938 0.97442627 7.725833e-05
nan nan nan nan
0.059070945 -0.13589439 -0.98896074 7.4849515e-05
nan nan nan nan
-0.015215237 -0.052923154 -0.99848264 0
nan nan nan nan
-0.0079029743 0.015677419 0.99984586 0
nan nan nan nan
0.010667969 -0.041509263 0.99908113 0
-0.010880775 0.014004481 -0.99984276 0
0.054082911 -0.10347141 0.9931609 9.0668444e-05
nan nan nan nan
-0.088805363 0.18012647 -0.97962648 0
0.089422412 -0.10974742 0.9899289 0.0004203686
-0.1119796 0.25067884 -0.96157199 0
0.12927133 -0.16574474 0.97765929 3.8613834e-05
-0.099509999 0.20156074 0.97440809 1.7093016e-05
nan nan nan nan
0.052545976 -0.13754676 -0.98910046 0
nan nan nan nan
0.011091983 -0.065443233 -0.99779457 0
nan nan nan nan
-0.0095630698 0.016303457 0.99982136 0
nan nan nan nan
-0.030789455 0.050641119 -0.9982422 0
0.0092627481 -0.014064532 0.9998582 0
nan nan nan nan
nan nan nan nan
-0.083281331 0.1692456 -0.98204899 1.7181444e-05
0.090865493 -0.11855025 0.98878175 0.00017220786
0.11321455 -0.22262025 0.96830922 0.00024613753
-0.14753513 0.19786495 -0.96906286 0
nan nan nan nan
nan nan nan nan
-0.10848527 0.14573182 0.98335814 0
nan nan nan nan
nan nan nan nan
nan nan nan nan
-0.0099080065 0.016364802 0.99981695 0
nan nan nan nan
-0.2822457 0.11503854 0.95241976 0
0.0066007487 -0.01444499 0.99987382 0
nan nan nan nan
nan nan nan nan
0.082553804 -0.16945259 0.98207468 0.00012909387
0.0760561 -0.089399278 0.99308777 0
0.1129502 -0.22607821 0.9675386 0
-0.13945611 0.1873633 -0.97234094 0
nan nan nan nan
nan nan nan nan
nan nan nan nan
nan nan nan nan
nan nan nan nan
nan nan nan nan
0.0061123278 -0.015366407 -0.99986327 0
nan nan nan nan
nan nan nan nan
-0.73832893 -0.19299549 0.64623761 0
nan nan nan nan
nan nan nan nan
-0.087538958 0.17536251 -0.98060435 0
-0.10310112 0.14549018 -0.98397291 0
-0.1148992 0.23793274 -0.96446157 0
-0.14044937 0.19045924 -0.97159618 0
nan nan nan nan
nan nan nan nan
nan nan nan nan
nan nan nan nan
nan nan nan nan
nan nan nan nan
nan nan nan nan
nan nan nan nan
nan nan nan nan
0.0084115434 -0.014223594 0.99986345 0
nan nan nan nan
-0.053534038 0.071911387 -0.99597329 0
0.079450294 -0.16885737 0.98243308 0.0002256344
-0.094444245 0.13014312 -0.98698682 0
-0.11203408 0.23320526 -0.96595222 0.00012962564
-0.15096632 0.20021984 -0.96805024 0
nan nan nan nan
nan nan nan nan
nan nan nan nan
nan nan nan nan
nan nan nan nan
nan nan nan nan
nan nan nan nan
nan nan nan nan
nan nan nan nan
nan nan nan nan
nan nan nan nan
nan nan nan nan
0.079168491 -0.16889621 0.98244923 0.00010489668
-0.092445649 0.12873755 -0.9873603 0
-0.11507876 0.23977262 -0.96398437 0
0.12357573 -0.16770667 0.97806108 0
nan nan nan nan
nan nan nan nan
nan nan nan nan
nan nan nan nan
nan nan nan nan
nan nan nan nan
nan nan nan nan
nan nan nan nan
nan nan nan nan
nan nan nan nan
nan nan nan nan
nan nan nan nan
-0.080610074 0.1710026 -0.98196751 9.8059252e-05
-0.094304129 0.13866502 -0.98583913 0
0.10404439 -0.22537696 0.96870017 0.00011080754
-0.13065965 0.17993654 -0.974962 3.6459376e-05
nan nan nan nan
nan nan nan nan
nan nan nan nan
nan nan nan nan
nan nan nan nan
nan nan nan nan
nan nan nan nan
nan nan nan nan
-0.027472768 0.055561587 -0.99807721 0
-0.0040756697 -0.013449758 0.99990124 0
nan nan nan nan
nan nan nan nan
0.079110242 -0.17068401 0.98214489 0
-0.091690361 0.12679477 -0.9876821 0
-0.11020274 0.23604128 -0.96547389 0
-0.13015975 0.18011607 -0.97499567 0
nan nan nan nan
nan nan nan nan
nan nan nan nan
nan nan nan nan
nan nan nan nan
nan nan nan nan
nan nan nan nan
nan nan nan nan
nan nan nan nan
-0.021101339 0.013560642 -0.99968541 0
nan nan nan nan
nan nan nan nan
0.056063045 -0.14742959 0.98748243 5.133693e-05
-0.085708424 0.25162107 -0.96402323 0
-0.108553 0.23564251 -0.96575814 1.6610011e-05
0.12473147 -0.17362797 0.97688043 0
nan nan nan nan
nan nan nan nan
nan nan nan nan
nan nan nan nan
nan nan nan nan
nan nan nan nan
nan nan nan nan
nan nan nan nan
nan nan nan nan
-0.012004462 -0.014553331 0.99982202 0
nan nan nan nan
nan nan nan nan
-0.096498385 0.1998177 -0.97506976 0
0.10739699 -0.04569865 0.99316537 6.4437379e-05
0.10776448 -0.22598498 0.96815163 4.9592541e-05
-0.13426638 0.18971127 -0.97261614 0
nan nan nan nan
nan nan nan nan
nan nan nan nan
-0.10975614 0.15709957 0.98146486 0
nan nan nan nan
nan nan nan nan
nan nan nan nan
nan nan nan nan
nan nan nan nan
nan nan nan nan
nan nan nan nan
nan nan nan nan
-0.084734738 0.18651129 -0.97879195 0
0.091273189 -0.11338441 0.9893499 0
0.10634789 -0.22468142 0.96861154 6.3899017e-05
-0.1429448 0.20836577 -0.96754879 0
nan nan nan nan
nan nan nan nan
nan nan nan nan
0.11061686 -0.14785053 -0.98280418 0
nan nan nan nan
nan nan nan nan
nan nan nan nan
nan nan nan nan
nan nan nan nan
nan nan nan nan
nan nan nan nan
-0.11504965 0.075014092 -0.99052328 0
-0.096827954 0.23259808 -0.96774095 0
-0.10805409 0.8010909 -0.58870852 0
0.10426302 -0.22794065 0.96807653 0.00017789401
0.1190275 -0.16566198 0.97897327 6.2575848e-05
nan nan nan nan
nan nan nan nan
nan nan nan nan
0.10956067 -0.14470321 -0.98339075 0
nan nan nan nan
nan nan nan nan
nan nan nan nan
nan nan nan nan
nan nan nan nan
0.006688871 -0.014419031 0.99987376 0
nan nan nan nan
0.036683466 -0.06991002 0.99687862 0
-0.080842681 0.18343472 -0.97970206 0
0.089342818 -0.089342818 0.99198568 0
-0.10475682 0.23377475 -0.96663088 5.1514522e-05
-0.13360739 0.19483759 -0.9716931 0
nan nan nan nan
-0.15716405 0.22060834 0.96261698 0
nan nan nan nan
0.10990945 -0.14630069 -0.98311543 0
nan nan nan nan
-0.061245371 0.14522095 0.98750186 0
nan nan nan nan
nan nan nan nan
nan nan nan nan
-0.019224521 -0.016821442 0.99967372 0
nan nan nan nan
0.045819983 -0.068250634 0.99661547 4.5706485e-05
0.075391784 -0.17086969 0.98240501 0
0.088158369 -0.12321879 0.98845595 0
0.10048074 -0.22604431 0.96892089 0.00030466408
-0.19320978 0.28433251 -0.93905538 0
nan nan nan nan
-0.14665851 0.2131972 0.96593899 0
nan nan nan nan
0.1111934 -0.13603202 -0.98444462 0
nan nan nan nan
0.0696932 -0.078343056 -0.9944874 0
nan nan nan nan
nan nan nan nan
nan nan nan nan
-0.018565919 -0.016574223 0.99969023 0
0.047087986 -0.11016309 0.99279749 0
-0.048683342 0.072576508 -0.99617398 0
-0.21209662 0.41845182 -0.88312691 0
0.070799209 -0.0496534 0.99625391 0.00019328456
-0.11174991 0.25428239 -0.96065205 0
-0.14863986 0.21130241 -0.96605253 0
nan nan nan nan
-0.14687444 0.21392928 0.96574432 0
nan nan nan nan
-0.10804514 0.15436764 0.98208803 0
nan nan nan nan
0.067419842 -0.094791025 -0.99321157 3.158698e-05
nan nan nan nan
nan nan nan nan
nan nan nan nan
-0.0098049352 0.014380668 -0.99984848 0
-0.0021729227 -0.029877929 0.99955112 0
nan nan nan nan
0.055750102 -0.13094512 0.98982084 0
0.071231656 -0.011319618 0.99739552 9.469725e-05
0.10075625 -0.2333682 0.96715426 0
-0.12927477 0.18956305 -0.97332108 0
nan nan nan nan
0.14445135 -0.204827 -0.96808046 0.00026611381
nan nan nan nan
0.10687424 -0.14648184 -0.98342299 9.0173897e-05
nan nan nan nan
-0.07199502 0.11026896 0.99129087 0
nan nan nan nan
nan nan nan nan
nan nan nan nan
-0.010691393 0.01448225 -0.99983788 0
-0.30215168 0.41186154 -0.85969436 0
nan nan nan nan
0.071048208 -0.1696274 0.98294389 0
-0.089965552 0.13924691 -0.98616254 4.0366656e-05
-0.10404248 0.24213777 -0.96464735 6.015761e-05
-0.12627596 0.1862492 -0.97435391 0
nan nan nan nan
-0.1440396 0.2218124 0.96439201 0
nan nan nan nan
0.10769722 -0.14172162 -0.9840306 0.00028689366
nan nan nan nan
-0.072006635 0.10644498 0.99170786 3.8313265e-05
nan nan nan nan
nan nan nan nan
nan nan nan nan
nan nan nan nan
-0.14995927 0.20967357 -0.96620351 0
nan nan nan nan
-0.075598612 0.17655006 -0.98138422 8.5744112e-05
-0.088434197 0.14177738 -0.98594046 0
-0.10139904 0.23902485 -0.96570462 0
-0.16026865 0.21635152 -0.96307111 0
nan nan nan nan
-0.14394651 0.21603936 0.96571547 9.0392341e-06
nan nan nan nan
0.051320758 0.0031452856 -0.99867731 3.3165579e-05
nan nan nan nan
0.065977298 -0.098537095 -0.99294382 0
nan nan nan nan
nan nan nan nan
nan nan nan nan
nan nan nan nan
-0.054328758 0.11623031 -0.99173528 0.00012311699
nan nan nan nan
-0.080919161 0.18553165 -0.97930086 0
-0.086487226 0.13616005 -0.98690444 0
-0.1032486 0.2428292 -0.96455884 0
-0.12510678 0.18795246 -0.97417766 8.4865314e-06
nan nan nan nan
-0.14249195 0.22636254 0.96356422 4.5759193e-06
nan nan nan nan
nan nan nan nan
nan nan nan nan
0.06566675 -0.09851373 -0.99296677 0
nan nan nan nan
nan nan nan nan
nan nan nan nan
0.0039215637 -0.015117087 0.99987805 0
nan nan nan nan
nan nan nan nan
0.07120683 -0.17159829 0.98259026 0.00010132622
0.085265286 -0.12252609 0.98879582 0.00024550359
0.095458619 -0.23297076 0.96778738 1.9541247e-05
-0.12325512 0.1873749 -0.97452492 0
nan nan nan nan
-0.14267521 0.21728469 0.96562475 0
nan nan nan nan
nan nan nan nan
nan nan nan nan
-0.067033693 0.10251387 0.99247038 0
nan nan nan nan
nan nan nan nan
nan nan nan nan
-0.018143466 0.013658028 -0.99974221 0
nan nan nan nan
nan nan nan nan
-0.076505587 0.1857575 -0.97961265 0
nan nan nan nan
-0.10006985 0.24144971 -0.96523982 0.00017713528
0.11600058 -0.17945889 0.97690243 0.00011201169
nan nan nan nan
0.14078093 -0.21104138 -0.96728605 0
nan nan nan nan
0.13632543 0.0080787959 -0.9906311 0
nan nan nan nan
-0.066995256 0.10675274 0.99202597 0
nan nan nan nan
nan nan nan nan
nan nan nan nan
0.0071522319 -0.014815374 0.9998647 0
nan nan nan nan
nan nan nan nan
-0.075681888 0.18537323 -0.97974944 0
-0.085617147 0.12955867 -0.98786855 7.9913043e-05
-0.10656166 0.25126511 -0.96203452 0
0.11747404 -0.18217394 0.97622353 6.7399858e-05
nan nan nan nan
-0.14239499 0.22500449 0.96389651 3.7461083e-05
nan nan nan nan
-0.10269753 0.17140271 0.97983378 0
nan nan nan nan
-0.065791614 0.10303361 0.99249959 0
nan nan nan nan
nan nan nan nan
nan nan nan nan
-0.01424594 0.014306804 -0.99979621 0
nan nan nan nan
nan nan nan nan
-0.086280003 0.237922 -0.96744454 0
-0.072341323 0.16701934 -0.9832961 2.2549963e-05
-0.096210502 0.23770215 -0.96656156 0.00020302548
-0.13267884 0.20087141 -0.97059107 0
nan nan nan nan
-0.14069076 0.22192803 0.96485955 0
nan nan nan nan
0.10217483 -0.15589246 -0.98247534 7.5263401e-05
nan nan nan nan
0.068550222 -0.096497037 -0.99296993 3.7797461e-05
nan nan nan nan
nan nan nan nan
nan nan nan nan
0.0034295262 -0.013908632 0.99989742 0
nan nan nan nan
nan nan nan nan
-0.10090135 0.24307942 -0.96474415 0
-0.073535286 0.15887965 -0.98455566 0
-0.094588384 0.23678829 -0.96694595 0
-0.1214686 0.1894325 -0.97435141 0
nan nan nan nan
-0.14069076 0.22192803 0.96485955 0
nan nan nan nan
0.10056689 -0.15773971 -0.98234648 0
nan nan nan nan
-0.064983815 0.10247875 0.99261034 0
nan nan nan nan
nan nan nan nan
nan nan nan nan
0.0085803848 -0.014570459 0.99985707 0
-0.045610722 0.11987434 -0.99174082 0
nan nan nan nan
-0.085862681 0.20215374 -0.97558254 0
0.084559962 -0.12807792 0.98815268 1.0887631e-05
0.090852879 -0.22843859 0.96930987 0.00012585675
-0.13699239 0.21112515 -0.96781152 0
nan nan nan nan
nan nan nan nan
nan nan nan nan
-0.10181595 0.16137628 0.98162681 0.00011019278
nan nan nan nan
-0.065068215 0.10457621 0.99238598 0
nan nan nan nan
nan nan nan nan
nan nan nan nan
-0.010047032 0.015001869 -0.99983698 0
0.016462116 -0.088482514 0.99594164 0
nan nan nan nan
0.067942217 -0.17499594 0.98222214 0.00014741554
-0.094408013 0.15190309 -0.98387629 0
-0.09723419 0.24594723 -0.96439385 0
-0.1205529 0.19181311 -0.97399938 0
nan nan nan nan
nan nan nan nan
nan nan nan nan
-0.10716595 0.1692511 0.97972929 0
nan nan nan nan
0.061549895 -0.1003751 -0.99304402 1.0510305e-05
nan nan nan nan
nan nan nan nan
nan nan nan nan
-0.010970317 0.015571651 -0.9998185 0
0.0073813275 -0.08395955 0.99644178 0
nan nan nan nan
0.064298339 -0.17214432 0.98297101 0
-0.087283261 0.14005291 -0.98628938 0
-0.10298843 0.25623056 -0.96111357 0
-0.11967376 0.19255561 -0.97396123 0
nan nan nan nan
nan nan nan nan
nan nan nan nan
-0.10471454 0.16606995 0.98053843 0
nan nan nan nan
-0.063672155 0.10239634 0.99270374 4.0864459e-05
nan nan nan nan
nan nan nan nan
nan nan nan nan
-0.010970317 0.015571651 -0.9998185 0
-0.070291452 0.15421695 -0.98553348 0
0.046087358 -0.071462199 0.996378 5.1965475e-05
-0.078046679 0.1954979 -0.9775936 0
-0.082330741 0.13240208 -0.98777086 0
-0.099278696 0.25257343 -0.96247095 0
0.12016737 -0.18511577 0.97534192 3.6886286e-05
nan nan nan nan
0.13379154 -0.18913139 -0.97279447 0.00033204106
nan nan nan nan
-0.10373402 0.1659057 0.98067051 7.9437823e-06
nan nan nan nan
-0.067308091 0.1055385 0.99213469 2.6779178e-05
nan nan nan nan
nan nan nan nan
nan nan nan nan
0.0082705384 -0.014105473 0.99986631 0
-0.065527514 0.17200974 0.98291343 0
0.045142002 -0.071341753 0.99642986 5.6928238e-06
0.06566789 -0.17311306 0.98271036 0.00017960445
-0.24521363 0.28871906 -0.92547911 0
-0.10523964 0.25956148 -0.95997524 0
-0.11769517 0.19203424 -0.97430521 0
nan nan nan nan
0.13150832 -0.20298827 -0.97030991 0.00038641994
nan nan nan nan
-0.1023687 0.16360487 0.98120034 0
nan nan nan nan
-0.07112845 0.10695298 0.99171662 0
nan nan nan nan
nan nan nan nan
nan nan nan nan
nan nan nan nan
0.01462894 -0.036613476 0.9992224 0.00014802761
0.045333203 -0.069973379 0.99651831 2.9698156e-06
-0.069140702 0.18303214 -0.98067272 0
-0.24521363 0.28871906 -0.92547911 0
0.088049315 -0.23525625 0.96793687 5.7542067e-05
-0.11546785 0.19499511 -0.97398365 7.9091769e-05
nan nan nan nan
-0.13854228 0.23432161 0.9622367 0
nan nan nan nan
nan nan nan nan
nan nan nan nan
-0.070199192 0.10546367 0.99194223 0
nan nan nan nan
nan nan nan nan
nan nan nan nan
-0.009070687 0.015326187 -0.99984139 0
-0.048049819 0.20206219 -0.97819328 0
0.040120818 -0.04559166 0.99815422 2.4322791e-05
-0.070302144 0.19482784 -0.97831476 0
-0.59925222 0.60923964 -0.51934928 0
0.082924351 -0.22100778 0.97174025 0
nan nan nan nan
nan nan nan nan
-0.13541856 0.225042 0.96489275 9.4645991e-05
nan nan nan nan
nan nan nan nan
nan nan nan nan
-0.063024156 0.10463823 0.99251133 1.4589922e-05
nan nan nan nan
-0.02657838 0.045360561 0.99861705 4.4592489e-06
nan nan nan nan
-0.0089909313 0.015333313 -0.99984205 0
-0.042512309 0.11455816 -0.9925065 7.1600654e-05
-0.057250679 0.13745159 -0.98885256 0
0.059183914 -0.15956916 0.98541105 5.776788e-05
-0.079656534 0.13399594 -0.98777527 3.8077826e-05
-0.096965559 0.28920773 -0.95234269 4.4457283e-05
-0.11896697 0.1955642 -0.97344828 0
nan nan nan nan
0.12386353 -0.20190373 -0.9715414 0.00022642982
nan nan nan nan
-0.099513859 0.17439196 0.97963488 0.0001652715
nan nan nan nan
-0.062181469 0.10425203 0.99260515 0
nan nan nan nan
0.027394954 -0.043300208 -0.99868643 0
nan nan nan nan
-0.0091361366 0.016870445 -0.99981594 0
-0.083007738 0.19034524 -0.97820163 0
nan nan nan nan
-0.066727392 0.18276663 -0.98088926 0.00012208377
nan nan nan nan
-0.092743896 0.26869228 -0.95875084 0
-0.11524376 0.19332378 -0.97434324 0
nan nan nan nan
0.11571515 -0.19809233 -0.97332907 0.00023240587
nan nan nan nan
-0.099513859 0.17439196 0.97963488 0.0001652715
nan nan nan nan
-0.06181642 0.10437603 0.99261492 3.2224641e-05
nan nan nan nan
-0.025898583 0.047483753 0.99853617 0
nan nan nan nan
0.0088637546 -0.014680593 0.99985296 0
-0.084227145 0.18490487 -0.97914046 0
nan nan nan nan
-0.085045047 0.21950226 -0.9718982 0
nan nan nan nan
-0.11081488 0.3492966 -0.93043637 0
-0.11524376 0.19332378 -0.97434324 0
nan nan nan nan
0.1172362 -0.20610002 -0.97148263 4.3930184e-05
nan nan nan nan
0.09609405 -0.16104181 -0.98225826 0.00016026547
nan nan nan nan
-0.061620343 0.10494246 0.99256742 0
nan nan nan nan
-0.026419155 0.046276566 0.99857926 5.4383445e-06
nan nan nan nan
0.0084705539 -0.012074127 0.99989128 0
0.025856854 -0.090148136 0.99559265 0.0002389287
0.047331784 -0.034868274 0.99827039 0
0.039781302 -0.11954417 0.99203163 6.6519839e-05
nan nan nan nan
-0.087356351 0.24552371 -0.96544647 0
-0.11357857 0.19274613 -0.97465318 1.2618113e-05
nan nan nan nan
0.11470161 -0.20439008 -0.97214615 0
nan nan nan nan
0.09524101 -0.15873799 -0.98271638 0.00012103005
nan nan nan nan
0.064134315 -0.093995631 -0.9935047 5.2841613e-05
nan nan nan nan
-0.026489802 0.046581294 0.99856323 3.5196906e-06
nan nan nan nan
0.0085029947 -0.012505363 0.99988562 0
-0.066281155 0.15093563 -0.98631901 0
0.045034178 -0.070548408 0.99649131 0
-0.24168764 0.58834332 -0.77164716 0
-0.078705028 0.13394171 -0.98785889 0
-0.088198967 0.24842787 -0.96462661 0
-0.11127118 0.19221261 -0.97502458 0
nan nan nan nan
-0.13494933 0.22518435 0.96492523 0.00015263926
nan nan nan nan
-0.095564447 0.16733702 0.98125726 0
nan nan nan nan
-0.06068711 0.10555728 0.99255967 4.6862431e-05
nan nan nan nan
-0.026335308 0.04728594 0.9985342 4.4866265e-06
nan nan nan nan
-0.0087688928 0.015348201 -0.99984378 0
-0.0043010684 -0.072935879 0.99732739 0
-0.044063959 0.073924072 -0.99628991 0
-0.062817253 0.17940344 -0.98176801 0
-0.078590326 0.14357865 -0.98651344 2.1303601e-06
0.079311602 -0.23033802 0.96987319 0.00011408627
-0.11315434 0.19723587 -0.97380394 0
nan nan nan nan
-0.13133803 0.22381845 0.96574098 0.00015886812
nan nan nan nan
-0.10557105 0.19034781 0.97602379 0
nan nan nan nan
-0.060588427 0.10571312 0.99254918 1.2938588e-05
nan nan nan nan
-0.026022268 0.045043416 0.99864614 0
nan nan nan nan
nan nan nan nan
-0.056208879 0.13490012 -0.98926359 0
-0.042841688 0.076463334 -0.99615157 0
0.051121894 -0.14959106 0.98742551 4.5149121e-05
-0.078882217 0.14216408 -0.98669499 3.4761153e-05
0.073577292 -0.22191611 0.97228581 0.00034251955
-0.11432469 0.20224407 -0.97263926 0
-0.071983837 0.21134698 0.97475678 0.00017276777
0.12103197 -0.22314866 -0.96724147 0
nan nan nan nan
-0.10363762 0.18036443 0.97812474 5.0073482e-05
nan nan nan nan
-0.05977869 0.10530403 0.99264169 0
nan nan nan nan
-0.026288938 0.050311591 0.99838752 0
nan nan nan nan
nan nan nan nan
-0.063979849 0.17230937 -0.98296291 0
-0.042912964 0.080744557 -0.99581063 1.4249158e-05
0.060958397 -0.17771809 0.98219162 0.00011945252
-0.081264906 0.14495078 -0.98609596 0
0.078745298 -0.23542596 0.96869695 3.1296273e-05
-0.11411614 0.2045287 -0.97218603 0
-0.072238989 0.21418642 0.97411788 0.00023903599
-0.1453463 0.22949447 0.96239638 0
nan nan nan nan
0.091118336 -0.1622386 -0.98253554 1.2750909e-06
nan nan nan nan
-0.061762042 0.11486045 0.99145979 0
nan nan nan nan
0.025452204 -0.043884516 -0.99871236 0
nan nan nan nan
nan nan nan nan
0.037570179 -0.10851743 0.99338442 8.2128194e-05
-0.043234192 0.080246709 -0.99583697 2.0176509e-05
-0.07892549 0.21153238 -0.97417903 0
-0.077195741 0.13708608 -0.98754656 2.5146677e-05
-0.082889162 0.24585281 -0.96575654 0
-0.11090422 0.19514111 -0.97448456 0.00022199178
-0.071074612 0.21532971 0.97395146 0
-0.13182315 0.22622834 0.9651131 5.7376252e-05
nan nan nan nan
-0.11261599 0.18861201 0.97557318 0
nan nan nan nan
-0.065331094 0.12826359 0.989586 0
nan nan nan nan
0.023772385 -0.040618718 -0.99889183 0
nan nan nan nan
-0.0085068299 0.015169813 -0.99984872 0
0.034110513 -0.087820679 0.99555218 7.9890982e-05
-0.042546958 0.076313145 -0.99617571 0
-0.061402448 0.18228202 -0.98132718 0.00010639106
-0.079889499 0.14224921 -0.98660165 0
0.079037711 -0.23911858 0.96776825 7.7454191e-05
0.10840543 -0.17691189 0.97823846 4.79972e-05
-0.070242792 0.21324028 0.97447145 0
-0.14976156 0.23272237 0.96094316 0
nan nan nan nan
0.08203689 -0.15597142 -0.98434895 7.5110147e-05
nan nan nan nan
-0.064268313 0.1189845 0.99081397 0
nan nan nan nan
0.023558768 -0.040748443 -0.99889165 0
nan nan nan nan
-0.0084460126 0.015452918 -0.99984485 0
-0.039670821 0.16081375 -0.98618722 0
0.040647537 -0.073420338 0.99647242 0
-0.063204929 0.18853097 -0.98003125 0
0.074163243 -0.13332185 0.98829406 4.3570875e-05
-0.088791974 0.25994578 -0.96153218 0
0.11159486 -0.14961478 0.98242658 0.00015949155
-0.069736362 0.21110123 0.97497338 0
-0.17552605 0.24214029 0.95423204 0
nan nan nan nan
-0.11677046 0.19048001 0.97472155 1.7313774e-05
nan nan nan nan
-0.059917435 0.10824443 0.99231702 1.7136404e-05
nan nan nan nan
0.021817254 -0.036299478 -0.99910277 9.3007229e-06
nan nan nan nan
-0.0085143698 0.01584149 -0.99983829 0
-0.11246424 0.42174095 -0.89971465 0
0.040092926 -0.073888801 0.9964602 0
-0.06127952 0.18558992 -0.98071468 0
-0.075534418 0.1372408 -0.98765349 9.5521573e-06
-0.081645191 0.24827635 -0.96524245 0
-0.10687433 0.22984417 -0.96734148 0
-0.070312701 0.21624419 0.97380418 0.00012637117
0.11228941 -0.22108553 -0.96876842 0.00012320513
nan nan nan nan
0.060100578 -0.13487343 -0.98903847 0.00017424654
nan nan nan nan
0.05113272 -0.098072715 -0.99386477 5.7414323e-05
nan nan nan nan
-0.026639178 0.049834352 0.99840218 0
nan nan nan nan
-0.0093851928 0.01742759 -0.99980408 0
0.012140268 -0.06444104 0.99784774 9.1629285e-05
-0.043769289 0.078748979 -0.99593312 0
0.054802764 -0.16260977 0.98516738 0.00029173659
-0.078509144 0.14480853 -0.98634011 0
-0.089199454 0.26676556 -0.95962471 0
0.10534182 -0.1696815 0.97985268 5.8390891e-05
-0.070228934 0.21662784 0.97372502 0
0.10283608 -0.2180353 -0.9705078 9.4914147e-05
nan nan nan nan
0.077272989 -0.15237755 -0.98529691 0.00017239002
nan nan nan nan
-0.064258158 0.11367426 0.99143791 1.1659072e-05
nan nan nan nan
0.024495855 -0.045238022 -0.99867588 0
nan nan nan nan
-0.0085566342 0.015942734 -0.99983627 0
-0.027575344 -0.0053427182 0.99960542 0
-0.048922315 0.084814206 -0.99519503 0
-0.060148615 0.19028227 -0.97988504 0
-0.074618004 0.13812561 -0.98759979 1.218018e-06
-0.079634301 0.24950379 -0.96509391 4.7025755e-05
-0.11686733 0.2689991 -0.95602381 0
-0.068946801 0.21495801 0.97418654 0
-0.16253063 0.24625215 0.95548087 0
nan nan nan nan
0.087052554 -0.16455913 -0.98251826 0
nan nan nan nan
-0.071114793 0.11606239 0.99069279 0
nan nan nan nan
-0.025635032 0.047858208 0.99852514 0
nan nan nan nan
-0.010647364 0.02278739 -0.99968362 0
0.033162788 -0.11337825 0.99299824 0
-0.045287576 0.081710771 -0.99562669 0
-0.059921999 0.19910061 -0.9781453 0
-0.074997224 0.14015238 -0.98728555 0
-0.07667771 0.24497397 -0.96649277 5.2574222e-05
-0.1106145 0.2159778 -0.97011238 0
-0.069704443 0.21619065 0.97385979 0
0.061996538 -0.20241249 -0.97733599 0.00014041868
nan nan nan nan
-0.14312285 0.21074189 0.96700758 0
nan nan nan nan
-0.067434207 0.11303933 0.99129951 0
nan nan nan nan
0.021561546 -0.03920994 -0.99899834 0
nan nan nan nan
-0.008104993 0.015227911 -0.99985117 0
-0.23053181 0.006898832 0.97304028 0
-0.041664757 0.077372722 -0.99613136 0
-0.05712143 0.18400666 -0.98126382 0
-0.075201847 0.14059524 -0.98720706 0
-0.079709306 0.25667647 -0.9632048 0
-0.12305709 0.24228658 -0.96236908 0
-0.068012774 0.21466768 0.97431618 0
0.11527576 -0.22455089 -0.96761996 0
nan nan nan nan
0.050498605 -0.14291357 -0.98844606 4.3651507e-05
nan nan nan nan
-0.056348577 0.10742305 0.99261534 0
nan nan nan nan
0.023380555 -0.044146653 -0.99875146 0
nan nan nan nan
-0.008120684 0.015468841 -0.99984735 0
-0.045631614 0.12363463 -0.99127805 0
-0.039741531 0.076228246 -0.99629807 1.6686627e-05
0.0027095226 -0.1094433 0.99398935 0
-0.08146704 0.14641836 -0.98586243 0
0.073318146 -0.22032581 0.97266692 0.00015964171
0.08313302 -0.15518224 0.98438174 2.4308425e-05
nan nan nan nan
-0.11919592 0.22782336 0.96637928 0.00013391698
nan nan nan nan
0.054557409 -0.14725582 -0.98759264 0
nan nan nan nan
0.032838896 -0.10325348 -0.99411285 0
-0.0049850037 0.01668985 0.99984831 1.1110191e-06
0.0227019 -0.043560576 -0.99879283 4.2980096e-06
nan nan nan nan
0.0078949053 -0.014733442 0.99986029 0
nan nan nan nan
-0.040386967 0.077456653 -0.99617743 0
nan nan nan nan
nan nan nan nan
0.074000262 -0.23705356 0.96867412 1.7513878e-05
0.10286031 -0.1958051 0.97523338 0
nan nan nan nan
-0.12123287 0.23083553 0.96541047 0
nan nan nan nan
-0.092672564 0.17081524 0.98093528 6.6063294e-05
-0.022965312 0.087140247 0.99593133 0
-0.34563321 0.17956038 0.92102975 0
-0.005292993 0.016368954 0.999852 1.306692e-06
0.021867458 -0.042447194 -0.99885941 1.1460104e-05
0.015435135 -0.04891533 0.99868369 1.4968368e-05
-0.0081718331 0.015602226 -0.99984485 0
nan nan nan nan
nan nan nan nan
-0.054582641 0.18344435 -0.98151362 0
nan nan nan nan
-0.074570619 0.24569446 -0.96647477 0
-0.10554906 0.20369545 -0.97332811 4.316611e-05
nan nan nan nan
-0.12143984 0.22972783 0.96564871 0
-0.045847528 0.14850549 0.98784816 0
-0.09571483 0.17205001 0.98042721 0
-0.023254868 0.085616164 0.9960568 0
-0.34563321 0.17956038 0.92102975 0
-0.005292993 0.016368954 0.999852 1.306692e-06
-0.024787126 0.047893632 0.99854487 0
-0.013642865 0.052512646 -0.99852705 0
-0.0081096264 0.015573474 -0.9998458 0
nan nan nan nan
nan nan nan nan
nan nan nan nan
nan nan nan nan
-0.074640982 0.24567495 -0.96647424 0
0.097256303 -0.19192396 0.97657889 0.00019428511
nan nan nan nan
-0.11723367 0.2292631 0.96627879 0
-0.043289166 0.15057226 0.98765075 0
0.074493758 -0.16486947 -0.98349822 1.2007776e-05
-0.023254868 0.085616164 0.9960568 0
nan nan nan nan
-0.004613752 0.017126616 0.99984264 0
0.021341955 -0.04401774 -0.99880278 0
-0.014412953 0.050645921 -0.99861264 2.6833545e-06
-0.0081690382 0.015734389 -0.99984282 0
nan nan nan nan
nan nan nan nan
nan nan nan nan
-0.073573627 0.14114276 -0.98725158 0.00014915681
-0.066938832 0.25433385 -0.96479714 0
0.099317417 -0.19600579 0.97556019 0
-0.061009049 0.21648648 0.97437751 2.833898e-06
-0.14095575 0.23220293 0.96239978 1.5277261e-05
-0.043884482 0.14914368 0.98784125 2.9437477e-05
0.069006294 -0.16322014 -0.98417336 0
-0.024051156 0.083858602 0.99618739 0
nan nan nan nan
0.0060606101 -0.014450398 -0.99987727 0
-0.051801056 0.07298632 0.99598676 0
0.015654065 -0.048313532 0.99870956 0
-0.040329754 0.02696383 0.99882257 0
-0.028597433 0.12379983 -0.99189496 0
0.032153122 -0.037907466 0.9987638 0
nan nan nan nan
0.062113453 -0.13147086 0.98937213 0
-0.066938832 0.25433385 -0.96479714 0
-0.10800903 0.20861274 -0.9720158 0
-0.061009049 0.21648648 0.97437751 2.833898e-06
nan nan nan nan
0.055709649 -0.099494264 -0.9934774 7.8127567e-05
-0.087071173 0.17056541 0.9814918 0
-0.021051126 0.089206927 0.99579066 0
nan nan nan nan
-0.0048516858 0.016601987 0.99985045 0
-0.023862757 0.046955999 0.99861193 1.9878984e-05
-0.014581953 0.049793366 -0.99865305 0
-0.18234953 0.18011159 -0.96659636 0
0.046280257 -0.10163151 0.99374503 7.6327859e-05
-0.047113512 0.12495864 -0.99104267 0
nan nan nan nan
-0.068867728 0.13912709 -0.98787695 0
0.078243151 -0.23970585 0.96768755 0.00031515275
-0.099519059 0.1989478 -0.97494394 0.00023311359
-0.061009049 0.21648648 0.97437751 2.833898e-06
nan nan nan nan
0.046542492 -0.13626428 -0.98957866 2.1716256e-05
nan nan nan nan
-0.023549985 0.084404901 0.99615324 4.2922579e-06
nan nan nan nan
-0.0044498211 0.017448496 0.99983788 0
-0.025684884 0.047640063 0.99853426 0
0.019434765 -0.040083963 0.99900734 5.3807171e-06
-0.18234953 0.18011159 -0.96659636 0
-0.029800367 0.12183671 -0.99210274 0
0.07007587 0.11520716 0.9908666 0
nan nan nan nan
0.06823799 -0.13778907 0.98810816 0.00011012792
0.68940806 0.68122327 -0.24627493 0
-0.101916 0.2036337 -0.97372812 0
-0.059669759 0.21833499 0.97404796 2.1857802e-05
nan nan nan nan
-0.036979545 0.16699138 0.9852646 0
nan nan nan nan
-0.022790028 0.084953628 0.99612421 4.3862051e-06
nan nan nan nan
0.0048131966 -0.016349986 -0.99985474 0
nan nan nan nan
-0.011461407 0.056119852 -0.99835825 0
nan nan nan nan
-0.031509809 0.11863152 -0.99243826 0
0.049509589 -0.0081921872 0.99874002 0
0.19229595 0.46576619 -0.86376166 0
-0.071924984 0.14617459 -0.98664063 0
-0.025175536 0.28201196 -0.95908052 0.00010107981
0.091784038 -0.18496138 0.9784503 0
-0.059592258 0.2183314 0.9740535 0
nan nan nan nan
-0.042502381 0.1490356 0.98791802 0
nan nan nan nan
0.026088635 -0.079916365 -0.99646014 9.0417798e-06
nan nan nan nan
-0.0046941834 0.01665736 0.99985021 0
nan nan nan nan
-0.013369125 0.052152332 -0.99854964 0
-0.0076012122 0.016066199 -0.99984211 0
-0.031439103 0.11885048 -0.99241436 0
-0.035427261 0.12146492 -0.99196333 0
-0.046475437 0.19244467 -0.98020667 6.8225131e-06
-0.072271675 0.14901926 -0.9861896 3.8343747e-05
-0.061215397 0.25617859 -0.9646892 4.5359659e-05
0.092682622 -0.18899463 0.97759455 7.2596456e-05
-0.055156689 0.22117878 0.97367227 0
nan nan nan nan
-0.040544163 0.15096372 0.98770744 5.2641512e-06
nan nan nan nan
-0.023071721 0.082870066 0.99629331 3.0075789e-06
nan nan nan nan
-0.0042373356 0.017698191 0.99983448 0
nan nan nan nan
0.013633477 -0.049208645 0.99869543 5.4000252e-06
0.0074742264 -0.014980983 0.99985987 0
-0.032000832 0.11618819 -0.99271154 7.4194804e-06
0.037454162 -0.050314214 0.9980309 0.00010994854
-0.048929006 0.1846849 -0.98157901 3.4021352e-05
0.066874087 -0.13656804 0.9883709 9.7162869e-05
0.12561563 -0.15098912 0.9805218 0.00023483114
-0.10668001 0.21766053 -0.97017694 7.4220466e-06
-0.059463538 0.21428496 0.97495955 7.4644224e-05
nan nan nan nan
-0.039908342 0.15206513 0.98756444 3.9833711e-05
nan nan nan nan
-0.022562457 0.08369159 0.99623626 4.6634896e-06
nan nan nan nan
-0.0044660633 0.016951108 0.99984634 0
nan nan nan nan
-0.013383368 0.0506441 -0.99862713 0
-0.007522305 0.01557666 -0.99985045 0
-0.031227637 0.11759207 -0.99257088 1.8575223e-05
nan nan nan nan
-0.048815619 0.18547215 -0.98143625 7.2985516e-05
-0.069018215 0.14328012 -0.98727274 0
0.014437595 0.36083731 -0.93251699 0
-0.1010915 0.20811349 -0.97286659 0
-0.056516822 0.2156388 0.97483629 4.3899523e-05
nan nan nan nan
-0.040047787 0.1522285 0.98753363 9.6988642e-06
nan nan nan nan
-0.021710118 0.087492652 0.99592859 0
nan nan nan nan
-0.0044845231 0.016671021 0.99985099 0
nan nan nan nan
-0.013126435 0.050070371 -0.99865949 0
0.0074031465 -0.014216171 0.99987149 3.358555e-06
-0.030972211 0.11869949 -0.99244708 0
nan nan nan nan
-0.047698036 0.18381551 -0.98180276 6.7162633e-05
0.017807709 -0.081132233 0.99654424 2.2507589e-05
0.073912352 -0.23740102 0.96859574 4.3314099e-05
-0.11040144 0.21382986 -0.97061229 0
-0.0556961 0.21736293 0.97450048 0
nan nan nan nan
-0.039462738 0.15144831 0.9876771 0
nan nan nan nan
-0.021421762 0.095254801 0.99522239 0
nan nan nan nan
-0.0043062344 0.017094672 0.99984461 0
nan nan nan nan
-0.01372272 0.054817878 -0.99840206 0
0.0074251792 -0.015073885 0.9998588 1.3070436e-06
-0.030832201 0.11845764 -0.99248034 0
0.031459913 -0.069637716 0.99707615 8.3945364e-05
-0.04727897 0.18422724 -0.9817459 0
-0.068180367 0.013380611 0.99758327 6.9497779e-05
-0.033019971 0.29938534 -0.95356077 0
0.093402326 -0.20101166 0.97512579 0.00025388371
-0.055407725 0.22115993 0.97366232 0
nan nan nan nan
-0.038998764 0.15189908 0.98762631 0
nan nan nan nan
0.021910749 -0.079992138 -0.99655461 0
nan nan nan nan
-0.0043497006 0.016646232 0.999852 0
nan nan nan nan
-0.013274535 0.052445047 -0.99853557 0
nan nan nan nan
-0.030038809 0.11802295 -0.99255645 2.1993745e-05
0.031307288 -0.06739866 0.99723482 0.00011666167
-0.047230061 0.18469353 -0.98166066 0.00010079858
-0.071139164 0.1486969 -0.98632067 0
0.079503551 -0.2237888 0.97138959 0
-0.1163663 0.20869826 -0.97103232 4.4629225e-05
-0.057409368 0.23176104 0.97107726 0
nan nan nan nan
0.035210039 -0.14766833 -0.98841006 0
nan nan nan nan
-0.021258919 0.085920982 0.99607515 0
nan nan nan nan
-0.0042426973 0.017193561 0.99984318 0
nan nan nan nan
-0.01277906 0.050783455 -0.99862796 0
nan nan nan nan
-0.029294731 0.11784545 -0.99259973 1.520319e-05
nan nan nan nan
-0.045863491 0.18569739 -0.98153597 7.5369139e-06
0.057594702 -0.12753229 0.99016076 4.1599229e-05
-0.047996119 0.28075355 -0.95857906 0
nan nan nan nan
-0.055044275 0.22883101 0.97190869 0
nan nan nan nan
0.033572026 -0.14449441 -0.98893595 2.7851778e-05
nan nan nan nan
-0.021172144 0.087888584 0.99590522 0
nan nan nan nan
-0.0041565262 0.017166791 0.99984401 0
nan nan nan nan
-0.012875098 0.051995028 -0.99856436 2.9744158e-06
nan nan nan nan
-0.031207848 0.12060042 -0.99221045 0
nan nan nan nan
-0.045932263 0.18451196 -0.98175633 9.9689605e-05
-0.083926566 0.1940421 -0.97739655 0
-0.063406244 0.24882506 -0.96647078 0
-0.10212299 0.22767419 -0.9683674 0
-0.053492088 0.21978897 0.97407973 0
nan nan nan nan
-0.036513072 0.15111493 0.98784167 0
nan nan nan nan
-0.020770965 0.087462582 0.99595129 0
nan nan nan nan
-0.004125413 0.016913697 0.99984843 0
nan nan nan nan
-0.01255504 0.050991029 -0.99862015 0
nan nan nan nan
-0.029188851 0.1183762 -0.99253976 6.8854265e-06
-0.084311135 0.12861466 -0.98810422 0
-0.045005016 0.18586862 -0.98154336 0
0.060057852 -0.13284539 0.98931551 1.7958195e-05
-0.060975563 0.24765691 -0.96692705 9.0677357e-05
-0.093443565 0.20610103 -0.97405887 1.689624e-05
-0.053681649 0.23220424 0.97118461 0
nan nan nan nan
-0.037266541 0.15389526 0.98738414 0
nan nan nan nan
0.019961786 -0.080097944 -0.99658704 1.6940856e-05
nan nan nan nan
-0.0041174181 0.016922547 0.99984837 0
nan nan nan nan
-0.012284796 0.050719529 -0.99863738 1.8814429e-06
nan nan nan nan
-0.02862796 0.11815631 -0.99258226 1.5295831e-05
nan nan nan nan
-0.045100551 0.18435697 -0.98182404 4.6193822e-05
-0.063293278 0.14178935 -0.98787135 0
-0.060141783 0.25121233 -0.96606177 0.00012591056
0.088212855 -0.20140398 0.975528 2.7044221e-05
-0.052871481 0.23088209 0.97154421 0
nan nan nan nan
-0.036695857 0.15550733 0.98715287 0
nan nan nan nan
-0.020195359 0.084939532 0.99618149 1.4120168e-05
nan nan nan nan
-0.0039849989 0.017018361 0.99984723 0
nan nan nan nan
-0.0125324 0.051423278 -0.99859834 2.3910602e-06
nan nan nan nan
-0.02862796 0.11815631 -0.99258226 1.5295831e-05
nan nan nan nan
-0.044891376 0.1856344 -0.98159295 4.886058e-05
0.06109881 -0.13907778 0.98839492 0
-0.058761425 0.25053293 -0.96632308 1.8054938e-05
-0.092667229 0.20668425 -0.97400951 0
-0.051917728 0.22774114 0.97233659 0
nan nan nan nan
0.035172313 -0.14742768 -0.98844731 1.50752e-05
nan nan nan nan
-0.020156384 0.086234033 0.99607104 0
nan nan nan nan
-0.003935915 0.016963365 0.99984843 0
nan nan nan nan
0.011687035 -0.050038926 0.99867886 9.9005183e-06
nan nan nan nan
-0.029670967 0.11957235 -0.99238199 0
0.029921211 -0.029791122 0.9991082 0
0.026057748 -0.18166752 0.98301476 0.00013619426
0.056868378 -0.13417739 0.98932421 0.00016217511
-0.058761425 0.25053293 -0.96632308 1.8054938e-05
-0.091864973 0.21249379 -0.97283459 0
-0.050557073 0.21935499 0.9743343 0.00011657177
nan nan nan nan
0.034963701 -0.14769199 -0.98841524 3.1152085e-05
nan nan nan nan
-0.019481998 0.084717184 0.99621463 1.5794627e-05
nan nan nan nan
-0.0039396225 0.017112583 0.9998458 0
nan nan nan nan
-0.011265559 0.05065009 -0.99865288 2.0887094e-06
nan nan nan nan
nan nan nan nan
nan nan nan nan
nan nan nan nan
-0.063972004 0.14635582 -0.98716134 0
nan nan nan nan
-0.090277903 0.20567377 -0.97444761 6.3663183e-06
-0.048974697 0.21578306 0.97521234 0.000122791
nan nan nan nan
-0.034793835 0.1559964 0.98714459 0
nan nan nan nan
-0.020020826 0.087622136 0.99595261 7.7465866e-06
nan nan nan nan
-0.0038698565 0.017114459 0.99984604 0
nan nan nan nan
nan nan nan nan
nan nan nan nan
nan nan nan nan
nan nan nan nan
nan nan nan nan
0.060541011 -0.1395867 0.98835737 2.2162738e-05
0.04572944 0.33513615 -0.94105923 8.0497826e-05
-0.089449622 0.20572646 -0.97451293 0.00011942856
-0.049563609 0.22143589 0.97391456 1.2504034e-05
nan nan nan nan
0.034298275 -0.1406087 -0.98947096 5.3470183e-05
nan nan nan nan
0.017922262 -0.08000268 -0.99663347 2.4807281e-05
nan nan nan nan
0.0034718048 -0.016652588 -0.99985528 0
nan nan nan nan
nan nan nan nan
nan nan nan nan
nan nan nan nan
nan nan nan nan
0.030579425 0.27521297 -0.96089691 0
0.05969999 -0.13920918 0.98846173 0
-0.043794584 0.2640318 -0.96351922 0
-0.087920547 0.20509689 -0.97478473 0
-0.048714232 0.22730242 0.97260493 0
nan nan nan nan
-0.033144835 0.15868403 0.98677289 0
nan nan nan nan
-0.019178014 0.087015197 0.99602234 0
nan nan nan nan
-0.003722521 0.017098688 0.99984694 0
nan nan nan nan
-0.00096829032 0.11413708 -0.99346459 0
nan nan nan nan
-0.024082132 0.11788951 -0.99273461 0
nan nan nan nan
-0.036574326 0.19014634 -0.98107427 0
0.055982292 -0.13183939 0.98968905 0.00018516928
-0.052098058 0.25554436 -0.96539259 7.9087746e-05
-0.087287843 0.20548767 -0.97475928 4.6608518e-05
-0.04727143 0.21875174 0.97463489 0.00017743905
nan nan nan nan
-0.033415228 0.15694371 0.98704207 0
nan nan nan nan
0.017269889 -0.081267864 -0.99654269 1.4830803e-05
nan nan nan nan
-0.003614333 0.017034661 0.99984837 0
nan nan nan nan
0.011924551 -0.049943075 0.99868089 4.7028088e-06
nan nan nan nan
-0.017354198 0.12596807 -0.99188256 1.1756644e-05
nan nan nan nan
-0.036888015 0.18900207 -0.98128361 0
0.058634315 -0.13995492 0.98842031 3.7259611e-05
-0.049093984 0.26374665 -0.96334177 1.1471449e-05
0.079858623 -0.19340664 0.97786325 0.00014172358
-0.048252407 0.22955577 0.97209871 0
nan nan nan nan
-0.033197701 0.15707822 0.987028 0
nan nan nan nan
0.017506186 -0.083027266 -0.9963935 1.0436591e-05
nan nan nan nan
-0.0035566255 0.016814452 0.9998523 1.3592186e-06
nan nan nan nan
-0.01077489 0.050817247 -0.99864984 8.644538e-06
nan nan nan nan
-0.025360974 0.1189784 -0.9925729 0
0.033424973 -0.079409286 0.99628156 3.3317996e-05
-0.039592303 0.18640031 -0.9816758 0
-0.065812409 0.15175998 -0.98622388 0
-0.051702742 0.25665057 -0.96512043 3.5761193e-06
0.084832713 -0.2031927 0.97545689 0
-0.046284575 0.22211932 0.97392029 6.1584593e-05
nan nan nan nan
-0.03373399 0.15998624 0.98654264 0
nan nan nan nan
-0.018671099 0.088785268 0.99587572 2.028507e-05
nan nan nan nan
-0.0035611971 0.017039159 0.99984848 0
nan nan nan nan
-0.010534318 0.051065337 -0.99863976 3.5228463e-06
nan nan nan nan
-0.024838796 0.11895689 -0.9925887 0
nan nan nan nan
-0.038123708 0.18483655 -0.9820295 0.00011082222
0.057200968 -0.14148153 0.98828691 0
-0.05165844 0.25439814 -0.96571887 0
0.082679786 -0.2004863 0.97620142 9.2323993e-05
-0.044700358 0.21823312 0.97487241 9.2456299e-05
nan nan nan nan
-0.031916097 0.15424879 0.9875164 1.2099711e-05
nan nan nan nan
-0.017558388 0.086044356 0.99613661 0
nan nan nan nan
-0.003535538 0.016920874 0.99985063 0
nan nan nan nan
-0.010221065 0.051971789 -0.99859625 0
nan nan nan nan
-0.023259357 0.12577392 -0.99178618 0
nan nan nan nan
-0.036934815 0.1881264 -0.98145008 5.1719112e-06
0.056939963 -0.14161433 0.98828292 8.3026542e-05
-0.051562928 0.25451174 -0.96569407 0.00010007698
-0.08496172 0.20674355 -0.9746992 7.2966257e-05
0.042230058 -0.21382539 -0.9759587 7.0878068e-06
nan nan nan nan
-0.033494905 0.15886295 0.98673236 0
nan nan nan nan
-0.017110327 0.085184485 0.99621826 0
nan nan nan nan
0.0035460584 -0.016568718 -0.99985641 0
nan nan nan nan
-0.010037532 0.051184904 -0.99863875 0
nan nan nan nan
-0.022103118 0.12243437 -0.99223042 0
nan nan nan nan
-0.036048092 0.18585467 -0.98191577 5.7906058e-05
0.052377824 -0.13903756 0.98890096 0.00013284943
-0.051425558 0.25524461 -0.96550792 5.911454e-05
0.082489841 -0.20258346 0.97578448 0.00018954933
-0.048046324 0.23005407 0.97199112 0
nan nan nan nan
-0.033676852 0.15969631 0.98659158 0
nan nan nan nan
-0.016973255 0.086299255 0.99612468 1.5120693e-05
nan nan nan nan
-0.0030904261 0.018451424 0.999825 0
nan nan nan nan
-0.010063147 0.05225344 -0.9985832 0
nan nan nan nan
-0.022264726 0.12491828 -0.99191719 0
nan nan nan nan
-0.035924263 0.18672387 -0.98175544 2.4277348e-05
0.056726389 -0.14224666 0.98820442 3.1132851e-05
-0.052770935 0.25871614 -0.96451092 0
-0.08466018 0.21031246 -0.97396165 0
-0.056423277 0.24599096 0.96762842 0
nan nan nan nan
-0.028653476 0.15174407 0.98800445 0
nan nan nan nan
0.016110728 -0.082497023 -0.99646109 1.6086911e-05
nan nan nan nan
-0.0032767772 0.017133379 0.99984783 0
nan nan nan nan
-0.0098400991 0.050998043 -0.99865025 0
nan nan nan nan
0.023257419 -0.11557128 0.99302685 1.9849018e-05
nan nan nan nan
-0.036421698 0.18642892 -0.98179311 0.00010445001
-0.067113623 0.16887254 -0.98335034 0
-0.051869836 0.25611201 -0.96525443 0
-0.08223027 0.20760053 -0.97475129 0
-0.04319397 0.22289816 0.97388434 6.2620551e-05
nan nan nan nan
-0.028334439 0.15245026 0.98790491 0
nan nan nan nan
0.015577176 -0.079148218 -0.99674118 0
nan nan nan nan
-0.0032379099 0.018356273 0.99982631 0
nan nan nan nan
-0.0099193789 0.052479263 -0.99857271 0
nan nan nan nan
0.022653874 -0.11720771 0.99284893 0
nan nan nan nan
-0.035552807 0.18738984 -0.98164201 0
-0.060795408 0.1643832 -0.98452121 0
-0.054146174 0.25685206 -0.96493274 3.6376332e-05
-0.083876252 0.21424738 -0.97317153 0.00010355252
-0.044597279 0.22714376 0.97283953 0
nan nan nan nan
-0.03289225 0.16115201 0.98638135 0
nan nan nan nan
-0.01620757 0.087166764 0.99606186 0
nan nan nan nan
-0.003141274 0.016900741 0.99985218 0
nan nan nan nan
0.0091767907 -0.049760286 0.9987191 4.3002142e-06
nan nan nan nan
-0.022224037 0.12145318 -0.99234825 9.1743414e-06
nan nan nan nan
-0.034725301 0.18763721 -0.98162436 3.2463009e-05
-0.057510562 0.15272182 -0.98659438 0
-0.084173366 0.2629149 -0.96114028 0
-0.083301179 0.2159088 -0.97285372 6.4201631e-05
0.037925612 -0.21584402 -0.97569102 2.0962618e-05
nan nan nan nan
0.024886327 -0.1485655 -0.98858935 3.4464065e-05
nan nan nan nan
-0.015727388 0.085956246 0.99617475 0
nan nan nan nan
-0.0031979433 0.017491806 0.99984193 0
nan nan nan nan
-0.0093863057 0.051430706 -0.99863249 4.8909765e-06
nan nan nan nan
-0.022174357 0.12133144 -0.99236441 0
nan nan nan nan
-0.034604095 0.18865547 -0.98143345 0
-0.067272514 0.1785479 -0.98162878 0.00014334641
nan nan nan nan
-0.082078487 0.21497966 -0.97316337 0
0.037371542 -0.21606654 -0.97566319 5.3940672e-05
nan nan nan nan
-0.030136764 0.15848027 0.98690212 2.977021e-05
nan nan nan nan
-0.015545055 0.08645127 0.99613482 0
nan nan nan nan
-0.0030929872 0.01726638 0.99984616 0
nan nan nan nan
-0.0092555042 0.051622063 -0.99862379 0
nan nan nan nan
-0.021521756 0.12026595 -0.99250841 1.5100633e-05
nan nan nan nan
-0.032284953 0.18660478 -0.98190451 0
-0.060913891 0.16111732 -0.98505366 4.1239568e-05
nan nan nan nan
-0.087535538 0.22626248 -0.97012514 0
-0.041775592 0.22837706 0.9726761 0
nan nan nan nan
-0.027134212 0.15370457 0.98774421 0
nan nan nan nan
0.014002995 -0.08217103 -0.99651986 4.3969399e-06
nan nan nan nan
-0.0029270109 0.016984161 0.99985141 0
nan nan nan nan
0.0082308203 -0.049578298 0.99873638 2.5952515e-06
nan nan nan nan
-0.020838998 0.11971551 -0.99258947 0
nan nan nan nan
-0.034170058 0.1897005 -0.98124719 0
-0.060706437 0.15932588 -0.98535788 0
nan nan nan nan
-0.083010904 0.21800348 -0.97241127 0
-0.040502064 0.22640425 0.97319102 0
nan nan nan nan
0.023750728 -0.14885819 -0.98857325 2.4907718e-05
nan nan nan nan
-0.015224069 0.088129446 0.99599272 0
nan nan nan nan
-0.0031916148 0.017789649 0.99983668 0
nan nan nan nan
0.0072491635 -0.048532236 0.99879533 5.687762e-06
nan nan nan nan
-0.020309759 0.11946279 -0.99263096 1.5510266e-05
nan nan nan nan
-0.031437211 0.1870759 -0.98184234 4.7855527e-05
0.048763122 -0.13196754 0.99005389 0
nan nan nan nan
0.072169408 -0.20006272 0.97712153 0.00019801586
-0.039504007 0.22619909 0.97327965 0
nan nan nan nan
0.02347541 -0.14969644 -0.98845327 0
nan nan nan nan
-0.014651279 0.087230302 0.9960804 0
nan nan nan nan
-0.0029868041 0.017440543 0.99984348 0
nan nan nan nan
-0.0085320985 0.051248487 -0.99864942 0
nan nan nan nan
-0.020791002 0.12169241 -0.9923501 0
nan nan nan nan
-0.032858249 0.18889886 -0.98144668 0
-0.063370034 0.17063199 -0.98329496 0
-0.040823765 0.25256807 -0.9667176 0.00012343409
0.074259907 -0.20544177 0.9758479 0.00015235672
-0.036470357 0.22098282 0.97459561 4.4743938e-05
nan nan nan nan
-0.029867552 0.16462514 0.98590386 0
nan nan nan nan
-0.014241314 0.086986676 0.99610764 0
nan nan nan nan
-0.0031245486 0.017806502 0.9998365 0
nan nan nan nan
0.0079799164 -0.049507979 0.99874187 7.4107147e-06
nan nan nan nan
-0.020051574 0.11991382 -0.99258173 1.1618528e-06
nan nan nan nan
0.024647148 -0.18070261 0.98322886 0.0001794243
0.045594934 -0.13291116 0.99007863 0.00018982678
0.040409986 -0.24929458 0.96758431 0
0.064811066 -0.1910577 0.97943681 6.8408546e-05
-0.041496608 0.22867307 0.9726184 0
nan nan nan nan
-0.026574858 0.16026452 0.98671627 0
nan nan nan nan
-0.014002976 0.085426949 0.99624592 0
nan nan nan nan
-0.0025824714 0.016986499 0.99985236 0
nan nan nan nan
-0.008186385 0.050981443 -0.99866605 1.9325989e-06
nan nan nan nan
-0.02011813 0.12084563 -0.9924674 0
0.018205935 -0.070414156 0.99735165 8.2172091e-06
0.024647148 -0.18070261 0.98322886 0.0001794243
-0.079299338 0.18406162 -0.9797107 0
-0.042496968 0.2746138 -0.96061504 2.5868609e-05
-0.10444091 0.27398857 -0.95604515 0
0.027349988 -0.21446688 -0.97634828 6.4355503e-05
nan nan nan nan
-0.026990058 0.16121717 0.98654979 0
nan nan nan nan
-0.01390095 0.086769193 0.99613142 4.4974654e-06
nan nan nan nan
-0.0034388958 0.018616069 0.99982083 0
nan nan nan nan
-0.0081215603 0.051705886 -0.99862933 3.9544166e-06
nan nan nan nan
-0.019449523 0.11939416 -0.99265635 5.1414434e-05
-0.032422803 0.087583132 -0.99562943 0
nan nan nan nan
-0.063422531 0.16483831 -0.98427939 0
-0.040713448 0.26017711 -0.96470219 2.5224828e-05
-0.094898149 0.25253177 -0.96292371 0
-0.035116877 0.22369973 0.97402531 0
nan nan nan nan
-0.02317852 0.1527078 0.98799956 3.0712847e-05
nan nan nan nan
-0.01368584 0.086775683 0.99613386 7.3641145e-06
nan nan nan nan
-0.0028796031 0.017754881 0.99983817 0
nan nan nan nan
-0.008010827 0.052180693 -0.99860555 0
nan nan nan nan
nan nan nan nan
0.054701179 0.17891854 0.98234206 0
-0.028796207 0.18886025 -0.98158175 0.00014540665
0.0443982 -0.13309592 0.99010819 5.2950083e-05
-0.041270189 0.26742634 -0.96269405 4.5371024e-05
-0.077145301 0.2166827 -0.97318923 0
-0.039549418 0.23011664 0.97235912 0
nan nan nan nan
0.021317706 -0.14991125 -0.9884696 0.00011380774
nan nan nan nan
-0.013444174 0.086451769 0.99616528 9.4467196e-06
nan nan nan nan
0.0023802917 -0.016903657 -0.99985427 0
nan nan nan nan
-0.0079365429 0.051572409 -0.99863774 8.2623683e-06
nan nan nan nan
nan nan nan nan
-0.028651983 0.083200477 -0.99612081 6.2730229e-05
0.024841156 -0.15059951 0.98828274 0
-0.24477684 0.66986072 -0.70097852 0
-0.054745801 0.29749569 -0.95315224 0
-0.093744926 0.25651792 -0.96198261 0.00010727527
-0.033323918 0.22278379 0.97429812 9.1900183e-05
nan nan nan nan
-0.024785407 0.15661295 0.98734903 0
nan nan nan nan
-0.011448237 0.08517658 0.9963001 1.0063713e-05
nan nan nan nan
-0.002548092 0.017241962 0.99984807 0
nan nan nan nan
-0.0079895984 0.050984725 -0.99866754 1.1898965e-05
nan nan nan nan
0.02269941 -0.080925055 0.99646169 0.00019991625
-0.028568592 0.08288005 -0.99615002 2.7138409e-05
-0.030597242 0.20024271 -0.97926843 5.7746987e-05
0.041145667 -0.12660782 0.99109912 0.00010980784
0.035938434 -0.251445 0.96720409 7.7092831e-05
-0.13268024 0.34444931 -0.92938185 0
0.030285262 -0.21851572 -0.97536343 8.2249513e-05
nan nan nan nan
-0.022170952 0.15472956 0.98770809 0
nan nan nan nan
-0.011901641 0.085772477 0.99624366 0
nan nan nan nan
0.0024081618 -0.016954649 -0.99985331 1.2011537e-06
nan nan nan nan
-0.0076718098 0.052402679 -0.99859655 1.1544964e-05
nan nan nan nan
-0.0059060911 -0.04002415 0.99918121 0
-0.048315551 0.11595725 -0.99207836 0
-0.027733954 0.19283028 -0.98084015 0
-0.050180394 0.14702341 -0.98785931 0
0.033242248 -0.24338742 0.96935934 0.00023897341
0.070134304 -0.20704825 0.97581369 0
-0.03375227 0.22379833 0.97405088 0
0.16248997 0.69699568 0.69842255 0
-0.029657144 0.16142382 0.98643947 0
nan nan nan nan
-0.012596096 0.086933009 0.99613452 0
nan nan nan nan
0.0024081618 -0.016954649 -0.99985331 1.2011537e-06
nan nan nan nan
nan nan nan nan
nan nan nan nan
-0.093707226 0.18750219 0.97778422 0
-0.033397887 0.11048454 -0.99331659 0
-0.03511963 0.21008998 -0.97705108 0
0.045413874 -0.13665509 0.98957723 7.948026e-06
-0.035687491 0.26821655 -0.96269745 0
0.067985512 -0.19907704 0.97762281 0
nan nan nan nan
0.16248997 0.69699568 0.69842255 0
-0.024252264 -0.11010469 -0.99362409 0
nan nan nan nan
-0.012055145 0.086997136 0.99613559 0
nan nan nan nan
-0.0022456713 0.018415488 0.99982792 0
nan nan nan nan
nan nan nan nan
nan nan nan nan
-0.042829029 0.21222335 -0.97628224 0
-0.029092699 0.091577962 -0.99537283 0
-0.026714416 0.19421162 -0.98059583 6.7627268e-05
0.04867145 -0.14664227 0.98799151 0
-0.034105889 0.25538909 -0.96623665 0.00010794901
0.066839263 -0.18757345 0.97997379 0.00028861302
nan nan nan nan
-0.085751943 0.24026357 0.96691269 7.728779e-05
-0.024252264 -0.11010469 -0.99362409 0
nan nan nan nan
-0.012055145 0.086997136 0.99613559 0
nan nan nan nan
-0.0022456713 0.018415488 0.99982792 0
nan nan nan nan
nan nan nan nan
nan nan nan nan
0.013562648 -0.11216129 0.99359745 0.00029025631
-0.17827663 0.24042232 0.95415646 0
0.023079012 -0.17605114 0.98411047 0
0.04311756 -0.13486575 0.98992527 0.00020426679
-0.034187015 0.26246071 -0.96433687 0
-0.070686758 0.2134904 -0.97438449 0.00012004085
-0.026630716 0.22901064 0.97305959 0
-0.077613153 0.24958621 0.9652372 2.5779693e-05
nan nan nan nan
nan nan nan nan
-0.011977827 0.086951837 0.99614048 0
nan nan nan nan
-0.0022419128 0.017149922 0.99985045 0
nan nan nan nan
nan nan nan nan
nan nan nan nan
-0.010198642 -0.047283284 0.99882954 0
0.025600977 -0.081505582 0.99634397 6.980465e-05
-0.026162563 0.20449392 -0.97851813 0
-0.064219885 0.17362699 -0.98271537 0.00010733241
-0.031965248 0.25373372 -0.96674579 0
-0.068427943 0.22087222 -0.97289938 0
-0.027133096 0.22278486 0.97448999 0
-0.079066321 0.24626918 0.96597099 0
nan nan nan nan
nan nan nan nan
nan nan nan nan
nan nan nan nan
-0.0022419128 0.017149922 0.99985045 0
nan nan nan nan
nan nan nan nan
nan nan nan nan
-0.0032817905 -0.078353874 0.99692017 0
nan nan nan nan
-0.024149399 0.19260252 -0.98097968 0
-0.051893082 0.15706001 -0.98622477 0
-0.032219101 0.2601898 -0.96501982 0
-0.066822961 0.22262359 -0.97261167 0
-0.027024094 0.22414495 0.97418112 0.00018477494
-0.078306109 0.24735013 0.96575677 0
nan nan nan nan
nan nan nan nan
nan nan nan nan
nan nan nan nan
nan nan nan nan
nan nan nan nan
nan nan nan nan
nan nan nan nan
0.011801658 -0.10710707 0.9941774 0
nan nan nan nan
0.01292159 -0.16381608 0.98640627 0
-0.057330802 0.17445849 -0.98299414 0
0.028507285 -0.24089336 0.97013289 7.5241915e-05
0.076598562 -0.19823503 0.97715682 0.00013952155
-0.02544521 0.22033775 0.97509176 0.00015107766
-0.078527674 0.24812546 0.96553981 7.9023936e-05
nan nan nan nan
nan nan nan nan
nan nan nan nan
nan nan nan nan
nan nan nan nan
nan nan nan nan
nan nan nan nan
nan nan nan nan
0.014334761 -0.10724365 0.99412948 0
nan nan nan nan
-0.033696372 0.22426151 -0.97394627 0
0.046196479 -0.14606166 0.98819625 9.8009215e-05
0.023174701 -0.22723456 0.97356427 8.6292632e-05
nan nan nan nan
-0.049778514 0.26459947 0.96307278 0
-0.078734495 0.24972889 0.96510959 0.00010918676
nan nan nan nan
nan nan nan nan
nan nan nan nan
nan nan nan nan
nan nan nan nan
-0.01648578 0.049157549 0.99865502 0
nan nan nan nan
nan nan nan nan
0.020668086 0.18229899 0.98302591 0
nan nan nan nan
0.017335441 -0.17400496 0.9845922 0
-0.046681713 0.15191931 -0.98728985 0
0.026785403 -0.24139412 0.97005743 0
nan nan nan nan
0.013959442 -0.20592737 -0.97846764 3.522668e-05
-0.076420344 0.24620996 0.96619904 2.6922586e-05
nan nan nan nan
nan nan nan nan
nan nan nan nan
0.073376969 -0.08655981 -0.9935407 0
nan nan nan nan
0.033850525 -0.037601393 -0.99871933 0
nan nan nan nan
-0.0048824935 0.016823128 -0.99984658 0
-0.027969472 0.25992897 -0.96522254 0
-0.020738693 0.088594511 -0.99585181 0
0.017697033 -0.17048305 0.98520166 4.6355683e-05
0.042920377 -0.14337799 0.98873687 0.00012730256
0.023708986 -0.23717378 0.97117794 7.639244e-05
nan nan nan nan
0.0052170726 -0.18686518 -0.98237175 7.4580574e-05
-0.075766824 0.24806726 0.96577537 0
nan nan nan nan
nan nan nan nan
nan nan nan nan
-0.03172053 0.11983892 0.99228638 0
nan nan nan nan
-0.014387012 0.050972119 0.99859649 7.5030482e-07
nan nan nan nan
-0.0046524322 0.017135866 -0.99984235 0
-0.01770311 0.16801421 -0.98562562 0
-0.0236493 0.085378014 -0.99606794 0
-0.024385925 0.20895214 -0.97762179 4.9801161e-05
nan nan nan nan
-0.030965373 0.26902512 -0.96263528 0
-0.048982684 0.23256946 -0.97134554 0
nan nan nan nan
-0.072401702 0.2439013 0.96709371 0
nan nan nan nan
nan nan nan nan
nan nan nan nan
0.043121975 -0.10629586 -0.99339902 1.7491187e-05
nan nan nan nan
-0.013716205 0.051887594 0.99855876 0
nan nan nan nan
-0.0047724731 0.01694289 -0.99984503 0
0.03799909 0.024273572 0.99898297 0
-0.023491619 0.085626021 -0.99605036 0
0.019322766 -0.18710409 0.98215008 0.00012541362
nan nan nan nan
0.018769735 -0.22938174 0.9731555 6.9003414e-05
-0.048982684 0.23256946 -0.97134554 0
nan nan nan nan
-0.074124023 0.24862641 0.9657591 0
nan nan nan nan
0.062472403 0.33621073 0.93971246 0
nan nan nan nan
0.039684415 -0.10876422 -0.99327511 5.6440322e-06
nan nan nan nan
-0.013716205 0.051887594 0.99855876 0
nan nan nan nan
-0.0047658118 0.016882164 -0.9998461 0
-0.012250029 0.12440531 -0.99215585 0
-0.022606697 0.087191582 -0.99593496 3.6616191e-06
0.018715959 -0.18196957 0.98312598 0.00024611512
-0.043737046 0.14880313 -0.98789912 0.00010904253
0.019759851 -0.23311739 0.97224784 0.00029036426
-0.060199715 0.21933882 -0.97378981 0
nan nan nan nan
-0.072839238 0.24596858 0.96653706 0.00028228923
nan nan nan nan
-0.019870475 0.22595143 0.97393596 0
nan nan nan nan
-0.033087485 0.11822408 0.99243551 2.1346968e-05
nan nan nan nan
-0.014201705 0.050799429 0.99860793 0
nan nan nan nan
-0.0048157331 0.016756603 -0.99984789 0
-0.029773537 0.012825573 0.99947441 0
0.026743261 -0.078037299 0.99659163 8.8768038e-06
-0.019330906 0.21779069 -0.97580403 0
-0.044223532 0.1495977 -0.9877575 0.0001652739
-0.029848056 0.29348212 -0.95549846 0
nan nan nan nan
nan nan nan nan
-0.073170595 0.24801987 0.96598768 0
nan nan nan nan
0.12746009 -0.077523857 -0.98880935 0
nan nan nan nan
0.03652655 -0.11068767 -0.99318379 3.3019849e-05
nan nan nan nan
-0.01438967 0.050360456 0.99862742 3.6842771e-06
nan nan nan nan
0.0056007579 -0.015218472 0.99986851 0
-0.046735793 0.214449 -0.9756164 0
-0.021074338 0.090309121 -0.9956907 0
-0.021362079 0.21148956 -0.97714674 0
-0.044172082 0.14875671 -0.98788679 0
0.023360783 -0.25155953 0.96755981 9.1439812e-05
nan nan nan nan
nan nan nan nan
-0.07288976 0.24860086 0.96585959 0
nan nan nan nan
-0.052555565 0.18321021 0.981668 6.953103e-05
nan nan nan nan
-0.034255553 0.11487879 0.99278873 0
nan nan nan nan
-0.013477578 0.052602679 0.99852455 0
nan nan nan nan
0.00523972 -0.015638644 0.99986398 0
0.0090231001 -0.11019725 0.99386877 0.00030287731
-0.020636691 0.090798125 -0.99565548 0
0.015307321 -0.18484008 0.98264945 0
-0.042791031 0.14919524 -0.98788136 1.4746416e-05
-0.021933084 0.26519334 -0.96394581 0
-0.045752153 0.24934949 -0.96733218 0
nan nan nan nan
-0.071003653 0.24687275 0.96644312 0.00015413229
nan nan nan nan
-0.01917015 0.22404236 0.97439092 0
nan nan nan nan
-0.03180147 0.12026994 0.99223173 0
nan nan nan nan
0.015470575 -0.045743473 -0.99883336 0
nan nan nan nan
-0.0047262777 0.016484214 -0.99985301 0
0.0074672024 -0.10320906 0.99463159 0.00030786468
0.024836648 -0.076315224 0.99677432 1.9801557e-05
-0.019558519 0.2073922 -0.97806239 0
-0.042709533 0.14869533 -0.98796028 0
0.022502206 -0.24942578 0.96813238 9.6395575e-05
-0.056713242 0.22777505 -0.9720608 0
nan nan nan nan
-0.071003653 0.24687275 0.96644312 0.00015413229
nan nan nan nan
-0.047877811 0.18838686 0.98092717 0
nan nan nan nan
0.03515901 -0.10485172 -0.99386621 1.3390254e-05
nan nan nan nan
0.014288411 -0.049141299 -0.99868965 0
nan nan nan nan
-0.0045844698 0.0168522 -0.99984753 0
0.0095788613 -0.11768277 0.99300504 0
-0.022873949 0.084164537 -0.9961893 1.3838072e-05
0.002564823 -0.10495397 0.99447381 0
-0.039356366 0.16600764 -0.98533881 0
-0.021440821 0.2651991 -0.96395522 0
-0.05095752 0.24662049 -0.96777153 0
nan nan nan nan
-0.069550015 0.24850866 0.96612948 6.4827989e-05
nan nan nan nan
-0.045319587 0.19541357 0.97967321 0
nan nan nan nan
0.032458574 -0.11367552 -0.99298757 6.3649218e-06
nan nan nan nan
-0.01188252 0.05576377 0.99837321 0
nan nan nan nan
-0.0045377971 0.01678228 -0.99984884 0
0.0067422483 -0.102157 0.99474549 0.00024714362
-0.022557521 0.087358609 -0.99592149 0
-0.028774425 0.30378854 -0.95230484 0
-0.040353641 0.15387943 -0.98726523 1.6090016e-05
-0.020631891 0.26550087 -0.9638899 0
0.06016342 -0.21275008 0.97525269 0
nan nan nan nan
0.07562504 -0.2400077 -0.96782088 0.00020414228
nan nan nan nan
-0.046784874 0.19587493 0.97951221 0
nan nan nan nan
0.032138772 -0.11124 -0.99327374 3.3718825e-05
nan nan nan nan
-0.013663395 0.049814016 0.99866503 0
nan nan nan nan
0.0044513582 -0.016193215 0.99985898 0
-0.012532783 -0.07354527 0.99721313 0
-0.022309914 0.082964301 -0.99630272 0
-0.018365679 0.23486455 -0.97185457 0
-0.040259019 0.15909113 -0.98644274 0
-0.021750435 0.27520433 -0.96113968 0
-0.05711031 0.22162235 -0.97345877 0
nan nan nan nan
-0.066400148 0.24997082 0.96597391 7.0414389e-05
nan nan nan nan
0.052254505 -0.1610367 -0.98556411 8.1701583e-05
nan nan nan nan
0.031290479 -0.11514625 -0.99285561 2.1170088e-05
nan nan nan nan
-0.013642926 0.049847979 0.9986636 0
nan nan nan nan
0.0044472925 -0.015561186 0.99986905 0
0.00030057091 -0.0010519982 0.99999946 0
-0.022126401 0.084068686 -0.99621427 8.6959881e-06
0.012503491 -0.18075962 0.98344779 0
-0.040575854 0.15927817 -0.98639959 0
-0.023932379 0.27361444 -0.96154165 0
-0.05457544 0.22319362 -0.97324514 7.0635062e-05
nan nan nan nan
-0.063576549 0.25390372 0.96513772 7.1596141e-06
nan nan nan nan
0.049008392 -0.16916129 -0.98436916 2.4905115e-05
nan nan nan nan
-0.03060469 0.11890382 0.99243397 0
nan nan nan nan
-0.013051166 0.050731312 0.99862713 0
nan nan nan nan
0.0043710661 -0.016240906 0.99985856 0
0.019887116 -0.064912647 0.9976927 0
-0.022212692 0.08497788 -0.99613518 0
0.00715265 -0.15511891 0.98786992 4.2657644e-05
-0.040366769 0.15354382 -0.98731703 8.742608e-05
0.015224476 -0.24880013 0.96843523 0.0002201492
-0.054260857 0.22459312 -0.97294074 0
nan nan nan nan
-0.063371539 0.25457737 0.96497375 0
nan nan nan nan
-0.04716631 0.18986769 0.98067617 4.3541993e-05
nan nan nan nan
-0.029982213 0.12103519 0.99219537 1.2993287e-05
nan nan nan nan
-0.012912843 0.04985749 0.99867284 0
nan nan nan nan
-0.0043493914 0.016610043 -0.99985254 0
0.0062948908 -0.098303311 0.9951365 2.8265677e-05
-0.022635292 0.085776448 -0.99605721 5.2365367e-06
0.0043096477 -0.15182491 0.98839802 0
-0.039802212 0.15302508 -0.98742044 5.4902061e-06
-0.018878508 0.27146441 -0.96226329 0
-0.055628959 0.2187354 -0.97419727 0
nan nan nan nan
-0.062774025 0.25604478 0.96462452 0
nan nan nan nan
-0.047020808 0.19286014 0.98009896 0
nan nan nan nan
-0.029477399 0.12235312 0.9920488 0
nan nan nan nan
-0.012817214 0.050017115 0.99866611 4.1133162e-06
nan nan nan nan
-0.004288577 0.016757464 -0.99985039 0
0.0059568044 -0.097767524 0.99519145 3.1904819e-05
-0.021449976 0.084467597 -0.99619532 1.4171233e-05
-0.012376233 0.19721928 -0.98028123 0
-0.039702695 0.15335841 -0.98737276 4.3276999e-05
-0.015244171 0.25811726 -0.96599334 0
0.05799352 -0.2097536 0.97603285 8.5080515e-05
nan nan nan nan
-0.063240945 0.2538527 0.9651733 1.5321988e-05
nan nan nan nan
-0.046449766 0.18662623 0.9813323 6.4418382e-05
nan nan nan nan
-0.029084647 0.12255197 0.99203581 0
nan nan nan nan
-0.012516799 0.051019695 0.99861926 0
nan nan nan nan
-0.0042091329 0.016732031 -0.99985117 1.2463889e-06
-0.0068274955 0.12067893 -0.99266815 0
-0.020601397 0.083792344 -0.9962703 1.6922555e-05
-0.014747739 0.92035103 -0.39081508 0
0.034682047 -0.14885171 0.98825115 0
-0.014380919 0.25476584 -0.96689576 0
-0.053289182 0.22156443 -0.9736886 0
nan nan nan nan
-0.062382352 0.24987663 0.96626604 0.0001545182
nan nan nan nan
-0.053225093 0.26072648 0.96394438 0
nan nan nan nan
-0.0290414 0.11717728 0.99268627 1.1714612e-05
nan nan nan nan
0.012531728 -0.049595427 -0.99869078 4.3034984e-06
nan nan nan nan
-0.0042639989 0.016973685 -0.99984676 0
-0.0050187847 -0.079080157 0.99685568 0.00010058152
-0.021916861 0.085531235 -0.99609441 0
-0.011052716 0.22552195 -0.97417539 9.8200268e-05
-0.041917436 0.15576614 -0.98690414 0
-0.013467098 0.2596001 -0.96562231 0
-0.052971836 0.21952638 -0.97416735 0.00010364823
nan nan nan nan
-0.061547831 0.25009841 0.9662621 1.8807788e-05
nan nan nan nan
-0.044989873 0.18436189 0.98182815 0
nan nan nan nan
0.028570326 -0.11560483 -0.99288434 1.2020049e-05
nan nan nan nan
-0.012272717 0.050678983 0.99863958 0
nan nan nan nan
-0.003928707 0.016865596 -0.99985003 0
-0.00047361094 -0.096853927 0.99529845 0
-0.024056856 0.08749225 -0.9958747 2.1536247e-05
-0.092159033 0.96054178 0.26242372 0
0.03462065 -0.14974517 0.98811829 0
-0.011967313 0.26252857 -0.96485001 0
-0.054694448 0.21499895 -0.97508156 0.00016513592
nan nan nan nan
0.059494365 -0.24638048 -0.96734542 7.9929268e-05
nan nan nan nan
0.043194614 -0.16974585 -0.98454082 5.0902796e-05
nan nan nan nan
-0.028189566 0.1174107 0.99268329 8.0073505e-06
nan nan nan nan
-0.012287083 0.050087109 0.99866927 4.2286624e-06
nan nan nan nan
-0.003945041 0.016981302 -0.99984807 0
-0.0011515783 -0.096648671 0.99531788 8.7414366e-05
0.018505717 -0.08344534 0.99634057 1.4407658e-05
-0.0089866938 0.19599222 -0.9805643 0.00010045344
-0.049499024 0.16676365 -0.98475367 0
-0.012086243 0.27038619 -0.96267605 0
-0.053691525 0.23501322 -0.97050816 0
nan nan nan nan
-0.059478112 0.24899192 0.96667743 6.6181878e-05
nan nan nan nan
-0.043848805 0.18734547 0.9813149 2.0096444e-05
nan nan nan nan
-0.028011674 0.12059 0.99230707 0
nan nan nan nan
-0.012033535 0.050243456 0.9986645 9.5142959e-06
nan nan nan nan
-0.0039213756 0.016896328 -0.9998495 0
0.0095450161 0.02868535 0.99954283 0.00021520925
-0.018787084 0.083601207 -0.99632215 3.2908996e-05
0.0017929943 -0.15121253 0.98849964 0.00046186609
0.02097629 -0.1375085 0.99027848 0
0.0090701506 -0.24445823 0.96961737 3.4795787e-05
nan nan nan nan
nan nan nan nan
-0.060666867 0.25875577 0.96403575 0
nan nan nan nan
0.043481346 -0.17334189 -0.98390144 4.5317196e-05
nan nan nan nan
-0.027768275 0.12084016 0.99228346 0
nan nan nan nan
-0.011622098 0.051353998 0.99861288 0
nan nan nan nan
-0.0039037848 0.016889088 -0.9998498 0
0.002202044 -0.098245695 0.99515975 0
0.018056897 -0.083055176 0.9963814 6.2388761e-05
0.0036731206 -0.12987857 0.99152309 0.00010547398
nan nan nan nan
0.00030459414 -0.22353405 0.9746961 0.00038954802
0.22171357 -0.054841109 0.9735685 0
nan nan nan nan
-0.059641082 0.25662366 0.96466953 0
nan nan nan nan
0.043652263 -0.17829974 -0.98300749 0
nan nan nan nan
-0.027247788 0.11996329 0.99240428 0
nan nan nan nan
-0.011590433 0.051354997 0.99861318 1.1533598e-06
nan nan nan nan
-0.0038985682 0.016854141 -0.99985033 0
-0.023902489 0.66444737 0.74695271 0
nan nan nan nan
0.0021843151 -0.16001241 0.98711258 0.00028176742
0.045474421 -0.071865886 0.99637711 0
-0.016130093 0.28135675 -0.95946771 0
0.1894284 -0.082175612 0.97844988 0
nan nan nan nan
-0.059043702 0.25638962 0.96476847 0
nan nan nan nan
-0.04197615 0.18518591 0.98180664 5.3743795e-05
nan nan nan nan
-0.027488336 0.12277915 0.99205327 2.0051715e-05
nan nan nan nan
-0.011538113 0.051770438 0.99859238 0
nan nan nan nan
-0.0039316355 0.016872371 -0.99984992 1.6409183e-07
0 0 1 0
-0.018276121 0.08507394 -0.99620694 1.1873499e-06
-0.010100089 0.21759327 -0.9759872 0
0.099441193 0.35013166 0.93140715 0
-0.011133208 0.27289081 -0.96198058 0
-0.048527468 0.21960022 -0.97438228 0
nan nan nan nan
-0.056797095 0.25347754 0.96567237 3.2988995e-05
nan nan nan nan
-0.039175771 0.19745491 0.9795289 0
nan nan nan nan
-0.02735916 0.12233977 0.99211109 9.0043823e-06
nan nan nan nan
-0.011606283 0.051903605 0.99858469 0
nan nan nan nan
0.006779185 -0.014718248 0.99986869 0
-0.0050586532 -0.03602659 0.99933803 0.00034220939
-0.018884312 0.085249297 -0.99618065 0
0.0053871879 -0.18724625 0.9822982 0.00023259927
0.099441193 0.35013166 0.93140715 0
-0.0066281981 0.25549933 -0.96678656 0.00028888613
-0.046891291 0.2213788 -0.97405988 0
nan nan nan nan
-0.056409486 0.25476274 0.96535689 1.705306e-05
nan nan nan nan
-0.04033681 0.18428026 0.98204565 4.7747126e-05
nan nan nan nan
-0.029973781 0.13092291 0.99093932 0
nan nan nan nan
0.010020249 -0.049313441 -0.9987331 0
nan nan nan nan
0.004841533 -0.016093915 0.9998588 0
-0.0066831345 -0.063536592 0.99795717 0
-0.018176712 0.085134566 -0.99620372 2.2224754e-06
0.0020971692 -0.17446716 0.98466074 0
-0.032508567 0.15445213 -0.98746532 0
0.0060584513 -0.25326252 0.96737868 0
-0.046703272 0.21920949 -0.97455937 0
nan nan nan nan
-0.054836381 0.25405386 0.96563423 5.9911017e-06
nan nan nan nan
-0.040929202 0.19457482 0.9800334 6.797593e-06
nan nan nan nan
-0.025499223 0.11950865 0.99250567 0
nan nan nan nan
-0.010572598 0.050680161 0.99865901 0
-0.0040374049 -0.018266872 0.999825 0
-0.0032256041 0.01734134 -0.99984443 0
-0.0095434012 0.19506969 -0.98074299 0
-0.018392637 0.083748192 -0.99631721 1.6307846e-05
0.0029972787 -0.17890713 0.98386151 1.6208382e-05
-0.031278051 0.15182777 -0.98791194 0.00010989032
-0.0086792326 0.29477778 -0.95552641 0
-0.045433525 0.2258075 -0.97311193 0
nan nan nan nan
-0.052879233 0.25114644 0.96650356 2.1411213e-05
nan nan nan nan
-0.039990213 0.18940562 0.98108417 5.4547778e-05
nan nan nan nan
0.020349048 -0.10924418 -0.99380666 7.6848974e-06
nan nan nan nan
0.010226894 -0.050286844 -0.9986825 5.4201564e-06
nan nan nan nan
-0.0036477414 0.016706921 -0.99985379 0
0.00088099827 -0.11570645 0.99328309 0
-0.017618209 0.085232265 -0.99620533 4.9957152e-06
-0.0070987376 0.2138298 -0.97684515 7.5298092e-05
-0.031363133 0.15376993 -0.98760879 8.5302881e-06
0.0041030729 -0.24497154 0.96952158 0
-0.045780208 0.21852969 -0.97475588 0
nan nan nan nan
0.047294717 -0.24049492 -0.96949744 0.00018534483
nan nan nan nan
0.036406707 -0.18092678 -0.98282248 0
nan nan nan nan
-0.023972971 0.11824903 0.9926945 5.71685e-06
nan nan nan nan
-0.010595636 0.052256707 0.99857748 0
nan nan nan nan
-0.0036477414 0.016706921 -0.99985379 0
0.00012447489 -0.11083936 0.99383831 0.00011142131
-0.017162481 0.084976152 -0.99623519 4.2752572e-06
-0.0029976924 0.19678119 -0.98044282 3.2678669e-05
-0.031163838 0.15261401 -0.98779446 2.8661912e-05
-0.0038605693 0.26423565 -0.96445042 0
-0.045153439 0.2211608 -0.97419149 0
nan nan nan nan
0.04777243 -0.24204879 -0.9690873 9.5135234e-05
nan nan nan nan
0.031940132 -0.17501134 -0.98404825 0
nan nan nan nan
0.013804459 -0.09978532 -0.99491322 4.1530864e-05
nan nan nan nan
-0.010285077 0.05128495 0.99863112 0
nan nan nan nan
0.0039140075 -0.01530783 0.99987513 0
-0.0014249105 0.12481335 -0.99217927 0.00014062913
-0.01684946 0.083717942 -0.99634701 1.1583488e-05
0.025048032 0.36715576 -0.92982215 0
-0.03061294 0.1526368 -0.98780811 0
-0.0047560371 0.2705411 -0.96269673 0
-0.044398427 0.22067387 -0.97433662 0
nan nan nan nan
-0.052396819 0.25758618 0.96483362 0.00011056285
nan nan nan nan
0.031575717 -0.17846385 -0.98343968 0
nan nan nan nan
-0.023214653 0.11822433 0.99271548 1.7198689e-05
nan nan nan nan
0.0094540929 -0.048840709 -0.99876189 3.2465607e-06
nan nan nan nan
-0.0033348468 0.017123803 -0.99984783 0
-0.0021217705 0.35211068 -0.935956 0
-0.016835369 0.085615806 -0.99618602 2.8255936e-06
0.0018365148 -0.18009722 0.98364717 0
-0.030491592 0.1543642 -0.98754346 6.4984797e-06
-0.0021805125 0.26136103 -0.96523863 0
-0.042609856 0.22901478 -0.97248995 0
nan nan nan nan
-0.051745664 0.25643346 0.96517581 5.5311019e-05
nan nan nan nan
0.029606111 -0.17898849 -0.98340559 0.00016488727
nan nan nan nan
0.020656846 -0.11250924 -0.99343598 2.0975029e-05
nan nan nan nan
-0.010950136 0.056125261 0.99836367 0
nan nan nan nan
-0.0033065854 0.017144619 -0.99984753 0
0.033620775 0.13006252 0.99093568 0
-0.017011523 0.088735417 -0.99590999 0
0.0057606683 -0.14563268 0.98932195 0.0001557964
0.029507473 -0.1503856 0.98818696 6.5558488e-05
-0.0016592582 0.26681739 -0.96374559 0
-0.042995181 0.21955822 -0.97465158 6.7690627e-05
nan nan nan nan
0.046260402 -0.24757902 -0.96776265 2.9328827e-05
nan nan nan nan
0.028447781 -0.17921288 -0.98339891 0
nan nan nan nan
-0.022855831 0.11974839 0.99254119 4.9450232e-06
nan nan nan nan
-0.0096906042 0.050780624 0.99866283 0
nan nan nan nan
-0.0032485262 0.017442588 -0.99984258 0
-0.0003740172 0.12548643 -0.99209523 0
-0.016841685 0.087639697 -0.99600989 0
-0.00073210383 -0.17882769 0.98388016 1.2595739e-05
-0.029063305 0.15175018 -0.98799151 9.5545096e-05
0.00026556849 -0.23261635 0.97256851 0.0001008316
-0.042310372 0.22412054 -0.97364247 0
nan nan nan nan
0.046318069 -0.24965207 -0.96722722 5.8900234e-05
nan nan nan nan
-0.047473237 0.19652949 0.979348 0
nan nan nan nan
-0.023459293 0.12356939 0.99205863 2.3158587e-05
nan nan nan nan
-0.009961619 0.055013616 0.99843591 0
nan nan nan nan
-0.0032247687 0.017237199 -0.99984628 1.2520204e-06
0.0038279074 0.12967098 -0.99154973 0.00011116534
-0.017373424 0.09089791 -0.99570864 0
-0.0033096431 -0.17725162 0.98416001 0.00013063235
-0.02890775 0.15347241 -0.98773003 0
0.0010307869 0.25630417 -0.96659559 0
-0.042107929 0.2232613 -0.9738487 0
nan nan nan nan
-0.050780475 0.26130882 0.96391863 0
nan nan nan nan
-0.039709989 0.1890323 0.98116761 0
nan nan nan nan
-0.022290943 0.12074743 0.99243289 0
nan nan nan nan
-0.0094052469 0.051682189 0.99861938 0
nan nan nan nan
-0.0031652702 0.017131086 -0.99984819 0
0.0005777576 0.12392017 -0.99229205 0
-0.01575063 0.086470328 -0.99612993 0
-0.001316098 0.20090464 -0.97960991 7.5724865e-06
-0.027946012 0.15581805 -0.9873904 0
0.0017019587 0.25612026 -0.96664339 0.00042811182
-0.041602638 0.22204238 -0.97414905 0
nan nan nan nan
0.040333986 -0.24609676 -0.96840566 0.00013765132
nan nan nan nan
0.00075874489 -0.18270187 -0.98316801 0
nan nan nan nan
-0.021413777 0.11939044 0.99261636 3.0214826e-05
nan nan nan nan
0.009254734 -0.050489247 -0.99868166 0
nan nan nan nan
-0.0032312714 0.017297864 -0.99984509 0
-0.021125222 0.14892648 -0.98862255 0
-0.015655879 0.089241326 -0.99588698 0
-0.012702771 -0.15590703 0.98769003 0.00021242897
-0.027523037 0.153695 -0.98773491 9.9156014e-06
0.04742441 0.85212368 -0.52118719 0
-0.042061239 0.22274427 -0.9739691 0
nan nan nan nan
-0.045944981 0.25405785 0.96609712 2.9332232e-05
nan nan nan nan
-0.02959156 0.18626143 0.98205447 0
nan nan nan nan
-0.020717723 0.11818117 0.99277592 3.3304179e-05
nan nan nan nan
-0.0090938173 0.054073557 0.99849546 0
nan nan nan nan
-0.0034157746 0.017476736 -0.99984145 0
0.0015879053 0.1241665 -0.9922601 0
-0.015772618 0.096282236 -0.99522913 0
-0.048317615 0.12990442 0.99034852 0
-0.027156373 0.1572302 -0.98718858 0
0.0018604582 0.44422194 -0.89591479 0
-0.041654158 0.22245798 -0.97405201 0
nan nan nan nan
-0.045079671 0.25501925 0.96588457 2.6525593e-05
nan nan nan nan
-0.031473689 0.1880119 0.98166227 0
nan nan nan nan
0.018320719 -0.11515345 -0.99317878 6.7131557e-05
nan nan nan nan
0.0087237041 -0.050387874 -0.99869162 0
nan nan nan nan
-0.0029843019 0.01722014 -0.99984729 0
-0.00024519645 -0.11596236 0.99325353 0.00012202672
0.014295054 -0.082684524 0.99647325 1.3641268e-05
-0.027993843 0.31616387 0.94829154 0
-0.027247574 0.15535815 -0.98748237 0
-0.0059830374 -0.24182336 0.97030187 7.3666219e-05
-0.041822806 0.22259697 -0.97401303 8.321723e-05
nan nan nan nan
0.040530883 -0.24916874 -0.96761161 8.7636035e-05
nan nan nan nan
-0.031650148 0.18823743 0.98161346 0
nan nan nan nan
-0.022440117 0.12293315 0.99216121 0
nan nan nan nan
-0.0088558784 0.053016793 0.99855435 0
nan nan nan nan
-0.0029700554 0.017224988 -0.99984717 0
nan nan nan nan
-0.014916264 0.087789029 -0.99602741 0
-0.00050409016 0.21743608 -0.9760744 0
-0.027021851 0.15482324 -0.98757261 0
-0.10153894 0.95411748 0.28169078 0
nan nan nan nan
nan nan nan nan
0.038838748 -0.24782521 -0.96802598 3.4345347e-05
nan nan nan nan
-0.031313375 0.18772742 0.98172188 0
nan nan nan nan
-0.023393333 0.12464797 0.99192518 0
nan nan nan nan
-0.0085423747 0.051408257 0.99864113 7.1542313e-06
nan nan nan nan
-0.0027073531 0.017101025 -0.99985009 0
nan nan nan nan
-0.014157773 0.084347442 -0.9963358 0
0.0019648306 0.21988618 -0.97552353 0
-0.02716594 0.15476623 -0.98757762 0
-0.0097662369 -0.20752232 0.97818148 0.00025324099
nan nan nan nan
nan nan nan nan
-0.039661117 0.25155196 0.96703082 0
nan nan nan nan
-0.030468723 0.18841554 0.98161668 0
nan nan nan nan
-0.019954858 0.12071398 0.99248683 0
0.0028244122 -0.0029364964 -0.99999171 0
-0.0089507457 0.052849326 0.9985624 0
nan nan nan nan
-0.0029282111 0.017578214 -0.99984121 0
nan nan nan nan
-0.013995557 0.084644549 -0.99631298 1.9514333e-05
0.0039426796 0.20070224 -0.97964436 3.5364505e-05
nan nan nan nan
0.0051331432 0.27590731 -0.96117055 0.00011628373
-0.041479819 0.22494611 -0.97348785 0
nan nan nan nan
-0.042953204 0.25904158 0.96491057 0
nan nan nan nan
-0.029833978 0.18647295 0.98200697 0.00010775757
nan nan nan nan
-0.018799709 0.11998683 0.99259746 0
0.0049296669 0.16706641 -0.98593336 0
-0.0091806008 0.053232305 0.99853998 0
nan nan nan nan
0.0024387671 -0.016741769 0.99985689 0
0.0039650742 -0.11592501 0.99325007 0
-0.013665108 0.084513716 -0.99632859 3.8504913e-05
0.00089189014 0.21608327 -0.97637445 0
nan nan nan nan
-0.0083355978 -0.2528533 0.96746874 3.1141339e-05
0.020218557 -0.20199369 0.97917813 3.4555029e-05
-0.034761574 0.84991693 0.52576882 0
-0.039778665 0.25359148 0.96649307 0
-0.053867623 0.11049667 -0.99241561 0
-0.030352756 0.18942347 0.9814263 0
nan nan nan nan
0.010327158 -0.11246036 -0.99360251 1.3864355e-05
-0.0043504937 0.086261243 0.99626309 0
-0.0079308273 0.051446941 0.99864423 5.1021707e-06
nan nan nan nan
-0.0025170608 0.017075015 -0.99985105 6.5333739e-07
nan nan nan nan
nan nan nan nan
0.0053291125 0.20328051 -0.97910601 4.7640719e-05
-0.042969648 0.18903248 -0.98103029 0
-0.0099943755 -0.23159146 0.97276175 1.2296932e-05
-0.035373326 0.22489998 -0.97373962 0
0.0082023945 0.24566239 0.96932071 0
-0.039838269 0.25464484 0.9662137 5.5733115e-05
-0.04964143 0.088168882 -0.9948678 0
-0.028965278 0.18826653 0.9816907 1.7456112e-05
nan nan nan nan
-0.025060974 0.12614311 0.9916954 0
-0.0012866576 -0.0066582435 -0.99997693 0
-0.0079741264 0.052077286 0.99861121 0
nan nan nan nan
-0.0025047308 0.017052984 -0.99985141 0
nan nan nan nan
nan nan nan nan
0.00039249958 0.23072471 -0.97301894 0
0.020209517 -0.14618766 0.98905045 9.5969197e-05
0.010392091 0.25529185 -0.9668082 0.0003671218
0.031582151 -0.2117193 0.97682017 0.00023699016
nan nan nan nan
-0.039304875 0.25535583 0.96604788 0
nan nan nan nan
-0.02907926 0.18827255 0.98168629 6.9473812e-05
nan nan nan nan
-0.019631131 0.12155495 0.99239063 0
0.0035318513 0.089482956 -0.99598211 0
-0.0077664326 0.05196245 0.99861884 0
nan nan nan nan
-0.0025906488 0.017304301 -0.99984694 0
nan nan nan nan
-0.00083785143 -0.018000351 0.9998377 4.7702717e-05
-0.0089325281 0.11770578 0.99300832 0
0.02195783 -0.15267597 0.98803234 6.4452564e-05
0.010590167 0.26322618 -0.96467602 4.8346366e-05
-0.035264242 0.23670141 -0.9709422 0
nan nan nan nan
-0.040387817 0.26131961 0.96440697 0
nan nan nan nan
-0.028187511 0.18900494 0.9815715 4.9821134e-05
nan nan nan nan
-0.019253222 0.12137354 0.99242014 2.0756292e-05
-0.00092192891 0.02803253 0.99960655 0
-0.0074432539 0.052051861 0.99861658 0
nan nan nan nan
-0.0025381919 0.01727007 -0.99984759 0
nan nan nan nan
-0.014957139 0.093070798 -0.99554718 0
0.0085008023 0.25324887 -0.96736383 0.00015355762
-0.023799021 0.15957156 -0.9868995 0
0.010788274 0.26743051 -0.96351677 0
-0.037848216 0.25509501 -0.96617502 0
nan nan nan nan
-0.038409483 0.25224227 0.96690154 0
nan nan nan nan
nan nan nan nan
nan nan nan nan
-0.01774068 0.12062506 0.99253964 0
-0.0070799626 0.055404823 0.99843884 0
-0.0070064557 0.051817749 0.99863201 4.9696191e-06
nan nan nan nan
0.0022173971 -0.016872508 0.9998551 1.3831235e-06
nan nan nan nan
-0.031568516 -0.011416391 0.99943638 8.7924411e-05
-0.021520177 0.91707945 0.39812332 0
0.018633263 -0.14221191 0.98966086 0.00011387308
-0.012644012 -0.25026953 0.96809363 5.3947697e-05
0.02935721 -0.21063128 0.97712457 0
nan nan nan nan
nan nan nan nan
nan nan nan nan
-0.027161524 0.20220906 0.97896564 0
nan nan nan nan
nan nan nan nan
-0 -0 -1 0
-0.0074539054 0.052023806 0.99861813 6.4345518e-06
nan nan nan nan
-0.0019898873 -0.014067901 0.99989909 0
nan nan nan nan
-0.016502915 0.031721417 0.9993605 0
-0.0083946967 -0.13951313 0.99018466 0
-0.024795435 0.1719747 -0.98478931 0
0.013683591 0.25627899 -0.96650606 0
-0.030714486 0.22247638 -0.9744541 0
nan nan nan nan
nan nan nan nan
nan nan nan nan
-0.025283244 0.19163801 0.98113984 0
nan nan nan nan
nan nan nan nan
-0.0022364119 -0.010967079 -0.99993736 0
-0.0068276972 0.052704856 0.99858677 0
nan nan nan nan
nan nan nan nan
nan nan nan nan
0.00095118972 -0.028678741 0.99958825 4.3023589e-05
-0.0045234687 -0.11287251 0.99359918 3.0072102e-05
-0.026088372 0.19020794 -0.98139709 0
0.014420181 0.27776653 -0.96054029 0
-0.035672996 0.2399327 -0.97013378 0
nan nan nan nan
-0.032522257 0.25608641 0.96610659 0
nan nan nan nan
-0.024343448 0.19922794 0.9796508 0
nan nan nan nan
nan nan nan nan
-0.0022802143 -0.010933951 -0.99993759 0
nan nan nan nan
nan nan nan nan
nan nan nan nan
nan nan nan nan
-0.011410022 0.093422614 -0.99556112 0
-0.00076324306 -0.15113464 0.98851293 0.00018086244
-0.023228411 0.18977796 -0.98155224 0
-0.014703699 -0.25083804 0.96791744 0.00012127123
-0.030258426 0.22781146 -0.97323495 4.0570492e-05
nan nan nan nan
-0.032280125 0.25764033 0.96570146 1.144609e-05
0 0.34644628 -0.93806988 0
-0.02438488 0.19130921 0.98122686 0
-0 0.28551564 0.95837408 0
nan nan nan nan
-0.001671213 -0.013105822 -0.99991274 0
nan nan nan nan
0.18210997 0.356491 -0.9163788 0
nan nan nan nan
nan nan nan nan
nan nan nan nan
0.015990742 0.19896816 -0.9798755 0.00016626394
0.018839087 -0.1444959 0.98932606 3.6203986e-05
0.0188659 0.28891894 -0.95716769 0
-0.029152455 0.22838479 -0.97313446 0
nan nan nan nan
-0.032579787 0.25784883 0.96563578 2.6931975e-06
nan nan nan nan
0.023746906 -0.18388432 -0.98266101 0
nan nan nan nan
nan nan nan nan
-0.0013583902 -0.010423386 -0.99994475 0
nan nan nan nan
nan nan nan nan
nan nan nan nan
nan nan nan nan
nan nan nan nan
-0.0051555373 -0.16879597 0.98563755 0.00023241263
-0.020744327 0.18918543 -0.98172224 0
-0.015036994 -0.24826282 0.96857607 2.4814732e-05
-0.027702913 0.22406922 -0.97417945 0
nan nan nan nan
-0.032418828 0.25772578 0.9656741 7.1818604e-06
nan nan nan nan
-0.023635365 0.19260734 0.98099118 0
nan nan nan nan
nan nan nan nan
-0.0012571496 -0.016699923 -0.99985969 0
nan nan nan nan
nan nan nan nan
nan nan nan nan
nan nan nan nan
-0.012801164 0.10244672 -0.99465615 0
0.013126758 0.18998404 -0.98169947 0
0.018073231 -0.15032981 0.98847073 0
0.017921662 0.25557545 -0.96662301 1.9292818e-05
0.023684574 -0.20501383 0.97847247 4.6169826e-05
nan nan nan nan
-0.031411376 0.25740027 0.96579415 0
nan nan nan nan
-0.025071211 0.1980003 0.97988135 0
nan nan nan nan
nan nan nan nan
-0.0077897068 -0.00029606253 -0.9999696 0
nan nan nan nan
0.010467828 0.077892967 -0.99690676 0
nan nan nan nan
nan nan nan nan
0.0041641393 -0.070847861 0.99747843 0.00020332134
0.013893144 0.19503705 -0.98069745 0
0.0025000973 -0.097825259 0.99520051 1.9172252e-05
0.018872986 0.25732574 -0.96614039 0
-0.026252054 0.22544838 -0.97390133 0
nan nan nan nan
-0.031412512 0.25740105 0.96579397 0
-0.031457506 0.21915606 -0.97518253 0
nan nan nan nan
-0.0075216531 -0.0065814457 -0.99994999 0
nan nan nan nan
-0.0020669284 -0.0075522382 -0.9999693 0
nan nan nan nan
0.0095484555 -0.03034813 0.99949384 1.8094122e-05
nan nan nan nan
nan nan nan nan
-0.020345101 0.11868347 -0.99272364 0
0.012977486 0.20284759 -0.97912431 0
-0 -0.062378284 0.99805254 0
-0.019997546 -0.24235263 0.96998209 0.0001312731
-0.025635796 0.22709307 -0.97353554 1.0354563e-05
nan nan nan nan
-0.31595668 -0.10148702 -0.94333017 0
0.031099126 0.74294353 0.6686312 0
nan nan nan nan
nan nan nan nan
nan nan nan nan
-0.0026428094 -0.0069096684 -0.99997264 4.9020682e-06
nan nan nan nan
-0.00082504307 -0.036168706 0.99934536 0
nan nan nan nan
nan nan nan nan
-0.026750131 0.1340203 -0.99061745 0
0.004987923 0.31273702 -0.94982672 0
-0.02498425 0.051313329 0.99837005 0
-0.021468444 -0.24325296 0.96972525 7.0470589e-05
-0.028601386 0.24169236 -0.96993124 0
nan nan nan nan
nan nan nan nan
nan nan nan nan
nan nan nan nan
nan nan nan nan
nan nan nan nan
0.0014336653 0.018023804 0.9998365 1.9483653e-06
nan nan nan nan
-0.005568089 -0.047819126 0.99884051 1.5675287e-05
nan nan nan nan
nan nan nan nan
-0.0018211319 -0.05146113 0.99867338 3.045751e-05
0.017317828 0.21540663 -0.97637093 0
0.0070719789 -0.066812396 0.99774045 0.00011868112
0.021507803 0.26787898 -0.96321243 0
-0.045576781 0.29823849 -0.95340264 0
nan nan nan nan
nan nan nan nan
nan nan nan nan
nan nan nan nan
nan nan nan nan
nan nan nan nan
0.0065540145 0.043800712 0.99901879 0
nan nan nan nan
-0.0040019951 -0.048673131 0.99880677 1.7787088e-05
nan nan nan nan
nan nan nan nan
-0.29290521 0.59897768 -0.74527329 0
-0.016013609 -0.18083985 0.98338223 1.5279582e-05
0.011068854 -0.050427224 0.99866635 0
-0.021969059 -0.24742369 0.96865833 0
-0.026359523 0.24024057 -0.97035545 0
-0.052954957 0.1860638 -0.98110956 0
nan nan nan nan
0.018984536 0.20912941 -0.97770369 0
nan nan nan nan
nan nan nan nan
nan nan nan nan
-0.00012275662 0.031978238 0.99948859 0
nan nan nan nan
0.0046466351 0.051886633 -0.99864215 0
nan nan nan nan
0.076885194 0.50472164 -0.8598516 0
0.0010260305 -0.049370438 0.99878001 5.3390741e-05
-0.017427236 -0.1783122 0.9838196 0
0.015013854 -0.10366827 0.99449861 0
0.053580668 0.39186439 -0.91846144 0
-0.038310681 0.29335293 -0.95523632 0
nan nan nan nan
nan nan nan nan
nan nan nan nan
nan nan nan nan
nan nan nan nan
nan nan nan nan
-0.0010859584 -0.0050225579 -0.99998677 0
nan nan nan nan
0.001688133 0.059014712 -0.99825567 0
nan nan nan nan
0.013730677 0.1498813 0.98860866 0
0.00087896193 -0.049070854 0.99879491 0
-0.018412143 -0.18021995 0.98345399 0
0.020372801 0.0061782193 0.99977338 0
0.024409834 0.25679311 -0.96615803 9.1170419e-05
-0.024221957 0.23388039 -0.97196364 0
nan nan nan nan
nan nan nan nan
nan nan nan nan
nan nan nan nan
nan nan nan nan
nan nan nan nan
0.009292352 0.056997567 -0.99833113 0
nan nan nan nan
-0.083634578 0.20865154 -0.97440743 0
nan nan nan nan
nan nan nan nan
-0.018338421 0.14239356 -0.98964024 0
0.018529728 0.19131759 -0.98135328 0
-0.014724069 0.15795551 -0.98733646 2.6336118e-05
-0.025990585 -0.25202194 0.96737248 7.657527e-05
-0.027778164 0.27127889 -0.96209991 0
nan nan nan nan
nan nan nan nan
nan nan nan nan
nan nan nan nan
nan nan nan nan
nan nan nan nan
nan nan nan nan
nan nan nan nan
0.0038454453 0.055289689 -0.99846298 1.7107735e-05
nan nan nan nan
nan nan nan nan
-0.010444753 0.10164292 -0.99476612 0
0.021064283 0.20538005 -0.9784556 0
-0.017538628 0.17098175 -0.98511809 0
-0.02869253 -0.24137263 0.97000825 0.00039680881
0.017897598 -0.2092817 0.97769159 6.6299071e-05
nan nan nan nan
nan nan nan nan
nan nan nan nan
nan nan nan nan
nan nan nan nan
nan nan nan nan
nan nan nan nan
nan nan nan nan
-0.077849157 0.31538716 -0.94576448 0
nan nan nan nan
nan nan nan nan
-0.045331828 0.24671148 -0.96802813 0
0.023163792 0.23111032 -0.97265178 0
-0.014039415 0.15879132 -0.98721236 0
0.023855504 0.26982981 -0.96261245 0
0.018784693 -0.22030462 0.97525018 0
nan nan nan nan
nan nan nan nan
nan nan nan nan
nan nan nan nan
nan nan nan nan
nan nan nan nan
0.0018583784 0.017364847 0.99984747 0
nan nan nan nan
-0.013995793 -0.026587425 0.99954849 6.5698216e-05
nan nan nan nan
0.22043775 -0.012412782 0.97532201 0
-0.0026560912 -0.033591345 0.99943215 4.5378572e-05
-0.020078555 -0.17916296 0.9836145 0
0.011278793 -0.14094231 0.98995364 1.5225551e-05
0.02776121 0.25787276 -0.9657799 0
0.014788672 -0.19044168 0.98158717 0.00020814443
nan nan nan nan
nan nan nan nan
nan nan nan nan
nan nan nan nan
nan nan nan nan
nan nan nan nan
nan nan nan nan
nan nan nan nan
-0.0042341221 -0.038416583 0.99925286 0
nan nan nan nan
0.024522362 0.13156097 -0.99100477 0
-0.018024229 0.12595671 -0.99187201 0
-0.022060942 -0.186184 0.98226714 6.6402084e-05
-0.015135637 0.23919904 -0.97085261 0
0.029406624 0.25486034 -0.96653068 0
-0.017613344 0.23349042 -0.97219956 0
nan nan nan nan
nan nan nan nan
nan nan nan nan
nan nan nan nan
nan nan nan nan
nan nan nan nan
nan nan nan nan
nan nan nan nan
0.0059265527 0.057210803 -0.99834448 0
nan nan nan nan
-0.002994024 0.15780278 -0.98746604 0
0 0.31931624 -0.94764829 0
0.021395629 0.20380458 -0.97877783 0
0.010624548 -0.14909464 0.98876584 0
0.029456688 0.26703051 -0.96323776 0
0.016901366 -0.21970952 0.97541893 0
nan nan nan nan
nan nan nan nan
nan nan nan nan
nan nan nan nan
nan nan nan nan
nan nan nan nan
nan nan nan nan
nan nan nan nan
-0.015295547 -0.0012102047 0.99988228 0
nan nan nan nan
nan nan nan nan
0.0027469601 -0.058962118 0.99825644 8.69953e-05
-0.022986773 -0.1819274 0.98304325 0.0001502419
-0.012041438 0.16385366 -0.98641115 0
-0.031562414 -0.24576654 0.96881509 0.00035867208
0.015430775 -0.21321666 0.97688311 0.0001952694
nan nan nan nan
nan nan nan nan
nan nan nan nan
nan nan nan nan
nan nan nan nan
nan nan nan nan
nan nan nan nan
nan nan nan nan
0.0039194301 0.0569431 -0.99836975 0
nan nan nan nan
nan nan nan nan
0.00025223754 -0.054298915 0.99852467 0.00016552804
-0.022513736 -0.1847757 0.98252285 0
-0.010043218 0.16379306 -0.98644358 1.2623018e-05
0.030553922 0.25868303 -0.9654789 0
0.015221849 -0.20852399 0.97789884 7.5399825e-05
nan nan nan nan
nan nan nan nan
nan nan nan nan
nan nan nan nan
nan nan nan nan
nan nan nan nan
nan nan nan nan
nan nan nan nan
0.006438754 0.053038649 -0.99857163 5.3568769e-05
nan nan nan nan
nan nan nan nan
0.0049596485 -0.083862409 0.99646503 1.5664664e-05
nan nan nan nan
-0.010529458 0.16341192 -0.98650169 0
0.029203976 0.26428908 -0.9640013 0
-0.01447581 0.23761091 -0.97125256 0
nan nan nan nan
nan nan nan nan
nan nan nan nan
nan nan nan nan
nan nan nan nan
nan nan nan nan
nan nan nan nan
nan nan nan nan
-0.0059524146 -0.047948614 0.99883205 1.2651436e-05
nan nan nan nan
nan nan nan nan
-0.058834959 0.0699564 0.99581355 0
nan nan nan nan
-0.0089136465 0.16098018 -0.98691738 0
nan nan nan nan
0.012728325 -0.2182692 0.97580558 0
nan nan nan nan
nan nan nan nan
nan nan nan nan
nan nan nan nan
nan nan nan nan
nan nan nan nan
-0.0021726494 -0.01412821 -0.99989778 0
nan nan nan nan
nan nan nan nan
nan nan nan nan
nan nan nan nan
-0.081610158 0.45102242 -0.88877368 0
nan nan nan nan
-0.0094356686 0.16493542 -0.98625922 0
nan nan nan nan
-0.016561264 0.24195084 -0.97014719 0
nan nan nan nan
nan nan nan nan
nan nan nan nan
nan nan nan nan
nan nan nan nan
nan nan nan nan
-0.0021205174 -0.0092717307 -0.99995476 6.7774272e-06
nan nan nan nan
nan nan nan nan
nan nan nan nan
nan nan nan nan
-0.1264814 0.54812455 -0.82677799 0
nan nan nan nan
-0.0096763177 0.16473457 -0.98629045 0
nan nan nan nan
0.010565768 -0.22057556 0.97531265 0
nan nan nan nan
nan nan nan nan
nan nan nan nan
nan nan nan nan
nan nan nan nan
nan nan nan nan
-0.0023441215 -0.016698344 -0.9998579 0
nan nan nan nan
nan nan nan nan
nan nan nan nan
nan nan nan nan
-0.006343022 0.13115273 -0.99134183 0
nan nan nan nan
-0.0081564309 0.1719196 -0.98507726 0
nan nan nan nan
-0.011757539 0.22753169 -0.97369969 3.0075566e-05
nan nan nan nan
nan nan nan nan
nan nan nan nan
nan nan nan nan
nan nan nan nan
nan nan nan nan
-0.0043824813 -0.0076861954 -0.99996084 0
nan nan nan nan
nan nan nan nan
nan nan nan nan
nan nan nan nan
-0.0039784554 0.087422639 -0.99616337 0
0.021969212 0.18717919 -0.9820801 0
0.0069716983 -0.15343624 0.98813391 5.2631221e-06
nan nan nan nan
-0.021054188 0.27383688 -0.96154571 0
nan nan nan nan
nan nan nan nan
nan nan nan nan
nan nan nan nan
nan nan nan nan
nan nan nan nan
-0.0066117337 -0.0047887396 -0.99996674 0
nan nan nan nan
-0.0027422446 -0.027865879 0.99960786 3.5784629e-05
nan nan nan nan
nan nan nan nan
0.005711046 -0.053113122 0.99857217 0.00010120759
0.4235549 -0.088728949 0.90151447 0
0.0147111 -0.11112428 0.99369764 7.5245676e-05
nan nan nan nan
0.0090588434 -0.21631573 0.97628146 0
nan nan nan nan
nan nan nan nan
nan nan nan nan
nan nan nan nan
nan nan nan nan
nan nan nan nan
nan nan nan nan
nan nan nan nan
nan nan nan nan
nan nan nan nan
nan nan nan nan
0.0016051076 -0.064973913 0.9978857 6.2125218e-05
0.50347579 -0.04737151 0.86270976 0
0.0077885641 -0.14224155 0.98980135 0.00011278868
0.04086199 0.25560042 -0.96591854 0.00015067664
0.0065944153 -0.20217526 0.9793272 2.249032e-05
nan nan nan nan
nan nan nan nan
nan nan nan nan
nan nan nan nan
nan nan nan nan
nan nan nan nan
nan nan nan nan
nan nan nan nan
nan nan nan nan
nan nan nan nan
nan nan nan nan
-0.0065911091 0.10153077 -0.99481058 5.262213e-05
0.098034851 0.198392 -0.97520763 0
-0.0057999548 0.18463562 -0.98278993 0
0.040991589 0.25546488 -0.96594894 6.7373134e-05
-0.0098440377 0.25760776 -0.96619946 0
nan nan nan nan
nan nan nan nan
nan nan nan nan
nan nan nan nan
nan nan nan nan
nan nan nan nan
nan nan nan nan
nan nan nan nan
nan nan nan nan
nan nan nan nan
nan nan nan nan
0.055809561 0.37503833 0.92532778 0
nan nan nan nan
0.0042856438 -0.15098825 0.98852628 8.722991e-06
0.041660398 0.25854659 -0.96510005 0
-0.010056428 0.31450954 -0.94920105 0
nan nan nan nan
nan nan nan nan
nan nan nan nan
nan nan nan nan
nan nan nan nan
nan nan nan nan
nan nan nan nan
nan nan nan nan
nan nan nan nan
nan nan nan nan
nan nan nan nan
0.00055568258 0.12832513 -0.99173194 0
0.026199242 0.18577698 -0.98224258 0
0.0047435113 -0.13426559 0.99093407 3.5599274e-05
0.041819375 0.25526434 -0.96596652 0.00015582514
-0.0066173286 0.24744155 -0.96888024 0
nan nan nan nan
nan nan nan nan
nan nan nan nan
nan nan nan nan
nan nan nan nan
nan nan nan nan
nan nan nan nan
nan nan nan nan
nan nan nan nan
nan nan nan nan
nan nan nan nan
0.0017367795 0.13764986 -0.99047941 0
0.031432148 0.18788686 -0.98168761 1.1577887e-05
-0.0037844824 0.16206813 -0.9867723 3.9518378e-05
0.043782353 0.26196757 -0.96408308 0
-0.0055521922 0.24065349 -0.97059524 0
nan nan nan nan
nan nan nan nan
nan nan nan nan
nan nan nan nan
nan nan nan nan
nan nan nan nan
nan nan nan nan
nan nan nan nan
nan nan nan nan
nan nan nan nan
nan nan nan nan
nan nan nan nan
0.03563907 0.18995893 -0.98114502 3.2400603e-05
0.0039201686 -0.13869958 0.9903267 0
0.043108977 0.25920242 -0.96486044 0
-0.0044440804 0.27158043 -0.96240556 0
nan nan nan nan
nan nan nan nan
nan nan nan nan
nan nan nan nan
nan nan nan nan
nan nan nan nan
nan nan nan nan
nan nan nan nan
nan nan nan nan
nan nan nan nan
0.039597318 0.1221918 -0.99171627 0
nan nan nan nan
0.032463126 0.18794331 -0.98164332 0
0.002387343 -0.13387804 0.99099499 7.3959091e-05
0.045043822 0.2564162 -0.96551633 0
0.0036632395 -0.19910251 0.97997183 1.9975927e-05
nan nan nan nan
nan nan nan nan
nan nan nan nan
nan nan nan nan
nan nan nan nan
nan nan nan nan
nan nan nan nan
nan nan nan nan
nan nan nan nan
nan nan nan nan
nan nan nan nan
0.00016611727 -0.083515882 0.99650645 0
0.033551048 0.18826942 -0.98154408 1.5601428e-05
-0.0054106987 0.17800817 -0.98401415 0
0.043810599 0.25155491 -0.96685094 8.7419197e-05
-0.0072925538 0.25700113 -0.96638358 0
nan nan nan nan
nan nan nan nan
nan nan nan nan
nan nan nan nan
nan nan nan nan
nan nan nan nan
nan nan nan nan
nan nan nan nan
nan nan nan nan
nan nan nan nan
nan nan nan nan
nan nan nan nan
-0.026658338 -0.18337288 0.98268187 1.3678165e-05
0.00093563978 -0.15144919 0.98846465 0.00012090791
0.04823368 0.26006112 -0.9643867 0
-0.0049120164 0.24187382 -0.97029525 0
nan nan nan nan
-0.015388933 0.059515826 -0.99810874 0.00077378441
nan nan nan nan
nan nan nan nan
nan nan nan nan
nan nan nan nan
nan nan nan nan
nan nan nan nan
nan nan nan nan
nan nan nan nan
nan nan nan nan
nan nan nan nan
0.030287432 0.18545908 -0.98218507 0.0001272433
-0.0056004827 0.18147069 -0.98338044 1.1765278e-05
0.046753593 0.25425106 -0.96600753 2.9993591e-05
-0.0027904757 0.2339597 -0.97224224 6.3217078e-05
nan nan nan nan
nan nan nan nan
nan nan nan nan
nan nan nan nan
nan nan nan nan
nan nan nan nan
nan nan nan nan
nan nan nan nan
nan nan nan nan
nan nan nan nan
0.019801907 0.11893655 -0.99270439 2.7820532e-05
nan nan nan nan
0.034196075 0.18678156 -0.9818061 0
-0.002895894 0.17979188 -0.98370039 0
0.048037104 0.25634429 -0.96539116 0
-0.0020711322 0.2456035 -0.96936816 0
nan nan nan nan
nan nan nan nan
nan nan nan nan
nan nan nan nan
nan nan nan nan
nan nan nan nan
nan nan nan nan
nan nan nan nan
nan nan nan nan
nan nan nan nan
-0.015177505 -0.11804859 0.99289179 0
nan nan nan nan
0.032113615 0.18445845 -0.98231548 0.00010514641
-0.0011923979 -0.12287939 0.99242085 0.00015572198
0.048156936 0.2559503 -0.96548969 7.5404314e-05
0.00075461157 0.23656465 -0.97161555 0
nan nan nan nan
0 -0.24834713 -0.96867114 0
nan nan nan nan
nan nan nan nan
nan nan nan nan
nan nan nan nan
nan nan nan nan
nan nan nan nan
nan nan nan nan
nan nan nan nan
0.025707422 0.12020997 -0.99241561 0
nan nan nan nan
0.037359048 0.18773168 -0.98150963 9.8824312e-05
-0.00079950754 -0.15408027 0.98805797 0.00015952322
0.048353069 0.25748548 -0.96507162 0
-0.0004398537 -0.22174793 0.97510391 0.00020585721
nan nan nan nan
-0.024726262 -0.15461616 -0.98766512 0
nan nan nan nan
nan nan nan nan
nan nan nan nan
nan nan nan nan
nan nan nan nan
nan nan nan nan
nan nan nan nan
nan nan nan nan
-0.018597007 -0.11798105 0.99284166 0
nan nan nan nan
0.039366454 0.18992373 -0.98100924 4.4391792e-05
-0.0011747336 -0.14416236 0.98955339 6.2443032e-05
0.050475437 0.25266212 -0.96623707 1.2971342e-05
0.0015108304 0.23171966 -0.97278142 0
nan nan nan nan
nan nan nan nan
nan nan nan nan
nan nan nan nan
nan nan nan nan
nan nan nan nan
nan nan nan nan
nan nan nan nan
nan nan nan nan
nan nan nan nan
0.027173528 0.12056199 -0.99233383 0
nan nan nan nan
0.037365217 0.18613505 -0.98181349 0
0.0014943166 0.16413248 -0.9864372 2.2986929e-05
0.049936358 0.25456142 -0.96576643 1.0358496e-06
0.0017532886 0.2252821 -0.97429198 0
nan nan nan nan
nan nan nan nan
nan nan nan nan
nan nan nan nan
nan nan nan nan
nan nan nan nan
nan nan nan nan
nan nan nan nan
nan nan nan nan
nan nan nan nan
0.023002766 0.11748662 -0.99280798 4.3862303e-05
nan nan nan nan
0.038863972 0.18743096 -0.98150867 9.3951901e-05
0.0019839208 0.1786982 -0.98390198 2.3739709e-05
0.051892303 0.25447363 -0.96568656 0
-0.0012833677 0.2421629 -0.97023475 0
nan nan nan nan
-0.18517515 0.88340199 0.43047771 0
nan nan nan nan
nan nan nan nan
nan nan nan nan
nan nan nan nan
nan nan nan nan
nan nan nan nan
-0.011071778 -0.049053326 0.99873477 1.4550816e-05
nan nan nan nan
0.026512664 0.12012807 -0.99240428 0
nan nan nan nan
-0.035767078 -0.17881078 0.98323309 0.00011217774
0.0013913264 0.16862506 -0.98567927 0
0.053389177 0.25183859 -0.96629548 4.2811273e-05
0.002639638 0.22883293 -0.9734621 0
nan nan nan nan
-0.025393983 -0.1772503 -0.98383814 0
nan nan nan nan
nan nan nan nan
nan nan nan nan
nan nan nan nan
nan nan nan nan
-0.0036280702 -0.01401339 -0.99989527 0
-0.011091798 -0.049153384 0.99872965 1.415251e-05
nan nan nan nan
0.027745228 0.12119579 -0.99224073 0
nan nan nan nan
0.043695662 0.19555052 -0.9797197 0
-0.013038491 0.19806063 -0.98010302 2.9393204e-05
0.056645017 0.25981468 -0.9639957 0
0.0051893387 0.22193667 -0.97504723 7.9890837e-05
nan nan nan nan
nan nan nan nan
nan nan nan nan
-0.021675561 -0.026499033 -0.99941379 0
nan nan nan nan
nan nan nan nan
nan nan nan nan
nan nan nan nan
0.010963363 0.051235054 -0.99862647 0
nan nan nan nan
0.025307784 0.11837828 -0.99264604 0
nan nan nan nan
0.040701851 0.18798153 -0.98132885 6.7085064e-05
0.0038728905 0.15969224 -0.98715919 0
0.054465119 0.2508899 -0.96648222 2.8078475e-05
0.0048577324 0.2282562 -0.97358906 0
nan nan nan nan
nan nan nan nan
nan nan nan nan
nan nan nan nan
nan nan nan nan
nan nan nan nan
nan nan nan nan
nan nan nan nan
0.011151374 0.050338957 -0.99866998 1.5345892e-06
nan nan nan nan
-0.023905758 -0.11639807 0.99291492 9.7128323e-06
nan nan nan nan
0.041006375 0.18698058 -0.98150736 3.1674794e-05
0.0043209684 0.15607083 -0.98773646 0
0.054504689 0.24862158 -0.96706593 0
0.004674613 0.23661491 -0.97159231 0
nan nan nan nan
nan nan nan nan
nan nan nan nan
nan nan nan nan
nan nan nan nan
nan nan nan nan
nan nan nan nan
-0.0010412994 -0.033506598 -0.99943793 1.2076684e-05
0.011151374 0.050338957 -0.99866998 1.5345892e-06
nan nan nan nan
0.027905414 0.12087925 -0.99227494 0
0.0011125902 -0.080721244 0.99673611 0
0.041465394 0.18645357 -0.98158836 5.9648453e-05
-0.0052885772 -0.14629999 0.98922616 1.5880096e-05
0.056470744 0.25264704 -0.96590918 0
0.0055578197 0.25246498 -0.96759003 4.3888293e-05
nan nan nan nan
nan nan nan nan
nan nan nan nan
-5.7140405e-05 -6.2497318e-05 -1 0
nan nan nan nan
nan nan nan nan
nan nan nan nan
-0.0038241965 -0.014699255 -0.99988467 0
-0.012238159 -0.048315547 0.99875712 2.7030048e-05
nan nan nan nan
0.029600015 0.12348767 -0.9919045 0
-0 -0 1 0
0.041784406 0.18257359 -0.98230392 2.8601395e-05
0.005464274 0.15538082 -0.98783952 0.00011911106
0.058155067 0.25543267 -0.96507627 5.8632559e-05
0.00082701311 0.28801867 -0.95762444 0
nan nan nan nan
nan nan nan nan
nan nan nan nan
-0.022065844 -0.026086099 -0.99941617 0
nan nan nan nan
-0 0.20967299 0.97777152 0
nan nan nan nan
nan nan nan nan
nan nan nan nan
nan nan nan nan
0.028085422 0.12071077 -0.99229032 1.3669512e-06
0.00080160925 -0.078719556 0.99689645 0
0.042771023 0.19042802 -0.98076898 6.4249589e-06
-0.0055547082 -0.14646098 0.98920089 8.0397775e-05
0.058940884 0.25899622 -0.96407831 4.669189e-05
-0.0067092767 -0.21657255 0.9762435 0
nan nan nan nan
nan nan nan nan
nan nan nan nan
nan nan nan nan
nan nan nan nan
-0.017325945 0.28806818 0.95745319 0
nan nan nan nan
nan nan nan nan
nan nan nan nan
nan nan nan nan
0.02841392 0.12150547 -0.99218398 0
0.0058016642 0.092843249 -0.99566388 0
0.043244507 0.18392849 -0.98198783 2.2544193e-05
0.015470117 0.18961735 -0.98173618 0
0.056902021 0.28802225 -0.9559316 0
0.0090652369 0.22532649 -0.97424108 0.00011888376
nan nan nan nan
nan nan nan nan
nan nan nan nan
nan nan nan nan
nan nan nan nan
-0.0057840329 -0.10762035 -0.99417526 0.00017441287
nan nan nan nan
nan nan nan nan
nan nan nan nan
nan nan nan nan
0.028596712 0.12082902 -0.99226141 0
-0.018806452 0.31251758 0.94972581 0
0.043951057 0.19292192 -0.98022932 0
0.014593075 0.18408953 -0.98280114 0
0.058066715 0.2713728 -0.96072108 0
0.013688849 0.23771188 -0.97123921 5.4816178e-06
nan nan nan nan
nan nan nan nan
nan nan nan nan
nan nan nan nan
nan nan nan nan
nan nan nan nan
nan nan nan nan
nan nan nan nan
nan nan nan nan
nan nan nan nan
0.028642289 0.11966524 -0.99240106 0
0.014942214 0.3370744 0.9413594 0
0.044516563 0.18219055 -0.98225498 2.6759364e-05
0.0078209424 0.15881863 -0.98727679 4.8000555e-05
0.06045543 0.25862411 -0.96408439 0
0.011088021 0.22597161 -0.97407079 3.8523289e-05
nan nan nan nan
nan nan nan nan
nan nan nan nan
nan nan nan nan
nan nan nan nan
nan nan nan nan
nan nan nan nan
nan nan nan nan
0.012119934 0.050792828 -0.99863565 0
nan nan nan nan
0.028775647 0.11709345 -0.99270386 1.8553797e-05
0.0035034236 0.090742081 -0.99586827 0
-0.044585913 -0.18139458 0.98239911 9.658264e-05
0.000746581 0.20175122 -0.97943652 0
0.061854992 0.25602397 -0.96468943 0
0.0094032027 0.24034548 -0.97064185 0.00013282277
nan nan nan nan
nan nan nan nan
nan nan nan nan
nan nan nan nan
nan nan nan nan
nan nan nan nan
nan nan nan nan
nan nan nan nan
-0.013584216 -0.049517602 0.99868089 7.4515865e-06
nan nan nan nan
0.02925396 0.11703009 -0.99269748 1.3921506e-05
-0.028114848 -0.038609181 0.99885881 0
0.04571208 0.18466516 -0.98173785 0
0.0028915568 0.18493131 -0.9827472 0
-0.060829565 -0.23941685 0.96900946 8.4633459e-05
0.0041055251 0.26809847 -0.96338272 7.6001583e-05
nan nan nan nan
nan nan nan nan
nan nan nan nan
nan nan nan nan
nan nan nan nan
nan nan nan nan
nan nan nan nan
nan nan nan nan
0.013026714 0.050277822 -0.99865031 2.3088762e-06
nan nan nan nan
0.029654996 0.12074038 -0.99224102 3.7729449e-06
-0.0029510022 0.11787741 -0.99302381 0
0.046905298 0.1865022 -0.98133415 5.757056e-05
-0.010168131 -0.15300994 0.98817235 0
-0.060997535 -0.24033816 0.9687708 0.00015834994
-0.045936916 -0.080872931 0.99566525 7.6699085e-05
nan nan nan nan
nan nan nan nan
nan nan nan nan
nan nan nan nan
nan nan nan nan
-0.01288626 -0.072710969 -0.99726975 0
nan nan nan nan
-0.015466244 0.49961489 -0.86610961 0
0.013015981 0.050503958 -0.99863905 3.190034e-06
nan nan nan nan
0.029744992 0.12000112 -0.99232805 2.2623401e-05
0.011300195 0.18262964 0.98311692 0
0.047158744 0.18437994 -0.98172313 4.9699363e-05
-0.010168131 -0.15300994 0.98817235 0
-0.060220022 -0.24004878 0.9688912 3.2934258e-05
-0.014883955 -0.21954878 0.97548801 0.00012828833
nan nan nan nan
0.018830867 0.99394232 -0.10827748 0
nan nan nan nan
nan nan nan nan
nan nan nan nan
-0.026358338 0.14931999 -0.98843759 0
nan nan nan nan
-0.009504078 -0.020971466 -0.99973488 2.0342763e-05
0.012996792 0.050273564 -0.99865085 2.7888052e-06
nan nan nan nan
-0.031014754 -0.11449832 0.99293923 4.3485383e-05
-0.0065811286 -0.083417721 0.99649292 0.00010482597
0.048147015 0.18579976 -0.98140734 0
-0.011406324 -0.15041572 0.98855698 0
0.064434171 0.24891271 -0.96638024 6.6218039e-05
-0.01653268 -0.20697138 0.97820729 6.4531094e-05
nan nan nan nan
-0 0.46702918 0.88424188 0
nan nan nan nan
0.0095923357 0.21079749 0.97748268 0
nan nan nan nan
nan nan nan nan
nan nan nan nan
-0.019527184 0.051463179 -0.99848402 0
0.01284684 0.050234571 -0.99865478 7.0168985e-06
nan nan nan nan
0.031100512 0.1156988 -0.99279732 4.4248268e-06
-0.0088329082 -0.076132201 0.99705863 6.6187706e-05
0.048429504 0.18567647 -0.98141676 0
-0.0073347883 -0.0849576 0.99635756 0.00018873466
nan nan nan nan
-0.015721587 -0.20265341 0.97912431 0
nan nan nan nan
0.0035547882 0.45907971 0.88838798 0
nan nan nan nan
-0.01703101 -0.15480234 -0.98779863 0
nan nan nan nan
nan nan nan nan
nan nan nan nan
nan nan nan nan
0.013046892 0.050371557 -0.99864531 9.3658184e-07
nan nan nan nan
0.029998992 0.11978675 -0.99234635 0
-0.01737985 0.2260389 -0.97396326 0
0.04827629 0.18752348 -0.98107308 0
-0.0072108153 -0.11098383 0.99379605 4.6807108e-05
0.06294281 0.25256538 -0.9655304 0
-0.012782384 -0.19032317 0.98163831 0
nan nan nan nan
nan nan nan nan
nan nan nan nan
-0.0094924066 -0.048931938 -0.998757 0
nan nan nan nan
nan nan nan nan
-0.0033675823 -0.013231673 -0.99990678 2.3823923e-06
nan nan nan nan
nan nan nan nan
nan nan nan nan
0.031480256 0.11763494 -0.99255782 4.9412197e-06
0.0069565475 0.090560652 -0.99586666 0.00017852502
0.048593838 0.18632671 -0.98128533 0
-0.00077009294 -0.096745521 0.99530882 0
nan nan nan nan
-0.0079607172 -0.15161635 0.98840737 6.0064271e-05
nan nan nan nan
nan nan nan nan
nan nan nan nan
nan nan nan nan
nan nan nan nan
nan nan nan nan
0.0083573526 -0.0053882818 -0.99995053 0
nan nan nan nan
nan nan nan nan
nan nan nan nan
0.030428125 0.12003128 -0.99230361 0
-0.0071588438 -0.08565852 0.99629885 6.1123777e-05
0.049491331 0.18532985 -0.98142928 0
0.020808488 0.21243192 -0.97695434 0
-0.068663083 -0.24014877 0.96830469 0
-0.017120402 -0.22104158 0.97511405 0
nan nan nan nan
-0.012514128 -0.03629721 -0.99926269 0.00067857379
nan nan nan nan
nan nan nan nan
nan nan nan nan
0.0069470089 0.083555147 -0.99647892 0
nan nan nan nan
nan nan nan nan
nan nan nan nan
nan nan nan nan
0.029349227 0.12155308 -0.9921509 0
-0.0017620657 0.1174155 -0.99308127 0
0.051040009 0.18576531 -0.98126763 0
-0.0121424 -0.15344691 0.98808229 0.00011231152
0.070153639 0.24708752 -0.96645027 0
-0.012695557 -0.19934879 0.97984642 8.6785032e-05
nan nan nan nan
0.036316492 0.43678373 0.8988331 0
nan nan nan nan
0.039059117 0.46520472 0.88434094 0
nan nan nan nan
nan nan nan nan
nan nan nan nan
nan nan nan nan
0.014739276 0.049909905 -0.99864495 0
nan nan nan nan
0.032672986 0.11812183 -0.9924615 0
0.018692302 0.21293047 0.97688848 0
0.052052528 0.18230389 -0.98186344 8.2932575e-06
0.013826894 0.15552843 -0.98773462 0
-0.068701491 -0.23457918 0.9696663 0.00067297689
0.019620482 0.22578326 -0.97397995 0.00016470868
nan nan nan nan
nan nan nan nan
nan nan nan nan
nan nan nan nan
nan nan nan nan
nan nan nan nan
nan nan nan nan
nan nan nan nan
0.014640443 0.050166525 -0.99863356 0
nan nan nan nan
0.031961206 0.11940063 -0.99233156 0
-0.0069011049 -0.0069011049 0.99995238 0
0.051964723 0.18392052 -0.98156655 0
-0.013155584 -0.15349263 0.9880622 0
0.070190035 0.26078808 -0.96284109 0
-0.019801678 -0.22054759 0.9751752 0
nan nan nan nan
nan nan nan nan
nan nan nan nan
nan nan nan nan
nan nan nan nan
nan nan nan nan
nan nan nan nan
nan nan nan nan
0.014396516 0.050388005 -0.99862593 0
0.012660448 0.0033562251 0.99991417 0
0.034002807 0.11658757 -0.99259818 0
0.022552235 0.12971444 -0.99129492 0
0.052460603 0.18915276 -0.98054534 0
-0.013994749 -0.15083487 0.98845994 4.1624262e-05
0.070520982 0.25875631 -0.96336484 0
0.023746448 0.2392354 -0.97067118 0
nan nan nan nan
nan nan nan nan
nan nan nan nan
nan nan nan nan
nan nan nan nan
nan nan nan nan
nan nan nan nan
nan nan nan nan
0.014716899 0.049800653 -0.99865073 0
nan nan nan nan
0.033581398 0.11776938 -0.99247301 0
-0.0029348172 -0.075696737 0.99712652 0
0.052460603 0.18915276 -0.98054534 0
nan nan nan nan
0.066240542 0.28580964 -0.95599431 0
0.022735719 0.23140348 -0.97259218 0
nan nan nan nan
nan nan nan nan
nan nan nan nan
nan nan nan nan
nan nan nan nan
nan nan nan nan
nan nan nan nan
nan nan nan nan
0.014859799 0.050533727 -0.99861181 0
nan nan nan nan
0.034750618 0.1171435 -0.9925068 0
nan nan nan nan
0.054763783 0.18157862 -0.98185039 9.442788e-05
nan nan nan nan
-0.076118067 -0.23404235 0.9692421 0
0.022201039 0.22378635 -0.97438538 0
nan nan nan nan
nan nan nan nan
nan nan nan nan
nan nan nan nan
nan nan nan nan
nan nan nan nan
nan nan nan nan
nan nan nan nan
0.014695533 0.049572121 -0.99866247 0
nan nan nan nan
0.035125989 0.11581486 -0.99264956 6.071547e-06
nan nan nan nan
0.054914512 0.18223147 -0.98172104 0
nan nan nan nan
0.07011722 0.2670463 -0.96112943 0
-0.018764809 -0.2161489 0.97618008 0.00011323415
nan nan nan nan
nan nan nan nan
nan nan nan nan
nan nan nan nan
nan nan nan nan
nan nan nan nan
-0.0017480665 0.092647426 0.99569744 0
nan nan nan nan
0.014545821 0.049448434 -0.99867082 0
nan nan nan nan
-0.03640195 -0.11276488 0.99295467 2.0154925e-05
nan nan nan nan
0.056268472 0.18204004 -0.9816798 0
nan nan nan nan
-0.078425124 -0.23427922 0.96900094 4.2163432e-05
0.05132325 0.26237714 -0.96359956 0
nan nan nan nan
nan nan nan nan
nan nan nan nan
nan nan nan nan
nan nan nan nan
nan nan nan nan
-0.0081284717 0.018162051 -0.99980205 0
nan nan nan nan
0.015010043 0.050474875 -0.99861252 0
nan nan nan nan
0.036244396 0.11426914 -0.99278837 0
nan nan nan nan
0.056268472 0.18204004 -0.9816798 0
nan nan nan nan
-0.080000713 -0.2307577 0.96971679 0
0.43611443 0.36401409 0.82298112 0
nan nan nan nan
nan nan nan nan
nan nan nan nan
nan nan nan nan
nan nan nan nan
nan nan nan nan
-0.0079006916 -0.0047525838 -0.99995756 0
nan nan nan nan
-0.046860691 0.090843968 -0.994762 0
nan nan nan nan
0.036034551 0.11775631 -0.99238855 0
nan nan nan nan
0.057136688 0.18118799 -0.98178732 8.2119157e-05
nan nan nan nan
0.078159213 0.24459937 -0.96646899 0.00013929386
nan nan nan nan
nan nan nan nan
nan nan nan nan
nan nan nan nan
nan nan nan nan
nan nan nan nan
nan nan nan nan
0.0040415344 0.02184877 0.99975312 0
nan nan nan nan
0.015616718 0.050146356 -0.99861974 0
nan nan nan nan
-0.036433019 -0.10809324 0.99347293 1.4491221e-05
-0.0082418285 -0.084206961 0.99641424 0.00013110391
0.056640036 0.18076898 -0.98189336 3.5965215e-05
nan nan nan nan
0.077716872 0.24967277 -0.9652065 0
nan nan nan nan
nan nan nan nan
nan nan nan nan
nan nan nan nan
nan nan nan nan
nan nan nan nan
nan nan nan nan
-0.0031571351 -0.0018562778 -0.99999326 0
nan nan nan nan
0.016143957 0.050207734 -0.99860829 3.335698e-06
nan nan nan nan
0.037127443 0.11641847 -0.99250603 3.7620987e-06
-0.0089852838 -0.084896155 0.99634928 8.3236839e-05
0.057690095 0.18136582 -0.98172212 0
nan nan nan nan
-0.078868516 -0.24178782 0.96711862 0
nan nan nan nan
nan nan nan nan
nan nan nan nan
nan nan nan nan
nan nan nan nan
nan nan nan nan
nan nan nan nan
-0.0056577404 -0.014488474 -0.99987906 4.4233184e-06
nan nan nan nan
0.01625709 0.049819339 -0.99862593 0
nan nan nan nan
0.037347849 0.11545371 -0.99261051 8.2414153e-06
-0.0089852838 -0.084896155 0.99634928 8.3236839e-05
0.059533618 0.18212849 -0.98147076 0
nan nan nan nan
0.080532186 0.24993916 -0.96490675 0.0001568093
nan nan nan nan
nan nan nan nan
nan nan nan nan
nan nan nan nan
nan nan nan nan
nan nan nan nan
nan nan nan nan
0.005291495 0.017071361 0.99984026 0
nan nan nan nan
0.016302422 0.049711529 -0.99863052 0
nan nan nan nan
-0.035791989 -0.10600836 0.99372089 6.2028877e-05
nan nan nan nan
0.057941511 0.18009928 -0.98194039 0
nan nan nan nan
0.080522187 0.24437596 -0.96633142 0
nan nan nan nan
nan nan nan nan
nan nan nan nan
nan nan nan nan
nan nan nan nan
nan nan nan nan
nan nan nan nan
0.0041939723 0.023865709 0.99970639 0
nan nan nan nan
0.016628558 0.049970046 -0.99861223 0
nan nan nan nan
0.038170602 0.11476718 -0.99265885 3.6430699e-06
nan nan nan nan
0.058008075 0.17880474 -0.98217309 1.838247e-05
0.019832825 0.15380101 -0.98790282 0
0.084216282 0.25157011 -0.96416807 5.3823816e-05
nan nan nan nan
nan nan nan nan
nan nan nan nan
nan nan nan nan
nan nan nan nan
nan nan nan nan
nan nan nan nan
-0.0071212272 -0.010221512 -0.99992234 0
nan nan nan nan
0.016190639 0.049286686 -0.99865341 5.7289867e-06
nan nan nan nan
-0.03816374 -0.1127254 0.99289298 0
nan nan nan nan
0.062139004 0.18224995 -0.98128676 1.1149897e-05
0.019278547 0.1534826 -0.98796332 0
0.085040256 0.25298658 -0.96372503 5.5518351e-05
nan nan nan nan
nan nan nan nan
nan nan nan nan
nan nan nan nan
nan nan nan nan
nan nan nan nan
nan nan nan nan
-0.0060471436 -0.01467255 -0.99987411 0
nan nan nan nan
-0.01567311 -0.048610214 0.9986949 1.1279253e-05
-0.0015900899 0.027180409 -0.99962926 0
0.038759079 0.11472672 -0.99264067 0
nan nan nan nan
0.062879667 0.18276815 -0.98114318 3.3376196e-05
0.019278547 0.1534826 -0.98796332 0
0.084528945 0.24755508 -0.96517938 0
nan nan nan nan
nan nan nan nan
nan nan nan nan
nan nan nan nan
nan nan nan nan
nan nan nan nan
nan nan nan nan
0.0057274755 0.016499162 0.99984747 0
nan nan nan nan
0.01643629 0.049392667 -0.99864417 0
-0.017517125 0.020144679 0.99964362 0
0.039472815 0.11535106 -0.99254018 0
nan nan nan nan
0.062275913 0.1810914 -0.98149246 0
nan nan nan nan
-0.080952458 -0.23554403 0.96848625 0.00015130983
nan nan nan nan
nan nan nan nan
nan nan nan nan
nan nan nan nan
nan nan nan nan
nan nan nan nan
nan nan nan nan
-0.0045378879 0.0028877454 -0.99998552 0
nan nan nan nan
0.017363017 0.049416091 -0.99862731 0
0.0028336479 0.019252652 -0.99981064 0
0.039947335 0.11939099 -0.99204338 0
nan nan nan nan
0.062293828 0.18021137 -0.98165339 2.2379691e-05
nan nan nan nan
0.083967037 0.24230096 -0.96656078 0
nan nan nan nan
nan nan nan nan
nan nan nan nan
nan nan nan nan
nan nan nan nan
nan nan nan nan
nan nan nan nan
-0.007252058 0.015198461 -0.99985814 0
nan nan nan nan
0.016729224 0.049048096 -0.99865639 0
nan nan nan nan
0.040115867 0.11795652 -0.99220812 0
nan nan nan nan
0.062830597 0.17790775 -0.98203921 6.9086949e-05
nan nan nan nan
-0.077118136 -0.22585908 0.97110271 2.555963e-06
0.034262959 0.22235279 -0.97436398 2.0198222e-05
nan nan nan nan
nan nan nan nan
nan nan nan nan
nan nan nan nan
nan nan nan nan
nan nan nan nan
nan nan nan nan
nan nan nan nan
0.016729224 0.049048096 -0.99865639 0
nan nan nan nan
0.040766235 0.11312284 -0.99274439 0
nan nan nan nan
0.063289888 0.17797309 -0.98199791 0.0001120974
nan nan nan nan
0.096479043 0.25987893 -0.96080941 0
0.033692706 0.22161591 -0.9745518 0
nan nan nan nan
nan nan nan nan
nan nan nan nan
nan nan nan nan
nan nan nan nan
nan nan nan nan
nan nan nan nan
nan nan nan nan
0.017245673 0.049148049 -0.99864262 0
nan nan nan nan
-0.040917009 -0.11176291 0.99289209 1.3947109e-05
nan nan nan nan
0.063211381 0.18090433 -0.98146731 2.5630059e-05
nan nan nan nan
-0.080280244 -0.23111033 0.9696098 0.00014035639
0.033692706 0.22161591 -0.9745518 0
nan nan nan nan
nan nan nan nan
nan nan nan nan
nan nan nan nan
nan nan nan nan
nan nan nan nan
nan nan nan nan
nan nan nan nan
0.017638838 0.049206518 -0.99863285 0
nan nan nan nan
-0.040323049 -0.10679829 0.99346268 3.0346142e-05
0.014048707 0.085619546 -0.99622881 3.6667097e-05
-0.072693996 -0.17211574 0.98239088 8.8353314e-05
0.3197802 -0.11169118 0.9408856 0
0.10085951 0.26643923 -0.95856011 0
0.036279786 0.22214054 -0.97433943 1.6344502e-05
nan nan nan nan
nan nan nan nan
nan nan nan nan
nan nan nan nan
nan nan nan nan
nan nan nan nan
nan nan nan nan
nan nan nan nan
0.017478149 0.049061485 -0.99864286 9.7857583e-07
nan nan nan nan
0.041941013 0.11471898 -0.99251223 0
0.017625416 0.086968966 -0.99605513 1.3095964e-05
0.0685101 0.1758641 -0.98202759 0
nan nan nan nan
0.11583747 0.31257766 -0.94280273 0
0.046061914 0.22660911 -0.97289592 0
nan nan nan nan
nan nan nan nan
nan nan nan nan
nan nan nan nan
nan nan nan nan
nan nan nan nan
nan nan nan nan
nan nan nan nan
0.018421173 0.048954953 -0.99863106 0
nan nan nan nan
0.042404823 0.11981269 -0.99189049 0
0.017625416 0.086968966 -0.99605513 1.3095964e-05
0.067131072 0.17762475 -0.98180592 0
0.058798537 0.16496794 -0.98454469 0
-0.080352359 -0.20681271 0.97507548 7.785912e-05
-0.032853786 -0.21753731 0.97549886 6.5891414e-05
nan nan nan nan
nan nan nan nan
nan nan nan nan
nan nan nan nan
nan nan nan nan
nan nan nan nan
nan nan nan nan
nan nan nan nan
0.018421173 0.048954953 -0.99863106 0
nan nan nan nan
0.042586584 0.11272699 -0.99271297 0
nan nan nan nan
0.067760281 0.17743082 -0.98179775 6.0724738e-05
-0.014120563 -0.14878425 0.98876888 0
0.092414096 0.24617895 -0.96480858 0.00015189081
0.040724456 0.22362319 -0.9738245 0.00017572641
nan nan nan nan
nan nan nan nan
nan nan nan nan
nan nan nan nan
nan nan nan nan
nan nan nan nan
nan nan nan nan
nan nan nan nan
0.018531576 0.048179109 -0.99866682 8.4911262e-06
nan nan nan nan
0.043252673 0.11371278 -0.99257171 0
0.057001915 0.091204911 -0.9941994 0
0.067838006 0.17851712 -0.98159546 0
0.025270354 0.15309553 -0.98788822 0
-0.088601165 -0.22845681 0.96951395 9.3782597e-05
0.043840013 0.22793634 -0.97268856 6.1037012e-05
nan nan nan nan
nan nan nan nan
nan nan nan nan
nan nan nan nan
nan nan nan nan
nan nan nan nan
nan nan nan nan
nan nan nan nan
0.018548146 0.048791558 -0.99863678 2.0783918e-06
nan nan nan nan
0.043752853 0.11670373 -0.99220258 0
nan nan nan nan
0.065851033 0.18340166 -0.98083001 0
0.036720429 0.15744935 -0.98684412 0
-0.092183709 -0.23696239 0.96713543 7.4820593e-05
-0.031153865 -0.20997857 0.97720951 0.00018538148
nan nan nan nan
nan nan nan nan
nan nan nan nan
nan nan nan nan
nan nan nan nan
nan nan nan nan
nan nan nan nan
nan nan nan nan
-0.030213032 -0.036013659 0.99889445 0
nan nan nan nan
0.043554578 0.11183462 -0.99277186 0
nan nan nan nan
0.067098208 0.17638338 -0.982032 0.00020024159
0.043907925 0.15798424 -0.98646498 0
0.097876884 0.25691378 -0.9614653 0
0.041153152 0.22122577 -0.97435391 7.4573305e-05
nan nan nan nan
nan nan nan nan
nan nan nan nan
nan nan nan nan
nan nan nan nan
nan nan nan nan
nan nan nan nan
nan nan nan nan
-0.023970397 -0.044295907 0.99873084 5.3321528e-06
nan nan nan nan
0.04429353 0.11440287 -0.99244648 0
0.02641012 0.087250561 -0.99583626 0
0.068463191 0.17825469 -0.98159975 0
0.030367646 0.15393373 -0.98761439 6.813799e-05
-0.092592955 -0.23280628 0.9681052 8.1452439e-05
0.042193472 0.22234534 -0.97405452 3.3566299e-05
nan nan nan nan
nan nan nan nan
nan nan nan nan
nan nan nan nan
nan nan nan nan
nan nan nan nan
nan nan nan nan
nan nan nan nan
-0.027368631 -0.041953385 0.99874461 0
nan nan nan nan
-0.044216901 -0.11080208 0.99285841 2.6228201e-05
0.031918082 0.089893989 -0.99543977 0
nan nan nan nan
0.035607222 0.15786862 -0.9868179 0
0.097089678 0.24772626 -0.9639529 0
0.042100511 0.21990572 -0.97461218 4.2267347e-05
nan nan nan nan
nan nan nan nan
nan nan nan nan
nan nan nan nan
nan nan nan nan
nan nan nan nan
nan nan nan nan
nan nan nan nan
0.019554134 0.04850062 -0.99863172 0
nan nan nan nan
0.045054063 0.11466961 -0.99238151 0
0.017840303 0.085638873 -0.99616647 0
nan nan nan nan
-0.027883545 -0.14968351 0.98834074 2.164113e-05
0.099746533 0.27012193 -0.95764542 0
0.0437622 0.22239746 -0.97397345 0.00010742516
nan nan nan nan
nan nan nan nan
nan nan nan nan
nan nan nan nan
nan nan nan nan
nan nan nan nan
nan nan nan nan
nan nan nan nan
0.019794518 0.048371553 -0.99863327 5.2012861e-06
nan nan nan nan
0.045252539 0.11258682 -0.99261093 0
0.018147109 0.085495926 -0.9961732 0
nan nan nan nan
0.033595499 0.15737753 -0.98696691 0
0.097899683 0.24615198 -0.96427429 0.00017029354
0.044187825 0.22379756 -0.97363341 0
nan nan nan nan
nan nan nan nan
nan nan nan nan
nan nan nan nan
nan nan nan nan
nan nan nan nan
nan nan nan nan
nan nan nan nan
0.019784732 0.048290934 -0.99863738 0
nan nan nan nan
0.046336491 0.11035118 -0.99281198 0
0.018462459 0.085681163 -0.99615157 0
nan nan nan nan
0.031781595 0.15423894 -0.98752224 0
0.099079058 0.25134388 -0.96281332 0
0.045116536 0.22439414 -0.97345352 0
nan nan nan nan
nan nan nan nan
nan nan nan nan
nan nan nan nan
nan nan nan nan
nan nan nan nan
nan nan nan nan
nan nan nan nan
0.019974755 0.047488313 -0.99867207 8.1348253e-06
nan nan nan nan
0.046172552 0.11399109 -0.99240834 5.6774011e-06
0.017862959 0.085079312 -0.99621403 6.7435708e-06
-0.080666341 -0.1294315 0.98830181 6.89999e-05
0.031061498 0.1515258 -0.98796511 0
-0.097972281 -0.23375122 0.9673478 4.2388747e-06
0.045042511 0.21648511 -0.97524631 3.9468363e-05
nan nan nan nan
nan nan nan nan
nan nan nan nan
nan nan nan nan
nan nan nan nan
nan nan nan nan
nan nan nan nan
nan nan nan nan
0.02041183 0.050035812 -0.99853885 0
nan nan nan nan
-0.046935912 -0.1079236 0.99305058 9.7069305e-06
0.017138604 0.084114805 -0.99630874 0
-0.079109505 -0.11348844 0.99038476 1.1688407e-05
0.032484557 0.15406835 -0.987526 1.895107e-05
-0.097298346 -0.22954682 0.96842206 1.5579535e-05
0.045330353 0.2172305 -0.9750672 1.0289888e-05
nan nan nan nan
nan nan nan nan
nan nan nan nan
nan nan nan nan
nan nan nan nan
nan nan nan nan
nan nan nan nan
nan nan nan nan
0.020394778 0.049926039 -0.99854469 0
nan nan nan nan
-0.046624955 -0.10825739 0.99302894 1.0644704e-05
0.018274752 0.084514081 -0.99625468 0
-0.077436484 -0.13716315 0.987517 1.6195352e-05
-0.03187659 -0.14967845 0.98822069 0
0.099163592 0.23811331 -0.96616185 0
0.046558138 0.22031282 -0.97431749 0
nan nan nan nan
nan nan nan nan
nan nan nan nan
nan nan nan nan
nan nan nan nan
nan nan nan nan
nan nan nan nan
nan nan nan nan
0.020218702 0.048095867 -0.99863809 0
nan nan nan nan
-0.046659149 -0.10763629 0.99309486 6.0564971e-06
0.01892983 0.085961759 -0.99611855 2.6784967e-06
-0.074865863 -0.16232394 0.98389333 3.9078939e-05
-0.030533923 -0.14237092 0.98934233 0
0.099038705 0.23746647 -0.96633393 5.1939252e-05
0.048069365 0.22064608 -0.97416878 0
nan nan nan nan
nan nan nan nan
nan nan nan nan
nan nan nan nan
nan nan nan nan
nan nan nan nan
nan nan nan nan
nan nan nan nan
0.020809136 0.049193937 -0.99857247 0
nan nan nan nan
0.047404155 0.11162733 -0.99261886 0
0.018774774 0.085462406 -0.9961645 0
-0.077319793 -0.16107649 0.98390847 7.3511932e-05
0.033550706 0.15228902 -0.98776639 0
0.094910622 0.23744662 -0.96675289 0
0.048417073 0.21960717 -0.97438622 1.7126236e-05
nan nan nan nan
nan nan nan nan
nan nan nan nan
nan nan nan nan
nan nan nan nan
nan nan nan nan
nan nan nan nan
nan nan nan nan
0.020809136 0.049193937 -0.99857247 0
nan nan nan nan
0.048694801 0.11419737 -0.99226397 7.2739481e-06
0.018876547 0.085420825 -0.99616617 0
nan nan nan nan
0.034401104 0.15321794 -0.98759341 3.1118761e-05
0.37865701 0.20624986 -0.90226376 0
0.049712721 0.21982412 -0.97427207 1.1388638e-05
nan nan nan nan
nan nan nan nan
nan nan nan nan
nan nan nan nan
nan nan nan nan
nan nan nan nan
nan nan nan nan
nan nan nan nan
nan nan nan nan
nan nan nan nan
0.048573576 0.11259548 -0.99245298 0
0.019503631 0.083443478 -0.99632162 0
0.47792676 -0.098338351 0.87287772 0
0.034962825 0.15334295 -0.98755431 3.2695934e-05
0.15007648 0.23587978 -0.96012384 0
0.049563471 0.21782656 -0.97472817 0.000222649
nan nan nan nan
nan nan nan nan
nan nan nan nan
nan nan nan nan
nan nan nan nan
nan nan nan nan
nan nan nan nan
nan nan nan nan
nan nan nan nan
nan nan nan nan
0.048764016 0.11031707 -0.99269938 2.3675315e-05
0.019776223 0.083971716 -0.99627185 0
0.076580986 0.17429125 -0.98171169 0
0.03562564 0.15523253 -0.98723537 0
nan nan nan nan
0.050158165 0.21799947 -0.97465909 0.00016262896
nan nan nan nan
nan nan nan nan
nan nan nan nan
nan nan nan nan
nan nan nan nan
nan nan nan nan
nan nan nan nan
nan nan nan nan
-0.018636076 -0.042065799 0.998941 1.818778e-05
nan nan nan nan
-0.049194656 -0.10719822 0.99301994 1.5814167e-05
0.020677853 0.083181813 -0.99631983 7.5883354e-06
0.080170296 0.17437701 -0.98140985 0
0.036044203 0.15732221 -0.9868893 0
0.10633175 0.23487718 -0.96619165 0.00017654151
0.050841562 0.21978608 -0.97422242 7.9786405e-05
nan nan nan nan
nan nan nan nan
nan nan nan nan
nan nan nan nan
nan nan nan nan
nan nan nan nan
nan nan nan nan
nan nan nan nan
-0.018636076 -0.042065799 0.998941 1.818778e-05
nan nan nan nan
0.049557973 0.11233015 -0.99243426 0
0.020486971 0.083997011 -0.9962554 4.5465317e-06
0.07773307 0.17333429 -0.98179066 5.3705782e-05
-0.036272459 -0.14867972 0.98821986 4.3947279e-05
0.10618043 0.23498397 -0.96618229 8.0416205e-05
0.050028432 0.22321476 -0.97348458 3.4449389e-05
nan nan nan nan
nan nan nan nan
nan nan nan nan
nan nan nan nan
nan nan nan nan
nan nan nan nan
nan nan nan nan
nan nan nan nan
-0.018636076 -0.042065799 0.998941 1.818778e-05
nan nan nan nan
0.050427657 0.11258564 -0.99236161 0
0.020683456 0.08475446 -0.99618721 0
0.078130491 0.17131838 -0.98211282 0.00011607143
-0.036361903 -0.14798184 0.98832136 7.5890996e-05
0.10588678 0.23668215 -0.96579993 0
0.051810849 0.22332442 -0.9733662 0
nan nan nan nan
nan nan nan nan
nan nan nan nan
nan nan nan nan
nan nan nan nan
nan nan nan nan
nan nan nan nan
nan nan nan nan
0.021540754 0.047100984 -0.99865788 0
nan nan nan nan
-0.050489709 -0.10832135 0.99283296 3.6339952e-05
0.020936312 0.083546683 -0.99628395 2.1751562e-06
0.080483437 0.17399265 -0.98145247 6.7985748e-06
0.037342589 0.15130897 -0.98778093 5.3252046e-05
0.10579733 0.2341571 -0.96642506 9.724492e-05
0.054048888 0.21674323 -0.97473133 0
nan nan nan nan
nan nan nan nan
nan nan nan nan
nan nan nan nan
nan nan nan nan
nan nan nan nan
nan nan nan nan
nan nan nan nan
0.021503 0.047001034 -0.99866337 0
nan nan nan nan
-0.050546203 -0.097965114 0.99390531 2.404296e-05
0.021180181 0.085850157 -0.99608284 0
0.080085486 0.17326395 -0.98161399 0
0.038014282 0.15215965 -0.98762459 0
0.10818866 0.23707663 -0.96544796 2.3577843e-05
0.054679539 0.2200841 -0.97394723 0
nan nan nan nan
nan nan nan nan
nan nan nan nan
nan nan nan nan
nan nan nan nan
nan nan nan nan
nan nan nan nan
nan nan nan nan
0.021868229 0.04813369 -0.99860156 0
nan nan nan nan
-0.051292796 -0.10259207 0.99340016 5.5086373e-05
-0.021427156 -0.08171197 0.99642557 1.2035752e-05
-0.077904738 -0.1645865 0.98328131 9.4274634e-05
0.039208416 0.15518236 -0.98710746 0
nan nan nan nan
-0.053089969 -0.20380485 0.97757107 7.9291189e-05
nan nan nan nan
nan nan nan nan
nan nan nan nan
nan nan nan nan
nan nan nan nan
nan nan nan nan
nan nan nan nan
nan nan nan nan
0.022405958 0.047512494 -0.99861932 0
nan nan nan nan
-0.051261257 -0.10673661 0.99296504 3.5620786e-05
-0.021479301 -0.0822521 0.99638003 3.2199649e-05
0.081289925 0.17311674 -0.98154092 0
0.038846035 0.15443943 -0.98723829 0
nan nan nan nan
-0.053640954 -0.20758222 0.97674578 1.4925409e-05
nan nan nan nan
nan nan nan nan
nan nan nan nan
nan nan nan nan
nan nan nan nan
nan nan nan nan
nan nan nan nan
nan nan nan nan
0.022082999 0.046744715 -0.99866271 2.4994115e-06
nan nan nan nan
-0.052978322 -0.10669389 0.99287951 1.7206694e-05
0.021735802 0.086468972 -0.99601734 0
0.080585167 0.1691549 -0.98228955 2.756349e-05
0.038982715 0.15041521 -0.987854 5.889613e-05
nan nan nan nan
0.066476785 0.2493943 -0.96611762 0
nan nan nan nan
nan nan nan nan
nan nan nan nan
nan nan nan nan
nan nan nan nan
nan nan nan nan
nan nan nan nan
nan nan nan nan
0.021997763 0.046624873 -0.99867028 0
nan nan nan nan
0.053453643 0.10703717 -0.99281704 2.3604041e-05
0.021503476 0.087052576 -0.99597156 0
0.081969708 0.17242223 -0.98160666 6.9508314e-05
0.039020583 0.15356523 -0.98736775 1.8788374e-05
nan nan nan nan
0.089687273 0.32291576 -0.94216853 0
nan nan nan nan
nan nan nan nan
nan nan nan nan
nan nan nan nan
nan nan nan nan
nan nan nan nan
nan nan nan nan
nan nan nan nan
0.024167327 0.048099406 -0.99855018 0
nan nan nan nan
0.053291637 0.10868451 -0.99264675 8.38712e-06
0.022326495 0.084956206 -0.99613452 0
0.083113767 0.17373802 -0.98127836 0
0.039376296 0.1520758 -0.98758405 0.00013797601
nan nan nan nan
0.05838326 0.21820331 -0.97415537 4.7563135e-05
nan nan nan nan
nan nan nan nan
nan nan nan nan
nan nan nan nan
nan nan nan nan
nan nan nan nan
nan nan nan nan
nan nan nan nan
0.023883207 0.047724508 -0.99857491 0
nan nan nan nan
0.053719893 0.10865165 -0.99262732 7.3386964e-06
0.022950778 0.084085211 -0.9961943 0
0.083351843 0.17045468 -0.98183388 0
nan nan nan nan
nan nan nan nan
0.059775054 0.22126152 -0.97338086 0
nan nan nan nan
nan nan nan nan
nan nan nan nan
nan nan nan nan
nan nan nan nan
nan nan nan nan
nan nan nan nan
nan nan nan nan
-0.016550232 -0.043186396 0.99892998 0
nan nan nan nan
0.055149142 0.11086208 -0.9923045 0
0.023572525 0.082014948 -0.99635226 1.4191578e-05
0.083980814 0.17505234 -0.98097092 0
nan nan nan nan
0.11730292 0.23241095 -0.96551818 9.0050075e-05
0.060809851 0.22443156 -0.97259074 0
nan nan nan nan
nan nan nan nan
nan nan nan nan
nan nan nan nan
nan nan nan nan
nan nan nan nan
nan nan nan nan
nan nan nan nan
0.024339154 0.048050776 -0.99854833 0
nan nan nan nan
0.055052459 0.11048417 -0.99235201 0
0.023658507 0.084757522 -0.99612063 0
-0.084879778 -0.16400667 0.98280072 6.5515553e-05
0.043534007 0.15094356 -0.98758334 0
0.11730292 0.23241095 -0.96551818 9.0050075e-05
0.059661798 0.2129007 -0.9752506 3.2824624e-05
nan nan nan nan
nan nan nan nan
nan nan nan nan
nan nan nan nan
nan nan nan nan
nan nan nan nan
nan nan nan nan
nan nan nan nan
0.023931421 0.047543313 -0.99858242 0
nan nan nan nan
0.053789489 0.1081441 -0.99267894 0
0.024077561 0.082041837 -0.99633789 0
0.08452592 0.17649825 -0.98066497 1.651859e-05
0.043633997 0.1511205 -0.98755181 0
0.11579486 0.23110349 -0.96601385 0.00019451533
0.060655355 0.2196742 -0.9736858 0
nan nan nan nan
nan nan nan nan
nan nan nan nan
nan nan nan nan
nan nan nan nan
nan nan nan nan
nan nan nan nan
nan nan nan nan
0.023330219 0.04619766 -0.99865991 3.2029154e-06
nan nan nan nan
-0.052954562 -0.10577858 0.99297869 1.3311148e-06
0.023955284 0.083138965 -0.99625003 1.0353997e-05
0.085259147 0.17430609 -0.98099357 0
0.044306468 0.15113711 -0.98751932 0
0.11579486 0.23110349 -0.96601385 0.00019451533
0.062030625 0.21389672 -0.97488481 4.7106481e-05
nan nan nan nan
nan nan nan nan
nan nan nan nan
nan nan nan nan
nan nan nan nan
nan nan nan nan
nan nan nan nan
nan nan nan nan
0.023640268 0.046608541 -0.99863344 3.5975838e-06
nan nan nan nan
0.054916095 0.10799516 -0.99263346 3.2428245e-05
0.024627905 0.084831677 -0.99609089 0
-0.086521223 -0.16603909 0.98231614 2.5169713e-05
0.044788286 0.15146579 -0.98744726 0
nan nan nan nan
0.062617786 0.21869391 -0.97378236 0
nan nan nan nan
nan nan nan nan
nan nan nan nan
nan nan nan nan
nan nan nan nan
nan nan nan nan
nan nan nan nan
nan nan nan nan
0.023881048 0.046883691 -0.99861479 3.2999749e-06
nan nan nan nan
0.055551935 0.10913897 -0.99247307 1.0095297e-05
0.024571963 0.082380086 -0.99629807 4.1972362e-06
-0.087402232 -0.15044719 0.98474693 9.7073396e-05
0.043134369 0.14791702 -0.98805863 8.1036313e-05
nan nan nan nan
-0.06390553 -0.21138528 0.9753114 1.3668884e-05
nan nan nan nan
nan nan nan nan
nan nan nan nan
nan nan nan nan
nan nan nan nan
nan nan nan nan
nan nan nan nan
nan nan nan nan
0.02386382 0.046100788 -0.99865162 0
nan nan nan nan
0.05584164 0.10865591 -0.99250978 2.253051e-06
0.024975613 0.084020428 -0.99615097 0
-0.087159954 -0.16442733 0.98253083 2.5033951e-05
0.045591559 0.15088195 -0.98749989 0
0.12087557 0.22841024 -0.96603203 0
-0.063780211 -0.20377323 0.97693843 5.0422103e-05
nan nan nan nan
nan nan nan nan
nan nan nan nan
nan nan nan nan
nan nan nan nan
nan nan nan nan
nan nan nan nan
nan nan nan nan
0.024603449 0.047061194 -0.99858898 0
nan nan nan nan
0.056343824 0.11073751 -0.99225134 0
0.025690472 0.084142752 -0.99612248 0
-0.08453726 -0.1545397 0.98436326 8.6404776e-05
0.044993363 0.14859498 -0.98787403 2.0102023e-05
0.12087557 0.22841024 -0.96603203 0
0.064660341 0.21545872 -0.97436982 6.68906e-05
nan nan nan nan
nan nan nan nan
nan nan nan nan
nan nan nan nan
nan nan nan nan
nan nan nan nan
nan nan nan nan
nan nan nan nan
0.024638057 0.046528511 -0.99861312 0
nan nan nan nan
0.056257106 0.11027539 -0.99230772 0
0.025433404 0.082772806 -0.99624383 2.7036422e-06
0.089583755 0.17083086 -0.98121947 0
0.048205446 0.1544764 -0.9868198 0
0.12064134 0.22881281 -0.96596599 0.00010092629
0.065867685 0.22531097 -0.97205782 0
nan nan nan nan
nan nan nan nan
nan nan nan nan
nan nan nan nan
nan nan nan nan
nan nan nan nan
nan nan nan nan
nan nan nan nan
0.024093198 0.045691915 -0.99866503 2.342169e-06
0.0052149929 0.016428074 -0.99985141 2.5561371e-06
-0.057355981 -0.10356022 0.99296802 3.1336465e-05
0.025820155 0.083000116 -0.99621499 1.4954734e-06
0.089909643 0.17101812 -0.98115695 0
0.046720847 0.15114062 -0.98740757 0
nan nan nan nan
0.066412382 0.21815389 -0.97365206 0
nan nan nan nan
nan nan nan nan
nan nan nan nan
nan nan nan nan
nan nan nan nan
nan nan nan nan
nan nan nan nan
nan nan nan nan
0.024555674 0.04623381 -0.9986288 0
0.005320529 0.016708741 -0.99984628 0
-0.058168776 -0.10263129 0.99301726 2.2325181e-05
0.025941348 0.082644708 -0.99624139 4.8695456e-06
0.090042628 0.1693268 -0.9814381 0
0.047561344 0.16341923 -0.98540968 0
nan nan nan nan
-0.067331083 -0.20757866 0.97589844 2.9338718e-05
nan nan nan nan
nan nan nan nan
nan nan nan nan
nan nan nan nan
nan nan nan nan
nan nan nan nan
nan nan nan nan
nan nan nan nan
0.02453094 0.045931347 -0.9986434 0
0.0052884324 0.016573729 -0.99984872 0
-0.058871355 -0.10178489 0.99306303 5.1426641e-06
0.026556527 0.083031103 -0.99619305 6.1813939e-06
0.091139227 0.17104621 -0.98103863 0
0.047327567 0.14954127 -0.9876222 9.9601066e-06
nan nan nan nan
0.070462681 0.23536776 -0.96934879 0
nan nan nan nan
nan nan nan nan
nan nan nan nan
nan nan nan nan
nan nan nan nan
nan nan nan nan
nan nan nan nan
nan nan nan nan
0.024688702 0.045985743 -0.99863702 8.6082846e-06
0.0053214328 0.016524212 -0.99984926 0
0.058091927 0.10712807 -0.99254668 9.9881918e-06
0.027614057 0.084816873 -0.99601388 0
0.09182547 0.17654169 -0.98000062 0
-0.047909077 -0.14185975 0.98872674 5.6192439e-05
0.12776282 0.22788312 -0.96526986 0
0.070593886 0.22348046 -0.9721486 0
nan nan nan nan
nan nan nan nan
nan nan nan nan
nan nan nan nan
nan nan nan nan
nan nan nan nan
nan nan nan nan
nan nan nan nan
0.025070751 0.045801055 -0.99863595 0
0.0053596925 0.016474541 -0.99984998 0
0.05833387 0.11093145 -0.9921146 0
0.027479758 0.084716566 -0.9960261 0
0.091259822 0.16423211 -0.98219115 0
0.048125573 0.15329678 -0.98700762 4.5791046e-05
0.12612635 0.22646268 -0.9658193 0
0.070825763 0.21880737 -0.97319424 0
nan nan nan nan
nan nan nan nan
nan nan nan nan
nan nan nan nan
nan nan nan nan
nan nan nan nan
nan nan nan nan
nan nan nan nan
0.025070751 0.045801055 -0.99863595 0
-0.0052327607 -0.016238099 0.99985445 5.9835554e-07
0.058925405 0.10737806 -0.99247056 3.258476e-06
0.027192578 0.082754135 -0.99619895 5.163552e-06
0.092001379 0.17546682 -0.9801771 0
0.048617244 0.15347962 -0.98695511 0
0.12465071 0.2254456 -0.96624869 0
0.069061399 0.20993838 -0.97527248 0.00015099214
nan nan nan nan
nan nan nan nan
nan nan nan nan
nan nan nan nan
nan nan nan nan
nan nan nan nan
nan nan nan nan
nan nan nan nan
0.025069011 0.046296209 -0.99861312 0
0.0054227314 0.016457098 -0.99984992 1.5364951e-07
0.05917155 0.10486859 -0.99272424 2.0821788e-05
0.027150856 0.083643496 -0.99612582 0
0.093148649 0.16357929 -0.98212278 9.2665359e-06
0.04946281 0.14709826 -0.9878844 0
0.12513779 0.22555834 -0.9661594 0
-0.063739523 -0.19372332 0.97898346 0.00013673853
nan nan nan nan
nan nan nan nan
nan nan nan nan
nan nan nan nan
nan nan nan nan
nan nan nan nan
nan nan nan nan
nan nan nan nan
-0.026949165 -0.041866191 0.99875969 1.0054421e-05
0.0054235067 0.016441016 -0.99985021 2.3964671e-07
0.059293121 0.10486916 -0.99271697 2.7049891e-05
-0.028930737 -0.079968721 0.99637741 6.8030254e-06
0.09225861 0.17003098 -0.98111051 0
-0.049626715 -0.14510514 0.98817086 2.4712188e-05
0.12612367 0.22645554 -0.96582127 0
0.072185181 0.21402302 -0.97415775 2.8137911e-06
nan nan nan nan
nan nan nan nan
nan nan nan nan
nan nan nan nan
nan nan nan nan
nan nan nan nan
nan nan nan nan
nan nan nan nan
-0.026949165 -0.041866191 0.99875969 1.0054421e-05
nan nan nan nan
-0.059182301 -0.099182732 0.99330777 4.1943393e-05
-0.028899616 -0.080078848 0.9963696 6.3490525e-06
-0.096069232 -0.16017571 0.98240238 2.6383002e-05
-0.048818175 -0.14284042 0.98854107 0
0.12612367 0.22645554 -0.96582127 0
0.071930118 0.21098025 -0.9748401 6.135321e-05
nan nan nan nan
nan nan nan nan
nan nan nan nan
nan nan nan nan
nan nan nan nan
nan nan nan nan
nan nan nan nan
nan nan nan nan
0.025764996 0.045565389 -0.99862903 0
nan nan nan nan
-0.059739269 -0.10364641 0.99281847 4.2977197e-05
0.025673838 0.088443324 -0.99575031 0
0.090676755 0.17098129 -0.98109287 0
0.052862186 0.1520085 -0.98696452 0
nan nan nan nan
0.074499801 0.22223946 -0.97214174 4.7706992e-05
nan nan nan nan
nan nan nan nan
nan nan nan nan
nan nan nan nan
nan nan nan nan
nan nan nan nan
nan nan nan nan
nan nan nan nan
nan nan nan nan
nan nan nan nan
-0.058839779 -0.097135752 0.99353033 7.3487099e-05
0.029012915 0.081589229 -0.99624366 0
nan nan nan nan
-0.050240066 -0.14372712 0.98834127 0
nan nan nan nan
0.074791312 0.22193298 -0.97218925 0
nan nan nan nan
nan nan nan nan
nan nan nan nan
nan nan nan nan
nan nan nan nan
nan nan nan nan
nan nan nan nan
nan nan nan nan
nan nan nan nan
nan nan nan nan
nan nan nan nan
0.028603438 0.084974803 -0.99597251 0
nan nan nan nan
0.052682556 0.14860687 -0.98749208 0
nan nan nan nan
0.074991852 0.217455 -0.97318518 0
nan nan nan nan
nan nan nan nan
nan nan nan nan
nan nan nan nan
nan nan nan nan
nan nan nan nan
nan nan nan nan
nan nan nan nan
nan nan nan nan
0.0059902165 0.016111253 -0.99985224 7.5446184e-07
nan nan nan nan
0.028797977 0.084123895 -0.99603903 7.5859098e-06
nan nan nan nan
0.053414416 0.15032178 -0.98719311 0
nan nan nan nan
-0.074714951 -0.20627181 0.97563809 5.3413867e-05
nan nan nan nan
nan nan nan nan
nan nan nan nan
nan nan nan nan
nan nan nan nan
nan nan nan nan
nan nan nan nan
nan nan nan nan
nan nan nan nan
0.0059753824 0.016418405 -0.99984729 0
nan nan nan nan
-0.030928025 -0.076118894 0.99661899 1.679018e-05
nan nan nan nan
0.05262265 0.14589374 -0.98789972 0
nan nan nan nan
-0.074978113 -0.20359689 0.97617966 0.00012875826
nan nan nan nan
nan nan nan nan
nan nan nan nan
nan nan nan nan
nan nan nan nan
nan nan nan nan
nan nan nan nan
nan nan nan nan
nan nan nan nan
0.006008999 0.016835209 -0.9998402 0
nan nan nan nan
0.028395981 0.086661175 -0.9958331 0
nan nan nan nan
-0.052379686 -0.14141895 0.98856312 7.0093702e-05
nan nan nan nan
0.076821439 0.21080601 -0.97450459 8.0944643e-05
nan nan nan nan
nan nan nan nan
nan nan nan nan
nan nan nan nan
nan nan nan nan
nan nan nan nan
nan nan nan nan
nan nan nan nan
nan nan nan nan
-0.0058943308 -0.016072342 0.99985343 7.363804e-07
nan nan nan nan
0.028682878 0.085187718 -0.99595195 0
nan nan nan nan
-0.053561244 -0.14235605 0.98836529 5.3895761e-05
nan nan nan nan
0.077791132 0.21218199 -0.97412908 0
nan nan nan nan
nan nan nan nan
nan nan nan nan
nan nan nan nan
nan nan nan nan
nan nan nan nan
nan nan nan nan
nan nan nan nan
nan nan nan nan
0.0061978614 0.016414935 -0.99984604 1.2250715e-07
nan nan nan nan
0.029617166 0.083760783 -0.99604571 1.3787753e-05
nan nan nan nan
0.054690827 0.14729826 -0.98757893 0
nan nan nan nan
0.078498766 0.21177278 -0.97416127 0
nan nan nan nan
nan nan nan nan
nan nan nan nan
nan nan nan nan
nan nan nan nan
nan nan nan nan
nan nan nan nan
nan nan nan nan
nan nan nan nan
0.0062728389 0.016402405 -0.99984574 0
nan nan nan nan
-0.032331411 -0.074784786 0.99667543 1.1234333e-05
nan nan nan nan
0.055137597 0.14622629 -0.9877134 0
nan nan nan nan
0.078962699 0.20916069 -0.97468793 0.00016960919
nan nan nan nan
nan nan nan nan
nan nan nan nan
nan nan nan nan
nan nan nan nan
nan nan nan nan
nan nan nan nan
nan nan nan nan
nan nan nan nan
0.0063365339 0.016708843 -0.99984032 0
nan nan nan nan
0.03115323 0.080205768 -0.9962914 0
nan nan nan nan
-0.054432064 -0.14032681 0.98860788 5.0874467e-05
nan nan nan nan
0.078962699 0.20916069 -0.97468793 0.00016960919
nan nan nan nan
nan nan nan nan
nan nan nan nan
nan nan nan nan
nan nan nan nan
nan nan nan nan
nan nan nan nan
nan nan nan nan
nan nan nan nan
0.0062652249 0.016387165 -0.99984604 0
nan nan nan nan
-0.031907372 -0.07735832 0.99649262 1.4999126e-05
nan nan nan nan
0.056709934 0.14928603 -0.9871664 1.3368475e-05
nan nan nan nan
0.078926928 0.20942004 -0.97463518 0
nan nan nan nan
nan nan nan nan
nan nan nan nan
nan nan nan nan
nan nan nan nan
nan nan nan nan
nan nan nan nan
nan nan nan nan
nan nan nan nan
0.0060837367 0.018251941 -0.99981493 0
nan nan nan nan
0.030391064 0.085243531 -0.99589652 0
nan nan nan nan
0.056323797 0.14300413 -0.98811817 2.0799018e-05
nan nan nan nan
nan nan nan nan
nan nan nan nan
nan nan nan nan
nan nan nan nan
nan nan nan nan
nan nan nan nan
nan nan nan nan
nan nan nan nan
nan nan nan nan
nan nan nan nan
0.006267631 0.016405601 -0.99984574 0
nan nan nan nan
-0.032600902 -0.076999888 0.99649799 3.7975396e-06
nan nan nan nan
-0.056537528 -0.14202274 0.98824745 1.0472201e-05
nan nan nan nan
nan nan nan nan
nan nan nan nan
nan nan nan nan
nan nan nan nan
nan nan nan nan
nan nan nan nan
nan nan nan nan
nan nan nan nan
nan nan nan nan
nan nan nan nan
0.00648457 0.01617677 -0.99984813 1.0257963e-06
nan nan nan nan
0.032280814 0.081334732 -0.99616396 0
nan nan nan nan
-0.055581253 -0.13790588 0.98888457 4.543766e-05
nan nan nan nan
0.081510298 0.22131647 -0.9717896 0
nan nan nan nan
nan nan nan nan
nan nan nan nan
nan nan nan nan
nan nan nan nan
nan nan nan nan
nan nan nan nan
nan nan nan nan
nan nan nan nan
0.0064057768 0.016187854 -0.99984843 0
nan nan nan nan
0.031888589 0.083127521 -0.99602866 0
nan nan nan nan
0.059397545 0.14845732 -0.98713344 0
nan nan nan nan
0.085806511 0.21578828 -0.97266269 0
nan nan nan nan
nan nan nan nan
nan nan nan nan
nan nan nan nan
nan nan nan nan
nan nan nan nan
nan nan nan nan
nan nan nan nan
nan nan nan nan
nan nan nan nan
nan nan nan nan
0.032855555 0.079792045 -0.99627 2.2896334e-05
nan nan nan nan
0.059598379 0.14858714 -0.98710179 3.4716919e-05
nan nan nan nan
-0.083854295 -0.20361888 0.97545266 8.7642284e-06
nan nan nan nan
nan nan nan nan
nan nan nan nan
nan nan nan nan
nan nan nan nan
nan nan nan nan
nan nan nan nan
nan nan nan nan
nan nan nan nan
0.0065797265 0.015928844 -0.99985152 1.3309896e-06
nan nan nan nan
0.032847282 0.081514515 -0.9961307 6.1445808e-06
nan nan nan nan
0.060624328 0.14955331 -0.98689336 0
nan nan nan nan
0.085635841 0.21016654 -0.97390795 7.2557261e-05
nan nan nan nan
nan nan nan nan
nan nan nan nan
nan nan nan nan
nan nan nan nan
nan nan nan nan
nan nan nan nan
nan nan nan nan
nan nan nan nan
0.0065797265 0.015928844 -0.99985152 1.3309896e-06
nan nan nan nan
0.032852616 0.083903454 -0.99593216 5.8716269e-06
nan nan nan nan
0.06130641 0.15127659 -0.98658848 0
nan nan nan nan
0.088456005 0.21720746 -0.9721092 0
nan nan nan nan
nan nan nan nan
nan nan nan nan
nan nan nan nan
nan nan nan nan
nan nan nan nan
nan nan nan nan
nan nan nan nan
nan nan nan nan
0.0067951423 0.016275309 -0.99984443 4.9397363e-07
nan nan nan nan
0.033618238 0.080887422 -0.9961561 0
nan nan nan nan
0.060779367 0.14806747 -0.98710787 2.3290291e-05
nan nan nan nan
-0.085336953 -0.20332557 0.97538519 0
nan nan nan nan
nan nan nan nan
nan nan nan nan
nan nan nan nan
nan nan nan nan
nan nan nan nan
nan nan nan nan
nan nan nan nan
nan nan nan nan
0.0067440365 0.016114958 -0.99984741 0
nan nan nan nan
-0.033956386 -0.076682284 0.99647713 2.1906668e-05
nan nan nan nan
-0.059551425 -0.13586995 0.98893523 2.076318e-05
nan nan nan nan
0.08681339 0.20773967 -0.97432423 1.5313377e-05
nan nan nan nan
nan nan nan nan
nan nan nan nan
nan nan nan nan
nan nan nan nan
nan nan nan nan
nan nan nan nan
nan nan nan nan
nan nan nan nan
0.0068263905 0.016081346 -0.99984741 0
nan nan nan nan
0.03426034 0.081137784 -0.99611384 0
nan nan nan nan
-0.059538372 -0.1279299 0.98999453 9.6865306e-06
nan nan nan nan
0.088358179 0.20980477 -0.97374266 0
nan nan nan nan
nan nan nan nan
nan nan nan nan
nan nan nan nan
nan nan nan nan
nan nan nan nan
nan nan nan nan
nan nan nan nan
nan nan nan nan
0.006883698 0.015952488 -0.99984902 2.7041892e-07
nan nan nan nan
0.034120202 0.078559749 -0.99632543 4.3505702e-06
nan nan nan nan
0.062281173 0.1500745 -0.98671108 4.4335295e-05
nan nan nan nan
0.088793322 0.20546199 -0.97462863 4.5553038e-06
nan nan nan nan
nan nan nan nan
nan nan nan nan
nan nan nan nan
nan nan nan nan
nan nan nan nan
nan nan nan nan
nan nan nan nan
nan nan nan nan
0.007071049 0.016262189 -0.99984276 0
nan nan nan nan
0.034403015 0.083883271 -0.99588156 0
nan nan nan nan
0.061976202 0.14513764 -0.98746854 0
nan nan nan nan
0.088962287 0.20664957 -0.97436213 3.6549867e-05
nan nan nan nan
nan nan nan nan
nan nan nan nan
nan nan nan nan
nan nan nan nan
nan nan nan nan
nan nan nan nan
nan nan nan nan
nan nan nan nan
0.0069716014 0.015899744 -0.99984926 8.4968781e-07
nan nan nan nan
0.034888171 0.079639852 -0.99621296 3.9738111e-06
nan nan nan nan
0.062535487 0.14537069 -0.98739892 3.7566548e-05
nan nan nan nan
0.089971624 0.20628329 -0.97434711 1.4284197e-05
nan nan nan nan
nan nan nan nan
nan nan nan nan
nan nan nan nan
nan nan nan nan
nan nan nan nan
nan nan nan nan
nan nan nan nan
nan nan nan nan
0.0069563193 0.01590836 -0.99984926 1.8311755e-07
nan nan nan nan
0.034930438 0.078784086 -0.99627954 1.6757056e-05
nan nan nan nan
0.063250229 0.14563534 -0.98731446 0
nan nan nan nan
0.089357756 0.20355546 -0.97497708 2.0700956e-05
nan nan nan nan
nan nan nan nan
nan nan nan nan
nan nan nan nan
nan nan nan nan
nan nan nan nan
nan nan nan nan
nan nan nan nan
nan nan nan nan
nan nan nan nan
nan nan nan nan
0.035400599 0.081482016 -0.99604595 0
nan nan nan nan
0.063991405 0.14260525 -0.98770887 0
nan nan nan nan
0.089830793 0.20348988 -0.97494733 0.00015265927
nan nan nan nan
nan nan nan nan
nan nan nan nan
nan nan nan nan
nan nan nan nan
nan nan nan nan
nan nan nan nan
nan nan nan nan
nan nan nan nan
nan nan nan nan
nan nan nan nan
0.035884362 0.078500353 -0.99626809 3.6127362e-06
nan nan nan nan
0.06429372 0.14379722 -0.9875164 0
nan nan nan nan
0.090372533 0.20408833 -0.97477216 8.5540596e-05
nan nan nan nan
nan nan nan nan
nan nan nan nan
nan nan nan nan
nan nan nan nan
nan nan nan nan
nan nan nan nan
nan nan nan nan
nan nan nan nan
nan nan nan nan
nan nan nan nan
0.036811735 0.086931564 -0.99553394 0
nan nan nan nan
0.064803824 0.14250289 -0.98767066 0
nan nan nan nan
0.092721738 0.20444837 -0.97447604 1.3312352e-05
nan nan nan nan
nan nan nan nan
nan nan nan nan
nan nan nan nan
nan nan nan nan
nan nan nan nan
nan nan nan nan
nan nan nan nan
nan nan nan nan
nan nan nan nan
nan nan nan nan
0.036858153 0.087711468 -0.99546379 0
nan nan nan nan
0.06479124 0.14061256 -0.98794246 3.1282878e-05
nan nan nan nan
0.093767464 0.20349735 -0.97457504 2.6196311e-05
nan nan nan nan
nan nan nan nan
nan nan nan nan
nan nan nan nan
nan nan nan nan
nan nan nan nan
nan nan nan nan
nan nan nan nan
nan nan nan nan
nan nan nan nan
nan nan nan nan
0.037112419 0.088651866 -0.99537104 0
nan nan nan nan
0.065132119 0.1409706 -0.98786896 8.349245e-05
nan nan nan nan
0.095286265 0.20412087 -0.97429729 3.0792104e-05
nan nan nan nan
nan nan nan nan
nan nan nan nan
nan nan nan nan
nan nan nan nan
nan nan nan nan
nan nan nan nan
nan nan nan nan
nan nan nan nan
nan nan nan nan
nan nan nan nan
-0.03585251 -0.067752287 0.99705774 1.2600451e-05
nan nan nan nan
0.066354662 0.14015788 -0.98790318 5.5048924e-05
nan nan nan nan
0.095155336 0.20332943 -0.97447556 3.622582e-06
nan nan nan nan
nan nan nan nan
nan nan nan nan
nan nan nan nan
nan nan nan nan
nan nan nan nan
nan nan nan nan
nan nan nan nan
nan nan nan nan
-0.0075200885 -0.01533145 0.99985415 0
nan nan nan nan
-0.036943391 -0.07649707 0.99638516 1.6396174e-05
nan nan nan nan
0.066204786 0.14252552 -0.98757452 0
nan nan nan nan
0.095021501 0.20128833 -0.97491223 0
nan nan nan nan
nan nan nan nan
nan nan nan nan
nan nan nan nan
nan nan nan nan
nan nan nan nan
nan nan nan nan
nan nan nan nan
nan nan nan nan
0.0077837007 0.018125594 -0.99980545 0
nan nan nan nan
0.037650399 0.080393329 -0.99605185 1.1812963e-05
nan nan nan nan
0.067046471 0.14546742 -0.98708862 0
nan nan nan nan
0.09484946 0.20101938 -0.97498453 0
nan nan nan nan
nan nan nan nan
nan nan nan nan
nan nan nan nan
nan nan nan nan
nan nan nan nan
nan nan nan nan
nan nan nan nan
nan nan nan nan
-0.0069881184 -0.011608669 0.99990821 0
nan nan nan nan
-0.037223175 -0.064661734 0.99721271 2.6216585e-05
nan nan nan nan
0.066054404 0.153494 -0.98593938 0
nan nan nan nan
0.097165257 0.2034831 -0.97424507 0
nan nan nan nan
nan nan nan nan
nan nan nan nan
nan nan nan nan
nan nan nan nan
nan nan nan nan
nan nan nan nan
nan nan nan nan
nan nan nan nan
0.0075277346 0.015444389 -0.99985236 0
nan nan nan nan
0.037739057 0.077238828 -0.99629807 0
nan nan nan nan
0.067806087 0.1418229 -0.98756707 0
nan nan nan nan
0.096521035 0.20226763 -0.97456217 0
nan nan nan nan
nan nan nan nan
nan nan nan nan
nan nan nan nan
nan nan nan nan
nan nan nan nan
nan nan nan nan
nan nan nan nan
nan nan nan nan
0.008164295 0.0164284 -0.9998318 0
nan nan nan nan
0.037714992 0.086718887 -0.99551862 0
nan nan nan nan
0.068853997 0.14072418 -0.98765165 5.1674073e-05
nan nan nan nan
0.097397275 0.20142955 -0.97464859 5.9927741e-05
nan nan nan nan
nan nan nan nan
nan nan nan nan
nan nan nan nan
nan nan nan nan
nan nan nan nan
nan nan nan nan
nan nan nan nan
nan nan nan nan
-0.007282021 -0.015108734 0.99985939 1.1547477e-06
nan nan nan nan
0.038378056 0.079394244 -0.9961043 0
nan nan nan nan
0.06916561 0.13725044 -0.98811865 2.3046874e-05
nan nan nan nan
0.096488528 0.20063096 -0.9749037 0
nan nan nan nan
nan nan nan nan
nan nan nan nan
nan nan nan nan
nan nan nan nan
nan nan nan nan
nan nan nan nan
nan nan nan nan
nan nan nan nan
-0.0074495422 -0.015301681 0.99985522 0
nan nan nan nan
-0.039557647 -0.072605513 0.99657595 0
nan nan nan nan
-0.069983296 -0.13625926 0.98819822 3.9321516e-05
nan nan nan nan
0.10260543 0.20252658 -0.97388649 0
nan nan nan nan
nan nan nan nan
nan nan nan nan
nan nan nan nan
nan nan nan nan
nan nan nan nan
nan nan nan nan
nan nan nan nan
nan nan nan nan
0.0080286562 0.015760144 -0.99984354 0
nan nan nan nan
0.038854033 0.080071546 -0.99603152 0
nan nan nan nan
0.070501328 0.14100266 -0.98749578 0
nan nan nan nan
0.098033309 0.19924989 -0.97503287 2.7556322e-05
nan nan nan nan
nan nan nan nan
nan nan nan nan
nan nan nan nan
nan nan nan nan
nan nan nan nan
nan nan nan nan
nan nan nan nan
nan nan nan nan
-0.0072228187 -0.014270507 0.99987215 0
nan nan nan nan
0.039146885 0.0807864 -0.99596238 0
nan nan nan nan
0.070408896 0.13897423 -0.98778981 0
nan nan nan nan
0.10315086 0.20147224 -0.97404772 0
nan nan nan nan
nan nan nan nan
nan nan nan nan
nan nan nan nan
nan nan nan nan
nan nan nan nan
nan nan nan nan
nan nan nan nan
nan nan nan nan
0.0082754865 0.016204983 -0.99983448 0
nan nan nan nan
0.038405307 0.087875955 -0.99539083 0
nan nan nan nan
-0.06812086 -0.12807558 0.98942208 4.955937e-05
nan nan nan nan
0.10407951 0.20270139 -0.97369379 0
nan nan nan nan
nan nan nan nan
nan nan nan nan
nan nan nan nan
nan nan nan nan
nan nan nan nan
nan nan nan nan
nan nan nan nan
nan nan nan nan
0.0079500321 0.015443078 -0.99984914 0
nan nan nan nan
0.039652102 0.079731531 -0.99602735 0
nan nan nan nan
0.071694791 0.13999987 -0.98755246 0
nan nan nan nan
0.10411865 0.20134901 -0.97397012 9.385158e-05
nan nan nan nan
nan nan nan nan
nan nan nan nan
nan nan nan nan
nan nan nan nan
nan nan nan nan
nan nan nan nan
nan nan nan nan
nan nan nan nan
0.0087195477 0.019715751 -0.9997676 0
nan nan nan nan
0.03759706 0.092771918 -0.99497724 0
nan nan nan nan
-0.067961708 -0.12732987 0.98952937 3.0296784e-05
nan nan nan nan
0.10384988 0.20156185 -0.9739548 0
nan nan nan nan
nan nan nan nan
nan nan nan nan
nan nan nan nan
nan nan nan nan
nan nan nan nan
nan nan nan nan
nan nan nan nan
nan nan nan nan
-0.0081238821 -0.014605084 0.99986035 0
nan nan nan nan
0.040006731 0.082442224 -0.99579251 0
nan nan nan nan
-0.071248665 -0.13582893 0.98816705 1.0465817e-05
nan nan nan nan
0.10377948 0.2005859 -0.97416383 0
nan nan nan nan
nan nan nan nan
nan nan nan nan
nan nan nan nan
nan nan nan nan
nan nan nan nan
nan nan nan nan
nan nan nan nan
nan nan nan nan
0.0079751024 0.015991691 -0.99984032 0
nan nan nan nan
-0.0405485 -0.072519436 0.99654233 0
nan nan nan nan
0.0735927 0.14207983 -0.98711574 0
nan nan nan nan
0.10409181 0.20127746 -0.97398782 0
nan nan nan nan
nan nan nan nan
nan nan nan nan
nan nan nan nan
nan nan nan nan
nan nan nan nan
nan nan nan nan
nan nan nan nan
nan nan nan nan
0.0079690665 0.015839381 -0.9998427 0
nan nan nan nan
0.040870324 0.076093435 -0.99626267 9.9754488e-06
nan nan nan nan
0.073260516 0.1370869 -0.98784614 4.4827916e-06
nan nan nan nan
0.1044255 0.20364498 -0.97345984 0
nan nan nan nan
nan nan nan nan
nan nan nan nan
nan nan nan nan
nan nan nan nan
nan nan nan nan
nan nan nan nan
nan nan nan nan
nan nan nan nan
nan nan nan nan
nan nan nan nan
0.041516423 0.079222269 -0.99599212 0
nan nan nan nan
-0.072978236 -0.13409019 0.98827827 8.0865604e-05
nan nan nan nan
0.10693311 0.19376752 -0.9752022 1.0317875e-05
nan nan nan nan
nan nan nan nan
nan nan nan nan
nan nan nan nan
nan nan nan nan
nan nan nan nan
nan nan nan nan
nan nan nan nan
nan nan nan nan
nan nan nan nan
nan nan nan nan
-0.04026819 -0.068082839 0.9968667 0
nan nan nan nan
-0.072713435 -0.13380425 0.98833656 6.8120826e-05
nan nan nan nan
-0.10692712 -0.18994038 0.97595555 5.6222016e-05
nan nan nan nan
nan nan nan nan
nan nan nan nan
nan nan nan nan
nan nan nan nan
nan nan nan nan
nan nan nan nan
nan nan nan nan
nan nan nan nan
nan nan nan nan
nan nan nan nan
0.041330662 0.077563561 -0.99613029 0
nan nan nan nan
0.073546492 0.13543585 -0.98805261 5.7731713e-06
nan nan nan nan
-0.10714415 -0.19228823 0.97547191 0
nan nan nan nan
nan nan nan nan
nan nan nan nan
nan nan nan nan
nan nan nan nan
nan nan nan nan
nan nan nan nan
nan nan nan nan
nan nan nan nan
nan nan nan nan
nan nan nan nan
-0.042799171 -0.071675971 0.99650925 0
nan nan nan nan
0.075172558 0.13700098 -0.98771441 0
nan nan nan nan
0.1123683 0.21011956 -0.97119677 1.6235397e-05
nan nan nan nan
nan nan nan nan
nan nan nan nan
nan nan nan nan
nan nan nan nan
nan nan nan nan
nan nan nan nan
nan nan nan nan
nan nan nan nan
nan nan nan nan
nan nan nan nan
-0.044430301 -0.06896928 0.99662894 1.1402024e-05
nan nan nan nan
0.076106913 0.13800028 -0.98750377 1.0624882e-05
nan nan nan nan
-0.1070198 -0.19056407 0.97582376 6.5932611e-05
nan nan nan nan
nan nan nan nan
nan nan nan nan
nan nan nan nan
nan nan nan nan
nan nan nan nan
nan nan nan nan
nan nan nan nan
nan nan nan nan
nan nan nan nan
nan nan nan nan
0.04213123 0.078185134 -0.99604821 8.4273324e-06
nan nan nan nan
0.074766472 0.13627626 -0.98784548 0
nan nan nan nan
0.11113805 0.20178498 -0.97310388 0
nan nan nan nan
nan nan nan nan
nan nan nan nan
nan nan nan nan
nan nan nan nan
nan nan nan nan
nan nan nan nan
nan nan nan nan
nan nan nan nan
nan nan nan nan
nan nan nan nan
-0.043396495 -0.072535999 0.99642128 1.7462913e-05
nan nan nan nan
-0.081801191 -0.1227951 0.9890551 4.8743259e-05
nan nan nan nan
-0.10761161 -0.18758883 0.97633511 2.7672337e-05
nan nan nan nan
nan nan nan nan
nan nan nan nan
nan nan nan nan
nan nan nan nan
nan nan nan nan
nan nan nan nan
nan nan nan nan
nan nan nan nan
nan nan nan nan
nan nan nan nan
0.041487988 0.084357262 -0.99557149 0
nan nan nan nan
-0.079409689 -0.1310181 0.98819453 0
nan nan nan nan
0.1095119 0.19287735 -0.97509259 0
nan nan nan nan
nan nan nan nan
nan nan nan nan
nan nan nan nan
nan nan nan nan
nan nan nan nan
nan nan nan nan
nan nan nan nan
nan nan nan nan
nan nan nan nan
nan nan nan nan
-0.045085136 -0.067080207 0.99672842 1.0240698e-05
nan nan nan nan
0.079000257 0.13186803 -0.98811418 0
nan nan nan nan
0.11126299 0.19892858 -0.97367758 0
nan nan nan nan
nan nan nan nan
nan nan nan nan
nan nan nan nan
nan nan nan nan
nan nan nan nan
nan nan nan nan
nan nan nan nan
nan nan nan nan
nan nan nan nan
nan nan nan nan
-0.046799339 -0.032174505 0.99838597 0
nan nan nan nan
0.077004865 0.13825507 -0.98739851 0
nan nan nan nan
0.1103328 0.19368884 -0.97483915 0
nan nan nan nan
nan nan nan nan
nan nan nan nan
nan nan nan nan
nan nan nan nan
nan nan nan nan
nan nan nan nan
nan nan nan nan
nan nan nan nan
nan nan nan nan
nan nan nan nan
nan nan nan nan
nan nan nan nan
nan nan nan nan
nan nan nan nan
nan nan nan nan
nan nan nan nan
nan nan nan nan
nan nan nan nan
nan nan nan nan
nan nan nan nan
nan nan nan nan
nan nan nan nan
nan nan nan nan
nan nan nan nan
nan nan nan nan
nan nan nan nan
nan nan nan nan
nan nan nan nan
nan nan nan nan
nan nan nan nan
nan nan nan nan
nan nan nan nan
nan nan nan nan
nan nan nan nan
nan nan nan nan
nan nan nan nan
nan nan nan nan
nan nan nan nan
nan nan nan nan
nan nan nan nan
nan nan nan nan
nan nan nan nan
nan nan nan nan
nan nan nan nan
nan nan nan nan
nan nan nan nan
nan nan nan nan
nan nan nan nan
nan nan nan nan
nan nan nan nan
nan nan nan nan
nan nan nan nan
nan nan nan nan
nan nan nan nan
nan nan nan nan
nan nan nan nan
nan nan nan nan
nan nan nan nan
nan nan nan nan
nan nan nan nan
nan nan nan nan
nan nan nan nan
nan nan nan nan
nan nan nan nan
nan nan nan nan
nan nan nan nan
nan nan nan nan
nan nan nan nan
nan nan nan nan
nan nan nan nan
nan nan nan nan
nan nan nan nan
nan nan nan nan
nan nan nan nan
nan nan nan nan
nan nan nan nan
nan nan nan nan
nan nan nan nan
nan nan nan nan
nan nan nan nan
nan nan nan nan
nan nan nan nan
nan nan nan nan
nan nan nan nan
nan nan nan nan
nan nan nan nan
nan nan nan nan
nan nan nan nan
nan nan nan nan
nan nan nan nan
nan nan nan nan
nan nan nan nan
nan nan nan nan
nan nan nan nan
nan nan nan nan
nan nan nan nan
nan nan nan nan
nan nan nan nan
nan nan nan nan
nan nan nan nan
nan nan nan nan
nan nan nan nan
nan nan nan nan
nan nan nan nan
nan nan nan nan
nan nan nan nan
nan nan nan nan
nan nan nan nan
nan nan nan nan
nan nan nan nan
nan nan nan nan
nan nan nan nan
nan nan nan nan
nan nan nan nan
nan nan nan nan
nan nan nan nan
nan nan nan nan
nan nan nan nan
nan nan nan nan
nan nan nan nan
nan nan nan nan
nan nan nan nan
nan nan nan nan
nan nan nan nan
nan nan nan nan
nan nan nan nan
nan nan nan nan
nan nan nan nan
nan nan nan nan
nan nan nan nan
nan nan nan nan
nan nan nan nan
nan nan nan nan
nan nan nan nan
nan nan nan nan
nan nan nan nan
nan nan nan nan
nan nan nan nan
nan nan nan nan
nan nan nan nan
nan nan nan nan
nan nan nan nan
nan nan nan nan
nan nan nan nan
nan nan nan nan
nan nan nan nan
nan nan nan nan
nan nan nan nan
nan nan nan nan
nan nan nan nan
nan nan nan nan
nan nan nan nan
nan nan nan nan
nan nan nan nan
nan nan nan nan
nan nan nan nan
nan nan nan nan
nan nan nan nan
nan nan nan nan
nan nan nan nan
nan nan nan nan
nan nan nan nan
nan nan nan nan
nan nan nan nan
nan nan nan nan
nan nan nan nan
nan nan nan nan
nan nan nan nan
nan nan nan nan
nan nan nan nan
nan nan nan nan
nan nan nan nan
nan nan nan nan
nan nan nan nan
nan nan nan nan
nan nan nan nan
nan nan nan nan
nan nan nan nan
nan nan nan nan
nan nan nan nan
nan nan nan nan
nan nan nan nan
nan nan nan nan
nan nan nan nan
nan nan nan nan
nan nan nan nan
nan nan nan nan
nan nan nan nan
nan nan nan nan
nan nan nan nan
nan nan nan nan
nan nan nan nan
nan nan nan nan
nan nan nan nan
nan nan nan nan
nan nan nan nan
nan nan nan nan
nan nan nan nan
nan nan nan nan
nan nan nan nan
nan nan nan nan
nan nan nan nan
nan nan nan nan
nan nan nan nan
nan nan nan nan
nan nan nan nan
nan nan nan nan
nan nan nan nan
nan nan nan nan
nan nan nan nan
nan nan nan nan
nan nan nan nan
nan nan nan nan
nan nan nan nan
nan nan nan nan
nan nan nan nan
nan nan nan nan
nan nan nan nan
nan nan nan nan
nan nan nan nan
nan nan nan nan
nan nan nan nan
nan nan nan nan
nan nan nan nan
nan nan nan nan
nan nan nan nan
nan nan nan nan
nan nan nan nan
nan nan nan nan
nan nan nan nan
nan nan nan nan
nan nan nan nan
nan nan nan nan
nan nan nan nan
nan nan nan nan
nan nan nan nan
nan nan nan nan
nan nan nan nan
nan nan nan nan
nan nan nan nan
nan nan nan nan
nan nan nan nan
nan nan nan nan
nan nan nan nan
nan nan nan nan
nan nan nan nan
nan nan nan nan
nan nan nan nan
nan nan nan nan
nan nan nan nan
nan nan nan nan
nan nan nan nan
nan nan nan nan
nan nan nan nan
nan nan nan nan
nan nan nan nan
nan nan nan nan
nan nan nan nan
nan nan nan nan
nan nan nan nan
nan nan nan nan
nan nan nan nan
nan nan nan nan
nan nan nan nan
nan nan nan nan
nan nan nan nan
nan nan nan nan
nan nan nan nan
nan nan nan nan
nan nan nan nan
nan nan nan nan
nan nan nan nan
nan nan nan nan
nan nan nan nan
nan nan nan nan
nan nan nan nan
nan nan nan nan
nan nan nan nan
nan nan nan nan
nan nan nan nan
nan nan nan nan
nan nan nan nan
nan nan nan nan
nan nan nan nan
nan nan nan nan
nan nan nan nan
nan nan nan nan
nan nan nan nan
nan nan nan nan
nan nan nan nan
nan nan nan nan
nan nan nan nan
nan nan nan nan
nan nan nan nan
nan nan nan nan
nan nan nan nan
nan nan nan nan
nan nan nan nan
nan nan nan nan
nan nan nan nan
nan nan nan nan
nan nan nan nan
nan nan nan nan
nan nan nan nan
nan nan nan nan
nan nan nan nan
nan nan nan nan
nan nan nan nan
nan nan nan nan
nan nan nan nan
nan nan nan nan
nan nan nan nan
nan nan nan nan
nan nan nan nan
nan nan nan nan
nan nan nan nan
nan nan nan nan
nan nan nan nan
nan nan nan nan
nan nan nan nan
nan nan nan nan
nan nan nan nan
nan nan nan nan
nan nan nan nan
nan nan nan nan
nan nan nan nan
nan nan nan nan
nan nan nan nan
nan nan nan nan
nan nan nan nan
nan nan nan nan
nan nan nan nan
nan nan nan nan
nan nan nan nan
nan nan nan nan
nan nan nan nan
nan nan nan nan
nan nan nan nan
nan nan nan nan
nan nan nan nan
nan nan nan nan
nan nan nan nan
nan nan nan nan
nan nan nan nan
nan nan nan nan
nan nan nan nan
nan nan nan nan
nan nan nan nan
nan nan nan nan
nan nan nan nan
nan nan nan nan
nan nan nan nan
nan nan nan nan
nan nan nan nan
nan nan nan nan
nan nan nan nan
nan nan nan nan
nan nan nan nan
nan nan nan nan
nan nan nan nan
nan nan nan nan
nan nan nan nan
nan nan nan nan
nan nan nan nan
nan nan nan nan
nan nan nan nan
nan nan nan nan
nan nan nan nan
nan nan nan nan
nan nan nan nan
nan nan nan nan
nan nan nan nan
nan nan nan nan
nan nan nan nan
nan nan nan nan
nan nan nan nan
nan nan nan nan
nan nan nan nan
nan nan nan nan
nan nan nan nan
nan nan nan nan
nan nan nan nan
nan nan nan nan
nan nan nan nan
nan nan nan nan
nan nan nan nan
nan nan nan nan
nan nan nan nan
nan nan nan nan
nan nan nan nan
nan nan nan nan
nan nan nan nan
nan nan nan nan
nan nan nan nan
nan nan nan nan
nan nan nan nan
nan nan nan nan
nan nan nan nan
nan nan nan nan
nan nan nan nan
nan nan nan nan
nan nan nan nan
nan nan nan nan
nan nan nan nan
nan nan nan nan
nan nan nan nan
nan nan nan nan
nan nan nan nan
nan nan nan nan
nan nan nan nan
nan nan nan nan
nan nan nan nan
nan nan nan nan
nan nan nan nan
nan nan nan nan
nan nan nan nan
nan nan nan nan
nan nan nan nan
nan nan nan nan
nan nan nan nan
nan nan nan nan
nan nan nan nan
nan nan nan nan
nan nan nan nan
nan nan nan nan
nan nan nan nan
nan nan nan nan
nan nan nan nan
nan nan nan nan
nan nan nan nan
nan nan nan nan
nan nan nan nan
nan nan nan nan
nan nan nan nan
nan nan nan nan
nan nan nan nan
nan nan nan nan
nan nan nan nan
nan nan nan nan
nan nan nan nan
nan nan nan nan
nan nan nan nan
nan nan nan nan
nan nan nan nan
nan nan nan nan
nan nan nan nan
nan nan nan nan
nan nan nan nan
nan nan nan nan
nan nan nan nan
nan nan nan nan
nan nan nan nan
nan nan nan nan
nan nan nan nan
nan nan nan nan
nan nan nan nan
nan nan nan nan
nan nan nan nan
nan nan nan nan
nan nan nan nan
nan nan nan nan
nan nan nan nan
nan nan nan nan
nan nan nan nan
nan nan nan nan
nan nan nan nan
nan nan nan nan
nan nan nan nan
nan nan nan nan
nan nan nan nan
nan nan nan nan
nan nan nan nan
nan nan nan nan
nan nan nan nan
nan nan nan nan
nan nan nan nan
nan nan nan nan
nan nan nan nan
nan nan nan nan
nan nan nan nan
nan nan nan nan
nan nan nan nan
nan nan nan nan
nan nan nan nan
nan nan nan nan
nan nan nan nan
nan nan nan nan
nan nan nan nan
nan nan nan nan
nan nan nan nan
nan nan nan nan
nan nan nan nan
nan nan nan nan
nan nan nan nan
nan nan nan nan
nan nan nan nan
nan nan nan nan
nan nan nan nan
nan nan nan nan
nan nan nan nan
nan nan nan nan
nan nan nan nan
nan nan nan nan
nan nan nan nan
nan nan nan nan
nan nan nan nan
nan nan nan nan
nan nan nan nan
nan nan nan nan
nan nan nan nan
nan nan nan nan
nan nan nan nan
nan nan nan nan
nan nan nan nan
nan nan nan nan
nan nan nan nan
nan nan nan nan
nan nan nan nan
nan nan nan nan
nan nan nan nan
nan nan nan nan
nan nan nan nan
nan nan nan nan
nan nan nan nan
nan nan nan nan
nan nan nan nan
nan nan nan nan
nan nan nan nan
nan nan nan nan
nan nan nan nan
nan nan nan nan
nan nan nan nan
nan nan nan nan
nan nan nan nan
nan nan nan nan
nan nan nan nan
nan nan nan nan
nan nan nan nan
nan nan nan nan
nan nan nan nan
nan nan nan nan
nan nan nan nan
nan nan nan nan
nan nan nan nan
nan nan nan nan
nan nan nan nan
nan nan nan nan
nan nan nan nan
nan nan nan nan
nan nan nan nan
nan nan nan nan
nan nan nan nan
nan nan nan nan
nan nan nan nan
nan nan nan nan
nan nan nan nan
nan nan nan nan
nan nan nan nan
nan nan nan nan
nan nan nan nan
nan nan nan nan
nan nan nan nan
nan nan nan nan
nan nan nan nan
nan nan nan nan
nan nan nan nan
nan nan nan nan
nan nan nan nan
nan nan nan nan
nan nan nan nan
nan nan nan nan
nan nan nan nan
nan nan nan nan
nan nan nan nan
nan nan nan nan
nan nan nan nan
nan nan nan nan
nan nan nan nan
nan nan nan nan
nan nan nan nan
nan nan nan nan
nan nan nan nan
nan nan nan nan
nan nan nan nan
nan nan nan nan
nan nan nan nan
nan nan nan nan
nan nan nan nan
nan nan nan nan
nan nan nan nan
nan nan nan nan
nan nan nan nan
nan nan nan nan
nan nan nan nan
nan nan nan nan
nan nan nan nan
nan nan nan nan
nan nan nan nan
nan nan nan nan
nan nan nan nan
nan nan nan nan
nan nan nan nan
nan nan nan nan
nan nan nan nan
nan nan nan nan
nan nan nan nan
nan nan nan nan
nan nan nan nan
nan nan nan nan
nan nan nan nan
nan nan nan nan
nan nan nan nan
nan nan nan nan
nan nan nan nan
nan nan nan nan
nan nan nan nan
nan nan nan nan
nan nan nan nan
nan nan nan nan
nan nan nan nan
nan nan nan nan
nan nan nan nan
nan nan nan nan
nan nan nan nan
nan nan nan nan
nan nan nan nan
nan nan nan nan
nan nan nan nan
nan nan nan nan
nan nan nan nan
nan nan nan nan
nan nan nan nan
nan nan nan nan
nan nan nan nan
nan nan nan nan
nan nan nan nan
nan nan nan nan
nan nan nan nan
nan nan nan nan
nan nan nan nan
nan nan nan nan
nan nan nan nan
nan nan nan nan
nan nan nan nan
nan nan nan nan
nan nan nan nan
nan nan nan nan
nan nan nan nan
nan nan nan nan
nan nan nan nan
nan nan nan nan
nan nan nan nan
nan nan nan nan
nan nan nan nan
nan nan nan nan
nan nan nan nan
nan nan nan nan
nan nan nan nan
nan nan nan nan
nan nan nan nan
nan nan nan nan
nan nan nan nan
nan nan nan nan
nan nan nan nan
nan nan nan nan
nan nan nan nan
nan nan nan nan
nan nan nan nan
nan nan nan nan
nan nan nan nan
nan nan nan nan
nan nan nan nan
nan nan nan nan
nan nan nan nan
nan nan nan nan
nan nan nan nan
nan nan nan nan
nan nan nan nan
nan nan nan nan
nan nan nan nan
nan nan nan nan
nan nan nan nan
nan nan nan nan
nan nan nan nan
nan nan nan nan
nan nan nan nan
nan nan nan nan
nan nan nan nan
nan nan nan nan
nan nan nan nan
nan nan nan nan
nan nan nan nan
nan nan nan nan
nan nan nan nan
nan nan nan nan
nan nan nan nan
nan nan nan nan
nan nan nan nan
nan nan nan nan
nan nan nan nan
nan nan nan nan
nan nan nan nan
nan nan nan nan
nan nan nan nan
nan nan nan nan
nan nan nan nan
nan nan nan nan
nan nan nan nan
nan nan nan nan
nan nan nan nan
nan nan nan nan
nan nan nan nan
nan nan nan nan
nan nan nan nan
nan nan nan nan
nan nan nan nan
nan nan nan nan
nan nan nan nan
nan nan nan nan
nan nan nan nan
nan nan nan nan
nan nan nan nan
nan nan nan nan
nan nan nan nan
nan nan nan nan
nan nan nan nan
nan nan nan nan
nan nan nan nan
nan nan nan nan
nan nan nan nan
nan nan nan nan
nan nan nan nan
nan nan nan nan
nan nan nan nan
nan nan nan nan
nan nan nan nan
nan nan nan nan
nan nan nan nan
nan nan nan nan
nan nan nan nan
nan nan nan nan
nan nan nan nan
nan nan nan nan
nan nan nan nan
nan nan nan nan
nan nan nan nan
nan nan nan nan
nan nan nan nan
nan nan nan nan
nan nan nan nan
nan nan nan nan
nan nan nan nan
nan nan nan nan
nan nan nan nan
nan nan nan nan
nan nan nan nan
nan nan nan nan
nan nan nan nan
nan nan nan nan
nan nan nan nan
nan nan nan nan
nan nan nan nan
nan nan nan nan
nan nan nan nan
nan nan nan nan
nan nan nan nan
nan nan nan nan
nan nan nan nan
nan nan nan nan
nan nan nan nan
nan nan nan nan
nan nan nan nan
nan nan nan nan
nan nan nan nan
nan nan nan nan
nan nan nan nan
nan nan nan nan
nan nan nan nan
nan nan nan nan
nan nan nan nan
nan nan nan nan
nan nan nan nan
nan nan nan nan
nan nan nan nan
nan nan nan nan
nan nan nan nan
nan nan nan nan
nan nan nan nan
nan nan nan nan
nan nan nan nan
nan nan nan nan
nan nan nan nan
nan nan nan nan
nan nan nan nan
nan nan nan nan
nan nan nan nan
nan nan nan nan
nan nan nan nan
nan nan nan nan
nan nan nan nan
nan nan nan nan
nan nan nan nan
nan nan nan nan
nan nan nan nan
nan nan nan nan
nan nan nan nan
nan nan nan nan
nan nan nan nan
nan nan nan nan
nan nan nan nan
nan nan nan nan
nan nan nan nan
nan nan nan nan
nan nan nan nan
nan nan nan nan
nan nan nan nan
nan nan nan nan
nan nan nan nan
nan nan nan nan
nan nan nan nan
nan nan nan nan
nan nan nan nan
nan nan nan nan
nan nan nan nan
nan nan nan nan
nan nan nan nan
nan nan nan nan
nan nan nan nan
nan nan nan nan
nan nan nan nan
nan nan nan nan
nan nan nan nan
nan nan nan nan
nan nan nan nan
nan nan nan nan
nan nan nan nan
nan nan nan nan
nan nan nan nan
nan nan nan nan
nan nan nan nan
nan nan nan nan
nan nan nan nan
nan nan nan nan
nan nan nan nan
nan nan nan nan
nan nan nan nan
nan nan nan nan
nan nan nan nan
nan nan nan nan
nan nan nan nan
nan nan nan nan
nan nan nan nan
nan nan nan nan
nan nan nan nan
nan nan nan nan
nan nan nan nan
nan nan nan nan
nan nan nan nan
nan nan nan nan
nan nan nan nan
nan nan nan nan
nan nan nan nan
nan nan nan nan
nan nan nan nan
nan nan nan nan
nan nan nan nan
nan nan nan nan
nan nan nan nan
nan nan nan nan
nan nan nan nan
nan nan nan nan
nan nan nan nan
nan nan nan nan
nan nan nan nan
nan nan nan nan
nan nan nan nan
nan nan nan nan
nan nan nan nan
nan nan nan nan
nan nan nan nan
nan nan nan nan
nan nan nan nan
nan nan nan nan
nan nan nan nan
nan nan nan nan
nan nan nan nan
nan nan nan nan
nan nan nan nan
nan nan nan nan
nan nan nan nan
nan nan nan nan
nan nan nan nan
nan nan nan nan
nan nan nan nan
nan nan nan nan
nan nan nan nan
nan nan nan nan
nan nan nan nan
nan nan nan nan
nan nan nan nan
nan nan nan nan
nan nan nan nan
nan nan nan nan
nan nan nan nan
nan nan nan nan
nan nan nan nan
nan nan nan nan
nan nan nan nan
nan nan nan nan
nan nan nan nan
nan nan nan nan
nan nan nan nan
nan nan nan nan
nan nan nan nan
nan nan nan nan
nan nan nan nan
nan nan nan nan
nan nan nan nan
nan nan nan nan
nan nan nan nan
nan nan nan nan
nan nan nan nan
nan nan nan nan
nan nan nan nan
nan nan nan nan
nan nan nan nan
nan nan nan nan
nan nan nan nan
nan nan nan nan
nan nan nan nan
nan nan nan nan
nan nan nan nan
nan nan nan nan
nan nan nan nan
nan nan nan nan
nan nan nan nan
nan nan nan nan
nan nan nan nan
nan nan nan nan
nan nan nan nan
nan nan nan nan
nan nan nan nan
nan nan nan nan
nan nan nan nan
nan nan nan nan
nan nan nan nan
nan nan nan nan
nan nan nan nan
nan nan nan nan
nan nan nan nan
nan nan nan nan
nan nan nan nan
nan nan nan nan
nan nan nan nan
nan nan nan nan
nan nan nan nan
nan nan nan nan
nan nan nan nan
nan nan nan nan
nan nan nan nan
nan nan nan nan
nan nan nan nan
nan nan nan nan
nan nan nan nan
nan nan nan nan
nan nan nan nan
nan nan nan nan
nan nan nan nan
nan nan nan nan
nan nan nan nan
nan nan nan nan
nan nan nan nan
nan nan nan nan
nan nan nan nan
nan nan nan nan
nan nan nan nan
nan nan nan nan
nan nan nan nan
nan nan nan nan
nan nan nan nan
nan nan nan nan
nan nan nan nan
nan nan nan nan
nan nan nan nan
nan nan nan nan
nan nan nan nan
nan nan nan nan
nan nan nan nan
nan nan nan nan
nan nan nan nan
nan nan nan nan
nan nan nan nan
nan nan nan nan
nan nan nan nan
nan nan nan nan
nan nan nan nan
nan nan nan nan
nan nan nan nan
nan nan nan nan
nan nan nan nan
nan nan nan nan
nan nan nan nan
nan nan nan nan
nan nan nan nan
nan nan nan nan
nan nan nan nan
nan nan nan nan
nan nan nan nan
nan nan nan nan
nan nan nan nan
nan nan nan nan
nan nan nan nan
nan nan nan nan
nan nan nan nan
nan nan nan nan
nan nan nan nan
nan nan nan nan
nan nan nan nan
nan nan nan nan
nan nan nan nan
nan nan nan nan
nan nan nan nan
nan nan nan nan
nan nan nan nan
nan nan nan nan
nan nan nan nan
nan nan nan nan
nan nan nan nan
nan nan nan nan
nan nan nan nan
nan nan nan nan
nan nan nan nan
nan nan nan nan
nan nan nan nan
nan nan nan nan
nan nan nan nan
nan nan nan nan
nan nan nan nan
nan nan nan nan
nan nan nan nan
nan nan nan nan
nan nan nan nan
nan nan nan nan
nan nan nan nan
nan nan nan nan
nan nan nan nan
nan nan nan nan
nan nan nan nan
nan nan nan nan
nan nan nan nan
nan nan nan nan
nan nan nan nan
nan nan nan nan
nan nan nan nan
nan nan nan nan
nan nan nan nan
nan nan nan nan
nan nan nan nan
nan nan nan nan
nan nan nan nan
nan nan nan nan
nan nan nan nan
nan nan nan nan
nan nan nan nan
nan nan nan nan
nan nan nan nan
nan nan nan nan
nan nan nan nan
nan nan nan nan
nan nan nan nan
nan nan nan nan
nan nan nan nan
nan nan nan nan
nan nan nan nan
nan nan nan nan
nan nan nan nan
nan nan nan nan
nan nan nan nan
nan nan nan nan
nan nan nan nan
nan nan nan nan
nan nan nan nan
nan nan nan nan
nan nan nan nan
nan nan nan nan
nan nan nan nan
nan nan nan nan
nan nan nan nan
nan nan nan nan
nan nan nan nan
nan nan nan nan
nan nan nan nan
nan nan nan nan
nan nan nan nan
nan nan nan nan
nan nan nan nan
nan nan nan nan
nan nan nan nan
nan nan nan nan
nan nan nan nan
nan nan nan nan
nan nan nan nan
nan nan nan nan
nan nan nan nan
nan nan nan nan
nan nan nan nan
nan nan nan nan
nan nan nan nan
nan nan nan nan
nan nan nan nan
nan nan nan nan
nan nan nan nan
nan nan nan nan
nan nan nan nan
nan nan nan nan
nan nan nan nan
nan nan nan nan
nan nan nan nan
nan nan nan nan
nan nan nan nan
nan nan nan nan
nan nan nan nan
nan nan nan nan
nan nan nan nan
nan nan nan nan
nan nan nan nan
nan nan nan nan
nan nan nan nan
nan nan nan nan
nan nan nan nan
nan nan nan nan
nan nan nan nan
nan nan nan nan
nan nan nan nan
nan nan nan nan
nan nan nan nan
nan nan nan nan
nan nan nan nan
nan nan nan nan
nan nan nan nan
nan nan nan nan
nan nan nan nan
nan nan nan nan
nan nan nan nan
nan nan nan nan
nan nan nan nan
nan nan nan nan
nan nan nan nan
nan nan nan nan
nan nan nan nan
nan nan nan nan
nan nan nan nan
nan nan nan nan
nan nan nan nan
nan nan nan nan
nan nan nan nan
nan nan nan nan
nan nan nan nan
nan nan nan nan
nan nan nan nan
nan nan nan nan
nan nan nan nan
nan nan nan nan
nan nan nan nan
nan nan nan nan
nan nan nan nan
nan nan nan nan
nan nan nan nan
nan nan nan nan
nan nan nan nan
nan nan nan nan
nan nan nan nan
nan nan nan nan
nan nan nan nan
nan nan nan nan
nan nan nan nan
nan nan nan nan
nan nan nan nan
nan nan nan nan
nan nan nan nan
nan nan nan nan
nan nan nan nan
nan nan nan nan
nan nan nan nan
nan nan nan nan
nan nan nan nan
nan nan nan nan
nan nan nan nan
nan nan nan nan
nan nan nan nan
nan nan nan nan
nan nan nan nan
nan nan nan nan
nan nan nan nan
nan nan nan nan
nan nan nan nan
nan nan nan nan
nan nan nan nan
nan nan nan nan
nan nan nan nan
nan nan nan nan
nan nan nan nan
nan nan nan nan
nan nan nan nan
nan nan nan nan
nan nan nan nan
nan nan nan nan
nan nan nan nan
nan nan nan nan
nan nan nan nan
nan nan nan nan
nan nan nan nan
nan nan nan nan
nan nan nan nan
nan nan nan nan
nan nan nan nan
nan nan nan nan
nan nan nan nan
nan nan nan nan
nan nan nan nan
nan nan nan nan
nan nan nan nan
nan nan nan nan
nan nan nan nan
nan nan nan nan
nan nan nan nan
nan nan nan nan
nan nan nan nan
nan nan nan nan
nan nan nan nan
nan nan nan nan
nan nan nan nan
nan nan nan nan
nan nan nan nan
nan nan nan nan
nan nan nan nan
nan nan nan nan
nan nan nan nan
nan nan nan nan
nan nan nan nan
nan nan nan nan
nan nan nan nan
nan nan nan nan
nan nan nan nan
nan nan nan nan
nan nan nan nan
nan nan nan nan
nan nan nan nan
nan nan nan nan
nan nan nan nan
nan nan nan nan
nan nan nan nan
nan nan nan nan
nan nan nan nan
nan nan nan nan
nan nan nan nan
nan nan nan nan
nan nan nan nan
nan nan nan nan
nan nan nan nan
nan nan nan nan
nan nan nan nan
nan nan nan nan
nan nan nan nan
nan nan nan nan
nan nan nan nan
nan nan nan nan
nan nan nan nan
nan nan nan nan
nan nan nan nan
nan nan nan nan
nan nan nan nan
nan nan nan nan
nan nan nan nan
nan nan nan nan
nan nan nan nan
nan nan nan nan
nan nan nan nan
nan nan nan nan
nan nan nan nan
nan nan nan nan
nan nan nan nan
nan nan nan nan
nan nan nan nan
nan nan nan nan
nan nan nan nan
nan nan nan nan
nan nan nan nan
nan nan nan nan
nan nan nan nan
nan nan nan nan
nan nan nan nan
nan nan nan nan
nan nan nan nan
nan nan nan nan
nan nan nan nan
nan nan nan nan
nan nan nan nan
nan nan nan nan
nan nan nan nan
nan nan nan nan
nan nan nan nan
nan nan nan nan
nan nan nan nan
nan nan nan nan
nan nan nan nan
nan nan nan nan
nan nan nan nan
nan nan nan nan
nan nan nan nan
nan nan nan nan
nan nan nan nan
nan nan nan nan
nan nan nan nan
nan nan nan nan
nan nan nan nan
nan nan nan nan
nan nan nan nan
nan nan nan nan
nan nan nan nan
nan nan nan nan
nan nan nan nan
nan nan nan nan
nan nan nan nan
nan nan nan nan
nan nan nan nan
nan nan nan nan
nan nan nan nan
nan nan nan nan
nan nan nan nan
nan nan nan nan
nan nan nan nan
nan nan nan nan
nan nan nan nan
nan nan nan nan
nan nan nan nan
nan nan nan nan
nan nan nan nan
nan nan nan nan
nan nan nan nan
nan nan nan nan
nan nan nan nan
nan nan nan nan
nan nan nan nan
nan nan nan nan
nan nan nan nan
nan nan nan nan
nan nan nan nan
nan nan nan nan
nan nan nan nan
nan nan nan nan
nan nan nan nan
nan nan nan nan
nan nan nan nan
nan nan nan nan
nan nan nan nan
nan nan nan nan
nan nan nan nan
nan nan nan nan
nan nan nan nan
nan nan nan nan
nan nan nan nan
nan nan nan nan
nan nan nan nan
nan nan nan nan
nan nan nan nan
nan nan nan nan
nan nan nan nan
nan nan nan nan
nan nan nan nan
nan nan nan nan
nan nan nan nan
nan nan nan nan
nan nan nan nan
nan nan nan nan
nan nan nan nan
nan nan nan nan
nan nan nan nan
nan nan nan nan
nan nan nan nan
nan nan nan nan
nan nan nan nan
nan nan nan nan
nan nan nan nan
nan nan nan nan
nan nan nan nan
nan nan nan nan
nan nan nan nan
nan nan nan nan
nan nan nan nan
nan nan nan nan
nan nan nan nan
nan nan nan nan
nan nan nan nan
nan nan nan nan
nan nan nan nan
nan nan nan nan
nan nan nan nan
nan nan nan nan
nan nan nan nan
nan nan nan nan
nan nan nan nan
nan nan nan nan
nan nan nan nan
nan nan nan nan
nan nan nan nan
nan nan nan nan
nan nan nan nan
nan nan nan nan
nan nan nan nan
nan nan nan nan
nan nan nan nan
nan nan nan nan
nan nan nan nan
nan nan nan nan
nan nan nan nan
nan nan nan nan
nan nan nan nan
nan nan nan nan
nan nan nan nan
nan nan nan nan
nan nan nan nan
nan nan nan nan
nan nan nan nan
nan nan nan nan
nan nan nan nan
nan nan nan nan
nan nan nan nan
nan nan nan nan
nan nan nan nan
nan nan nan nan
nan nan nan nan
nan nan nan nan
nan nan nan nan
nan nan nan nan
nan nan nan nan
nan nan nan nan
nan nan nan nan
nan nan nan nan
nan nan nan nan
nan nan nan nan
nan nan nan nan
nan nan nan nan
nan nan nan nan
nan nan nan nan
nan nan nan nan
nan nan nan nan
nan nan nan nan
nan nan nan nan
nan nan nan nan
nan nan nan nan
nan nan nan nan
nan nan nan nan
nan nan nan nan
nan nan nan nan
nan nan nan nan
nan nan nan nan
nan nan nan nan
nan nan nan nan
nan nan nan nan
nan nan nan nan
nan nan nan nan
nan nan nan nan
nan nan nan nan
nan nan nan nan
nan nan nan nan
nan nan nan nan
nan nan nan nan
nan nan nan nan
nan nan nan nan
nan nan nan nan
nan nan nan nan
nan nan nan nan
nan nan nan nan
nan nan nan nan
nan nan nan nan
nan nan nan nan
nan nan nan nan
nan nan nan nan
nan nan nan nan
nan nan nan nan
nan nan nan nan
nan nan nan nan
nan nan nan nan
nan nan nan nan
nan nan nan nan
nan nan nan nan
nan nan nan nan
nan nan nan nan
nan nan nan nan
nan nan nan nan
nan nan nan nan
nan nan nan nan
nan nan nan nan
nan nan nan nan
nan nan nan nan
nan nan nan nan
nan nan nan nan
nan nan nan nan
nan nan nan nan
nan nan nan nan
nan nan nan nan
nan nan nan nan
nan nan nan nan
nan nan nan nan
nan nan nan nan
nan nan nan nan
nan nan nan nan
nan nan nan nan
nan nan nan nan
nan nan nan nan
nan nan nan nan
nan nan nan nan
nan nan nan nan
nan nan nan nan
nan nan nan nan
nan nan nan nan
nan nan nan nan
nan nan nan nan
nan nan nan nan
nan nan nan nan
nan nan nan nan
nan nan nan nan
nan nan nan nan
nan nan nan nan
nan nan nan nan
nan nan nan nan
nan nan nan nan
nan nan nan nan
nan nan nan nan
nan nan nan nan
nan nan nan nan
nan nan nan nan
nan nan nan nan
nan nan nan nan
nan nan nan nan
nan nan nan nan
nan nan nan nan
nan nan nan nan
nan nan nan nan
nan nan nan nan
nan nan nan nan
nan nan nan nan
nan nan nan nan
nan nan nan nan
nan nan nan nan
nan nan nan nan
nan nan nan nan
nan nan nan nan
nan nan nan nan
nan nan nan nan
nan nan nan nan
nan nan nan nan
nan nan nan nan
nan nan nan nan
nan nan nan nan
nan nan nan nan
nan nan nan nan
nan nan nan nan
nan nan nan nan
nan nan nan nan
nan nan nan nan
nan nan nan nan
nan nan nan nan
nan nan nan nan
nan nan nan nan
nan nan nan nan
nan nan nan nan
nan nan nan nan
nan nan nan nan
nan nan nan nan
nan nan nan nan
nan nan nan nan
nan nan nan nan
nan nan nan nan
nan nan nan nan
nan nan nan nan
nan nan nan nan
nan nan nan nan
nan nan nan nan
nan nan nan nan
nan nan nan nan
nan nan nan nan
nan nan nan nan
nan nan nan nan
nan nan nan nan
nan nan nan nan
nan nan nan nan
nan nan nan nan
nan nan nan nan
nan nan nan nan
nan nan nan nan
nan nan nan nan
nan nan nan nan
nan nan nan nan
nan nan nan nan
nan nan nan nan
nan nan nan nan
nan nan nan nan
nan nan nan nan
nan nan nan nan
nan nan nan nan
nan nan nan nan
nan nan nan nan
nan nan nan nan
nan nan nan nan
nan nan nan nan
nan nan nan nan
nan nan nan nan
nan nan nan nan
nan nan nan nan
nan nan nan nan
nan nan nan nan
nan nan nan nan
nan nan nan nan
nan nan nan nan
nan nan nan nan
nan nan nan nan
nan nan nan nan
nan nan nan nan
nan nan nan nan
nan nan nan nan
nan nan nan nan
nan nan nan nan
nan nan nan nan
nan nan nan nan
nan nan nan nan
nan nan nan nan
nan nan nan nan
nan nan nan nan
nan nan nan nan
nan nan nan nan
nan nan nan nan
nan nan nan nan
nan nan nan nan
nan nan nan nan
nan nan nan nan
nan nan nan nan
nan nan nan nan
nan nan nan nan
nan nan nan nan
nan nan nan nan
nan nan nan nan
nan nan nan nan
nan nan nan nan
nan nan nan nan
nan nan nan nan
nan nan nan nan
nan nan nan nan
nan nan nan nan
nan nan nan nan
nan nan nan nan
nan nan nan nan
nan nan nan nan
nan nan nan nan
nan nan nan nan
nan nan nan nan
nan nan nan nan
nan nan nan nan
nan nan nan nan
nan nan nan nan
nan nan nan nan
nan nan nan nan
nan nan nan nan
nan nan nan nan
nan nan nan nan
nan nan nan nan
nan nan nan nan
nan nan nan nan
nan nan nan nan
nan nan nan nan
nan nan nan nan
nan nan nan nan
nan nan nan nan
nan nan nan nan
nan nan nan nan
nan nan nan nan
nan nan nan nan
nan nan nan nan
nan nan nan nan
nan nan nan nan
nan nan nan nan
nan nan nan nan
nan nan nan nan
nan nan nan nan
nan nan nan nan
nan nan nan nan
nan nan nan nan
nan nan nan nan
nan nan nan nan
nan nan nan nan
nan nan nan nan
nan nan nan nan
nan nan nan nan
nan nan nan nan
nan nan nan nan
nan nan nan nan
nan nan nan nan
nan nan nan nan
nan nan nan nan
nan nan nan nan
nan nan nan nan
nan nan nan nan
nan nan nan nan
nan nan nan nan
nan nan nan nan
nan nan nan nan
nan nan nan nan
nan nan nan nan
nan nan nan nan
nan nan nan nan
nan nan nan nan
nan nan nan nan
nan nan nan nan
nan nan nan nan
nan nan nan nan
nan nan nan nan
nan nan nan nan
nan nan nan nan
nan nan nan nan
nan nan nan nan
nan nan nan nan
nan nan nan nan
nan nan nan nan
nan nan nan nan
nan nan nan nan
nan nan nan nan
nan nan nan nan
nan nan nan nan
nan nan nan nan
nan nan nan nan
nan nan nan nan
nan nan nan nan
nan nan nan nan
nan nan nan nan
nan nan nan nan
nan nan nan nan
nan nan nan nan
nan nan nan nan
nan nan nan nan
nan nan nan nan
nan nan nan nan
nan nan nan nan
nan nan nan nan
nan nan nan nan
nan nan nan nan
nan nan nan nan
nan nan nan nan
nan nan nan nan
nan nan nan nan
nan nan nan nan
nan nan nan nan
nan nan nan nan
nan nan nan nan
nan nan nan nan
nan nan nan nan
nan nan nan nan
nan nan nan nan
nan nan nan nan
nan nan nan nan
nan nan nan nan
nan nan nan nan
nan nan nan nan
nan nan nan nan
nan nan nan nan
nan nan nan nan
nan nan nan nan
nan nan nan nan
nan nan nan nan
nan nan nan nan
nan nan nan nan
nan nan nan nan
nan nan nan nan
nan nan nan nan
nan nan nan nan
nan nan nan nan
nan nan nan nan
nan nan nan nan
nan nan nan nan
nan nan nan nan
nan nan nan nan
nan nan nan nan
nan nan nan nan
nan nan nan nan
nan nan nan nan
nan nan nan nan
nan nan nan nan
nan nan nan nan
nan nan nan nan
nan nan nan nan
nan nan nan nan
nan nan nan nan
nan nan nan nan
nan nan nan nan
nan nan nan nan
nan nan nan nan
nan nan nan nan
nan nan nan nan
nan nan nan nan
nan nan nan nan
nan nan nan nan
nan nan nan nan
nan nan nan nan
nan nan nan nan
nan nan nan nan
nan nan nan nan
nan nan nan nan
nan nan nan nan
nan nan nan nan
nan nan nan nan
nan nan nan nan
nan nan nan nan
nan nan nan nan
nan nan nan nan
nan nan nan nan
nan nan nan nan
nan nan nan nan
nan nan nan nan
nan nan nan nan
nan nan nan nan
nan nan nan nan
nan nan nan nan
nan nan nan nan
nan nan nan nan
nan nan nan nan
nan nan nan nan
nan nan nan nan
nan nan nan nan
nan nan nan nan
nan nan nan nan
nan nan nan nan
nan nan nan nan
nan nan nan nan
nan nan nan nan
nan nan nan nan
nan nan nan nan
nan nan nan nan
nan nan nan nan
nan nan nan nan
nan nan nan nan
nan nan nan nan
nan nan nan nan
nan nan nan nan
nan nan nan nan
nan nan nan nan
nan nan nan nan
nan nan nan nan
nan nan nan nan
nan nan nan nan
nan nan nan nan
nan nan nan nan
nan nan nan nan
nan nan nan nan
nan nan nan nan
nan nan nan nan
nan nan nan nan
nan nan nan nan
nan nan nan nan
nan nan nan nan
nan nan nan nan
nan nan nan nan
nan nan nan nan
nan nan nan nan
nan nan nan nan
nan nan nan nan
nan nan nan nan
nan nan nan nan
nan nan nan nan
nan nan nan nan
nan nan nan nan
nan nan nan nan
nan nan nan nan
nan nan nan nan
nan nan nan nan
nan nan nan nan
nan nan nan nan
nan nan nan nan
nan nan nan nan
nan nan nan nan
nan nan nan nan
nan nan nan nan
nan nan nan nan
nan nan nan nan
nan nan nan nan
nan nan nan nan
nan nan nan nan
nan nan nan nan
nan nan nan nan
nan nan nan nan
nan nan nan nan
nan nan nan nan
nan nan nan nan
nan nan nan nan
nan nan nan nan
nan nan nan nan
nan nan nan nan
nan nan nan nan
nan nan nan nan
nan nan nan nan
nan nan nan nan
nan nan nan nan
nan nan nan nan
nan nan nan nan
nan nan nan nan
nan nan nan nan
nan nan nan nan
nan nan nan nan
nan nan nan nan
nan nan nan nan
nan nan nan nan
nan nan nan nan
nan nan nan nan
nan nan nan nan
nan nan nan nan
nan nan nan nan
nan nan nan nan
nan nan nan nan
nan nan nan nan
nan nan nan nan
nan nan nan nan
nan nan nan nan
nan nan nan nan
nan nan nan nan
nan nan nan nan
nan nan nan nan
nan nan nan nan
nan nan nan nan
nan nan nan nan
nan nan nan nan
nan nan nan nan
nan nan nan nan
nan nan nan nan
nan nan nan nan
nan nan nan nan
nan nan nan nan
nan nan nan nan
nan nan nan nan
nan nan nan nan
nan nan nan nan
nan nan nan nan
nan nan nan nan
nan nan nan nan
nan nan nan nan
nan nan nan nan
nan nan nan nan
nan nan nan nan
nan nan nan nan
nan nan nan nan
nan nan nan nan
nan nan nan nan
nan nan nan nan
nan nan nan nan
nan nan nan nan
nan nan nan nan
nan nan nan nan
nan nan nan nan
nan nan nan nan
nan nan nan nan
nan nan nan nan
nan nan nan nan
nan nan nan nan
nan nan nan nan
nan nan nan nan
nan nan nan nan
nan nan nan nan
nan nan nan nan
nan nan nan nan
nan nan nan nan
nan nan nan nan
nan nan nan nan
nan nan nan nan
nan nan nan nan
nan nan nan nan
nan nan nan nan
nan nan nan nan
nan nan nan nan
nan nan nan nan
nan nan nan nan
nan nan nan nan
nan nan nan nan
nan nan nan nan
nan nan nan nan
nan nan nan nan
nan nan nan nan
nan nan nan nan
nan nan nan nan
nan nan nan nan
nan nan nan nan
nan nan nan nan
nan nan nan nan
nan nan nan nan
nan nan nan nan
nan nan nan nan
nan nan nan nan
nan nan nan nan
nan nan nan nan
nan nan nan nan
nan nan nan nan
nan nan nan nan
nan nan nan nan
nan nan nan nan
nan nan nan nan
nan nan nan nan
nan nan nan nan
nan nan nan nan
nan nan nan nan
nan nan nan nan
nan nan nan nan
nan nan nan nan
nan nan nan nan
nan nan nan nan
nan nan nan nan
nan nan nan nan
nan nan nan nan
nan nan nan nan
nan nan nan nan
nan nan nan nan
nan nan nan nan
nan nan nan nan
nan nan nan nan
nan nan nan nan
nan nan nan nan
nan nan nan nan
nan nan nan nan
nan nan nan nan
nan nan nan nan
nan nan nan nan
nan nan nan nan
nan nan nan nan
nan nan nan nan
nan nan nan nan
nan nan nan nan
nan nan nan nan
nan nan nan nan
nan nan nan nan
nan nan nan nan
nan nan nan nan
nan nan nan nan
nan nan nan nan
nan nan nan nan
nan nan nan nan
nan nan nan nan
nan nan nan nan
nan nan nan nan
nan nan nan nan
nan nan nan nan
nan nan nan nan
nan nan nan nan
nan nan nan nan
nan nan nan nan
nan nan nan nan
nan nan nan nan
nan nan nan nan
nan nan nan nan
nan nan nan nan
nan nan nan nan
nan nan nan nan
nan nan nan nan
nan nan nan nan
nan nan nan nan
nan nan nan nan
nan nan nan nan
nan nan nan nan
nan nan nan nan
nan nan nan nan
nan nan nan nan
nan nan nan nan
nan nan nan nan
nan nan nan nan
nan nan nan nan
nan nan nan nan
nan nan nan nan
nan nan nan nan
nan nan nan nan
nan nan nan nan
nan nan nan nan
nan nan nan nan
nan nan nan nan
nan nan nan nan
nan nan nan nan
nan nan nan nan
nan nan nan nan
nan nan nan nan
nan nan nan nan
nan nan nan nan
nan nan nan nan
nan nan nan nan
nan nan nan nan
nan nan nan nan
nan nan nan nan
nan nan nan nan
nan nan nan nan
nan nan nan nan
nan nan nan nan
nan nan nan nan
nan nan nan nan
nan nan nan nan
nan nan nan nan
nan nan nan nan
nan nan nan nan
nan nan nan nan
nan nan nan nan
nan nan nan nan
nan nan nan nan
nan nan nan nan
nan nan nan nan
nan nan nan nan
nan nan nan nan
nan nan nan nan
nan nan nan nan
nan nan nan nan
nan nan nan nan
nan nan nan nan
nan nan nan nan
nan nan nan nan
nan nan nan nan
nan nan nan nan
nan nan nan nan
nan nan nan nan
nan nan nan nan
nan nan nan nan
nan nan nan nan
nan nan nan nan
nan nan nan nan
nan nan nan nan
nan nan nan nan
nan nan nan nan
nan nan nan nan
nan nan nan nan
nan nan nan nan
nan nan nan nan
nan nan nan nan
nan nan nan nan
nan nan nan nan
nan nan nan nan
nan nan nan nan
nan nan nan nan
nan nan nan nan
nan nan nan nan
nan nan nan nan
nan nan nan nan
nan nan nan nan
nan nan nan nan
nan nan nan nan
nan nan nan nan
nan nan nan nan
nan nan nan nan
nan nan nan nan
nan nan nan nan
nan nan nan nan
nan nan nan nan
nan nan nan nan
nan nan nan nan
nan nan nan nan
nan nan nan nan
nan nan nan nan
nan nan nan nan
nan nan nan nan
nan nan nan nan
nan nan nan nan
nan nan nan nan
nan nan nan nan
nan nan nan nan
nan nan nan nan
nan nan nan nan
nan nan nan nan
nan nan nan nan
nan nan nan nan
nan nan nan nan
nan nan nan nan
nan nan nan nan
nan nan nan nan
nan nan nan nan
nan nan nan nan
nan nan nan nan
nan nan nan nan
nan nan nan nan
nan nan nan nan
nan nan nan nan
nan nan nan nan
nan nan nan nan
nan nan nan nan
nan nan nan nan
nan nan nan nan
nan nan nan nan
nan nan nan nan
nan nan nan nan
nan nan nan nan
nan nan nan nan
nan nan nan nan
nan nan nan nan
nan nan nan nan
nan nan nan nan
nan nan nan nan
nan nan nan nan
nan nan nan nan
nan nan nan nan
nan nan nan nan
nan nan nan nan
nan nan nan nan
nan nan nan nan
nan nan nan nan
nan nan nan nan
nan nan nan nan
nan nan nan nan
nan nan nan nan
nan nan nan nan
nan nan nan nan
nan nan nan nan
nan nan nan nan
nan nan nan nan
nan nan nan nan
nan nan nan nan
nan nan nan nan
nan nan nan nan
nan nan nan nan
nan nan nan nan
nan nan nan nan
nan nan nan nan
nan nan nan nan
nan nan nan nan
nan nan nan nan
nan nan nan nan
nan nan nan nan
nan nan nan nan
nan nan nan nan
nan nan nan nan
nan nan nan nan
nan nan nan nan
nan nan nan nan
nan nan nan nan
nan nan nan nan
nan nan nan nan
nan nan nan nan
nan nan nan nan
nan nan nan nan
nan nan nan nan
nan nan nan nan
nan nan nan nan
nan nan nan nan
nan nan nan nan
nan nan nan nan
nan nan nan nan
nan nan nan nan
nan nan nan nan
nan nan nan nan
nan nan nan nan
nan nan nan nan
nan nan nan nan
nan nan nan nan
nan nan nan nan
nan nan nan nan
nan nan nan nan
nan nan nan nan
nan nan nan nan
nan nan nan nan
nan nan nan nan
nan nan nan nan
nan nan nan nan
nan nan nan nan
nan nan nan nan
nan nan nan nan
nan nan nan nan
nan nan nan nan
nan nan nan nan
nan nan nan nan
nan nan nan nan
nan nan nan nan
nan nan nan nan
nan nan nan nan
nan nan nan nan
nan nan nan nan
nan nan nan nan
nan nan nan nan
nan nan nan nan
nan nan nan nan
nan nan nan nan
nan nan nan nan
nan nan nan nan
nan nan nan nan
nan nan nan nan
nan nan nan nan
nan nan nan nan
nan nan nan nan
nan nan nan nan
nan nan nan nan
nan nan nan nan
nan nan nan nan
nan nan nan nan
nan nan nan nan
nan nan nan nan
nan nan nan nan
nan nan nan nan
nan nan nan nan
nan nan nan nan
nan nan nan nan
nan nan nan nan
nan nan nan nan
nan nan nan nan
nan nan nan nan
nan nan nan nan
nan nan nan nan
nan nan nan nan
nan nan nan nan
nan nan nan nan
nan nan nan nan
nan nan nan nan
nan nan nan nan
nan nan nan nan
nan nan nan nan
nan nan nan nan
nan nan nan nan
nan nan nan nan
nan nan nan nan
nan nan nan nan
nan nan nan nan
nan nan nan nan
nan nan nan nan
nan nan nan nan
nan nan nan nan
nan nan nan nan
nan nan nan nan
nan nan nan nan
nan nan nan nan
nan nan nan nan
nan nan nan nan
nan nan nan nan
nan nan nan nan
nan nan nan nan
nan nan nan nan
nan nan nan nan
nan nan nan nan
nan nan nan nan
nan nan nan nan
nan nan nan nan
nan nan nan nan
nan nan nan nan
nan nan nan nan
nan nan nan nan
nan nan nan nan
nan nan nan nan
nan nan nan nan
nan nan nan nan
nan nan nan nan
nan nan nan nan
nan nan nan nan
nan nan nan nan
nan nan nan nan
nan nan nan nan
nan nan nan nan
nan nan nan nan
nan nan nan nan
nan nan nan nan
nan nan nan nan
nan nan nan nan
nan nan nan nan
nan nan nan nan
nan nan nan nan
nan nan nan nan
nan nan nan nan
nan nan nan nan
nan nan nan nan
nan nan nan nan
nan nan nan nan
nan nan nan nan
nan nan nan nan
nan nan nan nan
nan nan nan nan
nan nan nan nan
nan nan nan nan
nan nan nan nan
nan nan nan nan
nan nan nan nan
nan nan nan nan
nan nan nan nan
nan nan nan nan
nan nan nan nan
nan nan nan nan
nan nan nan nan
nan nan nan nan
nan nan nan nan
nan nan nan nan
nan nan nan nan
nan nan nan nan
nan nan nan nan
nan nan nan nan
nan nan nan nan
nan nan nan nan
nan nan nan nan
nan nan nan nan
nan nan nan nan
nan nan nan nan
nan nan nan nan
nan nan nan nan
nan nan nan nan
nan nan nan nan
nan nan nan nan
nan nan nan nan
nan nan nan nan
nan nan nan nan
nan nan nan nan
nan nan nan nan
nan nan nan nan
nan nan nan nan
nan nan nan nan
nan nan nan nan
nan nan nan nan
nan nan nan nan
nan nan nan nan
nan nan nan nan
nan nan nan nan
nan nan nan nan
nan nan nan nan
nan nan nan nan
nan nan nan nan
nan nan nan nan
nan nan nan nan
nan nan nan nan
nan nan nan nan
nan nan nan nan
nan nan nan nan
nan nan nan nan
nan nan nan nan
nan nan nan nan
nan nan nan nan
nan nan nan nan
nan nan nan nan
nan nan nan nan
nan nan nan nan
nan nan nan nan
nan nan nan nan
nan nan nan nan
nan nan nan nan
nan nan nan nan
nan nan nan nan
nan nan nan nan
nan nan nan nan
nan nan nan nan
nan nan nan nan
nan nan nan nan
nan nan nan nan
nan nan nan nan
nan nan nan nan
nan nan nan nan
nan nan nan nan
nan nan nan nan
nan nan nan nan
nan nan nan nan
nan nan nan nan
nan nan nan nan
nan nan nan nan
nan nan nan nan
nan nan nan nan
nan nan nan nan
nan nan nan nan
nan nan nan nan
nan nan nan nan
nan nan nan nan
nan nan nan nan
nan nan nan nan
nan nan nan nan
nan nan nan nan
nan nan nan nan
nan nan nan nan
nan nan nan nan
nan nan nan nan
nan nan nan nan
nan nan nan nan
nan nan nan nan
nan nan nan nan
nan nan nan nan
nan nan nan nan
nan nan nan nan
nan nan nan nan
nan nan nan nan
nan nan nan nan
nan nan nan nan
nan nan nan nan
nan nan nan nan
nan nan nan nan
nan nan nan nan
nan nan nan nan
nan nan nan nan
nan nan nan nan
nan nan nan nan
nan nan nan nan
nan nan nan nan
nan nan nan nan
nan nan nan nan
nan nan nan nan
nan nan nan nan
nan nan nan nan
nan nan nan nan
nan nan nan nan
nan nan nan nan
nan nan nan nan
nan nan nan nan
nan nan nan nan
nan nan nan nan
nan nan nan nan
nan nan nan nan
nan nan nan nan
nan nan nan nan
nan nan nan nan
nan nan nan nan
nan nan nan nan
nan nan nan nan
nan nan nan nan
nan nan nan nan
nan nan nan nan
nan nan nan nan
nan nan nan nan
nan nan nan nan
nan nan nan nan
nan nan nan nan
nan nan nan nan
nan nan nan nan
nan nan nan nan
nan nan nan nan
nan nan nan nan
nan nan nan nan
nan nan nan nan
nan nan nan nan
nan nan nan nan
nan nan nan nan
nan nan nan nan
nan nan nan nan
nan nan nan nan
nan nan nan nan
nan nan nan nan
nan nan nan nan
nan nan nan nan
nan nan nan nan
nan nan nan nan
nan nan nan nan
nan nan nan nan
nan nan nan nan
nan nan nan nan
nan nan nan nan
nan nan nan nan
nan nan nan nan
nan nan nan nan
nan nan nan nan
nan nan nan nan
nan nan nan nan
nan nan nan nan
nan nan nan nan
nan nan nan nan
nan nan nan nan
nan nan nan nan
nan nan nan nan
nan nan nan nan
nan nan nan nan
nan nan nan nan
nan nan nan nan
nan nan nan nan
nan nan nan nan
nan nan nan nan
nan nan nan nan
nan nan nan nan
nan nan nan nan
nan nan nan nan
nan nan nan nan
nan nan nan nan
nan nan nan nan
nan nan nan nan
nan nan nan nan
nan nan nan nan
nan nan nan nan
nan nan nan nan
nan nan nan nan
nan nan nan nan
nan nan nan nan
nan nan nan nan
nan nan nan nan
nan nan nan nan
nan nan nan nan
nan nan nan nan
nan nan nan nan
nan nan nan nan
nan nan nan nan
nan nan nan nan
nan nan nan nan
nan nan nan nan
nan nan nan nan
nan nan nan nan
nan nan nan nan
nan nan nan nan
nan nan nan nan
nan nan nan nan
nan nan nan nan
nan nan nan nan
nan nan nan nan
nan nan nan nan
nan nan nan nan
nan nan nan nan
nan nan nan nan
nan nan nan nan
nan nan nan nan
nan nan nan nan
nan nan nan nan
nan nan nan nan
nan nan nan nan
nan nan nan nan
nan nan nan nan
nan nan nan nan
nan nan nan nan
nan nan nan nan
nan nan nan nan
nan nan nan nan
nan nan nan nan
nan nan nan nan
nan nan nan nan
nan nan nan nan
nan nan nan nan
nan nan nan nan
nan nan nan nan
nan nan nan nan
nan nan nan nan
nan nan nan nan
nan nan nan nan
nan nan nan nan
nan nan nan nan
nan nan nan nan
nan nan nan nan
nan nan nan nan
nan nan nan nan
nan nan nan nan
nan nan nan nan
nan nan nan nan
nan nan nan nan
nan nan nan nan
nan nan nan nan
nan nan nan nan
nan nan nan nan
nan nan nan nan
nan nan nan nan
nan nan nan nan
nan nan nan nan
nan nan nan nan
nan nan nan nan
nan nan nan nan
nan nan nan nan
nan nan nan nan
nan nan nan nan
nan nan nan nan
nan nan nan nan
nan nan nan nan
nan nan nan nan
nan nan nan nan
nan nan nan nan
nan nan nan nan
nan nan nan nan
nan nan nan nan
nan nan nan nan
nan nan nan nan
nan nan nan nan
nan nan nan nan
nan nan nan nan
nan nan nan nan
nan nan nan nan
nan nan nan nan
nan nan nan nan
nan nan nan nan
nan nan nan nan
nan nan nan nan
nan nan nan nan
nan nan nan nan
nan nan nan nan
nan nan nan nan
nan nan nan nan
nan nan nan nan
nan nan nan nan
nan nan nan nan
nan nan nan nan
nan nan nan nan
nan nan nan nan
nan nan nan nan
nan nan nan nan
nan nan nan nan
nan nan nan nan
nan nan nan nan
nan nan nan nan
nan nan nan nan
nan nan nan nan
nan nan nan nan
nan nan nan nan
nan nan nan nan
nan nan nan nan
nan nan nan nan
nan nan nan nan
nan nan nan nan
nan nan nan nan
nan nan nan nan
nan nan nan nan
nan nan nan nan
nan nan nan nan
nan nan nan nan
nan nan nan nan
nan nan nan nan
nan nan nan nan
nan nan nan nan
nan nan nan nan
nan nan nan nan
nan nan nan nan
nan nan nan nan
nan nan nan nan
nan nan nan nan
nan nan nan nan
nan nan nan nan
nan nan nan nan
nan nan nan nan
nan nan nan nan
nan nan nan nan
nan nan nan nan
nan nan nan nan
nan nan nan nan
nan nan nan nan
nan nan nan nan
nan nan nan nan
nan nan nan nan
nan nan nan nan
nan nan nan nan
nan nan nan nan
nan nan nan nan
nan nan nan nan
nan nan nan nan
nan nan nan nan
nan nan nan nan
nan nan nan nan
nan nan nan nan
nan nan nan nan
nan nan nan nan
nan nan nan nan
nan nan nan nan
nan nan nan nan
nan nan nan nan
nan nan nan nan
nan nan nan nan
nan nan nan nan
nan nan nan nan
nan nan nan nan
nan nan nan nan
nan nan nan nan
nan nan nan nan
nan nan nan nan
nan nan nan nan
nan nan nan nan
nan nan nan nan
nan nan nan nan
nan nan nan nan
nan nan nan nan
nan nan nan nan
nan nan nan nan
nan nan nan nan
nan nan nan nan
nan nan nan nan
nan nan nan nan
nan nan nan nan
nan nan nan nan
nan nan nan nan
nan nan nan nan
nan nan nan nan
nan nan nan nan
nan nan nan nan
nan nan nan nan
nan nan nan nan
nan nan nan nan
nan nan nan nan
nan nan nan nan
nan nan nan nan
nan nan nan nan
nan nan nan nan
nan nan nan nan
nan nan nan nan
nan nan nan nan
nan nan nan nan
nan nan nan nan
nan nan nan nan
nan nan nan nan
nan nan nan nan
nan nan nan nan
nan nan nan nan
nan nan nan nan
nan nan nan nan
nan nan nan nan
nan nan nan nan
nan nan nan nan
nan nan nan nan
nan nan nan nan
nan nan nan nan
nan nan nan nan
nan nan nan nan
nan nan nan nan
nan nan nan nan
nan nan nan nan
nan nan nan nan
nan nan nan nan
nan nan nan nan
nan nan nan nan
nan nan nan nan
nan nan nan nan
nan nan nan nan
nan nan nan nan
nan nan nan nan
nan nan nan nan
nan nan nan nan
nan nan nan nan
nan nan nan nan
nan nan nan nan
nan nan nan nan
nan nan nan nan
nan nan nan nan
nan nan nan nan
nan nan nan nan
nan nan nan nan
nan nan nan nan
nan nan nan nan
nan nan nan nan
nan nan nan nan
nan nan nan nan
nan nan nan nan
nan nan nan nan
nan nan nan nan
nan nan nan nan
nan nan nan nan
nan nan nan nan
nan nan nan nan
nan nan nan nan
nan nan nan nan
nan nan nan nan
nan nan nan nan
nan nan nan nan
nan nan nan nan
nan nan nan nan
nan nan nan nan
nan nan nan nan
nan nan nan nan
nan nan nan nan
nan nan nan nan
nan nan nan nan
nan nan nan nan
nan nan nan nan
nan nan nan nan
nan nan nan nan
nan nan nan nan
nan nan nan nan
nan nan nan nan
nan nan nan nan
nan nan nan nan
nan nan nan nan
nan nan nan nan
nan nan nan nan
nan nan nan nan
nan nan nan nan
nan nan nan nan
nan nan nan nan
nan nan nan nan
nan nan nan nan
nan nan nan nan
nan nan nan nan
nan nan nan nan
nan nan nan nan
nan nan nan nan
nan nan nan nan
nan nan nan nan
nan nan nan nan
nan nan nan nan
nan nan nan nan
nan nan nan nan
nan nan nan nan
nan nan nan nan
nan nan nan nan
nan nan nan nan
nan nan nan nan
nan nan nan nan
nan nan nan nan
nan nan nan nan
nan nan nan nan
nan nan nan nan
nan nan nan nan
nan nan nan nan
nan nan nan nan
nan nan nan nan
nan nan nan nan
nan nan nan nan
nan nan nan nan
nan nan nan nan
nan nan nan nan
nan nan nan nan
nan nan nan nan
nan nan nan nan
nan nan nan nan
nan nan nan nan
nan nan nan nan
nan nan nan nan
nan nan nan nan
nan nan nan nan
nan nan nan nan
nan nan nan nan
nan nan nan nan
nan nan nan nan
nan nan nan nan
nan nan nan nan
nan nan nan nan
nan nan nan nan
nan nan nan nan
nan nan nan nan
nan nan nan nan
nan nan nan nan
nan nan nan nan
nan nan nan nan
nan nan nan nan
nan nan nan nan
nan nan nan nan
nan nan nan nan
nan nan nan nan
nan nan nan nan
nan nan nan nan
nan nan nan nan
nan nan nan nan
nan nan nan nan
nan nan nan nan
nan nan nan nan
nan nan nan nan
nan nan nan nan
nan nan nan nan
nan nan nan nan
nan nan nan nan
nan nan nan nan
nan nan nan nan
nan nan nan nan
nan nan nan nan
nan nan nan nan
nan nan nan nan
nan nan nan nan
nan nan nan nan
nan nan nan nan
nan nan nan nan
nan nan nan nan
nan nan nan nan
nan nan nan nan
nan nan nan nan
nan nan nan nan
nan nan nan nan
nan nan nan nan
nan nan nan nan
nan nan nan nan
nan nan nan nan
nan nan nan nan
nan nan nan nan
nan nan nan nan
nan nan nan nan
nan nan nan nan
nan nan nan nan
nan nan nan nan
nan nan nan nan
nan nan nan nan
nan nan nan nan
nan nan nan nan
nan nan nan nan
nan nan nan nan
nan nan nan nan
nan nan nan nan
nan nan nan nan
nan nan nan nan
nan nan nan nan
nan nan nan nan
nan nan nan nan
nan nan nan nan
nan nan nan nan
nan nan nan nan
nan nan nan nan
nan nan nan nan
nan nan nan nan
nan nan nan nan
nan nan nan nan
nan nan nan nan
nan nan nan nan
nan nan nan nan
nan nan nan nan
nan nan nan nan
nan nan nan nan
nan nan nan nan
nan nan nan nan
nan nan nan nan
nan nan nan nan
nan nan nan nan
nan nan nan nan
nan nan nan nan
nan nan nan nan
nan nan nan nan
nan nan nan nan
nan nan nan nan
nan nan nan nan
nan nan nan nan
nan nan nan nan
nan nan nan nan
nan nan nan nan
nan nan nan nan
nan nan nan nan
nan nan nan nan
nan nan nan nan
nan nan nan nan
nan nan nan nan
nan nan nan nan
nan nan nan nan
nan nan nan nan
nan nan nan nan
nan nan nan nan
nan nan nan nan
nan nan nan nan
nan nan nan nan
nan nan nan nan
nan nan nan nan
nan nan nan nan
nan nan nan nan
nan nan nan nan
nan nan nan nan
nan nan nan nan
nan nan nan nan
nan nan nan nan
nan nan nan nan
nan nan nan nan
nan nan nan nan
nan nan nan nan
nan nan nan nan
nan nan nan nan
nan nan nan nan
nan nan nan nan
nan nan nan nan
nan nan nan nan
nan nan nan nan
nan nan nan nan
nan nan nan nan
nan nan nan nan
nan nan nan nan
nan nan nan nan
nan nan nan nan
nan nan nan nan
nan nan nan nan
nan nan nan nan
nan nan nan nan
nan nan nan nan
nan nan nan nan
nan nan nan nan
nan nan nan nan
nan nan nan nan
nan nan nan nan
nan nan nan nan
nan nan nan nan
nan nan nan nan
nan nan nan nan
nan nan nan nan
nan nan nan nan
nan nan nan nan
nan nan nan nan
nan nan nan nan
nan nan nan nan
nan nan nan nan
nan nan nan nan
nan nan nan nan
nan nan nan nan
nan nan nan nan
nan nan nan nan
nan nan nan nan
nan nan nan nan
nan nan nan nan
nan nan nan nan
nan nan nan nan
nan nan nan nan
nan nan nan nan
nan nan nan nan
nan nan nan nan
nan nan nan nan
nan nan nan nan
nan nan nan nan
nan nan nan nan
nan nan nan nan
nan nan nan nan
nan nan nan nan
nan nan nan nan
nan nan nan nan
nan nan nan nan
nan nan nan nan
nan nan nan nan
nan nan nan nan
nan nan nan nan
nan nan nan nan
nan nan nan nan
nan nan nan nan
nan nan nan nan
nan nan nan nan
nan nan nan nan
nan nan nan nan
nan nan nan nan
nan nan nan nan
nan nan nan nan
nan nan nan nan
nan nan nan nan
nan nan nan nan
nan nan nan nan
nan nan nan nan
nan nan nan nan
nan nan nan nan
nan nan nan nan
nan nan nan nan
nan nan nan nan
nan nan nan nan
nan nan nan nan
nan nan nan nan
nan nan nan nan
nan nan nan nan
nan nan nan nan
nan nan nan nan
nan nan nan nan
nan nan nan nan
nan nan nan nan
nan nan nan nan
nan nan nan nan
nan nan nan nan
nan nan nan nan
nan nan nan nan
nan nan nan nan
nan nan nan nan
nan nan nan nan
nan nan nan nan
nan nan nan nan
nan nan nan nan
nan nan nan nan
nan nan nan nan
nan nan nan nan
nan nan nan nan
nan nan nan nan
nan nan nan nan
nan nan nan nan
nan nan nan nan
nan nan nan nan
nan nan nan nan
nan nan nan nan
nan nan nan nan
nan nan nan nan
nan nan nan nan
nan nan nan nan
nan nan nan nan
nan nan nan nan
nan nan nan nan
nan nan nan nan
nan nan nan nan
nan nan nan nan
nan nan nan nan
nan nan nan nan
nan nan nan nan
nan nan nan nan
nan nan nan nan
nan nan nan nan
nan nan nan nan
nan nan nan nan
nan nan nan nan
nan nan nan nan
nan nan nan nan
nan nan nan nan
nan nan nan nan
nan nan nan nan
nan nan nan nan
nan nan nan nan
nan nan nan nan
nan nan nan nan
nan nan nan nan
nan nan nan nan
nan nan nan nan
nan nan nan nan
nan nan nan nan
nan nan nan nan
nan nan nan nan
nan nan nan nan
nan nan nan nan
nan nan nan nan
nan nan nan nan
nan nan nan nan
nan nan nan nan
nan nan nan nan
nan nan nan nan
nan nan nan nan
nan nan nan nan
nan nan nan nan
nan nan nan nan
nan nan nan nan
nan nan nan nan
nan nan nan nan
nan nan nan nan
nan nan nan nan
nan nan nan nan
nan nan nan nan
nan nan nan nan
nan nan nan nan
nan nan nan nan
nan nan nan nan
nan nan nan nan
nan nan nan nan
nan nan nan nan
nan nan nan nan
nan nan nan nan
nan nan nan nan
nan nan nan nan
nan nan nan nan
nan nan nan nan
nan nan nan nan
nan nan nan nan
nan nan nan nan
nan nan nan nan
nan nan nan nan
nan nan nan nan
nan nan nan nan
nan nan nan nan
nan nan nan nan
nan nan nan nan
nan nan nan nan
nan nan nan nan
nan nan nan nan
nan nan nan nan
nan nan nan nan
nan nan nan nan
nan nan nan nan
nan nan nan nan
nan nan nan nan
nan nan nan nan
nan nan nan nan
nan nan nan nan
nan nan nan nan
nan nan nan nan
nan nan nan nan
nan nan nan nan
nan nan nan nan
nan nan nan nan
nan nan nan nan
nan nan nan nan
nan nan nan nan
nan nan nan nan
nan nan nan nan
nan nan nan nan
nan nan nan nan
nan nan nan nan
nan nan nan nan
nan nan nan nan
nan nan nan nan
nan nan nan nan
nan nan nan nan
nan nan nan nan
nan nan nan nan
nan nan nan nan
nan nan nan nan
nan nan nan nan
nan nan nan nan
nan nan nan nan
nan nan nan nan
nan nan nan nan
nan nan nan nan
nan nan nan nan
nan nan nan nan
nan nan nan nan
nan nan nan nan
nan nan nan nan
nan nan nan nan
nan nan nan nan
nan nan nan nan
nan nan nan nan
nan nan nan nan
nan nan nan nan
nan nan nan nan
nan nan nan nan
nan nan nan nan
nan nan nan nan
nan nan nan nan
nan nan nan nan
nan nan nan nan
nan nan nan nan
nan nan nan nan
nan nan nan nan
nan nan nan nan
nan nan nan nan
nan nan nan nan
nan nan nan nan
nan nan nan nan
nan nan nan nan
nan nan nan nan
nan nan nan nan
nan nan nan nan
nan nan nan nan
nan nan nan nan
nan nan nan nan
nan nan nan nan
nan nan nan nan
nan nan nan nan
nan nan nan nan
nan nan nan nan
nan nan nan nan
nan nan nan nan
nan nan nan nan
nan nan nan nan
nan nan nan nan
nan nan nan nan
nan nan nan nan
nan nan nan nan
nan nan nan nan
nan nan nan nan
nan nan nan nan
nan nan nan nan
nan nan nan nan
nan nan nan nan
nan nan nan nan
nan nan nan nan
nan nan nan nan
nan nan nan nan
nan nan nan nan
nan nan nan nan
nan nan nan nan
nan nan nan nan
nan nan nan nan
nan nan nan nan
nan nan nan nan
nan nan nan nan
nan nan nan nan
nan nan nan nan
nan nan nan nan
nan nan nan nan
nan nan nan nan
nan nan nan nan
nan nan nan nan
nan nan nan nan
nan nan nan nan
nan nan nan nan
nan nan nan nan
nan nan nan nan
nan nan nan nan
nan nan nan nan
nan nan nan nan
nan nan nan nan
nan nan nan nan
nan nan nan nan
nan nan nan nan
nan nan nan nan
nan nan nan nan
nan nan nan nan
nan nan nan nan
nan nan nan nan
nan nan nan nan
nan nan nan nan
nan nan nan nan
nan nan nan nan
nan nan nan nan
nan nan nan nan
nan nan nan nan
nan nan nan nan
nan nan nan nan
nan nan nan nan
nan nan nan nan
nan nan nan nan
nan nan nan nan
nan nan nan nan
nan nan nan nan
nan nan nan nan
nan nan nan nan
nan nan nan nan
nan nan nan nan
nan nan nan nan
nan nan nan nan
nan nan nan nan
nan nan nan nan
nan nan nan nan
nan nan nan nan
nan nan nan nan
nan nan nan nan
nan nan nan nan
nan nan nan nan
nan nan nan nan
nan nan nan nan
nan nan nan nan
nan nan nan nan
nan nan nan nan
nan nan nan nan
nan nan nan nan
nan nan nan nan
nan nan nan nan
nan nan nan nan
nan nan nan nan
nan nan nan nan
nan nan nan nan
nan nan nan nan
nan nan nan nan
nan nan nan nan
nan nan nan nan
nan nan nan nan
nan nan nan nan
nan nan nan nan
nan nan nan nan
nan nan nan nan
nan nan nan nan
nan nan nan nan
nan nan nan nan
nan nan nan nan
nan nan nan nan
nan nan nan nan
nan nan nan nan
nan nan nan nan
nan nan nan nan
nan nan nan nan
nan nan nan nan
nan nan nan nan
nan nan nan nan
nan nan nan nan
nan nan nan nan
nan nan nan nan
nan nan nan nan
nan nan nan nan
nan nan nan nan
nan nan nan nan
nan nan nan nan
nan nan nan nan
nan nan nan nan
nan nan nan nan
nan nan nan nan
nan nan nan nan
nan nan nan nan
nan nan nan nan
nan nan nan nan
nan nan nan nan
nan nan nan nan
nan nan nan nan
nan nan nan nan
nan nan nan nan
nan nan nan nan
nan nan nan nan
nan nan nan nan
nan nan nan nan
nan nan nan nan
nan nan nan nan
nan nan nan nan
nan nan nan nan
nan nan nan nan
nan nan nan nan
nan nan nan nan
nan nan nan nan
nan nan nan nan
nan nan nan nan
nan nan nan nan
nan nan nan nan
nan nan nan nan
nan nan nan nan
nan nan nan nan
nan nan nan nan
nan nan nan nan
nan nan nan nan
nan nan nan nan
nan nan nan nan
nan nan nan nan
nan nan nan nan
nan nan nan nan
nan nan nan nan
nan nan nan nan
nan nan nan nan
nan nan nan nan
nan nan nan nan
nan nan nan nan
nan nan nan nan
nan nan nan nan
nan nan nan nan
nan nan nan nan
nan nan nan nan
nan nan nan nan
nan nan nan nan
nan nan nan nan
nan nan nan nan
nan nan nan nan
nan nan nan nan
nan nan nan nan
nan nan nan nan
nan nan nan nan
nan nan nan nan
nan nan nan nan
nan nan nan nan
nan nan nan nan
nan nan nan nan
nan nan nan nan
nan nan nan nan
nan nan nan nan
nan nan nan nan
nan nan nan nan
nan nan nan nan
nan nan nan nan
nan nan nan nan
nan nan nan nan
nan nan nan nan
nan nan nan nan
nan nan nan nan
nan nan nan nan
nan nan nan nan
nan nan nan nan
nan nan nan nan
nan nan nan nan
nan nan nan nan
nan nan nan nan
nan nan nan nan
nan nan nan nan
nan nan nan nan
nan nan nan nan
nan nan nan nan
nan nan nan nan
nan nan nan nan
nan nan nan nan
nan nan nan nan
nan nan nan nan
nan nan nan nan
nan nan nan nan
nan nan nan nan
nan nan nan nan
nan nan nan nan
nan nan nan nan
nan nan nan nan
nan nan nan nan
nan nan nan nan
nan nan nan nan
nan nan nan nan
nan nan nan nan
nan nan nan nan
nan nan nan nan
nan nan nan nan
nan nan nan nan
nan nan nan nan
nan nan nan nan
nan nan nan nan
nan nan nan nan
nan nan nan nan
nan nan nan nan
nan nan nan nan
nan nan nan nan
nan nan nan nan
nan nan nan nan
nan nan nan nan
nan nan nan nan
nan nan nan nan
nan nan nan nan
nan nan nan nan
nan nan nan nan
nan nan nan nan
nan nan nan nan
nan nan nan nan
nan nan nan nan
nan nan nan nan
nan nan nan nan
nan nan nan nan
nan nan nan nan
nan nan nan nan
nan nan nan nan
nan nan nan nan
nan nan nan nan
nan nan nan nan
nan nan nan nan
nan nan nan nan
nan nan nan nan
nan nan nan nan
nan nan nan nan
nan nan nan nan
nan nan nan nan
nan nan nan nan
nan nan nan nan
nan nan nan nan
nan nan nan nan
nan nan nan nan
nan nan nan nan
nan nan nan nan
nan nan nan nan
nan nan nan nan
nan nan nan nan
nan nan nan nan
nan nan nan nan
nan nan nan nan
nan nan nan nan
nan nan nan nan
nan nan nan nan
nan nan nan nan
nan nan nan nan
nan nan nan nan
nan nan nan nan
nan nan nan nan
nan nan nan nan
nan nan nan nan
nan nan nan nan
nan nan nan nan
nan nan nan nan
nan nan nan nan
nan nan nan nan
nan nan nan nan
nan nan nan nan
nan nan nan nan
nan nan nan nan
nan nan nan nan
nan nan nan nan
nan nan nan nan
nan nan nan nan
nan nan nan nan
nan nan nan nan
nan nan nan nan
nan nan nan nan
nan nan nan nan
nan nan nan nan
nan nan nan nan
nan nan nan nan
nan nan nan nan
nan nan nan nan
nan nan nan nan
nan nan nan nan
nan nan nan nan
nan nan nan nan
nan nan nan nan
nan nan nan nan
nan nan nan nan
nan nan nan nan
nan nan nan nan
nan nan nan nan
nan nan nan nan
nan nan nan nan
nan nan nan nan
nan nan nan nan
nan nan nan nan
nan nan nan nan
nan nan nan nan
nan nan nan nan
nan nan nan nan
nan nan nan nan
nan nan nan nan
nan nan nan nan
nan nan nan nan
nan nan nan nan
nan nan nan nan
nan nan nan nan
nan nan nan nan
nan nan nan nan
nan nan nan nan
nan nan nan nan
nan nan nan nan
nan nan nan nan
nan nan nan nan
nan nan nan nan
nan nan nan nan
nan nan nan nan
nan nan nan nan
nan nan nan nan
nan nan nan nan
nan nan nan nan
nan nan nan nan
nan nan nan nan
nan nan nan nan
nan nan nan nan
nan nan nan nan
nan nan nan nan
nan nan nan nan
nan nan nan nan
nan nan nan nan
nan nan nan nan
nan nan nan nan
nan nan nan nan
nan nan nan nan
nan nan nan nan
nan nan nan nan
nan nan nan nan
nan nan nan nan
nan nan nan nan
nan nan nan nan
nan nan nan nan
nan nan nan nan
nan nan nan nan
nan nan nan nan
nan nan nan nan
nan nan nan nan
nan nan nan nan
nan nan nan nan
nan nan nan nan
nan nan nan nan
nan nan nan nan
nan nan nan nan
nan nan nan nan
nan nan nan nan
nan nan nan nan
nan nan nan nan
nan nan nan nan
nan nan nan nan
nan nan nan nan
nan nan nan nan
nan nan nan nan
nan nan nan nan
nan nan nan nan
nan nan nan nan
nan nan nan nan
nan nan nan nan
nan nan nan nan
nan nan nan nan
nan nan nan nan
nan nan nan nan
nan nan nan nan
nan nan nan nan
nan nan nan nan
nan nan nan nan
nan nan nan nan
nan nan nan nan
nan nan nan nan
nan nan nan nan
nan nan nan nan
nan nan nan nan
nan nan nan nan
nan nan nan nan
nan nan nan nan
nan nan nan nan
nan nan nan nan
nan nan nan nan
nan nan nan nan
nan nan nan nan
nan nan nan nan
nan nan nan nan
nan nan nan nan
nan nan nan nan
nan nan nan nan
nan nan nan nan
nan nan nan nan
nan nan nan nan
nan nan nan nan
nan nan nan nan
nan nan nan nan
nan nan nan nan
nan nan nan nan
nan nan nan nan
nan nan nan nan
nan nan nan nan
nan nan nan nan
nan nan nan nan
nan nan nan nan
nan nan nan nan
nan nan nan nan
nan nan nan nan
nan nan nan nan
nan nan nan nan
nan nan nan nan
nan nan nan nan
nan nan nan nan
nan nan nan nan
nan nan nan nan
nan nan nan nan
nan nan nan nan
nan nan nan nan
nan nan nan nan
nan nan nan nan
nan nan nan nan
nan nan nan nan
nan nan nan nan
nan nan nan nan
nan nan nan nan
nan nan nan nan
nan nan nan nan
nan nan nan nan
nan nan nan nan
nan nan nan nan
nan nan nan nan
nan nan nan nan
nan nan nan nan
nan nan nan nan
nan nan nan nan
nan nan nan nan
nan nan nan nan
nan nan nan nan
nan nan nan nan
nan nan nan nan
nan nan nan nan
nan nan nan nan
nan nan nan nan
nan nan nan nan
nan nan nan nan
nan nan nan nan
nan nan nan nan
nan nan nan nan
nan nan nan nan
nan nan nan nan
nan nan nan nan
nan nan nan nan
nan nan nan nan
nan nan nan nan
nan nan nan nan
nan nan nan nan
nan nan nan nan
nan nan nan nan
nan nan nan nan
nan nan nan nan
nan nan nan nan
nan nan nan nan
nan nan nan nan
nan nan nan nan
nan nan nan nan
nan nan nan nan
nan nan nan nan
nan nan nan nan
nan nan nan nan
nan nan nan nan
nan nan nan nan
nan nan nan nan
nan nan nan nan
nan nan nan nan
nan nan nan nan
nan nan nan nan
nan nan nan nan
nan nan nan nan
nan nan nan nan
nan nan nan nan
nan nan nan nan
nan nan nan nan
nan nan nan nan
nan nan nan nan
nan nan nan nan
nan nan nan nan
nan nan nan nan
nan nan nan nan
nan nan nan nan
nan nan nan nan
nan nan nan nan
nan nan nan nan
nan nan nan nan
nan nan nan nan
nan nan nan nan
nan nan nan nan
nan nan nan nan
nan nan nan nan
nan nan nan nan
nan nan nan nan
nan nan nan nan
nan nan nan nan
nan nan nan nan
nan nan nan nan
nan nan nan nan
nan nan nan nan
nan nan nan nan
nan nan nan nan
nan nan nan nan
nan nan nan nan
nan nan nan nan
nan nan nan nan
nan nan nan nan
nan nan nan nan
nan nan nan nan
nan nan nan nan
nan nan nan nan
nan nan nan nan
nan nan nan nan
nan nan nan nan
nan nan nan nan
nan nan nan nan
nan nan nan nan
nan nan nan nan
nan nan nan nan
nan nan nan nan
nan nan nan nan
nan nan nan nan
nan nan nan nan
nan nan nan nan
nan nan nan nan
nan nan nan nan
nan nan nan nan
nan nan nan nan
nan nan nan nan
nan nan nan nan
nan nan nan nan
nan nan nan nan
nan nan nan nan
nan nan nan nan
nan nan nan nan
nan nan nan nan
nan nan nan nan
nan nan nan nan
nan nan nan nan
nan nan nan nan
nan nan nan nan
nan nan nan nan
nan nan nan nan
nan nan nan nan
nan nan nan nan
nan nan nan nan
nan nan nan nan
nan nan nan nan
nan nan nan nan
nan nan nan nan
nan nan nan nan
nan nan nan nan
nan nan nan nan
nan nan nan nan
nan nan nan nan
nan nan nan nan
nan nan nan nan
nan nan nan nan
nan nan nan nan
nan nan nan nan
nan nan nan nan
nan nan nan nan
nan nan nan nan
nan nan nan nan
nan nan nan nan
nan nan nan nan
nan nan nan nan
nan nan nan nan
nan nan nan nan
nan nan nan nan
nan nan nan nan
nan nan nan nan
nan nan nan nan
nan nan nan nan
nan nan nan nan
nan nan nan nan
nan nan nan nan
nan nan nan nan
nan nan nan nan
nan nan nan nan
nan nan nan nan
nan nan nan nan
nan nan nan nan
nan nan nan nan
nan nan nan nan
nan nan nan nan
nan nan nan nan
nan nan nan nan
nan nan nan nan
nan nan nan nan
nan nan nan nan
nan nan nan nan
nan nan nan nan
nan nan nan nan
nan nan nan nan
nan nan nan nan
nan nan nan nan
nan nan nan nan
nan nan nan nan
nan nan nan nan
nan nan nan nan
nan nan nan nan
nan nan nan nan
nan nan nan nan
nan nan nan nan
nan nan nan nan
nan nan nan nan
nan nan nan nan
nan nan nan nan
nan nan nan nan
nan nan nan nan
nan nan nan nan
nan nan nan nan
nan nan nan nan
nan nan nan nan
nan nan nan nan
nan nan nan nan
nan nan nan nan
nan nan nan nan
nan nan nan nan
nan nan nan nan
nan nan nan nan
nan nan nan nan
nan nan nan nan
nan nan nan nan
nan nan nan nan
nan nan nan nan
nan nan nan nan
nan nan nan nan
nan nan nan nan
nan nan nan nan
nan nan nan nan
nan nan nan nan
nan nan nan nan
nan nan nan nan
nan nan nan nan
nan nan nan nan
nan nan nan nan
nan nan nan nan
nan nan nan nan
nan nan nan nan
nan nan nan nan
nan nan nan nan
nan nan nan nan
nan nan nan nan
nan nan nan nan
nan nan nan nan
nan nan nan nan
nan nan nan nan
nan nan nan nan
nan nan nan nan
nan nan nan nan
nan nan nan nan
nan nan nan nan
nan nan nan nan
nan nan nan nan
nan nan nan nan
nan nan nan nan
nan nan nan nan
nan nan nan nan
nan nan nan nan
nan nan nan nan
nan nan nan nan
nan nan nan nan
nan nan nan nan
nan nan nan nan
nan nan nan nan
nan nan nan nan
nan nan nan nan
nan nan nan nan
nan nan nan nan
nan nan nan nan
nan nan nan nan
nan nan nan nan
nan nan nan nan
nan nan nan nan
nan nan nan nan
nan nan nan nan
nan nan nan nan
nan nan nan nan
nan nan nan nan
nan nan nan nan
nan nan nan nan
nan nan nan nan
nan nan nan nan
nan nan nan nan
nan nan nan nan
nan nan nan nan
nan nan nan nan
nan nan nan nan
nan nan nan nan
nan nan nan nan
nan nan nan nan
nan nan nan nan
nan nan nan nan
nan nan nan nan
nan nan nan nan
nan nan nan nan
nan nan nan nan
nan nan nan nan
nan nan nan nan
nan nan nan nan
nan nan nan nan
nan nan nan nan
nan nan nan nan
nan nan nan nan
nan nan nan nan
nan nan nan nan
nan nan nan nan
nan nan nan nan
nan nan nan nan
nan nan nan nan
nan nan nan nan
nan nan nan nan
nan nan nan nan
nan nan nan nan
nan nan nan nan
nan nan nan nan
nan nan nan nan
nan nan nan nan
nan nan nan nan
nan nan nan nan
nan nan nan nan
nan nan nan nan
nan nan nan nan
nan nan nan nan
nan nan nan nan
nan nan nan nan
nan nan nan nan
nan nan nan nan
nan nan nan nan
nan nan nan nan
nan nan nan nan
nan nan nan nan
nan nan nan nan
nan nan nan nan
nan nan nan nan
nan nan nan nan
nan nan nan nan
nan nan nan nan
nan nan nan nan
nan nan nan nan
nan nan nan nan
nan nan nan nan
nan nan nan nan
nan nan nan nan
nan nan nan nan
nan nan nan nan
nan nan nan nan
nan nan nan nan
nan nan nan nan
nan nan nan nan
nan nan nan nan
nan nan nan nan
nan nan nan nan
nan nan nan nan
nan nan nan nan
nan nan nan nan
nan nan nan nan
nan nan nan nan
nan nan nan nan
nan nan nan nan
nan nan nan nan
nan nan nan nan
nan nan nan nan
nan nan nan nan
nan nan nan nan
nan nan nan nan
nan nan nan nan
nan nan nan nan
nan nan nan nan
nan nan nan nan
nan nan nan nan
nan nan nan nan
nan nan nan nan
nan nan nan nan
nan nan nan nan
nan nan nan nan
nan nan nan nan
nan nan nan nan
nan nan nan nan
nan nan nan nan
nan nan nan nan
nan nan nan nan
nan nan nan nan
nan nan nan nan
nan nan nan nan
nan nan nan nan
nan nan nan nan
nan nan nan nan
nan nan nan nan
nan nan nan nan
nan nan nan nan
nan nan nan nan
nan nan nan nan
nan nan nan nan
nan nan nan nan
nan nan nan nan
nan nan nan nan
nan nan nan nan
nan nan nan nan
nan nan nan nan
nan nan nan nan
nan nan nan nan
nan nan nan nan
nan nan nan nan
nan nan nan nan
nan nan nan nan
nan nan nan nan
nan nan nan nan
nan nan nan nan
nan nan nan nan
nan nan nan nan
nan nan nan nan
nan nan nan nan
nan nan nan nan
nan nan nan nan
nan nan nan nan
nan nan nan nan
nan nan nan nan
nan nan nan nan
nan nan nan nan
nan nan nan nan
nan nan nan nan
nan nan nan nan
nan nan nan nan
nan nan nan nan
nan nan nan nan
nan nan nan nan
nan nan nan nan
nan nan nan nan
nan nan nan nan
nan nan nan nan
nan nan nan nan
nan nan nan nan
nan nan nan nan
nan nan nan nan
nan nan nan nan
nan nan nan nan
nan nan nan nan
nan nan nan nan
nan nan nan nan
nan nan nan nan
nan nan nan nan
nan nan nan nan
nan nan nan nan
nan nan nan nan
nan nan nan nan
nan nan nan nan
nan nan nan nan
nan nan nan nan
nan nan nan nan
nan nan nan nan
nan nan nan nan
nan nan nan nan
nan nan nan nan
nan nan nan nan
nan nan nan nan
nan nan nan nan
nan nan nan nan
nan nan nan nan
nan nan nan nan
nan nan nan nan
nan nan nan nan
nan nan nan nan
nan nan nan nan
nan nan nan nan
nan nan nan nan
nan nan nan nan
nan nan nan nan
nan nan nan nan
nan nan nan nan
nan nan nan nan
nan nan nan nan
nan nan nan nan
nan nan nan nan
nan nan nan nan
nan nan nan nan
nan nan nan nan
nan nan nan nan
nan nan nan nan
nan nan nan nan
nan nan nan nan
nan nan nan nan
nan nan nan nan
nan nan nan nan
nan nan nan nan
nan nan nan nan
nan nan nan nan
nan nan nan nan
nan nan nan nan
nan nan nan nan
nan nan nan nan
nan nan nan nan
nan nan nan nan
nan nan nan nan
nan nan nan nan
nan nan nan nan
nan nan nan nan
nan nan nan nan
nan nan nan nan
nan nan nan nan
nan nan nan nan
nan nan nan nan
nan nan nan nan
nan nan nan nan
nan nan nan nan
nan nan nan nan
nan nan nan nan
nan nan nan nan
nan nan nan nan
nan nan nan nan
nan nan nan nan
nan nan nan nan
nan nan nan nan
nan nan nan nan
nan nan nan nan
nan nan nan nan
nan nan nan nan
nan nan nan nan
nan nan nan nan
nan nan nan nan
nan nan nan nan
nan nan nan nan
nan nan nan nan
nan nan nan nan
nan nan nan nan
nan nan nan nan
nan nan nan nan
nan nan nan nan
nan nan nan nan
nan nan nan nan
nan nan nan nan
nan nan nan nan
nan nan nan nan
nan nan nan nan
nan nan nan nan
nan nan nan nan
nan nan nan nan
nan nan nan nan
nan nan nan nan
nan nan nan nan
nan nan nan nan
nan nan nan nan
nan nan nan nan
nan nan nan nan
nan nan nan nan
nan nan nan nan
nan nan nan nan
nan nan nan nan
nan nan nan nan
nan nan nan nan
nan nan nan nan
nan nan nan nan
nan nan nan nan
nan nan nan nan
nan nan nan nan
nan nan nan nan
nan nan nan nan
nan nan nan nan
nan nan nan nan
nan nan nan nan
nan nan nan nan
nan nan nan nan
nan nan nan nan
nan nan nan nan
nan nan nan nan
nan nan nan nan
nan nan nan nan
nan nan nan nan
nan nan nan nan
nan nan nan nan
nan nan nan nan
nan nan nan nan
nan nan nan nan
nan nan nan nan
nan nan nan nan
nan nan nan nan
nan nan nan nan
nan nan nan nan
nan nan nan nan
nan nan nan nan
nan nan nan nan
nan nan nan nan
nan nan nan nan
nan nan nan nan
nan nan nan nan
nan nan nan nan
nan nan nan nan
nan nan nan nan
nan nan nan nan
nan nan nan nan
nan nan nan nan
nan nan nan nan
nan nan nan nan
nan nan nan nan
nan nan nan nan
nan nan nan nan
nan nan nan nan
nan nan nan nan
nan nan nan nan
nan nan nan nan
nan nan nan nan
nan nan nan nan
nan nan nan nan
nan nan nan nan
nan nan nan nan
nan nan nan nan
nan nan nan nan
nan nan nan nan
nan nan nan nan
nan nan nan nan
nan nan nan nan
nan nan nan nan
nan nan nan nan
nan nan nan nan
nan nan nan nan
nan nan nan nan
nan nan nan nan
nan nan nan nan
nan nan nan nan
nan nan nan nan
nan nan nan nan
nan nan nan nan
nan nan nan nan
nan nan nan nan
nan nan nan nan
nan nan nan nan
nan nan nan nan
nan nan nan nan
nan nan nan nan
nan nan nan nan
nan nan nan nan
nan nan nan nan
nan nan nan nan
nan nan nan nan
nan nan nan nan
nan nan nan nan
nan nan nan nan
nan nan nan nan
nan nan nan nan
nan nan nan nan
nan nan nan nan
nan nan nan nan
nan nan nan nan
nan nan nan nan
nan nan nan nan
nan nan nan nan
nan nan nan nan
nan nan nan nan
nan nan nan nan
nan nan nan nan
nan nan nan nan
nan nan nan nan
nan nan nan nan
nan nan nan nan
nan nan nan nan
nan nan nan nan
nan nan nan nan
nan nan nan nan
nan nan nan nan
nan nan nan nan
nan nan nan nan
nan nan nan nan
nan nan nan nan
nan nan nan nan
nan nan nan nan
nan nan nan nan
nan nan nan nan
nan nan nan nan
nan nan nan nan
nan nan nan nan
nan nan nan nan
nan nan nan nan
nan nan nan nan
nan nan nan nan
nan nan nan nan
nan nan nan nan
nan nan nan nan
nan nan nan nan
nan nan nan nan
nan nan nan nan
nan nan nan nan
nan nan nan nan
nan nan nan nan
nan nan nan nan
nan nan nan nan
nan nan nan nan
nan nan nan nan
nan nan nan nan
nan nan nan nan
nan nan nan nan
nan nan nan nan
nan nan nan nan
nan nan nan nan
nan nan nan nan
nan nan nan nan
nan nan nan nan
nan nan nan nan
nan nan nan nan
nan nan nan nan
nan nan nan nan
nan nan nan nan
nan nan nan nan
nan nan nan nan
nan nan nan nan
nan nan nan nan
nan nan nan nan
nan nan nan nan
nan nan nan nan
nan nan nan nan
nan nan nan nan
nan nan nan nan
nan nan nan nan
nan nan nan nan
nan nan nan nan
nan nan nan nan
nan nan nan nan
nan nan nan nan
nan nan nan nan
nan nan nan nan
nan nan nan nan
nan nan nan nan
nan nan nan nan
nan nan nan nan
nan nan nan nan
nan nan nan nan
nan nan nan nan
nan nan nan nan
nan nan nan nan
nan nan nan nan
nan nan nan nan
nan nan nan nan
nan nan nan nan
nan nan nan nan
nan nan nan nan
nan nan nan nan
nan nan nan nan
nan nan nan nan
nan nan nan nan
nan nan nan nan
nan nan nan nan
nan nan nan nan
nan nan nan nan
nan nan nan nan
nan nan nan nan
nan nan nan nan
nan nan nan nan
nan nan nan nan
nan nan nan nan
nan nan nan nan
nan nan nan nan
nan nan nan nan
nan nan nan nan
nan nan nan nan
nan nan nan nan
nan nan nan nan
nan nan nan nan
nan nan nan nan
nan nan nan nan
nan nan nan nan
nan nan nan nan
nan nan nan nan
nan nan nan nan
nan nan nan nan
nan nan nan nan
nan nan nan nan
nan nan nan nan
nan nan nan nan
nan nan nan nan
nan nan nan nan
nan nan nan nan
nan nan nan nan
nan nan nan nan
nan nan nan nan
nan nan nan nan
nan nan nan nan
nan nan nan nan
nan nan nan nan
nan nan nan nan
nan nan nan nan
nan nan nan nan
nan nan nan nan
nan nan nan nan
nan nan nan nan
nan nan nan nan
nan nan nan nan
nan nan nan nan
nan nan nan nan
nan nan nan nan
nan nan nan nan
nan nan nan nan
nan nan nan nan
nan nan nan nan
nan nan nan nan
nan nan nan nan
nan nan nan nan
nan nan nan nan
nan nan nan nan
nan nan nan nan
nan nan nan nan
nan nan nan nan
nan nan nan nan
nan nan nan nan
nan nan nan nan
nan nan nan nan
nan nan nan nan
nan nan nan nan
nan nan nan nan
nan nan nan nan
nan nan nan nan
nan nan nan nan
nan nan nan nan
nan nan nan nan
nan nan nan nan
nan nan nan nan
nan nan nan nan
nan nan nan nan
nan nan nan nan
nan nan nan nan
nan nan nan nan
nan nan nan nan
nan nan nan nan
nan nan nan nan
nan nan nan nan
nan nan nan nan
nan nan nan nan
nan nan nan nan
nan nan nan nan
nan nan nan nan
nan nan nan nan
nan nan nan nan
nan nan nan nan
nan nan nan nan
nan nan nan nan
nan nan nan nan
nan nan nan nan
nan nan nan nan
nan nan nan nan
nan nan nan nan
nan nan nan nan
nan nan nan nan
nan nan nan nan
nan nan nan nan
nan nan nan nan
nan nan nan nan
nan nan nan nan
nan nan nan nan
nan nan nan nan
nan nan nan nan
nan nan nan nan
nan nan nan nan
nan nan nan nan
nan nan nan nan
nan nan nan nan
nan nan nan nan
nan nan nan nan
nan nan nan nan
nan nan nan nan
nan nan nan nan
nan nan nan nan
nan nan nan nan
nan nan nan nan
nan nan nan nan
nan nan nan nan
nan nan nan nan
nan nan nan nan
nan nan nan nan
nan nan nan nan
nan nan nan nan
nan nan nan nan
nan nan nan nan
nan nan nan nan
nan nan nan nan
nan nan nan nan
nan nan nan nan
nan nan nan nan
nan nan nan nan
nan nan nan nan
nan nan nan nan
nan nan nan nan
nan nan nan nan
nan nan nan nan
nan nan nan nan
nan nan nan nan
nan nan nan nan
nan nan nan nan
nan nan nan nan
nan nan nan nan
nan nan nan nan
nan nan nan nan
nan nan nan nan
nan nan nan nan
nan nan nan nan
nan nan nan nan
nan nan nan nan
nan nan nan nan
nan nan nan nan
nan nan nan nan
nan nan nan nan
nan nan nan nan
nan nan nan nan
nan nan nan nan
nan nan nan nan
nan nan nan nan
nan nan nan nan
nan nan nan nan
nan nan nan nan
nan nan nan nan
nan nan nan nan
nan nan nan nan
nan nan nan nan
nan nan nan nan
nan nan nan nan
nan nan nan nan
nan nan nan nan
nan nan nan nan
nan nan nan nan
nan nan nan nan
nan nan nan nan
nan nan nan nan
nan nan nan nan
nan nan nan nan
nan nan nan nan
nan nan nan nan
nan nan nan nan
nan nan nan nan
nan nan nan nan
nan nan nan nan
nan nan nan nan
nan nan nan nan
nan nan nan nan
nan nan nan nan
nan nan nan nan
nan nan nan nan
nan nan nan nan
nan nan nan nan
nan nan nan nan
nan nan nan nan
nan nan nan nan
nan nan nan nan
nan nan nan nan
nan nan nan nan
nan nan nan nan
nan nan nan nan
nan nan nan nan
nan nan nan nan
nan nan nan nan
nan nan nan nan
nan nan nan nan
nan nan nan nan
nan nan nan nan
nan nan nan nan
nan nan nan nan
nan nan nan nan
nan nan nan nan
nan nan nan nan
nan nan nan nan
nan nan nan nan
nan nan nan nan
nan nan nan nan
nan nan nan nan
nan nan nan nan
nan nan nan nan
nan nan nan nan
nan nan nan nan
nan nan nan nan
nan nan nan nan
nan nan nan nan
nan nan nan nan
nan nan nan nan
nan nan nan nan
nan nan nan nan
nan nan nan nan
nan nan nan nan
nan nan nan nan
nan nan nan nan
nan nan nan nan
nan nan nan nan
nan nan nan nan
nan nan nan nan
nan nan nan nan
nan nan nan nan
nan nan nan nan
nan nan nan nan
nan nan nan nan
nan nan nan nan
nan nan nan nan
nan nan nan nan
nan nan nan nan
nan nan nan nan
nan nan nan nan
nan nan nan nan
nan nan nan nan
nan nan nan nan
nan nan nan nan
nan nan nan nan
nan nan nan nan
nan nan nan nan
nan nan nan nan
nan nan nan nan
nan nan nan nan
nan nan nan nan
nan nan nan nan
nan nan nan nan
nan nan nan nan
nan nan nan nan
nan nan nan nan
nan nan nan nan
nan nan nan nan
nan nan nan nan
nan nan nan nan
nan nan nan nan
nan nan nan nan
nan nan nan nan
nan nan nan nan
nan nan nan nan
nan nan nan nan
nan nan nan nan
nan nan nan nan
nan nan nan nan
nan nan nan nan
nan nan nan nan
nan nan nan nan
nan nan nan nan
nan nan nan nan
nan nan nan nan
nan nan nan nan
nan nan nan nan
nan nan nan nan
nan nan nan nan
nan nan nan nan
nan nan nan nan
nan nan nan nan
nan nan nan nan
nan nan nan nan
nan nan nan nan
nan nan nan nan
nan nan nan nan
nan nan nan nan
nan nan nan nan
nan nan nan nan
nan nan nan nan
nan nan nan nan
nan nan nan nan
nan nan nan nan
nan nan nan nan
nan nan nan nan
nan nan nan nan
nan nan nan nan
nan nan nan nan
nan nan nan nan
nan nan nan nan
nan nan nan nan
nan nan nan nan
nan nan nan nan
nan nan nan nan
nan nan nan nan
nan nan nan nan
nan nan nan nan
nan nan nan nan
nan nan nan nan
nan nan nan nan
nan nan nan nan
nan nan nan nan
nan nan nan nan
nan nan nan nan
nan nan nan nan
nan nan nan nan
nan nan nan nan
nan nan nan nan
nan nan nan nan
nan nan nan nan
nan nan nan nan
nan nan nan nan
nan nan nan nan
nan nan nan nan
nan nan nan nan
nan nan nan nan
nan nan nan nan
nan nan nan nan
nan nan nan nan
nan nan nan nan
nan nan nan nan
nan nan nan nan
nan nan nan nan
nan nan nan nan
nan nan nan nan
nan nan nan nan
nan nan nan nan
nan nan nan nan
nan nan nan nan
nan nan nan nan
nan nan nan nan
nan nan nan nan
nan nan nan nan
nan nan nan nan
nan nan nan nan
nan nan nan nan
nan nan nan nan
nan nan nan nan
nan nan nan nan
nan nan nan nan
nan nan nan nan
nan nan nan nan
nan nan nan nan
nan nan nan nan
nan nan nan nan
nan nan nan nan
nan nan nan nan
nan nan nan nan
nan nan nan nan
nan nan nan nan
nan nan nan nan
nan nan nan nan
nan nan nan nan
nan nan nan nan
nan nan nan nan
nan nan nan nan
nan nan nan nan
nan nan nan nan
nan nan nan nan
nan nan nan nan
nan nan nan nan
nan nan nan nan
nan nan nan nan
nan nan nan nan
nan nan nan nan
nan nan nan nan
nan nan nan nan
nan nan nan nan
nan nan nan nan
nan nan nan nan
nan nan nan nan
nan nan nan nan
nan nan nan nan
nan nan nan nan
nan nan nan nan
nan nan nan nan
nan nan nan nan
nan nan nan nan
nan nan nan nan
nan nan nan nan
nan nan nan nan
nan nan nan nan
nan nan nan nan
nan nan nan nan
nan nan nan nan
nan nan nan nan
nan nan nan nan
nan nan nan nan
nan nan nan nan
nan nan nan nan
nan nan nan nan
nan nan nan nan
nan nan nan nan
nan nan nan nan
nan nan nan nan
nan nan nan nan
nan nan nan nan
nan nan nan nan
nan nan nan nan
nan nan nan nan
nan nan nan nan
nan nan nan nan
nan nan nan nan
nan nan nan nan
nan nan nan nan
nan nan nan nan
nan nan nan nan
nan nan nan nan
nan nan nan nan
nan nan nan nan
nan nan nan nan
nan nan nan nan
nan nan nan nan
nan nan nan nan
nan nan nan nan
nan nan nan nan
nan nan nan nan
nan nan nan nan
nan nan nan nan
nan nan nan nan
nan nan nan nan
nan nan nan nan
nan nan nan nan
nan nan nan nan
nan nan nan nan
nan nan nan nan
nan nan nan nan
nan nan nan nan
nan nan nan nan
nan nan nan nan
nan nan nan nan
nan nan nan nan
nan nan nan nan
nan nan nan nan
nan nan nan nan
nan nan nan nan
nan nan nan nan
nan nan nan nan
nan nan nan nan
nan nan nan nan
nan nan nan nan
nan nan nan nan
nan nan nan nan
nan nan nan nan
nan nan nan nan
nan nan nan nan
nan nan nan nan
nan nan nan nan
nan nan nan nan
nan nan nan nan
nan nan nan nan
nan nan nan nan
nan nan nan nan
nan nan nan nan
nan nan nan nan
nan nan nan nan
nan nan nan nan
nan nan nan nan
nan nan nan nan
nan nan nan nan
nan nan nan nan
nan nan nan nan
nan nan nan nan
nan nan nan nan
nan nan nan nan
nan nan nan nan
nan nan nan nan
nan nan nan nan
nan nan nan nan
nan nan nan nan
nan nan nan nan
nan nan nan nan
nan nan nan nan
nan nan nan nan
nan nan nan nan
nan nan nan nan
nan nan nan nan
nan nan nan nan
nan nan nan nan
nan nan nan nan
nan nan nan nan
nan nan nan nan
nan nan nan nan
nan nan nan nan
nan nan nan nan
nan nan nan nan
nan nan nan nan
nan nan nan nan
nan nan nan nan
nan nan nan nan
nan nan nan nan
nan nan nan nan
nan nan nan nan
nan nan nan nan
nan nan nan nan
nan nan nan nan
nan nan nan nan
nan nan nan nan
nan nan nan nan
nan nan nan nan
nan nan nan nan
nan nan nan nan
nan nan nan nan
nan nan nan nan
nan nan nan nan
nan nan nan nan
nan nan nan nan
nan nan nan nan
nan nan nan nan
nan nan nan nan
nan nan nan nan
nan nan nan nan
nan nan nan nan
nan nan nan nan
nan nan nan nan
nan nan nan nan
nan nan nan nan
nan nan nan nan
nan nan nan nan
nan nan nan nan
nan nan nan nan
nan nan nan nan
nan nan nan nan
nan nan nan nan
nan nan nan nan
nan nan nan nan
nan nan nan nan
nan nan nan nan
nan nan nan nan
nan nan nan nan
nan nan nan nan
nan nan nan nan
nan nan nan nan
nan nan nan nan
nan nan nan nan
nan nan nan nan
nan nan nan nan
nan nan nan nan
nan nan nan nan
nan nan nan nan
nan nan nan nan
nan nan nan nan
nan nan nan nan
nan nan nan nan
nan nan nan nan
nan nan nan nan
nan nan nan nan
nan nan nan nan
nan nan nan nan
nan nan nan nan
nan nan nan nan
nan nan nan nan
nan nan nan nan
nan nan nan nan
nan nan nan nan
nan nan nan nan
nan nan nan nan
nan nan nan nan
nan nan nan nan
nan nan nan nan
nan nan nan nan
nan nan nan nan
nan nan nan nan
nan nan nan nan
nan nan nan nan
nan nan nan nan
nan nan nan nan
nan nan nan nan
nan nan nan nan
nan nan nan nan
nan nan nan nan
nan nan nan nan
nan nan nan nan
nan nan nan nan
nan nan nan nan
nan nan nan nan
nan nan nan nan
nan nan nan nan
nan nan nan nan
nan nan nan nan
nan nan nan nan
nan nan nan nan
nan nan nan nan
nan nan nan nan
nan nan nan nan
nan nan nan nan
nan nan nan nan
nan nan nan nan
nan nan nan nan
nan nan nan nan
nan nan nan nan
nan nan nan nan
nan nan nan nan
nan nan nan nan
nan nan nan nan
nan nan nan nan
nan nan nan nan
nan nan nan nan
nan nan nan nan
nan nan nan nan
nan nan nan nan
nan nan nan nan
nan nan nan nan
nan nan nan nan
nan nan nan nan
nan nan nan nan
nan nan nan nan
nan nan nan nan
nan nan nan nan
nan nan nan nan
nan nan nan nan
nan nan nan nan
nan nan nan nan
nan nan nan nan
nan nan nan nan
nan nan nan nan
nan nan nan nan
nan nan nan nan
nan nan nan nan
nan nan nan nan
nan nan nan nan
nan nan nan nan
nan nan nan nan
nan nan nan nan
nan nan nan nan
nan nan nan nan
nan nan nan nan
nan nan nan nan
nan nan nan nan
nan nan nan nan
nan nan nan nan
nan nan nan nan
nan nan nan nan
nan nan nan nan
nan nan nan nan
nan nan nan nan
nan nan nan nan
nan nan nan nan
nan nan nan nan
nan nan nan nan
nan nan nan nan
nan nan nan nan
nan nan nan nan
nan nan nan nan
nan nan nan nan
nan nan nan nan
nan nan nan nan
nan nan nan nan
nan nan nan nan
nan nan nan nan
nan nan nan nan
nan nan nan nan
nan nan nan nan
nan nan nan nan
nan nan nan nan
nan nan nan nan
nan nan nan nan
nan nan nan nan
nan nan nan nan
nan nan nan nan
nan nan nan nan
nan nan nan nan
nan nan nan nan
nan nan nan nan
nan nan nan nan
nan nan nan nan
nan nan nan nan
nan nan nan nan
nan nan nan nan
nan nan nan nan
nan nan nan nan
nan nan nan nan
nan nan nan nan
nan nan nan nan
nan nan nan nan
nan nan nan nan
nan nan nan nan
nan nan nan nan
nan nan nan nan
nan nan nan nan
nan nan nan nan
nan nan nan nan
nan nan nan nan
nan nan nan nan
nan nan nan nan
nan nan nan nan
nan nan nan nan
nan nan nan nan
nan nan nan nan
nan nan nan nan
nan nan nan nan
nan nan nan nan
nan nan nan nan
nan nan nan nan
nan nan nan nan
nan nan nan nan
nan nan nan nan
nan nan nan nan
nan nan nan nan
nan nan nan nan
nan nan nan nan
nan nan nan nan
nan nan nan nan
nan nan nan nan
nan nan nan nan
nan nan nan nan
nan nan nan nan
nan nan nan nan
nan nan nan nan
nan nan nan nan
nan nan nan nan
nan nan nan nan
nan nan nan nan
nan nan nan nan
nan nan nan nan
nan nan nan nan
nan nan nan nan
nan nan nan nan
nan nan nan nan
nan nan nan nan
nan nan nan nan
nan nan nan nan
nan nan nan nan
nan nan nan nan
nan nan nan nan
nan nan nan nan
nan nan nan nan
nan nan nan nan
nan nan nan nan
nan nan nan nan
nan nan nan nan
nan nan nan nan
nan nan nan nan
nan nan nan nan
nan nan nan nan
nan nan nan nan
nan nan nan nan
nan nan nan nan
nan nan nan nan
nan nan nan nan
nan nan nan nan
nan nan nan nan
nan nan nan nan
nan nan nan nan
nan nan nan nan
nan nan nan nan
nan nan nan nan
nan nan nan nan
nan nan nan nan
nan nan nan nan
nan nan nan nan
nan nan nan nan
nan nan nan nan
nan nan nan nan
nan nan nan nan
nan nan nan nan
nan nan nan nan
nan nan nan nan
nan nan nan nan
nan nan nan nan
nan nan nan nan
nan nan nan nan
nan nan nan nan
nan nan nan nan
nan nan nan nan
nan nan nan nan
nan nan nan nan
nan nan nan nan
nan nan nan nan
nan nan nan nan
nan nan nan nan
nan nan nan nan
nan nan nan nan
nan nan nan nan
nan nan nan nan
nan nan nan nan
nan nan nan nan
nan nan nan nan
nan nan nan nan
nan nan nan nan
nan nan nan nan
nan nan nan nan
nan nan nan nan
nan nan nan nan
nan nan nan nan
nan nan nan nan
nan nan nan nan
nan nan nan nan
nan nan nan nan
nan nan nan nan
nan nan nan nan
nan nan nan nan
nan nan nan nan
nan nan nan nan
nan nan nan nan
nan nan nan nan
nan nan nan nan
nan nan nan nan
nan nan nan nan
nan nan nan nan
nan nan nan nan
nan nan nan nan
nan nan nan nan
nan nan nan nan
nan nan nan nan
nan nan nan nan
nan nan nan nan
nan nan nan nan
nan nan nan nan
nan nan nan nan
nan nan nan nan
nan nan nan nan
nan nan nan nan
nan nan nan nan
nan nan nan nan
nan nan nan nan
nan nan nan nan
nan nan nan nan
nan nan nan nan
nan nan nan nan
nan nan nan nan
nan nan nan nan
nan nan nan nan
nan nan nan nan
nan nan nan nan
nan nan nan nan
nan nan nan nan
nan nan nan nan
nan nan nan nan
nan nan nan nan
nan nan nan nan
nan nan nan nan
nan nan nan nan
nan nan nan nan
nan nan nan nan
nan nan nan nan
nan nan nan nan
nan nan nan nan
nan nan nan nan
nan nan nan nan
nan nan nan nan
nan nan nan nan
nan nan nan nan
nan nan nan nan
nan nan nan nan
nan nan nan nan
nan nan nan nan
nan nan nan nan
nan nan nan nan
nan nan nan nan
nan nan nan nan
nan nan nan nan
nan nan nan nan
nan nan nan nan
nan nan nan nan
nan nan nan nan
nan nan nan nan
nan nan nan nan
nan nan nan nan
nan nan nan nan
nan nan nan nan
nan nan nan nan
nan nan nan nan
nan nan nan nan
nan nan nan nan
nan nan nan nan
nan nan nan nan
nan nan nan nan
nan nan nan nan
nan nan nan nan
nan nan nan nan
nan nan nan nan
nan nan nan nan
nan nan nan nan
nan nan nan nan
nan nan nan nan
nan nan nan nan
nan nan nan nan
nan nan nan nan
nan nan nan nan
nan nan nan nan
nan nan nan nan
nan nan nan nan
nan nan nan nan
nan nan nan nan
nan nan nan nan
nan nan nan nan
nan nan nan nan
nan nan nan nan
nan nan nan nan
nan nan nan nan
nan nan nan nan
nan nan nan nan
nan nan nan nan
nan nan nan nan
nan nan nan nan
nan nan nan nan
nan nan nan nan
nan nan nan nan
nan nan nan nan
nan nan nan nan
nan nan nan nan
nan nan nan nan
nan nan nan nan
nan nan nan nan
nan nan nan nan
nan nan nan nan
nan nan nan nan
nan nan nan nan
nan nan nan nan
nan nan nan nan
nan nan nan nan
nan nan nan nan
nan nan nan nan
nan nan nan nan
nan nan nan nan
nan nan nan nan
nan nan nan nan
nan nan nan nan
nan nan nan nan
nan nan nan nan
nan nan nan nan
nan nan nan nan
nan nan nan nan
nan nan nan nan
nan nan nan nan
nan nan nan nan
nan nan nan nan
nan nan nan nan
nan nan nan nan
nan nan nan nan
nan nan nan nan
nan nan nan nan
nan nan nan nan
nan nan nan nan
nan nan nan nan
nan nan nan nan
nan nan nan nan
nan nan nan nan
nan nan nan nan
nan nan nan nan
nan nan nan nan
nan nan nan nan
nan nan nan nan
nan nan nan nan
nan nan nan nan
nan nan nan nan
nan nan nan nan
nan nan nan nan
nan nan nan nan
nan nan nan nan
nan nan nan nan
nan nan nan nan
nan nan nan nan
nan nan nan nan
nan nan nan nan
nan nan nan nan
nan nan nan nan
nan nan nan nan
nan nan nan nan
nan nan nan nan
nan nan nan nan
nan nan nan nan
nan nan nan nan
nan nan nan nan
nan nan nan nan
nan nan nan nan
nan nan nan nan
nan nan nan nan
nan nan nan nan
nan nan nan nan
nan nan nan nan
nan nan nan nan
nan nan nan nan
nan nan nan nan
nan nan nan nan
nan nan nan nan
nan nan nan nan
nan nan nan nan
nan nan nan nan
nan nan nan nan
nan nan nan nan
nan nan nan nan
nan nan nan nan
nan nan nan nan
nan nan nan nan
nan nan nan nan
nan nan nan nan
nan nan nan nan
nan nan nan nan
nan nan nan nan
nan nan nan nan
nan nan nan nan
nan nan nan nan
nan nan nan nan
nan nan nan nan
nan nan nan nan
nan nan nan nan
nan nan nan nan
nan nan nan nan
nan nan nan nan
nan nan nan nan
nan nan nan nan
nan nan nan nan
nan nan nan nan
nan nan nan nan
nan nan nan nan
nan nan nan nan
nan nan nan nan
nan nan nan nan
nan nan nan nan
nan nan nan nan
nan nan nan nan
nan nan nan nan
nan nan nan nan
nan nan nan nan
nan nan nan nan
nan nan nan nan
nan nan nan nan
nan nan nan nan
nan nan nan nan
nan nan nan nan
nan nan nan nan
nan nan nan nan
nan nan nan nan
nan nan nan nan
nan nan nan nan
nan nan nan nan
nan nan nan nan
nan nan nan nan
nan nan nan nan
nan nan nan nan
nan nan nan nan
nan nan nan nan
nan nan nan nan
nan nan nan nan
nan nan nan nan
nan nan nan nan
nan nan nan nan
nan nan nan nan
nan nan nan nan
nan nan nan nan
nan nan nan nan
nan nan nan nan
nan nan nan nan
nan nan nan nan
nan nan nan nan
nan nan nan nan
nan nan nan nan
nan nan nan nan
nan nan nan nan
nan nan nan nan
nan nan nan nan
nan nan nan nan
nan nan nan nan
nan nan nan nan
nan nan nan nan
nan nan nan nan
nan nan nan nan
nan nan nan nan
nan nan nan nan
nan nan nan nan
nan nan nan nan
nan nan nan nan
nan nan nan nan
nan nan nan nan
nan nan nan nan
nan nan nan nan
nan nan nan nan
nan nan nan nan
nan nan nan nan
nan nan nan nan
nan nan nan nan
nan nan nan nan
nan nan nan nan
nan nan nan nan
nan nan nan nan
nan nan nan nan
nan nan nan nan
nan nan nan nan
nan nan nan nan
nan nan nan nan
nan nan nan nan
nan nan nan nan
nan nan nan nan
nan nan nan nan
nan nan nan nan
nan nan nan nan
nan nan nan nan
nan nan nan nan
nan nan nan nan
nan nan nan nan
nan nan nan nan
nan nan nan nan
nan nan nan nan
nan nan nan nan
nan nan nan nan
nan nan nan nan
nan nan nan nan
nan nan nan nan
nan nan nan nan
nan nan nan nan
nan nan nan nan
nan nan nan nan
nan nan nan nan
nan nan nan nan
nan nan nan nan
nan nan nan nan
nan nan nan nan
nan nan nan nan
nan nan nan nan
nan nan nan nan
nan nan nan nan
nan nan nan nan
nan nan nan nan
nan nan nan nan
nan nan nan nan
nan nan nan nan
nan nan nan nan
nan nan nan nan
nan nan nan nan
nan nan nan nan
nan nan nan nan
nan nan nan nan
nan nan nan nan
nan nan nan nan
nan nan nan nan
nan nan nan nan
nan nan nan nan
nan nan nan nan
nan nan nan nan
nan nan nan nan
nan nan nan nan
nan nan nan nan
nan nan nan nan
nan nan nan nan
nan nan nan nan
nan nan nan nan
nan nan nan nan
nan nan nan nan
nan nan nan nan
nan nan nan nan
nan nan nan nan
nan nan nan nan
nan nan nan nan
nan nan nan nan
nan nan nan nan
nan nan nan nan
nan nan nan nan
nan nan nan nan
nan nan nan nan
nan nan nan nan
nan nan nan nan
nan nan nan nan
nan nan nan nan
nan nan nan nan
nan nan nan nan
nan nan nan nan
nan nan nan nan
nan nan nan nan
nan nan nan nan
nan nan nan nan
nan nan nan nan
nan nan nan nan
nan nan nan nan
nan nan nan nan
nan nan nan nan
nan nan nan nan
nan nan nan nan
nan nan nan nan
nan nan nan nan
nan nan nan nan
nan nan nan nan
nan nan nan nan
nan nan nan nan
nan nan nan nan
nan nan nan nan
nan nan nan nan
nan nan nan nan
nan nan nan nan
nan nan nan nan
nan nan nan nan
nan nan nan nan
nan nan nan nan
nan nan nan nan
nan nan nan nan
nan nan nan nan
nan nan nan nan
nan nan nan nan
nan nan nan nan
nan nan nan nan
nan nan nan nan
nan nan nan nan
nan nan nan nan
nan nan nan nan
nan nan nan nan
nan nan nan nan
nan nan nan nan
nan nan nan nan
nan nan nan nan
nan nan nan nan
nan nan nan nan
nan nan nan nan
nan nan nan nan
nan nan nan nan
nan nan nan nan
nan nan nan nan
nan nan nan nan
nan nan nan nan
nan nan nan nan
nan nan nan nan
nan nan nan nan
nan nan nan nan
nan nan nan nan
nan nan nan nan
nan nan nan nan
nan nan nan nan
nan nan nan nan
nan nan nan nan
nan nan nan nan
nan nan nan nan
nan nan nan nan
nan nan nan nan
nan nan nan nan
nan nan nan nan
nan nan nan nan
nan nan nan nan
nan nan nan nan
nan nan nan nan
nan nan nan nan
nan nan nan nan
nan nan nan nan
nan nan nan nan
nan nan nan nan
nan nan nan nan
nan nan nan nan
nan nan nan nan
nan nan nan nan
nan nan nan nan
nan nan nan nan
nan nan nan nan
nan nan nan nan
nan nan nan nan
nan nan nan nan
nan nan nan nan
nan nan nan nan
nan nan nan nan
nan nan nan nan
nan nan nan nan
nan nan nan nan
nan nan nan nan
nan nan nan nan
nan nan nan nan
nan nan nan nan
nan nan nan nan
nan nan nan nan
nan nan nan nan
nan nan nan nan
nan nan nan nan
nan nan nan nan
nan nan nan nan
nan nan nan nan
nan nan nan nan
nan nan nan nan
nan nan nan nan
nan nan nan nan
nan nan nan nan
nan nan nan nan
nan nan nan nan
nan nan nan nan
nan nan nan nan
nan nan nan nan
nan nan nan nan
nan nan nan nan
nan nan nan nan
nan nan nan nan
nan nan nan nan
nan nan nan nan
nan nan nan nan
nan nan nan nan
nan nan nan nan
nan nan nan nan
nan nan nan nan
nan nan nan nan
nan nan nan nan
nan nan nan nan
nan nan nan nan
nan nan nan nan
nan nan nan nan
nan nan nan nan
nan nan nan nan
nan nan nan nan
nan nan nan nan
nan nan nan nan
nan nan nan nan
nan nan nan nan
nan nan nan nan
nan nan nan nan
nan nan nan nan
nan nan nan nan
nan nan nan nan
nan nan nan nan
nan nan nan nan
nan nan nan nan
nan nan nan nan
nan nan nan nan
nan nan nan nan
nan nan nan nan
nan nan nan nan
nan nan nan nan
nan nan nan nan
nan nan nan nan
nan nan nan nan
nan nan nan nan
nan nan nan nan
nan nan nan nan
nan nan nan nan
nan nan nan nan
nan nan nan nan
nan nan nan nan
nan nan nan nan
nan nan nan nan
nan nan nan nan
nan nan nan nan
nan nan nan nan
nan nan nan nan
nan nan nan nan
nan nan nan nan
nan nan nan nan
nan nan nan nan
nan nan nan nan
nan nan nan nan
nan nan nan nan
nan nan nan nan
nan nan nan nan
nan nan nan nan
nan nan nan nan
nan nan nan nan
nan nan nan nan
nan nan nan nan
nan nan nan nan
nan nan nan nan
nan nan nan nan
nan nan nan nan
nan nan nan nan
nan nan nan nan
nan nan nan nan
nan nan nan nan
nan nan nan nan
nan nan nan nan
nan nan nan nan
nan nan nan nan
nan nan nan nan
nan nan nan nan
nan nan nan nan
nan nan nan nan
nan nan nan nan
nan nan nan nan
nan nan nan nan
nan nan nan nan
nan nan nan nan
nan nan nan nan
nan nan nan nan
nan nan nan nan
nan nan nan nan
nan nan nan nan
nan nan nan nan
nan nan nan nan
nan nan nan nan
nan nan nan nan
nan nan nan nan
nan nan nan nan
nan nan nan nan
nan nan nan nan
nan nan nan nan
nan nan nan nan
nan nan nan nan
nan nan nan nan
nan nan nan nan
nan nan nan nan
nan nan nan nan
nan nan nan nan
nan nan nan nan
nan nan nan nan
nan nan nan nan
nan nan nan nan
nan nan nan nan
nan nan nan nan
nan nan nan nan
nan nan nan nan
nan nan nan nan
nan nan nan nan
nan nan nan nan
nan nan nan nan
nan nan nan nan
nan nan nan nan
nan nan nan nan
nan nan nan nan
nan nan nan nan
nan nan nan nan
nan nan nan nan
nan nan nan nan
nan nan nan nan
nan nan nan nan
nan nan nan nan
nan nan nan nan
nan nan nan nan
nan nan nan nan
nan nan nan nan
nan nan nan nan
nan nan nan nan
nan nan nan nan
nan nan nan nan
nan nan nan nan
nan nan nan nan
nan nan nan nan
nan nan nan nan
nan nan nan nan
nan nan nan nan
nan nan nan nan
nan nan nan nan
nan nan nan nan
nan nan nan nan
nan nan nan nan
nan nan nan nan
nan nan nan nan
nan nan nan nan
nan nan nan nan
nan nan nan nan
nan nan nan nan
nan nan nan nan
nan nan nan nan
nan nan nan nan
nan nan nan nan
nan nan nan nan
nan nan nan nan
nan nan nan nan
nan nan nan nan
nan nan nan nan
nan nan nan nan
nan nan nan nan
nan nan nan nan
nan nan nan nan
nan nan nan nan
nan nan nan nan
nan nan nan nan
nan nan nan nan
nan nan nan nan
nan nan nan nan
nan nan nan nan
nan nan nan nan
nan nan nan nan
nan nan nan nan
nan nan nan nan
nan nan nan nan
nan nan nan nan
nan nan nan nan
nan nan nan nan
nan nan nan nan
nan nan nan nan
nan nan nan nan
nan nan nan nan
nan nan nan nan
nan nan nan nan
nan nan nan nan
nan nan nan nan
nan nan nan nan
nan nan nan nan
nan nan nan nan
nan nan nan nan
nan nan nan nan
nan nan nan nan
nan nan nan nan
nan nan nan nan
nan nan nan nan
nan nan nan nan
nan nan nan nan
nan nan nan nan
nan nan nan nan
nan nan nan nan
nan nan nan nan
nan nan nan nan
nan nan nan nan
nan nan nan nan
nan nan nan nan
nan nan nan nan
nan nan nan nan
nan nan nan nan
nan nan nan nan
nan nan nan nan
nan nan nan nan
nan nan nan nan
nan nan nan nan
nan nan nan nan
nan nan nan nan
nan nan nan nan
nan nan nan nan
nan nan nan nan
nan nan nan nan
nan nan nan nan
nan nan nan nan
nan nan nan nan
nan nan nan nan
nan nan nan nan
nan nan nan nan
nan nan nan nan
nan nan nan nan
nan nan nan nan
nan nan nan nan
nan nan nan nan
nan nan nan nan
nan nan nan nan
nan nan nan nan
nan nan nan nan
nan nan nan nan
nan nan nan nan
nan nan nan nan
nan nan nan nan
nan nan nan nan
nan nan nan nan
nan nan nan nan
nan nan nan nan
nan nan nan nan
nan nan nan nan
nan nan nan nan
nan nan nan nan
nan nan nan nan
nan nan nan nan
nan nan nan nan
nan nan nan nan
nan nan nan nan
nan nan nan nan
nan nan nan nan
nan nan nan nan
nan nan nan nan
nan nan nan nan
nan nan nan nan
nan nan nan nan
nan nan nan nan
nan nan nan nan
nan nan nan nan
nan nan nan nan
nan nan nan nan
nan nan nan nan
nan nan nan nan
nan nan nan nan
nan nan nan nan
nan nan nan nan
nan nan nan nan
nan nan nan nan
nan nan nan nan
nan nan nan nan
nan nan nan nan
nan nan nan nan
nan nan nan nan
nan nan nan nan
nan nan nan nan
nan nan nan nan
nan nan nan nan
nan nan nan nan
nan nan nan nan
nan nan nan nan
nan nan nan nan
nan nan nan nan
nan nan nan nan
nan nan nan nan
nan nan nan nan
nan nan nan nan
nan nan nan nan
nan nan nan nan
nan nan nan nan
nan nan nan nan
nan nan nan nan
nan nan nan nan
nan nan nan nan
nan nan nan nan
nan nan nan nan
nan nan nan nan
nan nan nan nan
nan nan nan nan
nan nan nan nan
nan nan nan nan
nan nan nan nan
nan nan nan nan
nan nan nan nan
nan nan nan nan
nan nan nan nan
nan nan nan nan
nan nan nan nan
nan nan nan nan
nan nan nan nan
nan nan nan nan
nan nan nan nan
nan nan nan nan
nan nan nan nan
nan nan nan nan
nan nan nan nan
nan nan nan nan
nan nan nan nan
nan nan nan nan
nan nan nan nan
nan nan nan nan
nan nan nan nan
nan nan nan nan
nan nan nan nan
nan nan nan nan
nan nan nan nan
nan nan nan nan
nan nan nan nan
nan nan nan nan
nan nan nan nan
nan nan nan nan
nan nan nan nan
nan nan nan nan
nan nan nan nan
nan nan nan nan
nan nan nan nan
nan nan nan nan
nan nan nan nan
nan nan nan nan
nan nan nan nan
nan nan nan nan
nan nan nan nan
nan nan nan nan
nan nan nan nan
nan nan nan nan
nan nan nan nan
nan nan nan nan
nan nan nan nan
nan nan nan nan
nan nan nan nan
nan nan nan nan
nan nan nan nan
nan nan nan nan
nan nan nan nan
nan nan nan nan
nan nan nan nan
nan nan nan nan
nan nan nan nan
nan nan nan nan
nan nan nan nan
nan nan nan nan
nan nan nan nan
nan nan nan nan
nan nan nan nan
nan nan nan nan
nan nan nan nan
nan nan nan nan
nan nan nan nan
nan nan nan nan
nan nan nan nan
nan nan nan nan
nan nan nan nan
nan nan nan nan
nan nan nan nan
nan nan nan nan
nan nan nan nan
nan nan nan nan
nan nan nan nan
nan nan nan nan
nan nan nan nan
nan nan nan nan
nan nan nan nan
nan nan nan nan
nan nan nan nan
nan nan nan nan
nan nan nan nan
nan nan nan nan
nan nan nan nan
nan nan nan nan
nan nan nan nan
nan nan nan nan
nan nan nan nan
nan nan nan nan
nan nan nan nan
nan nan nan nan
nan nan nan nan
nan nan nan nan
nan nan nan nan
nan nan nan nan
nan nan nan nan
nan nan nan nan
nan nan nan nan
nan nan nan nan
nan nan nan nan
nan nan nan nan
nan nan nan nan
nan nan nan nan
nan nan nan nan
nan nan nan nan
nan nan nan nan
nan nan nan nan
nan nan nan nan
nan nan nan nan
nan nan nan nan
nan nan nan nan
nan nan nan nan
nan nan nan nan
nan nan nan nan
nan nan nan nan
nan nan nan nan
nan nan nan nan
nan nan nan nan
nan nan nan nan
nan nan nan nan
nan nan nan nan
nan nan nan nan
nan nan nan nan
nan nan nan nan
nan nan nan nan
nan nan nan nan
nan nan nan nan
nan nan nan nan
nan nan nan nan
nan nan nan nan
nan nan nan nan
nan nan nan nan
nan nan nan nan
nan nan nan nan
nan nan nan nan
nan nan nan nan
nan nan nan nan
nan nan nan nan
nan nan nan nan
nan nan nan nan
nan nan nan nan
nan nan nan nan
nan nan nan nan
nan nan nan nan
nan nan nan nan
nan nan nan nan
nan nan nan nan
nan nan nan nan
nan nan nan nan
nan nan nan nan
nan nan nan nan
nan nan nan nan
nan nan nan nan
nan nan nan nan
nan nan nan nan
nan nan nan nan
nan nan nan nan
nan nan nan nan
nan nan nan nan
nan nan nan nan
nan nan nan nan
nan nan nan nan
nan nan nan nan
nan nan nan nan
nan nan nan nan
nan nan nan nan
nan nan nan nan
nan nan nan nan
nan nan nan nan
nan nan nan nan
nan nan nan nan
nan nan nan nan
nan nan nan nan
nan nan nan nan
nan nan nan nan
nan nan nan nan
nan nan nan nan
nan nan nan nan
nan nan nan nan
nan nan nan nan
nan nan nan nan
nan nan nan nan
nan nan nan nan
nan nan nan nan
nan nan nan nan
nan nan nan nan
nan nan nan nan
nan nan nan nan
nan nan nan nan
nan nan nan nan
nan nan nan nan
nan nan nan nan
nan nan nan nan
nan nan nan nan
nan nan nan nan
nan nan nan nan
nan nan nan nan
nan nan nan nan
nan nan nan nan
nan nan nan nan
nan nan nan nan
nan nan nan nan
nan nan nan nan
nan nan nan nan
nan nan nan nan
nan nan nan nan
nan nan nan nan
nan nan nan nan
nan nan nan nan
nan nan nan nan
nan nan nan nan
nan nan nan nan
nan nan nan nan
nan nan nan nan
nan nan nan nan
nan nan nan nan
nan nan nan nan
nan nan nan nan
nan nan nan nan
nan nan nan nan
nan nan nan nan
nan nan nan nan
nan nan nan nan
nan nan nan nan
nan nan nan nan
nan nan nan nan
nan nan nan nan
nan nan nan nan
nan nan nan nan
nan nan nan nan
nan nan nan nan
nan nan nan nan
nan nan nan nan
nan nan nan nan
nan nan nan nan
nan nan nan nan
nan nan nan nan
nan nan nan nan
nan nan nan nan
nan nan nan nan
nan nan nan nan
nan nan nan nan
nan nan nan nan
nan nan nan nan
nan nan nan nan
nan nan nan nan
nan nan nan nan
nan nan nan nan
nan nan nan nan
nan nan nan nan
nan nan nan nan
nan nan nan nan
nan nan nan nan
nan nan nan nan
nan nan nan nan
nan nan nan nan
nan nan nan nan
nan nan nan nan
nan nan nan nan
nan nan nan nan
nan nan nan nan
nan nan nan nan
nan nan nan nan
nan nan nan nan
nan nan nan nan
nan nan nan nan
nan nan nan nan
nan nan nan nan
nan nan nan nan
nan nan nan nan
nan nan nan nan
nan nan nan nan
nan nan nan nan
nan nan nan nan
nan nan nan nan
nan nan nan nan
nan nan nan nan
nan nan nan nan
nan nan nan nan
nan nan nan nan
nan nan nan nan
nan nan nan nan
nan nan nan nan
nan nan nan nan
nan nan nan nan
nan nan nan nan
nan nan nan nan
nan nan nan nan
nan nan nan nan
nan nan nan nan
nan nan nan nan
nan nan nan nan
nan nan nan nan
nan nan nan nan
nan nan nan nan
nan nan nan nan
nan nan nan nan
nan nan nan nan
nan nan nan nan
nan nan nan nan
nan nan nan nan
nan nan nan nan
nan nan nan nan
nan nan nan nan
nan nan nan nan
nan nan nan nan
nan nan nan nan
nan nan nan nan
nan nan nan nan
nan nan nan nan
nan nan nan nan
nan nan nan nan
nan nan nan nan
nan nan nan nan
nan nan nan nan
nan nan nan nan
nan nan nan nan
nan nan nan nan
nan nan nan nan
nan nan nan nan
nan nan nan nan
nan nan nan nan
nan nan nan nan
nan nan nan nan
nan nan nan nan
nan nan nan nan
nan nan nan nan
nan nan nan nan
nan nan nan nan
nan nan nan nan
nan nan nan nan
nan nan nan nan
nan nan nan nan
nan nan nan nan
nan nan nan nan
nan nan nan nan
nan nan nan nan
nan nan nan nan
nan nan nan nan
nan nan nan nan
nan nan nan nan
nan nan nan nan
nan nan nan nan
nan nan nan nan
nan nan nan nan
nan nan nan nan
nan nan nan nan
nan nan nan nan
nan nan nan nan
nan nan nan nan
nan nan nan nan
nan nan nan nan
nan nan nan nan
nan nan nan nan
nan nan nan nan
nan nan nan nan
nan nan nan nan
nan nan nan nan
nan nan nan nan
nan nan nan nan
nan nan nan nan
nan nan nan nan
nan nan nan nan
nan nan nan nan
nan nan nan nan
nan nan nan nan
nan nan nan nan
nan nan nan nan
nan nan nan nan
nan nan nan nan
nan nan nan nan
nan nan nan nan
nan nan nan nan
nan nan nan nan
nan nan nan nan
nan nan nan nan
nan nan nan nan
nan nan nan nan
nan nan nan nan
nan nan nan nan
nan nan nan nan
nan nan nan nan
nan nan nan nan
nan nan nan nan
nan nan nan nan
nan nan nan nan
nan nan nan nan
nan nan nan nan
nan nan nan nan
nan nan nan nan
nan nan nan nan
nan nan nan nan
nan nan nan nan
nan nan nan nan
nan nan nan nan
nan nan nan nan
nan nan nan nan
nan nan nan nan
nan nan nan nan
nan nan nan nan
nan nan nan nan
nan nan nan nan
nan nan nan nan
nan nan nan nan
nan nan nan nan
nan nan nan nan
nan nan nan nan
nan nan nan nan
nan nan nan nan
nan nan nan nan
nan nan nan nan
nan nan nan nan
nan nan nan nan
nan nan nan nan
nan nan nan nan
nan nan nan nan
nan nan nan nan
nan nan nan nan
nan nan nan nan
nan nan nan nan
nan nan nan nan
nan nan nan nan
nan nan nan nan
nan nan nan nan
nan nan nan nan
nan nan nan nan
nan nan nan nan
nan nan nan nan
nan nan nan nan
nan nan nan nan
nan nan nan nan
nan nan nan nan
nan nan nan nan
nan nan nan nan
nan nan nan nan
nan nan nan nan
nan nan nan nan
nan nan nan nan
nan nan nan nan
nan nan nan nan
nan nan nan nan
nan nan nan nan
nan nan nan nan
nan nan nan nan
nan nan nan nan
nan nan nan nan
nan nan nan nan
nan nan nan nan
nan nan nan nan
nan nan nan nan
nan nan nan nan
nan nan nan nan
nan nan nan nan
nan nan nan nan
nan nan nan nan
nan nan nan nan
nan nan nan nan
nan nan nan nan
nan nan nan nan
nan nan nan nan
nan nan nan nan
nan nan nan nan
nan nan nan nan
nan nan nan nan
nan nan nan nan
nan nan nan nan
nan nan nan nan
nan nan nan nan
nan nan nan nan
nan nan nan nan
nan nan nan nan
nan nan nan nan
nan nan nan nan
nan nan nan nan
nan nan nan nan
nan nan nan nan
nan nan nan nan
nan nan nan nan
nan nan nan nan
nan nan nan nan
nan nan nan nan
nan nan nan nan
nan nan nan nan
nan nan nan nan
nan nan nan nan
nan nan nan nan
nan nan nan nan
nan nan nan nan
nan nan nan nan
nan nan nan nan
nan nan nan nan
nan nan nan nan
nan nan nan nan
nan nan nan nan
nan nan nan nan
nan nan nan nan
nan nan nan nan
nan nan nan nan
nan nan nan nan
nan nan nan nan
nan nan nan nan
nan nan nan nan
nan nan nan nan
nan nan nan nan
nan nan nan nan
nan nan nan nan
nan nan nan nan
nan nan nan nan
nan nan nan nan
nan nan nan nan
nan nan nan nan
nan nan nan nan
nan nan nan nan
nan nan nan nan
nan nan nan nan
nan nan nan nan
nan nan nan nan
nan nan nan nan
nan nan nan nan
nan nan nan nan
nan nan nan nan
nan nan nan nan
nan nan nan nan
nan nan nan nan
nan nan nan nan
nan nan nan nan
nan nan nan nan
nan nan nan nan
nan nan nan nan
nan nan nan nan
nan nan nan nan
nan nan nan nan
nan nan nan nan
nan nan nan nan
nan nan nan nan
nan nan nan nan
nan nan nan nan
nan nan nan nan
nan nan nan nan
nan nan nan nan
nan nan nan nan
nan nan nan nan
nan nan nan nan
nan nan nan nan
nan nan nan nan
nan nan nan nan
nan nan nan nan
nan nan nan nan
nan nan nan nan
nan nan nan nan
nan nan nan nan
nan nan nan nan
nan nan nan nan
nan nan nan nan
nan nan nan nan
nan nan nan nan
nan nan nan nan
nan nan nan nan
nan nan nan nan
nan nan nan nan
nan nan nan nan
nan nan nan nan
nan nan nan nan
nan nan nan nan
nan nan nan nan
nan nan nan nan
nan nan nan nan
nan nan nan nan
nan nan nan nan
nan nan nan nan
nan nan nan nan
nan nan nan nan
nan nan nan nan
nan nan nan nan
nan nan nan nan
nan nan nan nan
nan nan nan nan
nan nan nan nan
nan nan nan nan
nan nan nan nan
nan nan nan nan
nan nan nan nan
nan nan nan nan
nan nan nan nan
nan nan nan nan
nan nan nan nan
nan nan nan nan
nan nan nan nan
nan nan nan nan
nan nan nan nan
nan nan nan nan
nan nan nan nan
nan nan nan nan
nan nan nan nan
nan nan nan nan
nan nan nan nan
nan nan nan nan
nan nan nan nan
nan nan nan nan
nan nan nan nan
nan nan nan nan
nan nan nan nan
nan nan nan nan
nan nan nan nan
nan nan nan nan
nan nan nan nan
nan nan nan nan
nan nan nan nan
nan nan nan nan
nan nan nan nan
nan nan nan nan
nan nan nan nan
nan nan nan nan
nan nan nan nan
nan nan nan nan
nan nan nan nan
nan nan nan nan
nan nan nan nan
nan nan nan nan
nan nan nan nan
nan nan nan nan
nan nan nan nan
nan nan nan nan
nan nan nan nan
nan nan nan nan
nan nan nan nan
nan nan nan nan
nan nan nan nan
nan nan nan nan
nan nan nan nan
nan nan nan nan
nan nan nan nan
nan nan nan nan
nan nan nan nan
nan nan nan nan
nan nan nan nan
nan nan nan nan
nan nan nan nan
nan nan nan nan
nan nan nan nan
nan nan nan nan
nan nan nan nan
nan nan nan nan
nan nan nan nan
nan nan nan nan
nan nan nan nan
nan nan nan nan
nan nan nan nan
nan nan nan nan
nan nan nan nan
nan nan nan nan
nan nan nan nan
nan nan nan nan
nan nan nan nan
nan nan nan nan
nan nan nan nan
nan nan nan nan
nan nan nan nan
nan nan nan nan
nan nan nan nan
nan nan nan nan
nan nan nan nan
nan nan nan nan
nan nan nan nan
nan nan nan nan
nan nan nan nan
nan nan nan nan
nan nan nan nan
nan nan nan nan
nan nan nan nan
nan nan nan nan
nan nan nan nan
nan nan nan nan
nan nan nan nan
nan nan nan nan
nan nan nan nan
nan nan nan nan
nan nan nan nan
nan nan nan nan
nan nan nan nan
nan nan nan nan
nan nan nan nan
nan nan nan nan
nan nan nan nan
nan nan nan nan
nan nan nan nan
nan nan nan nan
nan nan nan nan
nan nan nan nan
nan nan nan nan
nan nan nan nan
nan nan nan nan
nan nan nan nan
nan nan nan nan
nan nan nan nan
nan nan nan nan
nan nan nan nan
nan nan nan nan
nan nan nan nan
nan nan nan nan
nan nan nan nan
nan nan nan nan
nan nan nan nan
nan nan nan nan
nan nan nan nan
nan nan nan nan
nan nan nan nan
nan nan nan nan
nan nan nan nan
nan nan nan nan
nan nan nan nan
nan nan nan nan
nan nan nan nan
nan nan nan nan
nan nan nan nan
nan nan nan nan
nan nan nan nan
nan nan nan nan
nan nan nan nan
nan nan nan nan
nan nan nan nan
nan nan nan nan
nan nan nan nan
nan nan nan nan
nan nan nan nan
nan nan nan nan
nan nan nan nan
nan nan nan nan
nan nan nan nan
nan nan nan nan
nan nan nan nan
nan nan nan nan
nan nan nan nan
nan nan nan nan
nan nan nan nan
nan nan nan nan
nan nan nan nan
nan nan nan nan
nan nan nan nan
nan nan nan nan
nan nan nan nan
nan nan nan nan
nan nan nan nan
nan nan nan nan
nan nan nan nan
nan nan nan nan
nan nan nan nan
nan nan nan nan
nan nan nan nan
nan nan nan nan
nan nan nan nan
nan nan nan nan
nan nan nan nan
nan nan nan nan
nan nan nan nan
nan nan nan nan
nan nan nan nan
nan nan nan nan
nan nan nan nan
nan nan nan nan
nan nan nan nan
nan nan nan nan
nan nan nan nan
nan nan nan nan
nan nan nan nan
nan nan nan nan
nan nan nan nan
nan nan nan nan
nan nan nan nan
nan nan nan nan
nan nan nan nan
nan nan nan nan
nan nan nan nan
nan nan nan nan
nan nan nan nan
nan nan nan nan
nan nan nan nan
nan nan nan nan
nan nan nan nan
nan nan nan nan
nan nan nan nan
nan nan nan nan
nan nan nan nan
nan nan nan nan
nan nan nan nan
nan nan nan nan
nan nan nan nan
nan nan nan nan
nan nan nan nan
nan nan nan nan
nan nan nan nan
nan nan nan nan
nan nan nan nan
nan nan nan nan
nan nan nan nan
nan nan nan nan
nan nan nan nan
nan nan nan nan
nan nan nan nan
nan nan nan nan
nan nan nan nan
nan nan nan nan
nan nan nan nan
nan nan nan nan
nan nan nan nan
nan nan nan nan
nan nan nan nan
nan nan nan nan
nan nan nan nan
nan nan nan nan
nan nan nan nan
nan nan nan nan
nan nan nan nan
nan nan nan nan
nan nan nan nan
nan nan nan nan
nan nan nan nan
nan nan nan nan
nan nan nan nan
nan nan nan nan
nan nan nan nan
nan nan nan nan
nan nan nan nan
nan nan nan nan
nan nan nan nan
nan nan nan nan
nan nan nan nan
nan nan nan nan
nan nan nan nan
nan nan nan nan
nan nan nan nan
nan nan nan nan
nan nan nan nan
nan nan nan nan
nan nan nan nan
nan nan nan nan
nan nan nan nan
nan nan nan nan
nan nan nan nan
nan nan nan nan
nan nan nan nan
nan nan nan nan
nan nan nan nan
nan nan nan nan
nan nan nan nan
nan nan nan nan
nan nan nan nan
nan nan nan nan
nan nan nan nan
nan nan nan nan
nan nan nan nan
nan nan nan nan
nan nan nan nan
nan nan nan nan
nan nan nan nan
nan nan nan nan
nan nan nan nan
nan nan nan nan
nan nan nan nan
nan nan nan nan
nan nan nan nan
nan nan nan nan
nan nan nan nan
nan nan nan nan
nan nan nan nan
nan nan nan nan
nan nan nan nan
nan nan nan nan
nan nan nan nan
nan nan nan nan
nan nan nan nan
nan nan nan nan
nan nan nan nan
nan nan nan nan
nan nan nan nan
nan nan nan nan
nan nan nan nan
nan nan nan nan
nan nan nan nan
nan nan nan nan
nan nan nan nan
nan nan nan nan
nan nan nan nan
nan nan nan nan
nan nan nan nan
nan nan nan nan
nan nan nan nan
nan nan nan nan
nan nan nan nan
nan nan nan nan
nan nan nan nan
nan nan nan nan
nan nan nan nan
nan nan nan nan
nan nan nan nan
nan nan nan nan
nan nan nan nan
nan nan nan nan
nan nan nan nan
nan nan nan nan
nan nan nan nan
nan nan nan nan
nan nan nan nan
nan nan nan nan
nan nan nan nan
nan nan nan nan
nan nan nan nan
nan nan nan nan
nan nan nan nan
nan nan nan nan
nan nan nan nan
nan nan nan nan
nan nan nan nan
nan nan nan nan
nan nan nan nan
nan nan nan nan
nan nan nan nan
nan nan nan nan
nan nan nan nan
nan nan nan nan
nan nan nan nan
nan nan nan nan
nan nan nan nan
nan nan nan nan
nan nan nan nan
nan nan nan nan
nan nan nan nan
nan nan nan nan
nan nan nan nan
nan nan nan nan
nan nan nan nan
nan nan nan nan
nan nan nan nan
nan nan nan nan
nan nan nan nan
nan nan nan nan
nan nan nan nan
nan nan nan nan
nan nan nan nan
nan nan nan nan
nan nan nan nan
nan nan nan nan
nan nan nan nan
nan nan nan nan
nan nan nan nan
nan nan nan nan
nan nan nan nan
nan nan nan nan
nan nan nan nan
nan nan nan nan
nan nan nan nan
nan nan nan nan
nan nan nan nan
nan nan nan nan
nan nan nan nan
nan nan nan nan
nan nan nan nan
nan nan nan nan
nan nan nan nan
nan nan nan nan
nan nan nan nan
nan nan nan nan
nan nan nan nan
nan nan nan nan
nan nan nan nan
nan nan nan nan
nan nan nan nan
nan nan nan nan
nan nan nan nan
nan nan nan nan
nan nan nan nan
nan nan nan nan
nan nan nan nan
nan nan nan nan
nan nan nan nan
nan nan nan nan
nan nan nan nan
nan nan nan nan
nan nan nan nan
nan nan nan nan
nan nan nan nan
nan nan nan nan
nan nan nan nan
nan nan nan nan
nan nan nan nan
nan nan nan nan
nan nan nan nan
nan nan nan nan
nan nan nan nan
nan nan nan nan
nan nan nan nan
nan nan nan nan
nan nan nan nan
nan nan nan nan
nan nan nan nan
nan nan nan nan
nan nan nan nan
nan nan nan nan
nan nan nan nan
nan nan nan nan
nan nan nan nan
nan nan nan nan
nan nan nan nan
nan nan nan nan
nan nan nan nan
nan nan nan nan
nan nan nan nan
nan nan nan nan
nan nan nan nan
nan nan nan nan
nan nan nan nan
nan nan nan nan
nan nan nan nan
nan nan nan nan
nan nan nan nan
nan nan nan nan
nan nan nan nan
nan nan nan nan
nan nan nan nan
nan nan nan nan
nan nan nan nan
nan nan nan nan
nan nan nan nan
nan nan nan nan
nan nan nan nan
nan nan nan nan
nan nan nan nan
nan nan nan nan
nan nan nan nan
nan nan nan nan
nan nan nan nan
nan nan nan nan
nan nan nan nan
nan nan nan nan
nan nan nan nan
nan nan nan nan
nan nan nan nan
nan nan nan nan
nan nan nan nan
nan nan nan nan
nan nan nan nan
nan nan nan nan
nan nan nan nan
nan nan nan nan
nan nan nan nan
nan nan nan nan
nan nan nan nan
nan nan nan nan
nan nan nan nan
nan nan nan nan
nan nan nan nan
nan nan nan nan
nan nan nan nan
nan nan nan nan
nan nan nan nan
nan nan nan nan
nan nan nan nan
nan nan nan nan
nan nan nan nan
nan nan nan nan
nan nan nan nan
nan nan nan nan
nan nan nan nan
nan nan nan nan
nan nan nan nan
nan nan nan nan
nan nan nan nan
nan nan nan nan
nan nan nan nan
nan nan nan nan
nan nan nan nan
nan nan nan nan
nan nan nan nan
nan nan nan nan
nan nan nan nan
nan nan nan nan
nan nan nan nan
nan nan nan nan
nan nan nan nan
nan nan nan nan
nan nan nan nan
nan nan nan nan
nan nan nan nan
nan nan nan nan
nan nan nan nan
nan nan nan nan
nan nan nan nan
nan nan nan nan
nan nan nan nan
nan nan nan nan
nan nan nan nan
nan nan nan nan
nan nan nan nan
nan nan nan nan
nan nan nan nan
nan nan nan nan
nan nan nan nan
nan nan nan nan
nan nan nan nan
nan nan nan nan
nan nan nan nan
nan nan nan nan
nan nan nan nan
nan nan nan nan
nan nan nan nan
nan nan nan nan
nan nan nan nan
nan nan nan nan
nan nan nan nan
nan nan nan nan
nan nan nan nan
nan nan nan nan
nan nan nan nan
nan nan nan nan
nan nan nan nan
nan nan nan nan
nan nan nan nan
nan nan nan nan
nan nan nan nan
nan nan nan nan
nan nan nan nan
nan nan nan nan
nan nan nan nan
nan nan nan nan
nan nan nan nan
nan nan nan nan
nan nan nan nan
nan nan nan nan
nan nan nan nan
nan nan nan nan
nan nan nan nan
nan nan nan nan
nan nan nan nan
nan nan nan nan
nan nan nan nan
nan nan nan nan
nan nan nan nan
nan nan nan nan
nan nan nan nan
nan nan nan nan
nan nan nan nan
nan nan nan nan
nan nan nan nan
nan nan nan nan
nan nan nan nan
nan nan nan nan
nan nan nan nan
nan nan nan nan
nan nan nan nan
nan nan nan nan
nan nan nan nan
nan nan nan nan
nan nan nan nan
nan nan nan nan
nan nan nan nan
nan nan nan nan
nan nan nan nan
nan nan nan nan
nan nan nan nan
nan nan nan nan
nan nan nan nan
nan nan nan nan
nan nan nan nan
nan nan nan nan
nan nan nan nan
nan nan nan nan
nan nan nan nan
nan nan nan nan
nan nan nan nan
nan nan nan nan
nan nan nan nan
nan nan nan nan
nan nan nan nan
nan nan nan nan
nan nan nan nan
nan nan nan nan
nan nan nan nan
nan nan nan nan
nan nan nan nan
nan nan nan nan
nan nan nan nan
nan nan nan nan
nan nan nan nan
nan nan nan nan
nan nan nan nan
nan nan nan nan
nan nan nan nan
nan nan nan nan
nan nan nan nan
nan nan nan nan
nan nan nan nan
nan nan nan nan
nan nan nan nan
nan nan nan nan
nan nan nan nan
nan nan nan nan
nan nan nan nan
nan nan nan nan
nan nan nan nan
nan nan nan nan
nan nan nan nan
nan nan nan nan
nan nan nan nan
nan nan nan nan
nan nan nan nan
nan nan nan nan
nan nan nan nan
nan nan nan nan
nan nan nan nan
nan nan nan nan
nan nan nan nan
nan nan nan nan
nan nan nan nan
nan nan nan nan
nan nan nan nan
nan nan nan nan
nan nan nan nan
nan nan nan nan
nan nan nan nan
nan nan nan nan
nan nan nan nan
nan nan nan nan
nan nan nan nan
nan nan nan nan
nan nan nan nan
nan nan nan nan
nan nan nan nan
nan nan nan nan
nan nan nan nan
nan nan nan nan
nan nan nan nan
nan nan nan nan
nan nan nan nan
nan nan nan nan
nan nan nan nan
nan nan nan nan
nan nan nan nan
nan nan nan nan
nan nan nan nan
nan nan nan nan
nan nan nan nan
nan nan nan nan
nan nan nan nan
nan nan nan nan
nan nan nan nan
nan nan nan nan
nan nan nan nan
nan nan nan nan
nan nan nan nan
nan nan nan nan
nan nan nan nan
nan nan nan nan
nan nan nan nan
nan nan nan nan
nan nan nan nan
nan nan nan nan
nan nan nan nan
nan nan nan nan
nan nan nan nan
nan nan nan nan
nan nan nan nan
nan nan nan nan
nan nan nan nan
nan nan nan nan
nan nan nan nan
nan nan nan nan
nan nan nan nan
nan nan nan nan
nan nan nan nan
nan nan nan nan
nan nan nan nan
nan nan nan nan
nan nan nan nan
nan nan nan nan
nan nan nan nan
nan nan nan nan
nan nan nan nan
nan nan nan nan
nan nan nan nan
nan nan nan nan
nan nan nan nan
nan nan nan nan
nan nan nan nan
nan nan nan nan
nan nan nan nan
nan nan nan nan
nan nan nan nan
nan nan nan nan
nan nan nan nan
nan nan nan nan
nan nan nan nan
nan nan nan nan
nan nan nan nan
nan nan nan nan
nan nan nan nan
nan nan nan nan
nan nan nan nan
nan nan nan nan
nan nan nan nan
nan nan nan nan
nan nan nan nan
nan nan nan nan
nan nan nan nan
nan nan nan nan
nan nan nan nan
nan nan nan nan
nan nan nan nan
nan nan nan nan
nan nan nan nan
nan nan nan nan
nan nan nan nan
nan nan nan nan
nan nan nan nan
nan nan nan nan
nan nan nan nan
nan nan nan nan
nan nan nan nan
nan nan nan nan
nan nan nan nan
nan nan nan nan
nan nan nan nan
nan nan nan nan
nan nan nan nan
nan nan nan nan
nan nan nan nan
nan nan nan nan
nan nan nan nan
nan nan nan nan
nan nan nan nan
nan nan nan nan
nan nan nan nan
nan nan nan nan
nan nan nan nan
nan nan nan nan
nan nan nan nan
nan nan nan nan
nan nan nan nan
nan nan nan nan
nan nan nan nan
nan nan nan nan
nan nan nan nan
nan nan nan nan
nan nan nan nan
nan nan nan nan
nan nan nan nan
nan nan nan nan
nan nan nan nan
nan nan nan nan
nan nan nan nan
nan nan nan nan
nan nan nan nan
nan nan nan nan
nan nan nan nan
nan nan nan nan
nan nan nan nan
nan nan nan nan
nan nan nan nan
nan nan nan nan
nan nan nan nan
nan nan nan nan
nan nan nan nan
nan nan nan nan
nan nan nan nan
nan nan nan nan
nan nan nan nan
nan nan nan nan
nan nan nan nan
nan nan nan nan
nan nan nan nan
nan nan nan nan
nan nan nan nan
nan nan nan nan
nan nan nan nan
nan nan nan nan
nan nan nan nan
nan nan nan nan
nan nan nan nan
nan nan nan nan
nan nan nan nan
nan nan nan nan
nan nan nan nan
nan nan nan nan
nan nan nan nan
nan nan nan nan
nan nan nan nan
nan nan nan nan
nan nan nan nan
nan nan nan nan
nan nan nan nan
nan nan nan nan
nan nan nan nan
nan nan nan nan
nan nan nan nan
nan nan nan nan
nan nan nan nan
nan nan nan nan
nan nan nan nan
nan nan nan nan
nan nan nan nan
nan nan nan nan
nan nan nan nan
nan nan nan nan
nan nan nan nan
nan nan nan nan
nan nan nan nan
nan nan nan nan
nan nan nan nan
nan nan nan nan
nan nan nan nan
nan nan nan nan
nan nan nan nan
nan nan nan nan
nan nan nan nan
nan nan nan nan
nan nan nan nan
nan nan nan nan
nan nan nan nan
nan nan nan nan
nan nan nan nan
nan nan nan nan
nan nan nan nan
nan nan nan nan
nan nan nan nan
nan nan nan nan
nan nan nan nan
nan nan nan nan
nan nan nan nan
nan nan nan nan
nan nan nan nan
nan nan nan nan
nan nan nan nan
nan nan nan nan
nan nan nan nan
nan nan nan nan
nan nan nan nan
nan nan nan nan
nan nan nan nan
nan nan nan nan
nan nan nan nan
nan nan nan nan
nan nan nan nan
nan nan nan nan
nan nan nan nan
nan nan nan nan
nan nan nan nan
nan nan nan nan
nan nan nan nan
nan nan nan nan
nan nan nan nan
nan nan nan nan
nan nan nan nan
nan nan nan nan
nan nan nan nan
nan nan nan nan
nan nan nan nan
nan nan nan nan
nan nan nan nan
nan nan nan nan
nan nan nan nan
nan nan nan nan
nan nan nan nan
nan nan nan nan
nan nan nan nan
nan nan nan nan
nan nan nan nan
nan nan nan nan
nan nan nan nan
nan nan nan nan
nan nan nan nan
nan nan nan nan
nan nan nan nan
nan nan nan nan
nan nan nan nan
nan nan nan nan
nan nan nan nan
nan nan nan nan
nan nan nan nan
nan nan nan nan
nan nan nan nan
nan nan nan nan
nan nan nan nan
nan nan nan nan
nan nan nan nan
nan nan nan nan
nan nan nan nan
nan nan nan nan
nan nan nan nan
nan nan nan nan
nan nan nan nan
nan nan nan nan
nan nan nan nan
nan nan nan nan
nan nan nan nan
nan nan nan nan
nan nan nan nan
nan nan nan nan
nan nan nan nan
nan nan nan nan
nan nan nan nan
nan nan nan nan
nan nan nan nan
nan nan nan nan
nan nan nan nan
nan nan nan nan
nan nan nan nan
nan nan nan nan
nan nan nan nan
nan nan nan nan
nan nan nan nan
nan nan nan nan
nan nan nan nan
nan nan nan nan
nan nan nan nan
nan nan nan nan
nan nan nan nan
nan nan nan nan
nan nan nan nan
nan nan nan nan
nan nan nan nan
nan nan nan nan
nan nan nan nan
nan nan nan nan
nan nan nan nan
nan nan nan nan
nan nan nan nan
nan nan nan nan
nan nan nan nan
nan nan nan nan
nan nan nan nan
nan nan nan nan
nan nan nan nan
nan nan nan nan
nan nan nan nan
nan nan nan nan
nan nan nan nan
nan nan nan nan
nan nan nan nan
nan nan nan nan
nan nan nan nan
nan nan nan nan
nan nan nan nan
nan nan nan nan
nan nan nan nan
nan nan nan nan
nan nan nan nan
nan nan nan nan
nan nan nan nan
nan nan nan nan
nan nan nan nan
nan nan nan nan
nan nan nan nan
nan nan nan nan
nan nan nan nan
nan nan nan nan
nan nan nan nan
nan nan nan nan
nan nan nan nan
nan nan nan nan
nan nan nan nan
nan nan nan nan
nan nan nan nan
nan nan nan nan
nan nan nan nan
nan nan nan nan
nan nan nan nan
nan nan nan nan
nan nan nan nan
nan nan nan nan
nan nan nan nan
nan nan nan nan
nan nan nan nan
nan nan nan nan
nan nan nan nan
nan nan nan nan
nan nan nan nan
nan nan nan nan
nan nan nan nan
nan nan nan nan
nan nan nan nan
nan nan nan nan
nan nan nan nan
nan nan nan nan
nan nan nan nan
nan nan nan nan
nan nan nan nan
nan nan nan nan
nan nan nan nan
nan nan nan nan
nan nan nan nan
nan nan nan nan
nan nan nan nan
nan nan nan nan
nan nan nan nan
nan nan nan nan
nan nan nan nan
nan nan nan nan
nan nan nan nan
nan nan nan nan
nan nan nan nan
nan nan nan nan
nan nan nan nan
nan nan nan nan
nan nan nan nan
nan nan nan nan
nan nan nan nan
nan nan nan nan
nan nan nan nan
nan nan nan nan
nan nan nan nan
nan nan nan nan
nan nan nan nan
nan nan nan nan
nan nan nan nan
nan nan nan nan
nan nan nan nan
nan nan nan nan
nan nan nan nan
nan nan nan nan
nan nan nan nan
nan nan nan nan
nan nan nan nan
nan nan nan nan
nan nan nan nan
nan nan nan nan
nan nan nan nan
nan nan nan nan
nan nan nan nan
nan nan nan nan
nan nan nan nan
nan nan nan nan
nan nan nan nan
nan nan nan nan
nan nan nan nan
nan nan nan nan
nan nan nan nan
nan nan nan nan
nan nan nan nan
nan nan nan nan
nan nan nan nan
nan nan nan nan
nan nan nan nan
nan nan nan nan
nan nan nan nan
nan nan nan nan
nan nan nan nan
nan nan nan nan
nan nan nan nan
nan nan nan nan
nan nan nan nan
nan nan nan nan
nan nan nan nan
nan nan nan nan
nan nan nan nan
nan nan nan nan
nan nan nan nan
nan nan nan nan
nan nan nan nan
nan nan nan nan
nan nan nan nan
nan nan nan nan
nan nan nan nan
nan nan nan nan
nan nan nan nan
nan nan nan nan
nan nan nan nan
nan nan nan nan
nan nan nan nan
nan nan nan nan
nan nan nan nan
nan nan nan nan
nan nan nan nan
nan nan nan nan
nan nan nan nan
nan nan nan nan
nan nan nan nan
nan nan nan nan
nan nan nan nan
nan nan nan nan
nan nan nan nan
nan nan nan nan
nan nan nan nan
nan nan nan nan
nan nan nan nan
nan nan nan nan
nan nan nan nan
nan nan nan nan
nan nan nan nan
nan nan nan nan
nan nan nan nan
nan nan nan nan
nan nan nan nan
nan nan nan nan
nan nan nan nan
nan nan nan nan
nan nan nan nan
nan nan nan nan
nan nan nan nan
nan nan nan nan
nan nan nan nan
nan nan nan nan
nan nan nan nan
nan nan nan nan
nan nan nan nan
nan nan nan nan
nan nan nan nan
nan nan nan nan
nan nan nan nan
nan nan nan nan
nan nan nan nan
nan nan nan nan
nan nan nan nan
nan nan nan nan
nan nan nan nan
nan nan nan nan
nan nan nan nan
nan nan nan nan
nan nan nan nan
nan nan nan nan
nan nan nan nan
nan nan nan nan
nan nan nan nan
nan nan nan nan
nan nan nan nan
nan nan nan nan
nan nan nan nan
nan nan nan nan
nan nan nan nan
nan nan nan nan
nan nan nan nan
nan nan nan nan
nan nan nan nan
nan nan nan nan
nan nan nan nan
nan nan nan nan
nan nan nan nan
nan nan nan nan
nan nan nan nan
nan nan nan nan
nan nan nan nan
nan nan nan nan
nan nan nan nan
nan nan nan nan
nan nan nan nan
nan nan nan nan
nan nan nan nan
nan nan nan nan
nan nan nan nan
nan nan nan nan
nan nan nan nan
nan nan nan nan
nan nan nan nan
nan nan nan nan
nan nan nan nan
nan nan nan nan
nan nan nan nan
nan nan nan nan
nan nan nan nan
nan nan nan nan
nan nan nan nan
nan nan nan nan
nan nan nan nan
nan nan nan nan
nan nan nan nan
nan nan nan nan
nan nan nan nan
nan nan nan nan
nan nan nan nan
nan nan nan nan
nan nan nan nan
nan nan nan nan
nan nan nan nan
nan nan nan nan
nan nan nan nan
nan nan nan nan
nan nan nan nan
nan nan nan nan
nan nan nan nan
nan nan nan nan
nan nan nan nan
nan nan nan nan
nan nan nan nan
nan nan nan nan
nan nan nan nan
nan nan nan nan
nan nan nan nan
nan nan nan nan
nan nan nan nan
nan nan nan nan
nan nan nan nan
nan nan nan nan
nan nan nan nan
nan nan nan nan
nan nan nan nan
nan nan nan nan
nan nan nan nan
nan nan nan nan
nan nan nan nan
nan nan nan nan
nan nan nan nan
nan nan nan nan
nan nan nan nan
nan nan nan nan
nan nan nan nan
nan nan nan nan
nan nan nan nan
nan nan nan nan
nan nan nan nan
nan nan nan nan
nan nan nan nan
nan nan nan nan
nan nan nan nan
nan nan nan nan
nan nan nan nan
nan nan nan nan
nan nan nan nan
nan nan nan nan
nan nan nan nan
nan nan nan nan
nan nan nan nan
nan nan nan nan
nan nan nan nan
nan nan nan nan
nan nan nan nan
nan nan nan nan
nan nan nan nan
nan nan nan nan
nan nan nan nan
nan nan nan nan
nan nan nan nan
nan nan nan nan
nan nan nan nan
nan nan nan nan
nan nan nan nan
nan nan nan nan
nan nan nan nan
nan nan nan nan
nan nan nan nan
nan nan nan nan
nan nan nan nan
nan nan nan nan
nan nan nan nan
nan nan nan nan
nan nan nan nan
nan nan nan nan
nan nan nan nan
nan nan nan nan
nan nan nan nan
nan nan nan nan
nan nan nan nan
nan nan nan nan
nan nan nan nan
nan nan nan nan
nan nan nan nan
nan nan nan nan
nan nan nan nan
nan nan nan nan
nan nan nan nan
nan nan nan nan
nan nan nan nan
nan nan nan nan
nan nan nan nan
nan nan nan nan
nan nan nan nan
nan nan nan nan
nan nan nan nan
nan nan nan nan
nan nan nan nan
nan nan nan nan
nan nan nan nan
nan nan nan nan
nan nan nan nan
nan nan nan nan
nan nan nan nan
nan nan nan nan
nan nan nan nan
nan nan nan nan
nan nan nan nan
nan nan nan nan
nan nan nan nan
nan nan nan nan
nan nan nan nan
nan nan nan nan
nan nan nan nan
nan nan nan nan
nan nan nan nan
nan nan nan nan
nan nan nan nan
nan nan nan nan
nan nan nan nan
nan nan nan nan
nan nan nan nan
nan nan nan nan
nan nan nan nan
nan nan nan nan
nan nan nan nan
nan nan nan nan
nan nan nan nan
nan nan nan nan
nan nan nan nan
nan nan nan nan
nan nan nan nan
nan nan nan nan
nan nan nan nan
nan nan nan nan
nan nan nan nan
nan nan nan nan
nan nan nan nan
nan nan nan nan
nan nan nan nan
nan nan nan nan
nan nan nan nan
nan nan nan nan
nan nan nan nan
nan nan nan nan
nan nan nan nan
nan nan nan nan
nan nan nan nan
nan nan nan nan
nan nan nan nan
nan nan nan nan
nan nan nan nan
nan nan nan nan
nan nan nan nan
nan nan nan nan
nan nan nan nan
nan nan nan nan
nan nan nan nan
nan nan nan nan
nan nan nan nan
nan nan nan nan
nan nan nan nan
nan nan nan nan
nan nan nan nan
nan nan nan nan
nan nan nan nan
nan nan nan nan
nan nan nan nan
nan nan nan nan
nan nan nan nan
nan nan nan nan
nan nan nan nan
nan nan nan nan
nan nan nan nan
nan nan nan nan
nan nan nan nan
nan nan nan nan
nan nan nan nan
nan nan nan nan
nan nan nan nan
nan nan nan nan
nan nan nan nan
nan nan nan nan
nan nan nan nan
nan nan nan nan
nan nan nan nan
nan nan nan nan
nan nan nan nan
nan nan nan nan
nan nan nan nan
nan nan nan nan
nan nan nan nan
nan nan nan nan
nan nan nan nan
nan nan nan nan
nan nan nan nan
nan nan nan nan
nan nan nan nan
nan nan nan nan
nan nan nan nan
nan nan nan nan
nan nan nan nan
nan nan nan nan
nan nan nan nan
nan nan nan nan
nan nan nan nan
nan nan nan nan
nan nan nan nan
nan nan nan nan
nan nan nan nan
nan nan nan nan
nan nan nan nan
nan nan nan nan
nan nan nan nan
nan nan nan nan
nan nan nan nan
nan nan nan nan
nan nan nan nan
nan nan nan nan
nan nan nan nan
nan nan nan nan
nan nan nan nan
nan nan nan nan
nan nan nan nan
nan nan nan nan
nan nan nan nan
nan nan nan nan
nan nan nan nan
nan nan nan nan
nan nan nan nan
nan nan nan nan
nan nan nan nan
nan nan nan nan
nan nan nan nan
nan nan nan nan
nan nan nan nan
nan nan nan nan
nan nan nan nan
nan nan nan nan
nan nan nan nan
nan nan nan nan
nan nan nan nan
nan nan nan nan
nan nan nan nan
nan nan nan nan
nan nan nan nan
nan nan nan nan
nan nan nan nan
nan nan nan nan
nan nan nan nan
nan nan nan nan
nan nan nan nan
nan nan nan nan
nan nan nan nan
nan nan nan nan
nan nan nan nan
nan nan nan nan
nan nan nan nan
nan nan nan nan
nan nan nan nan
nan nan nan nan
nan nan nan nan
nan nan nan nan
nan nan nan nan
nan nan nan nan
nan nan nan nan
nan nan nan nan
nan nan nan nan
nan nan nan nan
nan nan nan nan
nan nan nan nan
nan nan nan nan
nan nan nan nan
nan nan nan nan
nan nan nan nan
nan nan nan nan
nan nan nan nan
nan nan nan nan
nan nan nan nan
nan nan nan nan
nan nan nan nan
nan nan nan nan
nan nan nan nan
nan nan nan nan
nan nan nan nan
nan nan nan nan
nan nan nan nan
nan nan nan nan
nan nan nan nan
nan nan nan nan
nan nan nan nan
nan nan nan nan
nan nan nan nan
nan nan nan nan
nan nan nan nan
nan nan nan nan
nan nan nan nan
nan nan nan nan
nan nan nan nan
nan nan nan nan
nan nan nan nan
nan nan nan nan
nan nan nan nan
nan nan nan nan
nan nan nan nan
nan nan nan nan
nan nan nan nan
nan nan nan nan
nan nan nan nan
nan nan nan nan
nan nan nan nan
nan nan nan nan
nan nan nan nan
nan nan nan nan
nan nan nan nan
nan nan nan nan
nan nan nan nan
nan nan nan nan
nan nan nan nan
nan nan nan nan
nan nan nan nan
nan nan nan nan
nan nan nan nan
nan nan nan nan
nan nan nan nan
nan nan nan nan
nan nan nan nan
nan nan nan nan
nan nan nan nan
nan nan nan nan
nan nan nan nan
nan nan nan nan
nan nan nan nan
nan nan nan nan
nan nan nan nan
nan nan nan nan
nan nan nan nan
nan nan nan nan
nan nan nan nan
nan nan nan nan
nan nan nan nan
nan nan nan nan
nan nan nan nan
nan nan nan nan
nan nan nan nan
nan nan nan nan
nan nan nan nan
nan nan nan nan
nan nan nan nan
nan nan nan nan
nan nan nan nan
nan nan nan nan
nan nan nan nan
nan nan nan nan
nan nan nan nan
nan nan nan nan
nan nan nan nan
nan nan nan nan
nan nan nan nan
nan nan nan nan
nan nan nan nan
nan nan nan nan
nan nan nan nan
nan nan nan nan
nan nan nan nan
nan nan nan nan
nan nan nan nan
nan nan nan nan
nan nan nan nan
nan nan nan nan
nan nan nan nan
nan nan nan nan
nan nan nan nan
nan nan nan nan
nan nan nan nan
nan nan nan nan
nan nan nan nan
nan nan nan nan
nan nan nan nan
nan nan nan nan
nan nan nan nan
nan nan nan nan
nan nan nan nan
nan nan nan nan
nan nan nan nan
nan nan nan nan
nan nan nan nan
nan nan nan nan
nan nan nan nan
nan nan nan nan
nan nan nan nan
nan nan nan nan
nan nan nan nan
nan nan nan nan
nan nan nan nan
nan nan nan nan
nan nan nan nan
nan nan nan nan
nan nan nan nan
nan nan nan nan
nan nan nan nan
nan nan nan nan
nan nan nan nan
nan nan nan nan
nan nan nan nan
nan nan nan nan
nan nan nan nan
nan nan nan nan
nan nan nan nan
nan nan nan nan
nan nan nan nan
nan nan nan nan
nan nan nan nan
nan nan nan nan
nan nan nan nan
nan nan nan nan
nan nan nan nan
nan nan nan nan
nan nan nan nan
nan nan nan nan
nan nan nan nan
nan nan nan nan
nan nan nan nan
nan nan nan nan
nan nan nan nan
nan nan nan nan
nan nan nan nan
nan nan nan nan
nan nan nan nan
nan nan nan nan
nan nan nan nan
nan nan nan nan
nan nan nan nan
nan nan nan nan
nan nan nan nan
nan nan nan nan
nan nan nan nan
nan nan nan nan
nan nan nan nan
nan nan nan nan
nan nan nan nan
nan nan nan nan
nan nan nan nan
nan nan nan nan
nan nan nan nan
nan nan nan nan
nan nan nan nan
nan nan nan nan
nan nan nan nan
nan nan nan nan
nan nan nan nan
nan nan nan nan
nan nan nan nan
nan nan nan nan
nan nan nan nan
nan nan nan nan
nan nan nan nan
nan nan nan nan
nan nan nan nan
nan nan nan nan
nan nan nan nan
nan nan nan nan
nan nan nan nan
nan nan nan nan
nan nan nan nan
nan nan nan nan
nan nan nan nan
nan nan nan nan
nan nan nan nan
nan nan nan nan
nan nan nan nan
nan nan nan nan
nan nan nan nan
nan nan nan nan
nan nan nan nan
nan nan nan nan
nan nan nan nan
nan nan nan nan
nan nan nan nan
nan nan nan nan
nan nan nan nan
nan nan nan nan
nan nan nan nan
nan nan nan nan
nan nan nan nan
nan nan nan nan
nan nan nan nan
nan nan nan nan
nan nan nan nan
nan nan nan nan
nan nan nan nan
nan nan nan nan
nan nan nan nan
nan nan nan nan
nan nan nan nan
nan nan nan nan
nan nan nan nan
nan nan nan nan
nan nan nan nan
nan nan nan nan
nan nan nan nan
nan nan nan nan
nan nan nan nan
nan nan nan nan
nan nan nan nan
nan nan nan nan
nan nan nan nan
nan nan nan nan
nan nan nan nan
nan nan nan nan
nan nan nan nan
nan nan nan nan
nan nan nan nan
nan nan nan nan
nan nan nan nan
nan nan nan nan
nan nan nan nan
nan nan nan nan
nan nan nan nan
nan nan nan nan
nan nan nan nan
nan nan nan nan
nan nan nan nan
nan nan nan nan
nan nan nan nan
nan nan nan nan
nan nan nan nan
nan nan nan nan
nan nan nan nan
nan nan nan nan
nan nan nan nan
nan nan nan nan
nan nan nan nan
nan nan nan nan
nan nan nan nan
nan nan nan nan
nan nan nan nan
nan nan nan nan
nan nan nan nan
nan nan nan nan
nan nan nan nan
nan nan nan nan
nan nan nan nan
nan nan nan nan
nan nan nan nan
nan nan nan nan
nan nan nan nan
nan nan nan nan
nan nan nan nan
nan nan nan nan
nan nan nan nan
nan nan nan nan
nan nan nan nan
nan nan nan nan
nan nan nan nan
nan nan nan nan
nan nan nan nan
nan nan nan nan
nan nan nan nan
nan nan nan nan
nan nan nan nan
nan nan nan nan
nan nan nan nan
nan nan nan nan
nan nan nan nan
nan nan nan nan
nan nan nan nan
nan nan nan nan
nan nan nan nan
nan nan nan nan
nan nan nan nan
nan nan nan nan
nan nan nan nan
nan nan nan nan
nan nan nan nan
nan nan nan nan
nan nan nan nan
nan nan nan nan
nan nan nan nan
nan nan nan nan
nan nan nan nan
nan nan nan nan
nan nan nan nan
nan nan nan nan
nan nan nan nan
nan nan nan nan
nan nan nan nan
nan nan nan nan
nan nan nan nan
nan nan nan nan
nan nan nan nan
nan nan nan nan
nan nan nan nan
nan nan nan nan
nan nan nan nan
nan nan nan nan
nan nan nan nan
nan nan nan nan
nan nan nan nan
nan nan nan nan
nan nan nan nan
nan nan nan nan
nan nan nan nan
nan nan nan nan
nan nan nan nan
nan nan nan nan
nan nan nan nan
nan nan nan nan
nan nan nan nan
nan nan nan nan
nan nan nan nan
nan nan nan nan
nan nan nan nan
nan nan nan nan
nan nan nan nan
nan nan nan nan
nan nan nan nan
nan nan nan nan
nan nan nan nan
nan nan nan nan
nan nan nan nan
nan nan nan nan
nan nan nan nan
nan nan nan nan
nan nan nan nan
nan nan nan nan
nan nan nan nan
nan nan nan nan
nan nan nan nan
nan nan nan nan
nan nan nan nan
nan nan nan nan
nan nan nan nan
nan nan nan nan
nan nan nan nan
nan nan nan nan
nan nan nan nan
nan nan nan nan
nan nan nan nan
nan nan nan nan
nan nan nan nan
nan nan nan nan
nan nan nan nan
nan nan nan nan
nan nan nan nan
nan nan nan nan
nan nan nan nan
nan nan nan nan
nan nan nan nan
nan nan nan nan
nan nan nan nan
nan nan nan nan
nan nan nan nan
nan nan nan nan
nan nan nan nan
nan nan nan nan
nan nan nan nan
nan nan nan nan
nan nan nan nan
nan nan nan nan
nan nan nan nan
nan nan nan nan
nan nan nan nan
nan nan nan nan
nan nan nan nan
nan nan nan nan
nan nan nan nan
nan nan nan nan
nan nan nan nan
nan nan nan nan
nan nan nan nan
nan nan nan nan
nan nan nan nan
nan nan nan nan
nan nan nan nan
nan nan nan nan
nan nan nan nan
nan nan nan nan
nan nan nan nan
nan nan nan nan
nan nan nan nan
nan nan nan nan
nan nan nan nan
nan nan nan nan
nan nan nan nan
nan nan nan nan
nan nan nan nan
nan nan nan nan
nan nan nan nan
nan nan nan nan
nan nan nan nan
nan nan nan nan
nan nan nan nan
nan nan nan nan
nan nan nan nan
nan nan nan nan
nan nan nan nan
nan nan nan nan
nan nan nan nan
nan nan nan nan
nan nan nan nan
nan nan nan nan
nan nan nan nan
nan nan nan nan
nan nan nan nan
nan nan nan nan
nan nan nan nan
nan nan nan nan
nan nan nan nan
nan nan nan nan
nan nan nan nan
nan nan nan nan
nan nan nan nan
nan nan nan nan
nan nan nan nan
nan nan nan nan
nan nan nan nan
nan nan nan nan
nan nan nan nan
nan nan nan nan
nan nan nan nan
nan nan nan nan
nan nan nan nan
nan nan nan nan
nan nan nan nan
nan nan nan nan
nan nan nan nan
nan nan nan nan
nan nan nan nan
nan nan nan nan
nan nan nan nan
nan nan nan nan
nan nan nan nan
nan nan nan nan
nan nan nan nan
nan nan nan nan
nan nan nan nan
nan nan nan nan
nan nan nan nan
nan nan nan nan
nan nan nan nan
nan nan nan nan
nan nan nan nan
nan nan nan nan
nan nan nan nan
nan nan nan nan
nan nan nan nan
nan nan nan nan
nan nan nan nan
nan nan nan nan
nan nan nan nan
nan nan nan nan
nan nan nan nan
nan nan nan nan
nan nan nan nan
nan nan nan nan
nan nan nan nan
nan nan nan nan
nan nan nan nan
nan nan nan nan
nan nan nan nan
nan nan nan nan
nan nan nan nan
nan nan nan nan
nan nan nan nan
nan nan nan nan
nan nan nan nan
nan nan nan nan
nan nan nan nan
nan nan nan nan
nan nan nan nan
nan nan nan nan
nan nan nan nan
nan nan nan nan
nan nan nan nan
nan nan nan nan
nan nan nan nan
nan nan nan nan
nan nan nan nan
nan nan nan nan
nan nan nan nan
nan nan nan nan
nan nan nan nan
nan nan nan nan
nan nan nan nan
nan nan nan nan
nan nan nan nan
nan nan nan nan
nan nan nan nan
nan nan nan nan
nan nan nan nan
nan nan nan nan
nan nan nan nan
nan nan nan nan
nan nan nan nan
nan nan nan nan
nan nan nan nan
nan nan nan nan
nan nan nan nan
nan nan nan nan
nan nan nan nan
nan nan nan nan
nan nan nan nan
nan nan nan nan
nan nan nan nan
nan nan nan nan
nan nan nan nan
nan nan nan nan
nan nan nan nan
nan nan nan nan
nan nan nan nan
nan nan nan nan
nan nan nan nan
nan nan nan nan
nan nan nan nan
nan nan nan nan
nan nan nan nan
nan nan nan nan
nan nan nan nan
nan nan nan nan
nan nan nan nan
nan nan nan nan
nan nan nan nan
nan nan nan nan
nan nan nan nan
nan nan nan nan
nan nan nan nan
nan nan nan nan
nan nan nan nan
nan nan nan nan
nan nan nan nan
nan nan nan nan
nan nan nan nan
nan nan nan nan
nan nan nan nan
nan nan nan nan
nan nan nan nan
nan nan nan nan
nan nan nan nan
nan nan nan nan
nan nan nan nan
nan nan nan nan
nan nan nan nan
nan nan nan nan
nan nan nan nan
nan nan nan nan
nan nan nan nan
nan nan nan nan
nan nan nan nan
nan nan nan nan
nan nan nan nan
nan nan nan nan
nan nan nan nan
nan nan nan nan
nan nan nan nan
nan nan nan nan
nan nan nan nan
nan nan nan nan
nan nan nan nan
nan nan nan nan
nan nan nan nan
nan nan nan nan
nan nan nan nan
nan nan nan nan
nan nan nan nan
nan nan nan nan
nan nan nan nan
nan nan nan nan
nan nan nan nan
nan nan nan nan
nan nan nan nan
nan nan nan nan
nan nan nan nan
nan nan nan nan
nan nan nan nan
nan nan nan nan
nan nan nan nan
0.093962848 -0.16566844 -0.981695 3.3685661e-05
nan nan nan nan
0.12866352 -0.22587128 -0.96562302 0.00018604315
nan nan nan nan
0.12262619 -0.19585904 0.97293478 0
nan nan nan nan
nan nan nan nan
nan nan nan nan
0.041759338 -0.075897142 0.99624085 0
nan nan nan nan
0.0085018417 -0.015112541 0.99984968 0
nan nan nan nan
nan nan nan nan
nan nan nan nan
0.061935987 -0.10820962 -0.99219686 0
nan nan nan nan
0.094353899 -0.16542454 -0.98169851 0
nan nan nan nan
0.13800694 -0.23116753 -0.96307617 0
nan nan nan nan
0.11873404 -0.19540493 0.97350866 0
nan nan nan nan
0.080655001 -0.1357321 0.9874571 0
nan nan nan nan
0.041182909 -0.075717144 0.99627852 0
nan nan nan nan
0.00896597 -0.01520255 0.99984419 0
nan nan nan nan
nan nan nan nan
nan nan nan nan
0.060781553 -0.10717554 -0.99238044 0
nan nan nan nan
0.0938536 -0.16622645 -0.98161101 0
nan nan nan nan
0.13160959 -0.22833662 -0.96464574 2.1742921e-05
nan nan nan nan
-0.09139397 0.19599636 -0.9763363 5.2082469e-05
nan nan nan nan
0.075923562 -0.1358203 0.98782009 5.0976243e-05
nan nan nan nan
0.043029636 -0.075772524 0.99619621 0
nan nan nan nan
0.00896597 -0.01520255 0.99984419 0
nan nan nan nan
0.025911126 -0.045636922 -0.998622 2.5033123e-06
nan nan nan nan
0.059060182 -0.10595623 -0.99261528 2.2188506e-05
nan nan nan nan
0.094614081 -0.16639957 -0.98150867 0
nan nan nan nan
0.12570427 -0.22468545 -0.96628928 0.0001328659
nan nan nan nan
0.13252555 -0.19477244 0.97185421 0
nan nan nan nan
0.075775966 -0.13598514 0.9878087 5.9887775e-06
nan nan nan nan
-0.037126105 0.076219723 -0.99639958 0
nan nan nan nan
0.0084967539 -0.015136812 0.99984932 0
nan nan nan nan
0.025911126 -0.045636922 -0.998622 2.5033123e-06
nan nan nan nan
0.060969383 -0.10733541 -0.99235165 0
nan nan nan nan
0.094274133 -0.16644324 -0.981534 0
nan nan nan nan
0.13019381 -0.22749403 -0.96503681 0
nan nan nan nan
0.22335275 0.21875124 -0.94987446 0
nan nan nan nan
0.074073203 -0.13644063 0.9878751 0
nan nan nan nan
-0.035407644 0.07601434 -0.99647784 0
nan nan nan nan
0.0088325841 -0.015241022 0.99984485 0
nan nan nan nan
0.026081724 -0.045806151 -0.99860978 0
nan nan nan nan
0.060504057 -0.10712536 -0.99240279 0
nan nan nan nan
0.094829164 -0.16690335 -0.9814024 0
nan nan nan nan
0.12668869 -0.2258753 -0.96588314 6.0026678e-06
nan nan nan nan
0.15058427 -0.19241177 0.96969181 8.8531255e-05
nan nan nan nan
-0.061422475 0.13821855 -0.98849529 4.6225443e-05
nan nan nan nan
-0.031272255 0.076798648 -0.9965561 0
nan nan nan nan
0.0088427365 -0.015199368 0.99984539 0
nan nan nan nan
0.026081724 -0.045806151 -0.99860978 0
nan nan nan nan
0.061099004 -0.107325 -0.99234486 1.0063077e-05
nan nan nan nan
0.087070577 -0.165986 -0.98227662 1.1857919e-05
nan nan nan nan
0.12835112 -0.2268557 -0.96543378 0
nan nan nan nan
0.13440715 -0.19454823 0.97164077 1.9520221e-05
nan nan nan nan
0.073217034 -0.13709439 0.9878484 6.0823517e-05
nan nan nan nan
0.041692071 -0.076228529 0.99621838 0
nan nan nan nan
0.0081040664 -0.015341419 0.9998495 0
nan nan nan nan
0.03998236 -0.049778044 -0.99795973 0
nan nan nan nan
0.058375232 -0.10654498 -0.99259275 2.0991367e-05
nan nan nan nan
0.092968293 -0.16789463 -0.9814114 9.2483933e-06
nan nan nan nan
0.13089527 -0.22750396 -0.96493953 0
nan nan nan nan
0.11950855 -0.19543105 0.9734087 2.7038681e-05
nan nan nan nan
-0.061560009 0.13887948 -0.98839414 0
nan nan nan nan
-0.03110452 0.076627798 -0.99657446 0
nan nan nan nan
0.0091987504 -0.015271991 0.99984103 0
nan nan nan nan
nan nan nan nan
nan nan nan nan
0.059224725 -0.10692985 -0.99250108 0
nan nan nan nan
0.087276489 -0.16702916 -0.98208159 0
nan nan nan nan
0.11504434 -0.22709276 -0.96705413 0
nan nan nan nan
-0.088985242 0.20185684 -0.97536427 4.8497401e-05
nan nan nan nan
-0.048084896 0.14213672 -0.9886784 0
nan nan nan nan
0.05551672 -0.078371443 0.99537718 0
nan nan nan nan
0.0089620687 -0.015317914 0.99984252 0
nan nan nan nan
0.029934809 -0.045504361 -0.99851543 0
nan nan nan nan
0.058950216 -0.1069786 -0.99251223 2.0186892e-05
nan nan nan nan
0.097137101 -0.17008257 -0.98063058 0
nan nan nan nan
0.11295006 -0.22746055 -0.96721458 5.1494895e-05
nan nan nan nan
0.83399487 -0.024276545 0.55123788 0
nan nan nan nan
0.066553257 0.14367816 -0.98738402 0
nan nan nan nan
0.05551672 -0.078371443 0.99537718 0
nan nan nan nan
0.00857055 -0.015344064 0.9998455 0
nan nan nan nan
0.025018925 -0.046271279 -0.99861556 0
nan nan nan nan
0.058325153 -0.10728765 -0.99251574 1.0242115e-05
nan nan nan nan
0.097137101 -0.17008257 -0.98063058 0
nan nan nan nan
0.071768157 0.20851077 0.97538328 0
nan nan nan nan
0.18519604 -0.19236347 0.96369016 0
nan nan nan nan
0.39510596 0.13013417 -0.90937138 0
nan nan nan nan
1 0 0 0
nan nan nan nan
0.01115798 0.018857032 -0.99975991 0
nan nan nan nan
0.024301108 -0.046534792 -0.99862105 0
nan nan nan nan
0.058325153 -0.10728765 -0.99251574 1.0242115e-05
nan nan nan nan
0.096863672 -0.17097712 -0.98050207 0
nan nan nan nan
0.11655805 -0.2276753 -0.96673578 0
nan nan nan nan
nan nan nan nan
nan nan nan nan
0.13654947 0.13851987 -0.98090088 0
nan nan nan nan
0.20518534 0.075567715 -0.97580147 0
nan nan nan nan
0.058359858 0.02386909 -0.99801022 0
nan nan nan nan
0.024301108 -0.046534792 -0.99862105 0
nan nan nan nan
0.05847254 -0.10757105 -0.9924764 0
nan nan nan nan
0.093412533 -0.16975963 -0.98104829 0
nan nan nan nan
nan nan nan nan
nan nan nan nan
nan nan nan nan
nan nan nan nan
0.21310432 -0.13535006 0.96760887 0
nan nan nan nan
0.20518534 0.075567715 -0.97580147 0
nan nan nan nan
nan nan nan nan
nan nan nan nan
nan nan nan nan
nan nan nan nan
0.053091746 -0.10867428 -0.99265867 0
nan nan nan nan
nan nan nan nan
nan nan nan nan
0.12036261 -0.23299177 -0.9650014 0
nan nan nan nan
nan nan nan nan
nan nan nan nan
nan nan nan nan
nan nan nan nan
nan nan nan nan
nan nan nan nan
nan nan nan nan
nan nan nan nan
nan nan nan nan
nan nan nan nan
0.06365668 -0.10643588 -0.99227983 0
nan nan nan nan
nan nan nan nan
nan nan nan nan
0.11733195 -0.23079856 -0.96590126 0
nan nan nan nan
nan nan nan nan
nan nan nan nan
nan nan nan nan
nan nan nan nan
nan nan nan nan
nan nan nan nan
nan nan nan nan
nan nan nan nan
nan nan nan nan
nan nan nan nan
nan nan nan nan
nan nan nan nan
0.086562783 -0.17044412 -0.98155779 0
nan nan nan nan
0.11654361 -0.23051026 -0.96606559 0
nan nan nan nan
nan nan nan nan
nan nan nan nan
nan nan nan nan
nan nan nan nan
nan nan nan nan
nan nan nan nan
nan nan nan nan
nan nan nan nan
nan nan nan nan
nan nan nan nan
0.053621128 -0.10865851 -0.99263191 0
nan nan nan nan
0.096055269 -0.17558186 -0.9797675 0
nan nan nan nan
0.11654361 -0.23051026 -0.96606559 0
nan nan nan nan
nan nan nan nan
nan nan nan nan
nan nan nan nan
nan nan nan nan
nan nan nan nan
nan nan nan nan
nan nan nan nan
nan nan nan nan
nan nan nan nan
nan nan nan nan
0.053621128 -0.10865851 -0.99263191 0
nan nan nan nan
0.096055269 -0.17558186 -0.9797675 0
nan nan nan nan
0.1188154 -0.23239365 -0.96533728 0
nan nan nan nan
nan nan nan nan
nan nan nan nan
nan nan nan nan
nan nan nan nan
nan nan nan nan
nan nan nan nan
nan nan nan nan
nan nan nan nan
nan nan nan nan
nan nan nan nan
0.053530551 -0.10886872 -0.99261379 0
nan nan nan nan
0.09288419 -0.17394148 -0.98036569 0
nan nan nan nan
0.11903436 -0.23249646 -0.96528548 0
nan nan nan nan
nan nan nan nan
nan nan nan nan
nan nan nan nan
nan nan nan nan
nan nan nan nan
nan nan nan nan
nan nan nan nan
nan nan nan nan
-0.022205081 0.043829445 0.99879223 1.8984712e-05
nan nan nan nan
0.053530551 -0.10886872 -0.99261379 0
nan nan nan nan
0.086273715 -0.17088191 -0.98150712 0
nan nan nan nan
0.122333 -0.23602581 -0.96401578 0
nan nan nan nan
nan nan nan nan
nan nan nan nan
nan nan nan nan
nan nan nan nan
nan nan nan nan
nan nan nan nan
nan nan nan nan
nan nan nan nan
-0.021850634 0.043121569 0.9988308 0
nan nan nan nan
0.053784285 -0.10897046 -0.99258894 0
nan nan nan nan
0.11975443 0.22063753 0.96797621 0
nan nan nan nan
0.12523739 -0.23226035 -0.96455729 0
nan nan nan nan
nan nan nan nan
nan nan nan nan
nan nan nan nan
nan nan nan nan
nan nan nan nan
nan nan nan nan
nan nan nan nan
nan nan nan nan
0.022680048 -0.047051627 -0.99863487 0
nan nan nan nan
0.054056965 -0.10919935 -0.99254888 0
nan nan nan nan
nan nan nan nan
nan nan nan nan
0.13595875 -0.23028094 -0.96357971 0
nan nan nan nan
nan nan nan nan
nan nan nan nan
nan nan nan nan
nan nan nan nan
nan nan nan nan
nan nan nan nan
nan nan nan nan
nan nan nan nan
0.024008282 -0.053740971 -0.99826622 0
nan nan nan nan
0.053684838 -0.10962852 -0.99252188 0
nan nan nan nan
nan nan nan nan
nan nan nan nan
0.10992841 -0.23337774 -0.96615243 3.4270633e-05
nan nan nan nan
nan nan nan nan
nan nan nan nan
nan nan nan nan
nan nan nan nan
nan nan nan nan
nan nan nan nan
nan nan nan nan
nan nan nan nan
0.023062116 -0.050889857 -0.99843794 0
nan nan nan nan
-0.038625047 0.11097497 0.99307233 0
nan nan nan nan
0.08078704 -0.17247026 -0.98169625 0.00015435666
nan nan nan nan
0.10964181 -0.23312533 -0.96624589 6.0376311e-05
nan nan nan nan
nan nan nan nan
nan nan nan nan
nan nan nan nan
nan nan nan nan
nan nan nan nan
nan nan nan nan
nan nan nan nan
nan nan nan nan
0.022367008 -0.050041981 -0.99849659 0
nan nan nan nan
0.052873809 -0.10995834 -0.9925288 0
nan nan nan nan
0.080469325 -0.17276542 -0.98167038 0
nan nan nan nan
0.11008539 -0.23470892 -0.96581215 0
nan nan nan nan
nan nan nan nan
nan nan nan nan
nan nan nan nan
nan nan nan nan
nan nan nan nan
nan nan nan nan
nan nan nan nan
nan nan nan nan
0.020857774 -0.064297885 -0.99771279 0
nan nan nan nan
nan nan nan nan
nan nan nan nan
0.079456367 -0.17077307 -0.9821015 0.0001687951
nan nan nan nan
0.11008539 -0.23470892 -0.96581215 0
nan nan nan nan
nan nan nan nan
nan nan nan nan
-0.058726743 0.099696152 -0.99328333 0.0002725911
nan nan nan nan
nan nan nan nan
nan nan nan nan
nan nan nan nan
nan nan nan nan
0.021086397 -0.05265462 -0.99839014 0
nan nan nan nan
nan nan nan nan
nan nan nan nan
0.079985522 -0.17247224 -0.98176146 7.9394187e-05
nan nan nan nan
0.10969486 -0.23395827 -0.96603858 0
nan nan nan nan
nan nan nan nan
nan nan nan nan
0.1372685 -0.42713866 0.89370567 0
nan nan nan nan
nan nan nan nan
nan nan nan nan
nan nan nan nan
nan nan nan nan
0.021339461 -0.049893983 -0.99852657 0
nan nan nan nan
nan nan nan nan
nan nan nan nan
0.080348693 -0.18434174 -0.97957242 0
nan nan nan nan
0.10987994 -0.23542076 -0.96566218 0.00012376151
nan nan nan nan
nan nan nan nan
nan nan nan nan
nan nan nan nan
nan nan nan nan
nan nan nan nan
nan nan nan nan
-0.0064111897 0.0080953604 -0.99994665 3.6045278e-06
nan nan nan nan
0.021034529 -0.050190374 -0.99851805 0
nan nan nan nan
-0.044629272 0.10592094 0.99337256 0.00012762206
nan nan nan nan
0.079275452 -0.17353761 -0.98163146 5.8881844e-05
nan nan nan nan
0.10955009 -0.23540226 -0.9657042 4.7484391e-06
nan nan nan nan
nan nan nan nan
nan nan nan nan
nan nan nan nan
nan nan nan nan
nan nan nan nan
nan nan nan nan
0.0073999353 -0.016464856 0.9998371 0
nan nan nan nan
-0.022336407 0.044269551 0.99876994 0
nan nan nan nan
0.049468841 -0.11091026 -0.99259847 4.9873928e-05
nan nan nan nan
0.078485243 -0.17316283 -0.98176098 0.0001544236
nan nan nan nan
-0.034843605 0.24607687 0.96862376 0
nan nan nan nan
nan nan nan nan
nan nan nan nan
nan nan nan nan
nan nan nan nan
nan nan nan nan
nan nan nan nan
0.0079543814 -0.018505305 0.99979711 0
nan nan nan nan
-0.021677701 0.046107139 0.99870127 0
nan nan nan nan
0.049104139 -0.1104126 -0.99267203 7.8477897e-06
nan nan nan nan
0.07665839 -0.1735135 -0.98184353 9.044211e-05
nan nan nan nan
nan nan nan nan
nan nan nan nan
nan nan nan nan
nan nan nan nan
nan nan nan nan
nan nan nan nan
nan nan nan nan
nan nan nan nan
-0.0060163424 0.012305948 -0.99990624 0
nan nan nan nan
0.021299873 -0.047368273 -0.99865037 0
nan nan nan nan
0.049553912 -0.11291405 -0.99236834 0
nan nan nan nan
nan nan nan nan
nan nan nan nan
nan nan nan nan
nan nan nan nan
nan nan nan nan
nan nan nan nan
nan nan nan nan
nan nan nan nan
nan nan nan nan
nan nan nan nan
-0.0069288868 0.013345238 -0.99988699 0
nan nan nan nan
0.021066114 -0.048175067 -0.9986167 0
nan nan nan nan
0.049119569 -0.11570293 -0.99206865 0
nan nan nan nan
nan nan nan nan
nan nan nan nan
nan nan nan nan
nan nan nan nan
nan nan nan nan
nan nan nan nan
nan nan nan nan
nan nan nan nan
nan nan nan nan
nan nan nan nan
-0.0070165042 0.014025797 -0.99987704 0
nan nan nan nan
0.02087472 -0.048604134 -0.99859995 0
nan nan nan nan
-0.049059786 0.10790046 0.9929505 0
nan nan nan nan
nan nan nan nan
nan nan nan nan
nan nan nan nan
nan nan nan nan
nan nan nan nan
nan nan nan nan
0.22143562 -0.57312745 0.78898108 0
nan nan nan nan
nan nan nan nan
nan nan nan nan
-0.0069824094 0.014847948 -0.99986541 0
nan nan nan nan
0.021124691 -0.052258708 -0.99841011 0
nan nan nan nan
0.048516013 -0.11318113 -0.99238914 0
nan nan nan nan
nan nan nan nan
nan nan nan nan
0.10080067 -0.23901309 -0.96577013 2.4696645e-05
nan nan nan nan
nan nan nan nan
nan nan nan nan
nan nan nan nan
nan nan nan nan
nan nan nan nan
nan nan nan nan
-0.0068638031 0.011920774 -0.99990541 0
nan nan nan nan
0.021007195 -0.051394619 -0.99845743 0
nan nan nan nan
-0.0490054 0.10684537 0.9930672 0
nan nan nan nan
nan nan nan nan
nan nan nan nan
0.10196244 -0.24083443 -0.96519554 4.8962742e-05
nan nan nan nan
nan nan nan nan
nan nan nan nan
nan nan nan nan
nan nan nan nan
nan nan nan nan
nan nan nan nan
-0.0063575036 0.013230196 -0.99989229 0
nan nan nan nan
-0.020049611 0.046413567 0.99872112 5.1332536e-06
nan nan nan nan
nan nan nan nan
nan nan nan nan
0.072849192 -0.17735225 -0.98144752 0
nan nan nan nan
0.10234676 -0.24476174 -0.9641664 0
nan nan nan nan
nan nan nan nan
nan nan nan nan
-0.029842027 0.071347065 -0.99700511 8.0116442e-05
nan nan nan nan
nan nan nan nan
nan nan nan nan
-0.0064601176 0.014071432 -0.99988025 0
nan nan nan nan
-0.019397974 0.043953333 0.99884528 0
nan nan nan nan
nan nan nan nan
nan nan nan nan
0.07316757 -0.1777575 -0.98135048 0
nan nan nan nan
0.10051657 -0.24097295 -0.9653126 0
nan nan nan nan
nan nan nan nan
nan nan nan nan
nan nan nan nan
nan nan nan nan
0.032390781 -0.082779199 0.99604136 0
nan nan nan nan
0.0066886554 -0.016379839 0.99984348 0
nan nan nan nan
0.020610819 -0.056025457 -0.99821657 0
nan nan nan nan
nan nan nan nan
nan nan nan nan
0.073935486 -0.17968278 -0.98094225 0
nan nan nan nan
0.10141125 -0.24608946 -0.96392721 0
nan nan nan nan
nan nan nan nan
nan nan nan nan
nan nan nan nan
nan nan nan nan
0.033166613 -0.083446205 0.9959603 0
nan nan nan nan
0.0066756331 -0.017476607 0.99982494 0
nan nan nan nan
-0.019795153 0.045605116 0.99876338 0
nan nan nan nan
nan nan nan nan
nan nan nan nan
0.072503731 -0.17447008 -0.98198956 6.5601882e-05
nan nan nan nan
0.097847603 -0.24099039 -0.96558243 0
nan nan nan nan
nan nan nan nan
nan nan nan nan
nan nan nan nan
nan nan nan nan
-0.032302305 0.078597434 -0.99638295 2.9857962e-05
nan nan nan nan
-0.0075297849 0.013659387 -0.99987835 0
nan nan nan nan
0.019847903 -0.049879514 -0.99855793 0
nan nan nan nan
nan nan nan nan
nan nan nan nan
0.072517373 -0.17461029 -0.98196357 0.00020629367
nan nan nan nan
0.097717866 -0.23924071 -0.9660306 3.7893653e-05
nan nan nan nan
nan nan nan nan
nan nan nan nan
0.095374241 -0.27256313 0.95739913 0
nan nan nan nan
-0.031713527 0.079513945 -0.99632919 0
nan nan nan nan
-0.012531914 0.0075450237 -0.99989301 0
nan nan nan nan
0.019657465 -0.050368465 -0.99853724 2.4959918e-06
nan nan nan nan
nan nan nan nan
nan nan nan nan
-0.076211832 0.16241777 0.98377442 0.00039281423
nan nan nan nan
-0.10274304 0.22714143 0.96842694 0.00062956248
nan nan nan nan
nan nan nan nan
nan nan nan nan
nan nan nan nan
nan nan nan nan
-0.029131886 0.074917413 -0.99676412 3.0294801e-05
nan nan nan nan
0.0046643293 -0.02024623 0.99978417 0
nan nan nan nan
-0.019159703 0.046945252 0.99871367 5.270198e-06
nan nan nan nan
nan nan nan nan
nan nan nan nan
nan nan nan nan
nan nan nan nan
nan nan nan nan
nan nan nan nan
nan nan nan nan
nan nan nan nan
nan nan nan nan
nan nan nan nan
0.03454401 -0.084961608 0.99578524 0
nan nan nan nan
0.0063644275 -0.016092539 0.99985021 0
nan nan nan nan
0.019296749 -0.050842721 -0.99852026 0
nan nan nan nan
-0.049466688 0.10831814 0.99288476 0
nan nan nan nan
nan nan nan nan
nan nan nan nan
nan nan nan nan
nan nan nan nan
nan nan nan nan
nan nan nan nan
nan nan nan nan
nan nan nan nan
-0.028554151 0.076007001 -0.99669838 0
nan nan nan nan
0.0065428042 -0.017699666 0.99982202 0
nan nan nan nan
0.018874535 -0.048267491 -0.99865609 0
nan nan nan nan
nan nan nan nan
nan nan nan nan
nan nan nan nan
nan nan nan nan
nan nan nan nan
nan nan nan nan
nan nan nan nan
nan nan nan nan
nan nan nan nan
nan nan nan nan
-0.0051008062 0.059507232 -0.99821484 3.5145978e-05
nan nan nan nan
0.0062585366 -0.016313205 0.99984729 0
nan nan nan nan
0.018841017 -0.049103435 -0.99861592 0
nan nan nan nan
nan nan nan nan
nan nan nan nan
nan nan nan nan
nan nan nan nan
nan nan nan nan
nan nan nan nan
nan nan nan nan
nan nan nan nan
nan nan nan nan
nan nan nan nan
nan nan nan nan
nan nan nan nan
0.006371676 -0.0171615 0.99983239 0
nan nan nan nan
0.018572941 -0.048168272 -0.99866647 6.4887372e-06
nan nan nan nan
nan nan nan nan
nan nan nan nan
0.066963293 -0.17977241 -0.98142642 0
nan nan nan nan
0.091159821 -0.24255235 -0.96584588 0
nan nan nan nan
nan nan nan nan
nan nan nan nan
nan nan nan nan
nan nan nan nan
nan nan nan nan
nan nan nan nan
-0.0092328656 0.0028033915 -0.99995339 0
nan nan nan nan
0.018528398 -0.050154977 -0.99856955 0
nan nan nan nan
0.042694055 -0.11381488 -0.99258423 0
nan nan nan nan
0.06610392 -0.17905816 -0.98161525 0
nan nan nan nan
0.089038268 -0.24289052 -0.96595877 0
nan nan nan nan
nan nan nan nan
nan nan nan nan
0.18228742 -0.97709942 -0.10976318 0
nan nan nan nan
nan nan nan nan
nan nan nan nan
nan nan nan nan
nan nan nan nan
0.018521549 -0.049722545 -0.9985913 0
nan nan nan nan
0.042124156 -0.11454756 -0.99252433 0
nan nan nan nan
0.065815717 -0.17812665 -0.98180401 0
nan nan nan nan
0.089203902 -0.2422829 -0.96609598 0
nan nan nan nan
nan nan nan nan
nan nan nan nan
nan nan nan nan
nan nan nan nan
nan nan nan nan
nan nan nan nan
nan nan nan nan
nan nan nan nan
-0.017764723 0.04778466 0.99869972 0
nan nan nan nan
0.0415386 -0.11460775 -0.99254197 0
nan nan nan nan
0.066279419 -0.18001087 -0.9814291 0
nan nan nan nan
0.093184553 -0.24403407 -0.96527922 0
nan nan nan nan
nan nan nan nan
nan nan nan nan
nan nan nan nan
nan nan nan nan
nan nan nan nan
nan nan nan nan
-0.0005687254 0.0014068472 -0.99999887 0
nan nan nan nan
0.017980538 -0.048539877 -0.99865943 0
nan nan nan nan
0.041817013 -0.11470266 -0.99251932 0
nan nan nan nan
0.066046908 -0.17845988 -0.98172796 0
nan nan nan nan
0.093184553 -0.24403407 -0.96527922 0
nan nan nan nan
0.11520641 -0.76248449 0.63666701 0
nan nan nan nan
nan nan nan nan
nan nan nan nan
0.053850431 -0.1682826 0.9842667 0
nan nan nan nan
nan nan nan nan
nan nan nan nan
0.018043421 -0.050616615 -0.99855518 0
nan nan nan nan
0.040390853 -0.11414687 -0.99264246 2.2127864e-05
nan nan nan nan
0.064987622 -0.17941111 -0.98162532 0
nan nan nan nan
0.098939888 -0.24734905 -0.96386164 0
nan nan nan nan
nan nan nan nan
nan nan nan nan
nan nan nan nan
nan nan nan nan
nan nan nan nan
nan nan nan nan
nan nan nan nan
nan nan nan nan
0.017586481 -0.049900308 -0.99859935 0
nan nan nan nan
0.041086182 -0.11449618 -0.99257374 4.6719465e-06
nan nan nan nan
0.064393051 -0.17953992 -0.98164093 0
nan nan nan nan
0.087350577 -0.24461079 -0.96567881 0
nan nan nan nan
nan nan nan nan
nan nan nan nan
nan nan nan nan
nan nan nan nan
nan nan nan nan
nan nan nan nan
nan nan nan nan
nan nan nan nan
-0.017861482 0.046745993 0.99874711 8.5883703e-06
nan nan nan nan
0.040285539 -0.11507979 -0.99253905 0
nan nan nan nan
0.062673926 -0.18160665 -0.981372 0
nan nan nan nan
0.084479548 -0.24603249 -0.96557295 0
nan nan nan nan
0.076329544 -0.53777647 0.839625 0
nan nan nan nan
nan nan nan nan
nan nan nan nan
0.0290829 -0.082271002 0.99618554 0.00012035076
nan nan nan nan
nan nan nan nan
nan nan nan nan
-0.017502561 0.047700852 0.99870831 0
nan nan nan nan
0.040217053 -0.11502189 -0.99254853 0
nan nan nan nan
0.060992483 -0.18888554 -0.98010319 0
nan nan nan nan
0.084778152 -0.24534993 -0.96572053 0
nan nan nan nan
-0.013399048 -0.026128143 -0.99956882 0
nan nan nan nan
nan nan nan nan
nan nan nan nan
nan nan nan nan
-0.04667414 0.10670866 -0.99319422 0
nan nan nan nan
0.026248856 -0.045351997 0.99862617 8.9001242e-06
0.016987892 -0.050200071 -0.9985947 4.6166783e-06
nan nan nan nan
0.040371411 -0.11568699 -0.99246496 0
nan nan nan nan
0.061950721 -0.17902002 -0.981893 4.3472915e-05
nan nan nan nan
0.084138319 -0.24500586 -0.96586382 3.6236697e-06
0.11689578 -0.19871795 -0.97306043 0
nan nan nan nan
0.12730852 -0.22459568 0.96610004 0
nan nan nan nan
nan nan nan nan
nan nan nan nan
0.076496184 -0.10395236 0.99163616 0
nan nan nan nan
0.02602767 -0.04504462 0.99864584 2.3476379e-05
0.01700066 -0.049291003 -0.99863982 3.637588e-06
0.0084510269 -0.01528469 -0.99984747 0
0.041066259 -0.1160105 -0.99239874 2.3136065e-05
nan nan nan nan
0.061375793 -0.18276288 -0.98123944 5.722542e-06
nan nan nan nan
0.084080033 -0.24456936 -0.96597946 7.5219017e-05
0.11625864 -0.19882594 -0.97311473 0
nan nan nan nan
0.12730852 -0.22459568 0.96610004 0
nan nan nan nan
0.090246201 -0.16653289 0.98189741 0
nan nan nan nan
0.063971847 -0.10513072 0.99239874 0
0.0095020114 -0.042080335 0.99906904 0
0.026075514 -0.045615494 0.9986186 0
-0.016958782 0.048560493 0.99867618 7.4998693e-06
0.0091265477 -0.015077104 -0.99984467 0
0.039729666 -0.11506338 -0.99256337 2.080052e-05
0.043052495 -0.075301908 -0.99623084 1.6581205e-06
0.06103044 -0.18205395 -0.98139268 6.1126739e-05
0.080733553 -0.13970543 -0.98689634 0
0.083442457 -0.24501821 -0.96592104 0
0.10878728 -0.19608921 -0.9745329 5.9479466e-05
nan nan nan nan
0.13471651 -0.22442101 0.96513557 3.0425916e-05
nan nan nan nan
0.014930353 0.17459396 -0.98452729 0
nan nan nan nan
0.058504794 -0.10634375 0.99260676 1.1906885e-05
0.0077936877 -0.032134414 0.99945319 0
-0.020808736 0.046520948 -0.9987005 0
-0.016481217 0.048155162 0.9987039 6.212776e-06
0.008837318 -0.015193588 -0.9998455 0
nan nan nan nan
0.043052495 -0.075301908 -0.99623084 1.6581205e-06
0.061448306 -0.183476 -0.98110175 1.2744494e-05
0.076750442 -0.13792437 -0.98746449 4.0495972e-05
0.081695266 -0.24466951 -0.96615869 9.1527232e-05
0.11372764 -0.19775823 -0.9736312 1.0646388e-05
nan nan nan nan
0.12747501 -0.22615245 0.96571487 0
-0.032698922 0.040894255 -0.99862826 0.00012337943
-0.021218838 0.17162505 -0.98493385 0
nan nan nan nan
0.054257359 -0.10645189 0.99283648 2.6641414e-05
nan nan nan nan
-0.022750383 0.04597158 -0.99868363 0
0.016565524 -0.051027965 -0.99855977 0
0.0073929885 -0.015548704 -0.99985176 0
nan nan nan nan
0.042667184 -0.075399674 -0.99624014 0
0.062571265 -0.18568289 -0.98061544 0
0.077755481 -0.13869904 -0.98727745 6.8136219e-06
0.080976143 -0.24534509 -0.96604794 1.7123983e-05
0.11559031 -0.19798736 -0.97336525 0
nan nan nan nan
0.14656633 -0.2229781 0.96374226 0
nan nan nan nan
-0.072314523 0.16854993 -0.98303688 0
nan nan nan nan
-0.052014828 0.106314 -0.99297112 1.0872419e-05
nan nan nan nan
0.023680968 -0.045901082 0.99866521 0
-0.015773308 0.043650772 0.99892229 0
0.087226331 0.031484134 0.99569088 0
nan nan nan nan
0.041185699 -0.076888964 -0.99618864 0
0.0595752 -0.18079157 -0.9817155 0
0.078210406 -0.13821083 -0.98730987 8.5085494e-06
0.080059193 -0.24655521 -0.96581632 2.1926266e-05
0.11559031 -0.19798736 -0.97336525 0
nan nan nan nan
0.1334359 -0.22550362 0.96506113 0
nan nan nan nan
0.084637307 -0.16732083 0.98226291 0.0001114788
0.041737039 -0.24200745 0.96937633 0
0.054905284 -0.10666458 0.99277794 0
nan nan nan nan
0.02520889 -0.045961749 0.99862504 0
0.016370138 -0.054452304 -0.99838215 0
0.0082906755 -0.015384376 -0.99984723 0
nan nan nan nan
0.041369539 -0.076569855 -0.99620557 2.650708e-06
0.058868643 -0.18042466 -0.98182565 4.795237e-05
0.073887579 -0.13713473 -0.98779285 0
0.07699389 -0.245326 -0.96637833 2.4048988e-05
0.10957363 -0.19721431 -0.97421771 0
nan nan nan nan
0.014117258 0.225868 -0.97405571 0
-0.03979627 -0.016234362 -0.99907589 0
0.10077994 -0.16695297 0.98080075 6.7130059e-05
0.04517559 -0.29364133 0.95484763 0
-0.048834883 0.10714913 -0.99304295 1.4138338e-05
nan nan nan nan
0.026410032 -0.045988318 0.99859285 0
0.015960524 -0.049306307 -0.99865615 0
0.0076249512 -0.015360774 -0.9998529 0
0.036398612 -0.1158166 -0.99260342 1.2417234e-05
0.041236851 -0.076573998 -0.99621075 0
0.059493441 -0.18244727 -0.98141408 0
0.073168129 -0.13810501 -0.98771119 0
0.074544348 -0.24449581 -0.96678072 6.9315363e-05
0.10783205 -0.19740675 -0.97437298 7.5557466e-05
nan nan nan nan
0.21781866 -0.22400737 0.9499346 0
nan nan nan nan
0.097783573 -0.16760217 0.98099333 0
-0.01889188 0.027029432 -0.99945611 8.961984e-05
0.059637919 -0.10663609 0.99250799 9.3084109e-06
nan nan nan nan
0.027363162 -0.046037868 0.9985649 0
0.017046263 -0.062332109 -0.9979099 0
0.0076249512 -0.015360774 -0.9998529 0
0.036225729 -0.11619604 -0.99256551 0
0.040874712 -0.07689926 -0.99620068 0
0.054810014 -0.17982697 -0.9821701 3.6772788e-05
0.073168129 -0.13810501 -0.98771119 0
0.077529818 -0.24635482 -0.96607369 6.4265463e-05
0.45240605 0.26328522 0.85206199 0
nan nan nan nan
0.27973691 -0.21936709 0.93467927 0
nan nan nan nan
0.019405426 0.18345337 -0.98283684 0
nan nan nan nan
nan nan nan nan
0.0060968441 -0.026673693 0.99962556 0
0.027363162 -0.046037868 0.9985649 0
-0.015167542 0.04633591 0.99881071 0
0.008091188 -0.015426947 -0.99984819 0
0.036214791 -0.11622018 -0.99256301 0
0.040686499 -0.076894648 -0.99620867 1.3867103e-06
0.049732868 -0.18050005 -0.98231685 0
0.073910862 -0.13816886 -0.987647 0
0.07961861 -0.24751285 -0.96560776 0
nan nan nan nan
nan nan nan nan
0.17585874 -0.22528176 0.95829105 0
0.056804381 -0.21826892 0.97423398 0
nan nan nan nan
nan nan nan nan
nan nan nan nan
0.0055282908 -0.018413844 0.99981523 0
nan nan nan nan
-0.014379928 0.040994849 0.99905586 0
nan nan nan nan
0.036214683 -0.11654311 -0.99252522 0
0.041627634 -0.077796839 -0.99609989 0
0.053970646 -0.18122573 -0.98195946 0
0.07647682 -0.13849142 -0.98740649 0
0.078366801 -0.24764276 -0.96567684 0
nan nan nan nan
nan nan nan nan
nan nan nan nan
-0.02086428 0.00042579029 -0.9997822 0
nan nan nan nan
-0.016140029 -0.15028748 -0.98851067 0
nan nan nan nan
0.027240066 -0.03527436 -0.99900633 0
nan nan nan nan
0.014993404 -0.049393319 -0.99866688 0
nan nan nan nan
nan nan nan nan
0.040070083 -0.076982275 -0.99622697 1.0350446e-05
0.054124098 -0.1822578 -0.98176003 0
0.070987895 -0.13889375 -0.98775965 3.2030846e-05
nan nan nan nan
0.10070262 -0.19773504 -0.97506917 0.00010662418
nan nan nan nan
nan nan nan nan
0.15560912 -0.52318579 0.83789164 0
nan nan nan nan
0.027461998 -0.10984799 0.99356896 0
nan nan nan nan
nan nan nan nan
nan nan nan nan
-0.014632424 0.046891265 0.99879277 0
nan nan nan nan
nan nan nan nan
0.040264949 -0.077217847 -0.99620086 0
0.052843347 -0.18132642 -0.9820022 0
0.070082717 -0.13837045 -0.98789781 3.0706971e-05
nan nan nan nan
0.10232871 -0.20059679 -0.97431499 0
nan nan nan nan
nan nan nan nan
nan nan nan nan
nan nan nan nan
nan nan nan nan
nan nan nan nan
nan nan nan nan
nan nan nan nan
0.014998649 -0.052101988 -0.9985292 0
nan nan nan nan
nan nan nan nan
0.041619118 -0.077751309 -0.99610364 0
0.054068714 -0.18263081 -0.98169374 2.6769327e-05
0.0710117 -0.1399809 -0.9876045 0
nan nan nan nan
0.10117213 -0.20018762 -0.97451997 0
nan nan nan nan
nan nan nan nan
nan nan nan nan
nan nan nan nan
nan nan nan nan
nan nan nan nan
nan nan nan nan
nan nan nan nan
-0.014478497 0.048999179 0.99869394 4.1874705e-06
0.023430239 0.0078643784 0.99969453 0
-0.033748955 0.11307507 0.99301314 2.0847676e-05
0.040483449 -0.077799909 -0.99614674 0
0.052843347 -0.18132642 -0.9820022 0
0.070753306 -0.13948709 -0.98769295 3.7278347e-05
0.091296844 -0.25642717 -0.96224219 0
0.10235144 -0.20168993 -0.97408694 0
nan nan nan nan
nan nan nan nan
nan nan nan nan
nan nan nan nan
nan nan nan nan
nan nan nan nan
nan nan nan nan
nan nan nan nan
0.014788552 -0.051800102 -0.99854797 0
-0.0068364507 0.014839324 0.99986649 2.6645821e-06
-0.033975892 0.11295598 0.99301893 9.8668257e-05
0.040820323 -0.077832304 -0.99613053 8.8396964e-06
0.054189444 -0.1823979 -0.9817304 1.3503661e-05
0.07068599 -0.13922639 -0.98773456 0
0.068255931 -0.24744345 -0.96649516 0.00023516978
0.10042593 -0.19993459 -0.97464907 0
nan nan nan nan
nan nan nan nan
nan nan nan nan
nan nan nan nan
-0.013891217 -0.016235869 -0.99977171 7.7934565e-05
nan nan nan nan
0.0077930228 -0.07013721 0.99750692 0
nan nan nan nan
0.014304839 -0.050714217 -0.99861079 0
-0.0073238509 0.015252089 0.99985683 0
0.032762583 -0.11806834 -0.99246478 0
0.042112537 -0.078419447 -0.99603057 0
nan nan nan nan
0.070808247 -0.14001353 -0.98761451 0
0.073035233 -0.25047562 -0.96536404 0.00021265354
0.10246899 -0.20181227 -0.97404921 0
-0.026472615 0.02481805 -0.99934143 0
nan nan nan nan
-0.035254225 0.01537203 -0.99926013 0.00035569671
nan nan nan nan
-0.018191995 -0.011468867 -0.99976867 0
nan nan nan nan
0.0087567018 -0.047596928 0.99882823 0
nan nan nan nan
-0.013875088 0.048475243 0.9987281 0
0.0077528022 -0.015601986 -0.99984825 0
0.032822132 -0.11606815 -0.99269879 2.6578498e-05
0.041866381 -0.07839179 -0.99604321 0
nan nan nan nan
0.070704989 -0.14046006 -0.98755854 0
0.073009223 -0.25323501 -0.96464592 0
0.10214955 -0.20215772 -0.97401118 0
0.066237748 -0.27047089 0.96044672 0
nan nan nan nan
nan nan nan nan
nan nan nan nan
nan nan nan nan
nan nan nan nan
nan nan nan nan
nan nan nan nan
-0.013623782 0.048003286 0.99875426 0
0.0078250673 -0.016077695 -0.99984002 0
0.032091025 -0.11636557 -0.99268794 6.8766429e-05
0.039029397 -0.077830344 -0.99620241 1.1574461e-05
nan nan nan nan
0.06877774 -0.14009222 -0.98774678 4.1525273e-06
0.073009223 -0.25323501 -0.96464592 0
0.10129922 -0.20197193 -0.9741385 0
nan nan nan nan
nan nan nan nan
nan nan nan nan
nan nan nan nan
nan nan nan nan
nan nan nan nan
nan nan nan nan
nan nan nan nan
0.013609717 -0.049753148 -0.99866879 0
-0.0076967301 0.014963481 0.99985844 0
0.032138914 -0.11782112 -0.99251461 6.5620497e-06
nan nan nan nan
nan nan nan nan
0.070097096 -0.14148559 -0.98745543 0
-0.062991783 0.244637 0.96756643 0.00013737452
0.10000843 -0.20137368 -0.97439569 0
nan nan nan nan
nan nan nan nan
nan nan nan nan
nan nan nan nan
-0.0002732976 -0.040516477 -0.99917883 0
nan nan nan nan
nan nan nan nan
nan nan nan nan
0.013885275 -0.051922031 -0.99855459 0
0.0075917528 -0.016198682 -0.99983996 0
0.031785492 -0.11765715 -0.99254543 2.9327892e-05
nan nan nan nan
nan nan nan nan
0.068177082 -0.1413898 -0.98760355 0
-0.056621645 0.23955061 0.96923143 0.00028096125
0.1006168 -0.2031092 -0.9739728 0
-0.054705568 0.19563179 -0.97915041 0
nan nan nan nan
nan nan nan nan
nan nan nan nan
-0.0183532 -0.024000328 -0.99954349 0
0.060316537 -0.15319894 0.98635286 0
nan nan nan nan
nan nan nan nan
0.013468442 -0.049716633 -0.99867249 5.0939047e-06
0.007573626 -0.016163483 -0.99984068 0
0.032611441 -0.11876489 -0.9923867 0
nan nan nan nan
nan nan nan nan
0.069199055 -0.14245164 -0.98737985 0
0.064191289 -0.24718224 -0.96684045 3.1957465e-05
nan nan nan nan
0.087565683 -0.96322244 0.25403675 0
nan nan nan nan
-0.022676082 -0.063132264 -0.99774754 0
nan nan nan nan
0.038658723 -0.181696 0.98259461 0
nan nan nan nan
nan nan nan nan
nan nan nan nan
0.013324662 -0.050860655 -0.99861687 0
-0.0076858164 0.012598859 0.9998911 0
0.032026768 -0.11913937 -0.99236089 0
0.036200713 -0.078371294 -0.99626678 2.8182438e-05
0.047027219 -0.18398395 -0.9818036 3.9906212e-05
0.067596711 -0.14146373 -0.98763293 0
0.097610332 -0.27647549 -0.95605099 0
0.09509892 -0.20297046 -0.97455591 5.3505148e-05
0.11104144 -0.70326257 0.70220482 0
nan nan nan nan
nan nan nan nan
nan nan nan nan
nan nan nan nan
nan nan nan nan
nan nan nan nan
-0.022059554 0.028178854 -0.99935943 5.6177369e-06
-0.012751495 0.046477064 0.99883801 6.1888586e-06
-0.0070660957 0.011849341 0.99990481 0
0.028926807 -0.11641626 -0.99277914 0
0.036293458 -0.078562528 -0.99624836 2.4652074e-06
0.047116209 -0.18411827 -0.98177421 3.4074998e-05
0.068954401 -0.14286441 -0.98733735 0
0.10169405 -0.27695668 -0.95548594 0
0.09808445 -0.19991761 -0.97489095 0
0.11984427 -0.52236956 0.84425551 0
nan nan nan nan
nan nan nan nan
nan nan nan nan
nan nan nan nan
nan nan nan nan
0.0043299454 -0.017172776 0.99984318 0
-0.020722609 0.039303742 -0.99901241 1.6641798e-05
-0.012926473 0.044490688 0.99892616 8.1254393e-06
-0.0070979395 0.011803998 0.99990517 0
0.031216394 -0.11897951 -0.99240583 1.3544856e-05
0.036442075 -0.078954257 -0.99621195 0
0.046508234 -0.184688 -0.98169619 0
0.067851178 -0.14271662 -0.98743516 0
nan nan nan nan
-0.098795474 0.19789982 0.97523075 1.7001641e-05
-0.044924229 0.063243113 -0.99698651 0.00010861925
nan nan nan nan
-0.023679009 0.024853174 -0.99941063 0
nan nan nan nan
nan nan nan nan
nan nan nan nan
-0.0021929704 -0.0025296125 -0.99999446 0
0.022815855 -0.063629836 0.99771273 0
0.012565362 -0.050185073 -0.99866092 0
nan nan nan nan
0.030782653 -0.11929622 -0.99238139 1.5688665e-05
0.035985436 -0.078456715 -0.9962678 1.9391331e-05
0.04591655 -0.18523484 -0.98162103 0
0.066783287 -0.14158569 -0.98767072 0
0.06101029 -0.25170928 -0.96587795 0
0.094753869 -0.20360209 -0.97445774 0
0.06947796 -0.49572524 0.86569577 0
nan nan nan nan
-0.034992568 0.061236996 -0.99750966 0
0.30731648 -0.66321611 0.68242288 0
nan nan nan nan
nan nan nan nan
0.047350392 -0.24385454 -0.96865517 0
-0.021865807 0.037674926 -0.9990508 1.6467628e-05
0.012620618 -0.050938509 -0.99862206 0
0.007307088 -0.015854059 -0.99984759 0
0.031048376 -0.11952657 -0.99234533 1.7205581e-06
0.03608555 -0.07882072 -0.99623549 0
0.045956459 -0.18697883 -0.98128837 0
nan nan nan nan
0.06101029 -0.25170928 -0.96587795 0
-0.10731514 0.16743042 0.98002571 3.0839532e-05
nan nan nan nan
nan nan nan nan
-0.024441076 0.041056857 -0.99885774 2.6891836e-05
0.010759817 0.049605362 -0.99871093 0.00099073153
0.00089761894 0.010098222 -0.99994862 0
nan nan nan nan
-0.0031000446 0.014267526 -0.99989349 3.7520206e-06
-0.021706518 0.046385832 -0.99868774 0
0.012579902 -0.051756892 -0.99858052 0
nan nan nan nan
0.029030623 -0.11788572 -0.99260271 4.8850321e-05
0.035617176 -0.078932866 -0.99624348 3.2458178e-05
0.04526205 -0.18535252 -0.98162919 0
nan nan nan nan
0.058921497 -0.25049478 -0.96632326 0
-0.095754102 0.1996382 0.97517985 4.2568823e-05
nan nan nan nan
nan nan nan nan
0.047440019 -0.25936469 0.96461368 0
nan nan nan nan
nan nan nan nan
nan nan nan nan
nan nan nan nan
-0.016510796 0.030813195 -0.99938881 2.1026171e-05
0.013398753 -0.056225412 -0.99832815 0
nan nan nan nan
-0.025319314 0.1161947 0.99290365 0
0.03519154 -0.079089776 -0.99624616 0
0.045275606 -0.18686667 -0.98134136 0
nan nan nan nan
-0.055170856 0.24649484 0.96757251 0.00012806655
-0.10292276 0.18111025 0.97806233 8.4175306e-05
nan nan nan nan
nan nan nan nan
-0.024338575 0.072148837 -0.99709696 0.00022567197
nan nan nan nan
nan nan nan nan
0.0059052431 -0.14974028 -0.98870766 0
nan nan nan nan
-0.02027671 0.040045328 -0.99899209 1.2482251e-05
0.013961577 -0.058924176 -0.99816477 0
0.0071287015 -0.016497519 -0.99983847 0
nan nan nan nan
0.034487091 -0.079348609 -0.99625021 0
0.044664551 -0.18575914 -0.98157966 5.045623e-05
0.092200965 -0.14463238 -0.9851805 0.00014007586
-0.055816695 0.24700922 0.96740419 0
nan nan nan nan
nan nan nan nan
nan nan nan nan
0.0025091958 -0.012859629 -0.99991423 0
nan nan nan nan
nan nan nan nan
0.15020503 -0.79060024 0.59362423 0
nan nan nan nan
-0.020932419 0.046302062 -0.99870813 0
-0.010723689 0.044461153 0.99895352 0
0.0060502742 -0.022491599 -0.99972874 0
0.026888143 -0.11855579 -0.99258327 1.0571866e-05
0.033993866 -0.079181351 -0.99628037 0
0.042574618 -0.18751715 -0.9813382 0
nan nan nan nan
-0.054189619 0.24331528 0.96843231 0.00025969718
0.093182027 -0.20390435 -0.97454613 8.7635875e-05
-0.049229894 0.1843643 -0.98162431 0
nan nan nan nan
-0.024138799 0.093537845 -0.99532306 0
nan nan nan nan
nan nan nan nan
nan nan nan nan
nan nan nan nan
-0.021623166 0.040368509 -0.99895084 0
-0.01152811 0.049528476 0.99870622 0
0.0066204113 -0.019190505 -0.99979389 0
0.026694067 -0.11853802 -0.99259061 6.9938738e-05
0.034348179 -0.079507582 -0.99624234 0
0.041890085 -0.18536684 -0.98177612 6.2268358e-05
nan nan nan nan
0.058131322 -0.25802696 -0.9643873 0
nan nan nan nan
0.046547059 -0.26392201 0.96342027 0.00074422709
nan nan nan nan
0.03390497 -0.25831863 0.96546459 0
nan nan nan nan
nan nan nan nan
nan nan nan nan
nan nan nan nan
-0.022864494 0.041023634 -0.99889654 5.8460532e-06
-0.010943957 0.044482324 0.99895018 6.8245777e-06
-0.0069723213 0.015671892 0.9998529 0
0.026825747 -0.11942177 -0.99248111 0
0.034348179 -0.079507582 -0.99624234 0
0.042263608 -0.18633068 -0.98157769 0
nan nan nan nan
0.056397725 -0.25409806 -0.96553272 0
nan nan nan nan
-0.04775336 0.17967871 -0.98256564 0
nan nan nan nan
nan nan nan nan
nan nan nan nan
nan nan nan nan
nan nan nan nan
nan nan nan nan
0.018582685 -0.054056965 0.99836493 0
-0.010982059 0.046648048 0.99885106 0
-0.0070596226 0.013764298 0.99988031 0
0.026825747 -0.11942177 -0.99248111 0
0.034185033 -0.079343207 -0.99626106 0
0.042435497 -0.18690823 -0.98146045 0
nan nan nan nan
0.055268738 -0.24934797 -0.9668355 7.8923695e-05
nan nan nan nan
-0.0089341318 -0.0070442106 -0.99993527 0
nan nan nan nan
nan nan nan nan
nan nan nan nan
-0.012284058 0.002149709 -0.99992222 0
nan nan nan nan
nan nan nan nan
0.018900719 -0.053437036 0.99839234 0
0.011135688 -0.051072095 -0.99863291 0
-0.0068528554 0.01567366 0.99985367 0
nan nan nan nan
0.03408774 -0.079667747 -0.99623853 2.1355443e-05
nan nan nan nan
0.0643057 -0.21952926 -0.97348428 0
0.05541835 -0.26160714 -0.9635821 0
nan nan nan nan
-0.040676095 0.16307458 -0.98577487 0.00052697613
nan nan nan nan
0 0 -1 0
nan nan nan nan
0.020366186 -0.18455425 0.98261124 0
nan nan nan nan
nan nan nan nan
-0.023079151 0.039126337 -0.99896771 5.1921375e-06
-0.010776007 0.050205473 0.99868077 0
-0.0066810525 0.01589833 0.99985129 0
0.024850247 -0.11734333 -0.99278039 2.5287509e-05
0.03375347 -0.080193534 -0.99620765 0
nan nan nan nan
-0.061324574 0.14004426 0.98824441 0.00013948102
0.055591233 -0.26363397 -0.96301961 0
nan nan nan nan
0.06509313 -0.33663356 0.93938315 0
nan nan nan nan
0.00099302421 -0.0069511691 -0.99997538 0
nan nan nan nan
nan nan nan nan
nan nan nan nan
nan nan nan nan
0.016408285 -0.068246074 0.99753362 0
0.010948557 -0.052724391 -0.99854904 0
0.0071028634 -0.016535396 -0.99983799 0
-0.023695216 0.11397263 0.99320132 0
0.03375347 -0.080193534 -0.99620765 0
nan nan nan nan
-0.061250832 0.13989632 0.98826987 0.00015098079
0.05430489 -0.26092172 -0.96383137 0
0.085015647 -0.20890431 -0.97423369 0
nan nan nan nan
nan nan nan nan
nan nan nan nan
nan nan nan nan
nan nan nan nan
nan nan nan nan
nan nan nan nan
0.019943032 -0.049623478 0.99856889 0
0.010655495 -0.051614758 -0.99861026 0
-0.0063140742 0.01588477 0.99985391 0
-0.023714915 0.11371502 0.99323034 8.4368774e-05
nan nan nan nan
nan nan nan nan
0.060636856 -0.14246914 -0.98794013 8.0243466e-05
0.052577484 -0.25555414 -0.96536404 0
0.084001452 -0.20647348 -0.97483975 0.00028408878
nan nan nan nan
nan nan nan nan
nan nan nan nan
nan nan nan nan
0.025809582 -0.1255303 0.991754 0
nan nan nan nan
nan nan nan nan
0.020395892 -0.053252418 0.99837273 0
-0.009000727 0.043568775 0.99900985 0
0.038929675 0.00058460562 0.99924177 0
-0.024110485 0.11615565 0.99293834 0
nan nan nan nan
nan nan nan nan
0.059871871 -0.14375114 -0.98780107 6.3604537e-05
0.052090541 -0.25735593 -0.96491164 0.00013025443
0.08341673 -0.20617272 -0.97495365 1.9474786e-05
nan nan nan nan
nan nan nan nan
nan nan nan nan
nan nan nan nan
-0.02118011 -0.033535175 -0.9992131 0
nan nan nan nan
-0.0019183073 0.013998982 -0.99990022 6.4162663e-07
0.020222059 -0.050772697 0.99850547 0
0.010384547 -0.052234314 -0.99858087 0
nan nan nan nan
0.024291722 -0.1185796 -0.99264735 5.8865829e-05
nan nan nan nan
0.018729201 0.14501025 0.98925287 4.2656211e-05
0.059896272 -0.14326915 -0.98786962 0.00013460904
0.053052083 -0.26405168 -0.96304846 0
-0.082418889 0.20377149 0.97554308 0.0003616302
nan nan nan nan
nan nan nan nan
nan nan nan nan
nan nan nan nan
0.017964361 -0.092255689 0.99557322 0
nan nan nan nan
-0.0023078877 -0.99931532 -0.036926202 0
0.021045107 -0.052557074 0.9983961 0
-0.009888893 0.046795495 0.99885553 0
-0.0036175551 0.015612241 0.99987161 0
nan nan nan nan
nan nan nan nan
-0.009122218 0.16081005 0.98694319 1.5125095e-05
nan nan nan nan
-0.048054762 0.24494395 0.96834558 0
-0.082418889 0.20377149 0.97554308 0.0003616302
nan nan nan nan
nan nan nan nan
nan nan nan nan
nan nan nan nan
-0.011032852 0.047466006 -0.9988119 8.3614577e-05
nan nan nan nan
-0.0015243832 -0.0026444325 -0.99999535 0
-0.018860793 0.04806108 -0.99866635 6.867037e-06
-0.010104809 0.044090301 0.99897647 0
0.0073691215 -0.016495991 -0.99983674 0
nan nan nan nan
-0.054877531 0.042788297 0.99757588 0
0.035233282 -0.18621404 -0.98187733 1.8159835e-05
nan nan nan nan
0.048481882 -0.25800946 -0.96492523 0.00010493288
nan nan nan nan
nan nan nan nan
nan nan nan nan
0.068362072 -0.56428689 0.82274354 0
nan nan nan nan
-0.023730304 -0.0056801261 -0.99970222 0
nan nan nan nan
0.042388536 -0.09349025 -0.99471748 0
nan nan nan nan
-0.0099831102 0.046725541 0.99885786 6.2050703e-06
nan nan nan nan
nan nan nan nan
-0.040960994 0.063763171 0.99712414 0
-0.034122702 0.17992343 0.98308861 0
0.055904225 -0.14651804 -0.98762703 2.1379179e-05
-0.047739975 0.24648412 0.96797031 0.00010388758
nan nan nan nan
0.066614814 -0.81603146 -0.57415611 0
0.15161966 -0.83390826 -0.53066796 0
0.042231556 -0.48264632 0.87479651 0
nan nan nan nan
0.01745135 -0.10576822 0.99423766 0
nan nan nan nan
0.0051733484 0.001263486 -0.99998587 1.9036927e-06
nan nan nan nan
-0.0099825589 0.046374932 0.99887425 1.1173545e-05
nan nan nan nan
nan nan nan nan
-0.036150463 0.072404742 0.99672002 0
0.034568388 -0.18759629 -0.98163778 0.00018573085
0.05600306 -0.14576124 -0.98773342 6.1870669e-06
-0.048784375 0.23682751 0.97032613 0.00011022238
0.079235502 -0.20956552 -0.97457886 0.00011372958
-0.027030353 0.082056485 -0.99626106 0
nan nan nan nan
-0.00083454425 0.0032857386 -0.99999428 0.00022964206
nan nan nan nan
-0.013155171 0.067968383 -0.99760067 0
nan nan nan nan
-0.0031557304 0.01414411 -0.99989498 0
nan nan nan nan
nan nan nan nan
nan nan nan nan
nan nan nan nan
-0.049902599 0.037427213 0.99805254 0
0.018672859 -0.21536671 -0.97635472 0
0.055225596 -0.14641254 -0.98768091 2.5897361e-05
0.045529805 -0.2590428 -0.96479213 0
0.079156168 -0.21073991 -0.97433209 0
-0.020146418 -0.0041079386 -0.99978864 4.6109901e-05
nan nan nan nan
-0.02339478 0.061411291 -0.99783832 0
nan nan nan nan
-0.02934432 -0.06099014 -0.99770695 0
nan nan nan nan
nan nan nan nan
nan nan nan nan
nan nan nan nan
nan nan nan nan
-0.0069536748 0.039649319 0.9991895 0
nan nan nan nan
-0.035037752 0.18373732 0.98235071 0
0.055052683 -0.14683338 -0.98762804 0
0.044799045 -0.25448036 -0.96603978 0.00021718591
0.079202384 -0.2094719 -0.97460181 0.00017385905
nan nan nan nan
nan nan nan nan
-0.027733104 0.013866552 -0.99951917 0
nan nan nan nan
-0.012945823 0.032540523 -0.99938649 7.9268306e-05
-0.0067565814 0.0033783114 -0.99997151 0
nan nan nan nan
nan nan nan nan
nan nan nan nan
nan nan nan nan
0.013896942 0.060378272 0.99807882 8.2503284e-05
nan nan nan nan
nan nan nan nan
0.055682961 -0.14582419 -0.98774225 0
0.044952236 -0.26028806 -0.96448398 2.6875894e-05
0.079685308 -0.2083829 -0.97479576 0.00019741854
nan nan nan nan
nan nan nan nan
nan nan nan nan
nan nan nan nan
0.00099560956 -0.004380682 -0.99998987 0
nan nan nan nan
nan nan nan nan
nan nan nan nan
nan nan nan nan
nan nan nan nan
0.64240658 -0.75048453 0.15519916 0
nan nan nan nan
nan nan nan nan
0.054544762 -0.14581758 -0.98780668 0
0.043667462 -0.25715357 -0.96538341 0.0001204988
0.078093626 -0.21002911 -0.97457129 2.7898586e-05
nan nan nan nan
nan nan nan nan
nan nan nan nan
nan nan nan nan
0.0011658496 -0.0047216909 -0.99998814 0
nan nan nan nan
-0.0031067128 0.01539444 -0.99987668 2.1671867e-06
nan nan nan nan
nan nan nan nan
nan nan nan nan
0.020794854 -0.12144589 -0.99238014 6.7888664e-05
-0.36680123 -0.43313083 -0.8233192 0
nan nan nan nan
0.053418804 -0.14776434 -0.98757887 0
0.04816819 -0.28956425 -0.95594579 0
0.079503886 -0.21104211 -0.9742384 0.00014572477
nan nan nan nan
nan nan nan nan
nan nan nan nan
nan nan nan nan
0.020990906 -0.14527422 0.98916876 0.0001103141
nan nan nan nan
nan nan nan nan
nan nan nan nan
nan nan nan nan
nan nan nan nan
0.032717317 -0.19925918 -0.97940052 5.1737963e-05
-0.051623926 0.056862358 0.99704653 0
0.029212644 -0.18793836 -0.98174638 7.872218e-05
0.052508645 -0.14855936 -0.98750848 0
-0.040331539 0.24973661 0.96747351 0
nan nan nan nan
0 0 -1 0
nan nan nan nan
nan nan nan nan
nan nan nan nan
0.018052069 -0.15344259 0.98799264 0
-0.024534708 0.017980924 -0.99953723 0
nan nan nan nan
nan nan nan nan
nan nan nan nan
nan nan nan nan
-0.019206276 0.11911765 0.99269432 0
nan nan nan nan
0.029375337 -0.18838459 -0.98165584 0
0.05230774 -0.14810179 -0.98758781 0
-0.036963917 0.23929122 0.97024399 5.4254018e-05
nan nan nan nan
0.012915259 -0.20664415 -0.97833091 0
nan nan nan nan
-0.016507337 0.10241469 -0.99460477 0.00045260909
nan nan nan nan
0.015127649 -0.17124499 -0.98511237 0
-0.041313164 0.11308153 -0.9927265 0
nan nan nan nan
nan nan nan nan
0.013413624 -0.085283212 -0.99626648 0
0.0058994037 -0.016798373 -0.99984151 2.1850528e-06
-0.019502632 0.11620726 0.99303347 0
0.028465219 -0.082473189 -0.99618667 0
0.028911941 -0.18849556 -0.98164833 3.6793437e-05
0.052433729 -0.15079544 -0.98717344 0
0.039750095 -0.25855902 -0.9651773 0
0.074976653 -0.21530011 -0.97366536 0
-0.032101039 0.072442785 -0.99685585 0
nan nan nan nan
-0.02560552 0.08306966 -0.99621475 2.5456153e-05
nan nan nan nan
-0.0073445179 0.031826247 -0.99946642 0
-0.034217704 0.060880035 -0.99755847 0
nan nan nan nan
nan nan nan nan
-0 -0.42443389 0.90545893 0
0.0057085203 -0.016456431 -0.99984831 0
-0.021812208 0.07103274 0.99723548 0
0.02862086 -0.082444772 -0.99618459 0
0.028772058 -0.18867384 -0.98161817 1.0617488e-05
0.05168929 -0.1483403 -0.98758465 0
-0.038510412 0.23974332 0.97007221 2.480094e-05
0.073830649 -0.21627294 -0.97353745 0
0.053042136 -0.35062918 0.93501115 0
-0.0558622 0.1276539 -0.99024433 0
0.042578183 -0.33993426 0.93948483 0
0.099775769 -0.92133355 0.37575155 0
-0.0075013014 0.067948081 -0.99766064 0.00012635486
nan nan nan nan
nan nan nan nan
nan nan nan nan
nan nan nan nan
0.0064932317 -0.017779747 -0.99982083 0
0.015267031 -0.12913384 -0.99150968 0
0.027318826 -0.084955059 -0.99601024 0
0.028689237 -0.18863624 -0.98162788 1.3506729e-05
0.051806543 -0.14916211 -0.98745465 0
-0.037446588 0.24302052 0.96929806 0
0.072754115 -0.21255122 -0.97443771 7.7514487e-05
0.037115939 -0.26979354 0.96220255 0
nan nan nan nan
-0.015439636 0.028962251 -0.99946129 1.2623626e-05
nan nan nan nan
nan nan nan nan
nan nan nan nan
nan nan nan nan
nan nan nan nan
nan nan nan nan
-0.0054961122 0.016074907 0.99985564 0
0.018068274 -0.12354618 -0.99217421 0
-0.029091669 0.079337336 0.9964233 1.446228e-05
0.027829381 -0.18894456 -0.98159331 4.3125314e-05
0.051386669 -0.15039065 -0.98729026 0
-0.037682425 0.24169846 0.96961945 0
0.07168629 -0.21074536 -0.97490895 3.6333652e-06
0.050410401 -0.61300343 0.78847045 0
nan nan nan nan
nan nan nan nan
nan nan nan nan
nan nan nan nan
nan nan nan nan
nan nan nan nan
nan nan nan nan
nan nan nan nan
-0.0054918169 0.015978627 0.99985731 0
0.22446701 -0.13118702 0.96561092 0
0.027887501 -0.082925282 -0.99616551 5.0176604e-06
0.027371744 -0.18837641 -0.98171538 9.0604539e-05
0.050042011 -0.14774543 -0.98775864 4.5828678e-05
0.035857543 -0.26256889 -0.96424675 0
0.071018487 -0.20982982 -0.97515523 4.7548321e-05
-0.014397841 -0.10438435 -0.99443281 0
nan nan nan nan
nan nan nan nan
nan nan nan nan
-0.010836946 0.076653726 -0.99699897 0
nan nan nan nan
nan nan nan nan
nan nan nan nan
nan nan nan nan
-0.0055383225 0.016112961 0.99985486 0
-0.017049011 0.11139224 0.99363029 0.00035674035
0.027560342 -0.08249823 -0.99621004 9.128672e-06
nan nan nan nan
0.049596462 -0.14747359 -0.9878217 3.7285354e-05
0.035761259 -0.27323705 -0.96128172 0
0.071755029 -0.21237101 -0.97455108 1.6916265e-05
0.032899354 -0.26763362 0.96295887 0
nan nan nan nan
0.030162115 -0.2598131 0.96518767 0
-0.023370644 -0.017814666 -0.9995681 0.00018720738
0.011581673 -0.17532609 -0.98444229 0
-0.030045206 0.035375789 -0.99892229 0
nan nan nan nan
0.076027356 -0.4702127 0.87927234 0
nan nan nan nan
0.0055195722 -0.017099256 -0.99983859 0
nan nan nan nan
0.026988648 -0.083181888 -0.99616885 0
nan nan nan nan
0.049211461 -0.14752921 -0.98783267 5.2713053e-06
-0.031777855 0.24724016 0.96843296 0.00029612033
0.07194557 -0.21379575 -0.97422546 8.8363617e-05
-0.016682243 -0.072521411 -0.99722737 0
0.024726048 -0.19020034 -0.98143387 0
-0.044207744 -0.60260028 0.79681778 0
0.13703518 -0.45473194 0.88002276 0
-0.054693498 -0.3620595 -0.93054903 0
-0.023353925 0.050978009 -0.99842674 5.100292e-05
nan nan nan nan
nan nan nan nan
nan nan nan nan
-0.0054449877 0.014906812 0.99987406 0
nan nan nan nan
0.026895361 -0.083152518 -0.99617386 7.0424505e-07
0.024118977 -0.18919274 -0.98164368 4.7384136e-05
0.048996694 -0.14764807 -0.98782557 2.4397083e-05
0.038033254 -0.29052138 -0.95611233 0
0.071433797 -0.2139349 -0.97423255 1.3336696e-05
nan nan nan nan
nan nan nan nan
-0.020060832 0.079707891 -0.99661636 0
nan nan nan nan
-0.008617701 0.05582523 -0.99840337 3.2794047e-05
nan nan nan nan
-0.0021622065 0.016964659 -0.99985379 0
nan nan nan nan
0.0066712038 -0.051890016 -0.99863046 0
-0.0052072397 0.01524906 0.99987012 0
nan nan nan nan
0.027655747 -0.084328093 -0.99605417 0
0.0239405 -0.19170435 -0.9811607 0
0.049429804 -0.14891547 -0.98761368 0
0.033266164 -0.26330999 -0.96413755 0
0.071158782 -0.21428445 -0.97417587 0
nan nan nan nan
nan nan nan nan
-0.014240751 0.13073802 -0.99131465 0
nan nan nan nan
0.016523054 -0.11918812 0.99273419 0
nan nan nan nan
0.0030958445 -0.020014362 0.9997949 0
nan nan nan nan
nan nan nan nan
-0.0049927644 0.014701943 0.99987942 0
nan nan nan nan
0.026631298 -0.083210669 -0.99617612 0
0.024147749 -0.1928511 -0.98093086 0
0.049123742 -0.14913869 -0.9875952 3.5388286e-05
0.034298707 -0.28126159 -0.95901793 0.00013084694
0.072001152 -0.2158594 -0.97376621 0
-0.048040938 -0.13076012 -0.99024934 0
-0.01295968 -0.22182652 -0.97500002 0
0.024629356 -0.23834789 0.97086746 0
0.10010601 -0.5081138 0.8554526 0
-0.014833116 -0.10482899 -0.99437958 0
nan nan nan nan
-0.002976683 0.0098551419 -0.99994695 0
0.024845026 -0.082454436 0.99628514 0
nan nan nan nan
0.005264929 -0.016546918 -0.99984926 0
nan nan nan nan
0.026100643 -0.082737103 -0.99622953 0
0.022850759 -0.18962319 -0.98159093 0
nan nan nan nan
0.030668059 -0.26329136 -0.96422869 0.00013064468
0.067547075 -0.21377778 -0.97454417 0.00013724162
-0.0053783152 -0.065672711 -0.99782676 0
nan nan nan nan
0.023949057 -0.23666678 0.9712956 0
-0.034203067 0.096552439 -0.99474001 0
nan nan nan nan
nan nan nan nan
nan nan nan nan
nan nan nan nan
nan nan nan nan
0.0053539714 -0.017997457 -0.99982369 0
0.016203344 -0.13961731 -0.99007297 0
0.025410142 -0.082068279 -0.99630266 0
0.021254042 -0.18833341 -0.98187512 0.00032525475
nan nan nan nan
0.029842179 -0.25343907 -0.96689105 0.00023219247
0.066322558 -0.21526174 -0.9743017 0
0.027695473 -0.25306314 0.96705317 0.00013509706
nan nan nan nan
0.033328075 -0.38663313 0.92163116 0
0.061869208 -0.21181099 0.97535032 0
nan nan nan nan
-0.028935077 0.074381843 -0.99680996 9.5903997e-05
nan nan nan nan
nan nan nan nan
-0.014686094 0.0038637517 0.99988461 0
-0.0050270893 0.015165452 0.99987233 0
nan nan nan nan
0.026473682 -0.085332558 -0.99600077 0
-0.01933701 0.18314384 0.98289597 0.00020670994
nan nan nan nan
-0.033448409 0.22574273 0.97361255 5.3730302e-05
0.068055034 -0.21527955 -0.97417819 0.00026784855
0.033923663 -0.30413309 0.95202529 5.0560859e-05
nan nan nan nan
0.024955697 -0.20261219 0.97894096 0.00031688233
nan nan nan nan
nan nan nan nan
-0.027700404 0.069251008 -0.99721462 0
nan nan nan nan
nan nan nan nan
-0.0014823613 0.026126618 0.99965757 0
0.0049354061 -0.017334597 -0.99983758 0
nan nan nan nan
0.026564611 -0.085541196 -0.99598044 0
0.027506249 -0.20434067 -0.9785133 0
nan nan nan nan
0.027553264 -0.27869597 -0.959984 0
nan nan nan nan
0.041669294 -0.33984736 0.93955708 0
nan nan nan nan
nan nan nan nan
nan nan nan nan
-0.006008307 0.064589292 -0.99789387 0
-0.015317249 -0.0036697574 -0.99987602 0
nan nan nan nan
nan nan nan nan
0.083648406 -0.1409433 0.98647755 0
0.0050646937 -0.017075567 -0.99984139 0
nan nan nan nan
0.025869559 -0.08393652 -0.99613523 0
0.034026347 -0.24464855 -0.96901459 0
nan nan nan nan
0.02684531 -0.27521524 -0.96100771 0
nan nan nan nan
-0.019155504 0.15374593 -0.98792475 0.00025038549
nan nan nan nan
nan nan nan nan
nan nan nan nan
0.01202002 -0.98353815 -0.18030031 0
0.054449297 -0.24502185 0.96798736 0
nan nan nan nan
0.019590326 -0.1200337 0.99257648 0
0.019402612 -0.085029006 -0.99618959 0
0.0051019075 -0.016610645 -0.99984902 5.2550917e-07
nan nan nan nan
0.025110371 -0.083171666 -0.99621886 9.0594995e-06
-0.020011781 0.18098925 0.98328143 0.00013446249
0.043991916 -0.15006582 -0.98769683 5.085544e-05
-0.025276082 0.2492228 0.96811622 0
nan nan nan nan
0 0 -1 0
nan nan nan nan
-0.015414309 0.13472483 -0.99076319 0.00046384471
nan nan nan nan
-0.012693329 -0.021684436 -0.99968427 0
-0.027915377 0.019097267 -0.99942786 2.7498019e-05
-0.0021247733 0.0088630999 -0.99995852 0
0.010632425 -0.85989726 -0.51035637 0
nan nan nan nan
0.0049407538 -0.016708316 -0.99984825 0
-0.010807699 0.10873395 0.99401212 0
nan nan nan nan
-0.01966748 0.17823958 0.98379058 0.00022505714
0.043587815 -0.15010743 -0.98770845 0
-0.019991376 0.23240882 0.97241271 0
nan nan nan nan
-0.021518687 0.21708074 -0.97591645 0
nan nan nan nan
-0.019149236 0.046676263 -0.99872643 0
nan nan nan nan
-0.0079110404 0.0014833201 -0.99996763 0
0.044873152 -0.30748308 0.95049489 0
0.0037095055 -0.03143198 0.99949896 0
-0.013884312 0.021597814 -0.99967039 0
nan nan nan nan
nan nan nan nan
-0.028993016 -0.26530436 -0.96372867 0
nan nan nan nan
0.013897969 -0.20422016 -0.97882628 0
0.042575914 -0.15236461 -0.98740691 0
0.031093445 -0.28423151 -0.95825136 0
nan nan nan nan
0.067856371 -0.7287426 0.68141752 0
nan nan nan nan
0.017546374 -0.17231683 0.98488533 0
nan nan nan nan
nan nan nan nan
-0.0089899274 -0.046447933 -0.99888027 0
-0.00049192022 0.0049531166 -0.9999876 0
0.018461879 -0.16209531 -0.98660237 0
-0.0050292714 0.028506797 0.99958092 5.9800768e-05
nan nan nan nan
-0.018343065 0.094769359 0.99533021 2.2449345e-05
nan nan nan nan
0.017178003 -0.1934853 -0.9809528 0
0.042090509 -0.15138306 -0.98757863 0
-0.0038840941 0.19449612 0.98089552 0.00010628445
nan nan nan nan
0 -0.19792832 -0.9802165 0
nan nan nan nan
0.023457954 -0.25775176 0.96592635 0
nan nan nan nan
nan nan nan nan
nan nan nan nan
nan nan nan nan
-0.013010076 0.039051406 -0.99915254 1.8116874e-05
-0.020394895 -0.045597881 0.99875164 0
0.0046652826 -0.016701242 -0.99984968 9.9780959e-07
-0.0035610138 0.09146563 0.99580193 0
0.023174802 -0.084001988 -0.99619609 0
0.017869659 -0.19889988 -0.97985691 0
0.042902615 -0.15083699 -0.98762721 0
0.022130881 -0.25474924 -0.9667539 0
0.060774498 -0.2167083 -0.97434288 0
-0.042949352 -0.27380213 -0.96082664 0
-0.0055892919 -0.18956994 -0.98185128 0
0.012743186 -0.26661694 0.9637183 0
nan nan nan nan
0.010474125 -0.11074712 0.99379349 0
nan nan nan nan
nan nan nan nan
-0.01255453 0.033687752 -0.99935359 6.6027176e-05
-0.02260997 -0.098918632 0.99483865 0
0.0045803213 -0.016885292 -0.99984699 0
0.0072161658 0.047673319 0.99883693 0.00037614882
0.02261685 -0.0828657 -0.99630409 4.0007781e-05
0.016069509 -0.19513741 -0.98064423 0
0.035468832 -0.15810546 -0.98678505 0
-0.02123215 0.24403791 0.96953326 1.646776e-05
0.059278149 -0.21743381 -0.97427332 2.7962971e-05
0.026445692 -0.83118975 -0.55535954 0
nan nan nan nan
0.063477792 -0.54352862 0.83698696 0
nan nan nan nan
0.042284694 -0.073435195 -0.9964031 0
0.001105645 -0.031510878 -0.99950278 0
0.0010394161 0.0080205984 -0.99996728 0
nan nan nan nan
nan nan nan nan
0.0045374096 -0.017097302 -0.99984348 0
-0.036607265 -0.30456191 0.9517889 0
0.023096066 -0.083851799 -0.99621046 0
-0.01491022 0.17437643 0.98456615 5.3155429e-05
0.040303286 -0.1517089 -0.98760319 4.1373562e-05
-0.020074528 0.24259728 0.96991938 0.00040094712
0.060774498 -0.2167083 -0.97434288 0
-0.019675124 0.013062864 -0.99972111 0
nan nan nan nan
0.019006759 -0.19581236 0.98045719 0
nan nan nan nan
0.0066662505 -0.11746557 0.99305457 0
-0.026737571 0.053634278 -0.99820262 0
0.066689357 -0.24591692 -0.96699399 0
nan nan nan nan
nan nan nan nan
0.0045818286 -0.016889583 -0.99984688 0
0.013242049 -0.17236197 -0.98494464 0
0.022751611 -0.084453225 -0.9961676 0
-0.014253824 0.18376122 0.98286754 0
0.04235274 -0.14981502 -0.9878065 0
0.019109488 -0.26566261 -0.96387672 0
-0.082220189 0.16905275 0.98217154 8.9154164e-05
-0.0042346958 0.046577647 -0.99890572 0.00091451948
nan nan nan nan
-0.011441881 0.14793044 -0.98893154 0
nan nan nan nan
-0.014427486 -0.9940238 -0.10820615 0
nan nan nan nan
0.0018274101 -0.034657568 0.99939752 0
0.013613525 -0.069904372 0.99746078 0
nan nan nan nan
0.0044893697 -0.016791899 -0.9998489 0
0.0063720355 -0.080781192 0.99671149 0
-0.025375223 0.074035384 0.99693274 1.461968e-05
-0.0018984242 0.15709218 0.98758215 0.00012535638
0.037835006 -0.15339954 -0.98743969 0
0.018284665 -0.26133659 -0.96507454 0
0.056766614 -0.21864027 -0.97415298 0
0.093212374 -0.50676143 0.8570323 0
-0.066468202 0.24806292 -0.96646094 0.00016567904
0.012897989 -0.18254237 0.98311341 0
nan nan nan nan
0.0079030078 -0.1512191 0.98846871 0
nan nan nan nan
-0.00087329996 0.0028382249 -0.99999559 0
-0.013278318 0.049140658 -0.9987036 0
nan nan nan nan
-0.0044597597 0.016598642 0.9998523 5.4214036e-07
-0.0059920405 0.085961305 0.99628043 0
-0.023595374 0.077544726 0.99670964 0
0.01608686 -0.2031012 -0.97902566 0
-0.043871552 0.13986234 0.98919857 0.00010932336
-0.021186981 0.24542098 0.96918511 9.3439638e-05
0.056798615 -0.2165454 -0.97461891 1.8781235e-05
-0.014102005 0.20596974 -0.9784568 0
-0.045372196 0.13211477 -0.99019545 0.00069133076
0.01246656 -0.18203831 0.98321241 0.00011847332
nan nan nan nan
0.002548801 -0.23563194 0.97183895 0
0.15486774 -0.92920643 -0.33554634 0
nan nan nan nan
nan nan nan nan
0.0014167776 0.036758408 0.99932319 7.181515e-05
0.00443555 -0.016712055 -0.99985051 0
-0.013793691 0.098256804 0.99506557 0.000185943
-0.022896346 0.080326475 0.99650556 0
0.012092641 -0.20031682 -0.97965658 0
0.038805366 -0.15043166 -0.98785853 1.6716016e-05
0.017055657 -0.25681815 -0.96630925 0
0.056767233 -0.22197293 -0.97339892 0
-0.012972698 0.14742227 -0.98898852 0.00050450041
0.071771979 -0.47100359 0.87920666 0
0.021387141 -0.94507474 0.3261539 0
nan nan nan nan
0.00093472446 0.027761934 -0.99961412 0
nan nan nan nan
nan nan nan nan
nan nan nan nan
0.0011117724 0.042780899 0.99908382 3.0930303e-05
0.004433183 -0.017001549 -0.99984568 0
0.0072071496 -0.12484355 -0.99215025 9.3826289e-05
-0.022762641 0.080210201 0.99651808 0
0.0043512257 -0.24045134 -0.97065145 0
0.038460452 -0.15349182 -0.98740119 5.7793409e-06
-0.015951104 0.25383863 0.9671151 0
0.055378996 -0.21586947 -0.97485054 0.00014354494
-0.008317451 -0.10147738 -0.99480307 0
0.16826275 -0.98567539 0.011473183 0
0.14484984 -0.92010242 -0.36390948 0
0.07873176 -0.38540465 0.91938263 0
0 -0.00094696932 -0.99999958 0
nan nan nan nan
-0.0022259364 -0.022477401 -0.99974489 0
nan nan nan nan
nan nan nan nan
0.0067214156 -0.018015711 -0.99981505 0
-0.0056050951 0.093360834 0.99561661 0
-0.022629557 0.078277223 0.99667478 0
0.011686102 -0.1888836 -0.98192996 0
0.038187608 -0.14944665 -0.9880321 5.9037739e-05
0.015113465 -0.2547501 -0.96688879 0.0002301534
0.055380963 -0.21764341 -0.97445589 2.6773499e-05
0.014811999 -0.99369997 0.11109 0
nan nan nan nan
0.048554964 -0.23822278 -0.96999604 0
-0.039504372 0.088871688 -0.9952594 0.00014531215
0.0060548652 -0.020813601 -0.9997651 0
-0.013592504 -0.099225499 -0.99497205 0
-0.0018479191 -0.0083156358 -0.99996376 0
nan nan nan nan
nan nan nan nan
0.0041685882 -0.016925961 -0.99984813 0
0.019149786 -0.33705571 -0.9412899 0
0.021046709 -0.084745683 -0.9961803 0
0.0095151439 -0.19723573 -0.98030996 0
0.037571982 -0.15117894 -0.98779219 4.8257254e-05
0.014164756 -0.25705239 -0.96629369 0.0003306173
0.056098588 -0.2199059 -0.97390682 0
0.057452358 -0.66114318 0.74805677 0
nan nan nan nan
-0.0083043361 0.15386976 -0.9880563 0
-0.035502959 -0.16220982 -0.98611742 0
0.01603204 -0.00081431959 -0.99987113 0
0.047755655 -0.28549576 0.95718944 0
0.002276876 -0.014941999 -0.9998858 0
-0.012709874 0.045513697 -0.99888283 0
nan nan nan nan
-0.0035034562 0.016618047 0.99985576 0
-0.0071164099 0.11559691 0.9932707 0
-0.022527423 0.080742814 0.99648029 2.1548771e-05
0.0095074298 -0.19374175 -0.98100644 0
0.038272753 -0.15289994 -0.98750025 1.5763733e-06
-0.010424954 0.24235234 0.97013229 0.00011832749
0.063161701 -0.22810879 -0.9715848 0
0.02715251 -0.30840454 0.95086771 0
0.010108327 0.011582468 -0.99988192 0
0.0079854541 -0.96884239 0.24754909 0
-0.039140254 0.15309349 -0.98743635 0
0.0076414971 -0.1498525 0.98867887 0
-0.018384686 0.050673023 -0.99854606 0.00017897409
0.0018154517 -0.024073642 0.99970859 0
-0.010588892 -0.0344139 -0.99935156 0
nan nan nan nan
0.0041031148 -0.017038226 -0.9998464 0
0.0061740493 -0.12230416 -0.99247342 0.00026345704
0.018059686 -0.08835806 -0.99592507 0
0.005998488 -0.20844154 -0.97801644 0
0.037263159 -0.15146317 -0.98776031 0
0.012390063 -0.25527397 -0.96678936 0
-0.04273564 0.21011308 0.97674268 0
0.04912838 -0.49390298 0.868128 0
nan nan nan nan
0.075095326 -0.77129722 -0.63202953 0
nan nan nan nan
-0.0040546879 0.063766085 -0.99795663 0
-0.018299164 0.050062101 -0.99857843 0
0.0014171021 0.0011033963 -0.99999845 0
nan nan nan nan
0.00012242394 -0.00083401316 0.99999958 0
0.0046112421 -0.017459899 -0.99983692 2.3254522e-06
-0.00020932905 0.093911961 0.99558055 7.3046765e-05
0.01626621 -0.089844652 -0.99582297 0
0.010229542 -0.19837734 -0.98007232 0
0.036658898 -0.15205371 -0.98769218 4.8056841e-06
0.0070881923 -0.28399879 -0.95879847 0
-0.015578446 0.19162585 0.98134446 0.00020222446
0.0016654616 -0.99931175 0.037056521 0
nan nan nan nan
0.035489868 -0.4766542 0.87837416 0
nan nan nan nan
9.0838446e-05 -0.00019492414 -1 0
-0.027166568 0.05683532 -0.99801385 0
0.0090240054 -0.11110806 0.99376732 0
nan nan nan nan
0.0066518323 -0.015349776 0.99986011 0
0.0040559154 -0.016933221 -0.99984837 1.1519772e-06
-0.0038518584 0.08822383 0.99609327 0
0.020329699 -0.0840104 -0.99625748 6.2247814e-06
-0.0053469748 0.17789318 0.98403531 0
0.034767188 -0.15192895 -0.98777974 0
-0.012242788 0.24212772 0.97016716 8.0849073e-05
nan nan nan nan
-0.0082467217 0.21827847 -0.97585171 0
nan nan nan nan
-0.0068055559 0.025520835 -0.99965113 0
-0.039079428 0.10746842 -0.99344009 0
-0.0043252069 -0.12642872 -0.99196631 0
0.03575727 -0.17431667 0.9840402 0
0.0010216853 -0.026130887 -0.99965805 0
0.012351667 -0.061758336 0.99801469 0
-0 0.028042946 0.99960673 0
0.0040326682 -0.01691401 -0.99984884 2.0255902e-07
-0.0052426537 0.10832226 0.994102 0.0001444669
-0.021890635 0.080812417 0.99648893 2.7958804e-05
-0.0066127568 0.18596044 0.98253495 8.6424821e-05
0.034767188 -0.15192895 -0.98777974 0
-0.010372733 0.23925216 0.97090209 0.00035255705
0.050330184 -0.21832673 -0.97457689 2.5218171e-05
-0.00042958316 0.0019331241 -0.99999797 0
0.087794699 -0.59261423 0.80068749 0
0.053423543 -0.5709641 -0.81923497 0
-0.040835753 0.17390497 -0.98391545 2.2519811e-05
0.0005939065 0.057515454 -0.99834448 0
0.082564779 -0.42707831 0.90043718 0
0.007012588 -0.045950804 0.99891913 0
0 -0.08893194 -0.99603772 0
-0 0.02901884 0.99957883 0
nan nan nan nan
0.0046854494 -0.1291737 -0.99161088 0
-0.021704432 0.081018679 0.99647629 1.385682e-05
0.0076373355 -0.19892251 -0.97998548 0
0.034767188 -0.15192895 -0.98777974 0
-0.0091539063 0.25182864 0.96772861 0.00014165451
nan nan nan nan
0.00723988 -0.2322948 0.97261852 0
0.059683304 -0.27515781 0.95954472 0.00049820455
0.018720061 -0.26369762 0.96442378 0
0.084543511 -0.52135158 0.84914362 0
0.0075657666 0.00063410256 -0.99997115 0
-0.022322698 0.025750838 -0.99941903 0
0.01142255 -0.039835274 -0.99914098 0
-0.0060581421 0.010501889 -0.99992651 0
0.037653167 -0.46476763 0.88463175 0
nan nan nan nan
-0.0047860951 -0.16539599 -0.98621565 0
0.020492833 -0.083651803 -0.99628431 0
0.0071242517 -0.1965286 -0.98047215 0
nan nan nan nan
-0.0078374101 0.2504234 0.96810466 0
nan nan nan nan
-0.0046555498 0.19722208 -0.98034781 0
nan nan nan nan
0 0 -1 0
-0.014218743 -0.10063441 -0.99482185 0
0.0042657452 -0.14186403 0.98987693 0
0.012838013 -0.10377394 -0.99451804 0
0.0012228506 0.0027586527 -0.99999547 0
-0.016505418 -0.0090345545 -0.99982297 0
0.0029031925 0.014409117 0.99989194 0
0.0032235456 -0.017629771 -0.99983931 0
-0.0043703387 0.11747275 0.99306649 0
-0.051568959 0.062902845 0.99668646 0
-0.00090234255 0.17831887 0.98397237 0.00011852959
nan nan nan nan
-0.0051049315 0.24849561 0.96861959 9.48179e-05
nan nan nan nan
0.0056467508 -0.24335681 0.9699204 0.00039472914
nan nan nan nan
0.0053442521 -0.16699821 0.98594272 0.00022524557
-0.0032218492 -0.029281598 -0.99956602 0.00036464812
0.0061900839 -0.032482598 -0.99945307 0
0.02855631 -0.15063986 0.98817623 0
0.019592388 -0.17829835 0.9837814 0
0.010046008 -0.094618201 0.99546295 2.6460108e-05
-0.00124134 0.050975099 0.99869919 0
-0.0038606711 0.016583713 0.99985504 0
0.033381637 0.014340804 0.99933976 0
-0.040325005 0.070808634 0.99667448 0
-0.0031558231 0.1858829 0.98256683 9.3839117e-05
0.032682657 -0.15265214 -0.98773944 7.6478849e-05
0.01304608 -0.28372127 -0.95881802 0
-0.040837079 0.20959787 0.97693455 7.3281553e-05
-0.0066888845 0.15842654 -0.98734814 0
0.095399983 -0.50100684 0.86016911 0
0.058244139 -0.23508333 -0.97022861 0
0.054969616 -0.85158581 -0.52132511 0
0.018173901 -0.18741837 0.98211199 0
-0.028592359 0.053338945 -0.99816704 1.8151413e-05
nan nan nan nan
0.014155692 -0.067604378 0.99761182 0
0.00037629096 0.029721869 0.99955815 7.3888732e-05
-0.0038606711 0.016583713 0.99985504 0
0.007579742 0.081734873 0.9966253 0
0.017815154 -0.084703662 -0.99624693 5.5452156e-06
-0.0020514645 0.18118306 0.98344725 0
0.032938763 -0.15283513 -0.98770261 0.00011547646
-0.0045245616 0.24803808 0.96873969 0
0.04662532 -0.22477128 -0.97329539 0
0.03927942 -0.060570039 -0.99739075 0
0.067767464 -0.36977452 0.92664689 0
0.053767785 -0.21759044 -0.97455806 0
0.045343 -0.26072225 0.96434844 0
0 0.071550615 -0.99743694 0
-0.027287809 0.081072487 -0.99633461 0
nan nan nan nan
0.011776308 -0.059757147 0.99814349 0
0.0011038291 -0.05956044 -0.99822408 0
nan nan nan nan
-0.0028115341 0.11163291 0.99374557 0.00030382225
-0.017248321 0.083542332 0.99635494 0
-0.0044024359 -0.0050215283 0.99997777 0
0.032682657 -0.15265214 -0.98773944 7.6478849e-05
0.0044744988 -0.25777292 -0.96619517 0
0.046020966 -0.22235656 -0.97387862 0
0.031294763 0.042325526 -0.99861366 0
nan nan nan nan
0.013426776 -0.2126552 0.97703516 0
nan nan nan nan
-0.0035758482 0.0069840783 -0.99996918 0
nan nan nan nan
-0.003234057 -0.0394831 0.99921507 0
-0.019912092 -0.60433209 -0.7964837 0
nan nan nan nan
0.0033989183 -0.017026324 -0.99984926 6.239091e-07
-0.0085042594 0.089775696 0.99592566 0.00013746109
0.017124178 -0.084993415 -0.9962343 1.6706092e-05
-0.0059175277 0.17889695 0.98385 4.9224425e-05
nan nan nan nan
0.0035686134 -0.25853696 -0.96599478 0
0.046493564 -0.2317493 -0.97166383 1.9199686e-05
0.0023386027 -0.23790658 0.97128522 0
nan nan nan nan
0.0032672773 -0.24560818 0.96936363 0
nan nan nan nan
0.0049393838 0.046104323 -0.99892437 4.2180873e-05
nan nan nan nan
-0.0066711982 -0.049618553 0.99874592 0
-0.010676391 0.040036466 -0.99914116 0
nan nan nan nan
0.0032663082 -0.016980955 -0.99985051 4.7224074e-07
-0.019456597 -0.0066367448 0.9997887 0
-0.016947497 0.083153203 0.99639273 6.3369639e-06
0.0021628444 -0.19035287 -0.98171329 0.00025317451
0.034026567 -0.15728128 -0.98696744 3.8434732e-06
-0.0026992045 0.2438304 0.96981412 0.00032935155
-0.04456646 0.21522573 0.9755469 0
0.0041274084 -0.26257083 0.96490389 0.00043171129
nan nan nan nan
0.0020630674 -0.24346033 0.9699086 0
nan nan nan nan
0.002196864 -0.10058576 0.99492598 0
nan nan nan nan
-0.0010231439 -0.0049718395 -0.99998713 0
-0.0078584515 0.006690674 -0.99994671 0
nan nan nan nan
0.0033730774 -0.017063139 -0.99984872 4.6296142e-07
0.001015865 -0.12152037 -0.99258846 0.00015416219
0.017791796 -0.087703362 -0.99598765 0
-0.00077307364 -0.19902582 -0.97999394 0
0.034026567 -0.15728128 -0.98696744 3.8434732e-06
0.00172608 -0.25979662 -0.96566182 0
-0.043907259 0.20776556 0.97719276 0.00018788016
0.003908942 0.12167084 -0.99256277 0.00090516009
0.076021001 -0.35685462 0.93106157 0
0.00090648857 0.12116477 -0.99263197 0
nan nan nan nan
-0.031024437 -0.77895999 -0.62630582 0
-0.029348364 -0.058696736 -0.9978444 0
0.0024139062 -0.008540119 -0.9999606 0
0.0063223662 -0.058481887 -0.99826837 0
nan nan nan nan
0.003332414 -0.017080607 -0.9998486 2.0246949e-07
-0.34016994 -0.86915642 0.35895884 0
0.016994268 -0.085647024 -0.99618053 0
0.00019898154 -0.1950576 -0.98079181 0
0.039309256 -0.16293259 -0.98585379 0
0.00081038155 -0.26449525 -0.96438664 9.0703237e-05
-0.043330926 0.20151876 0.9785257 1.4503432e-05
nan nan nan nan
nan nan nan nan
0.0017775046 -0.18713316 0.98233289 0
nan nan nan nan
0 0.085213237 -0.99636281 0
-0.012473914 0.013433451 -0.99983203 0
nan nan nan nan
nan nan nan nan
nan nan nan nan
0.0033205212 -0.017219184 -0.99984622 7.3801033e-07
0.00058875262 -0.1249559 -0.99216211 0
0.017099541 -0.086041793 -0.99614483 0
1.6744525e-05 -0.19167943 -0.98145759 0
0.039309256 -0.16293259 -0.98585379 0
5.0552146e-05 -0.25706509 -0.96639407 9.7138291e-05
0.043685328 -0.23209111 -0.97171259 0.00010230711
nan nan nan nan
nan nan nan nan
0.029947961 -0.18103309 -0.98302096 0
nan nan nan nan
0.013828693 -0.01631189 -0.99977124 0
nan nan nan nan
nan nan nan nan
nan nan nan nan
nan nan nan nan
nan nan nan nan
-0.00050408777 -0.12425192 -0.99225056 0
0.016707547 -0.08575312 -0.99617636 0
-0.00065443036 -0.19230211 -0.98133558 5.6577697e-05
-0.028869351 0.14938755 0.98835725 8.5599095e-05
-0.00074759778 -0.25733602 -0.96632165 9.7461467e-05
0.041608643 -0.21803655 -0.97505331 3.76756e-05
0.0060600126 0.16979036 -0.98546159 0.00030926615
0.055602219 -0.72282881 -0.68878651 0
0.020982357 0.044223357 -0.99880135 0.00032255318
0.14321876 -0.77617979 0.6140303 0
0.003677896 0.010028013 -0.99994296 0
nan nan nan nan
nan nan nan nan
-0.0073129213 0.025624083 -0.99964488 2.7445993e-05
nan nan nan nan
0.0030624729 -0.017197501 -0.99984741 0
0.00035830209 0.11664639 0.99317348 0.00013691471
nan nan nan nan
0.0017100724 0.17929046 0.98379469 0
-0.028869351 0.14938755 0.98835725 8.5599095e-05
-0.006171695 -0.2759116 -0.96116322 0
-0.040626988 0.21674885 0.97538167 4.730732e-05
-0.00052637444 -0.241202 0.97047478 0
0.10305671 -0.66128057 0.74302572 0
0.19008528 -0.80518198 -0.56173795 0
-0.034157597 -0.012809099 -0.99933439 0
-0.0047112261 -0.01700517 -0.99984425 9.3925803e-05
0.0037869122 -0.02224811 -0.99974537 0
nan nan nan nan
0 0 -1 0
nan nan nan nan
nan nan nan nan
0.019691844 0.090067379 0.99574101 0
nan nan nan nan
-0.0022103181 -0.1941907 -0.98096126 0
0.027010798 -0.15597309 -0.98739189 0
-0.0046859998 0.23036668 0.97309262 0
-0.036283903 0.20253193 0.97860324 0
0.0061045205 0.11957017 -0.99280697 0
-0.032361705 0.15341845 -0.98763126 0
0.0031164759 0.11724692 -0.99309796 0
-0.033035155 0.11176006 -0.99318594 0
0.0093570622 0.035447128 -0.99932772 0.00010854632
nan nan nan nan
nan nan nan nan
-0.008448136 0.047168758 -0.99885124 0
nan nan nan nan
nan nan nan nan
-0.0015027821 -0.12296075 -0.99241042 0
nan nan nan nan
-0.002571977 -0.19066046 -0.98165268 0
0.026525633 -0.15580046 -0.98743236 0
-0.0011378317 0.22827271 0.97359663 0.00021060536
-0.033186357 0.19514787 0.98021221 0.00020319031
0.0083475504 0.054188866 -0.99849582 0
nan nan nan nan
-0.017263843 -0.037571229 -0.99914485 0
nan nan nan nan
0.018373182 -0.017680313 -0.99967492 0
nan nan nan nan
0.0062167002 -0.0039275107 -0.99997294 0
-0.0088372743 0.046963364 -0.9988575 0
nan nan nan nan
nan nan nan nan
0.0018516809 -0.13960367 -0.99020576 0
nan nan nan nan
-0.0069942093 -0.20385201 -0.97897667 4.0948198e-05
0.026922772 -0.1536281 -0.98776191 0
0.0020499541 0.23857078 0.97112298 0.00022305112
-0.035043389 0.21034336 0.97699934 0.00012983556
0.029023796 -0.13514204 -0.99040109 0
nan nan nan nan
0.0061977734 0.11014637 -0.99389607 0.00018597883
nan nan nan nan
0.0023892482 0.058212649 -0.99830133 0
nan nan nan nan
-0.00085582776 -0.019092252 0.99981731 0
-0.008231936 0.031596914 -0.99946684 0
nan nan nan nan
nan nan nan nan
0.011307509 -0.14851494 -0.98884559 0
nan nan nan nan
-0.0066875629 -0.20987414 -0.97770554 0
-0.041661475 0.13249595 0.99030757 0
0.0049585346 0.24767584 0.96883035 0
0.038758345 -0.22596568 -0.97336394 0
0.03990804 -0.08305613 -0.99574548 0
0.053445827 -0.31650847 0.94708288 0
0.023647645 0.031509776 -0.99922359 0
nan nan nan nan
-0.0028938437 -0.12839605 0.99171877 0
nan nan nan nan
0.00034024869 0.016734369 -0.99985993 2.4043341e-06
-0.0051728208 0.023277692 -0.99971569 0
nan nan nan nan
nan nan nan nan
0.034407657 -0.029898481 0.99896055 0.00021000631
nan nan nan nan
0.00351398 0.18329103 0.98305243 1.9648902e-05
nan nan nan nan
-0.0075435312 -0.28313285 -0.95905107 0
-0.03650479 0.21698318 0.9754926 0
0.05118493 -0.54302788 -0.83815324 0
0.056586247 -0.34700441 0.93615484 0
-0.024552444 -0.94206625 0.33452705 0
nan nan nan nan
nan nan nan nan
0.04105325 -0.25342962 0.96648234 0
nan nan nan nan
-0.0077553964 0.015510793 -0.99984962 0
nan nan nan nan
nan nan nan nan
nan nan nan nan
nan nan nan nan
-0.0015693774 0.16590795 0.98613995 0.00016108461
0.024596039 -0.15504132 -0.98760176 0
0.0083214873 0.24692595 0.96899861 0.00014991892
0.036324657 -0.22508824 -0.97366112 0
0.024980512 0.048881091 -0.99849224 0
-0.046352401 -0.062476195 -0.99696946 0.00050790509
-0 -0.42479068 0.90529162 0
0.019959832 -0.94046026 -0.33931711 0
nan nan nan nan
-0.019922268 0.08665552 -0.99603921 0.00016167792
nan nan nan nan
nan nan nan nan
nan nan nan nan
nan nan nan nan
nan nan nan nan
nan nan nan nan
-0.013756733 -0.21663161 -0.97615647 0
0.02832384 -0.15734138 -0.98713797 0
-0.0082815373 -0.2573697 -0.96627748 0.00011373708
-0.034541834 0.21312191 0.9764148 0
nan nan nan nan
-0.021121148 0.15838246 -0.98715192 0
nan nan nan nan
-0.018447267 0.028081272 -0.99943542 0
nan nan nan nan
-0.02989812 0.017135672 -0.99940598 6.9272326e-05
nan nan nan nan
nan nan nan nan
nan nan nan nan
nan nan nan nan
-0.0042891307 -0.1296646 -0.9915486 0
nan nan nan nan
-0.0091429893 -0.20703523 -0.9782908 0
0.024196174 -0.15528502 -0.98757333 0
-0.0090107126 -0.25900146 -0.96583492 0
-0.033780593 0.20539503 0.97809601 2.1279177e-05
nan nan nan nan
nan nan nan nan
nan nan nan nan
0.028424574 -0.20630231 0.97807533 5.8553345e-05
nan nan nan nan
-0.020532308 0.043227073 -0.99885428 3.0413381e-05
-0.00019266934 0.0072944928 -0.99997342 0
-0.0053775231 0.043898098 -0.99902153 7.8604489e-06
0.0054944013 -0.011501955 0.99991876 0
nan nan nan nan
-0.029619424 0.081422493 0.99623948 0
nan nan nan nan
-0.006440239 -0.19978291 -0.97981906 6.1163963e-05
0.02302775 -0.15424649 -0.987764 2.9475372e-05
-0.0098832846 -0.25955114 -0.96567875 0
-0.033374514 0.21710786 0.97557688 0
0.05298264 -0.011712464 -0.99852675 0
nan nan nan nan
0.0062637553 -0.22140403 0.97516197 0
-0.028512117 0.18049257 -0.983163 0
nan nan nan nan
-0.013695303 0.078228898 -0.99684131 0
0.00079769164 -0.00016203111 -0.9999997 0
0.01859366 -0.25459009 0.96687031 0
0.0026533536 -0.03024059 0.99953914 0
nan nan nan nan
-0.0018139535 0.10262917 0.99471807 0
nan nan nan nan
0.01054904 0.16508909 0.98622221 1.8220802e-05
0.022706432 -0.15414619 -0.98778701 0
-0.010909796 -0.2598637 -0.96558362 0
-0.029901283 0.19997391 0.97934484 0
0.056219574 -0.13012876 -0.9899019 0
0.15869336 -0.58965456 -0.7919116 0
-0 -0.29772583 0.95465142 0
nan nan nan nan
nan nan nan nan
0.065703012 -0.60619122 0.79260033 0
nan nan nan nan
nan nan nan nan
0.014956925 -0.091143765 0.99572545 0
nan nan nan nan
-5.1542407e-05 -0.00021261243 1 0
-0.013957973 0.083354309 0.99642223 0
0.010822902 0.10824482 0.99406534 2.1521981e-05
0.022520499 -0.15504737 -0.98765033 0
-0.011343734 -0.25504225 -0.96686339 1.5653914e-05
0.034670461 -0.24529871 -0.96882737 0
0.03593196 0.029533289 -0.99891776 0
0.034879979 -0.12541804 -0.99149066 0
0.01249065 0.035910618 -0.999277 0
nan nan nan nan
nan nan nan nan
0.0022851869 -0.077451445 -0.99699348 0
nan nan nan nan
nan nan nan nan
nan nan nan nan
nan nan nan nan
0.027392492 -0.24941032 -0.96801043 0
nan nan nan nan
-0.029342171 -0.29269505 -0.95575559 0
0.021590076 -0.15672643 -0.98740608 0
0.011923753 0.25039265 0.96807092 0.00010184413
0.032995466 -0.23185797 -0.9721899 0
0.01773721 0.14852421 -0.98874968 0
-0.02080559 0.092981346 -0.99545044 0.0006551632
0.038970776 -0.092251107 -0.99497294 0
0.013888069 0.043028235 -0.9989773 0.001136179
0.0057540783 0.078474753 -0.99689955 0
0.0053195287 -0.00067158311 -0.99998558 0.00031313093
nan nan nan nan
nan nan nan nan
nan nan nan nan
nan nan nan nan
0.0035965142 -0.2217862 -0.97508872 0
nan nan nan nan
0.0076919412 0.17547856 0.98445326 0.0001733266
0.035307683 0.031510089 0.99887955 0
-0.013797389 -0.27486151 -0.96138483 0
0.030222999 -0.22107229 -0.97478896 2.0167559e-05
nan nan nan nan
-0.046861153 -0.10543759 -0.99332124 0
0.012626338 0.029198404 -0.9994939 0
nan nan nan nan
nan nan nan nan
-0 -0 -1 0
nan nan nan nan
nan nan nan nan
nan nan nan nan
nan nan nan nan
-0.055025276 -0.17960621 0.98219848 0
nan nan nan nan
-0.013126967 -0.19961886 -0.97978574 0
nan nan nan nan
-0.014970302 -0.26629061 -0.96377653 0
0.033057969 -0.23345602 -0.97180527 0
nan nan nan nan
-0.032239299 0.20149562 -0.97895873 0
0.0026166961 0.044977002 -0.99898458 0
nan nan nan nan
nan nan nan nan
-0.016254412 -0.042841975 -0.99894959 0
nan nan nan nan
nan nan nan nan
nan nan nan nan
nan nan nan nan
-0.18758081 -0.55963743 0.80722946 0
nan nan nan nan
0.0084361546 0.17677175 0.98421574 1.3400744e-05
0.060163621 -0.24609606 -0.96737641 0.00014694159
-0.016005468 -0.26826662 -0.96321172 0
-0.028063862 0.21899986 0.97532123 0.00017307232
0.011344988 0.068200208 -0.99760711 0
0.073138699 -0.55280209 0.83009678 0
0.011344241 0.10060571 -0.99486178 0
-0.026346738 -0.26100457 -0.96497798 0
nan nan nan nan
0.053414494 -0.41048288 0.91030252 0
-0.00059231016 -0.01864204 0.99982601 0
nan nan nan nan
nan nan nan nan
nan nan nan nan
0.0089406418 0.10827386 0.99408096 0.00022263794
nan nan nan nan
0.011619532 0.18710513 0.98227113 8.1455859e-05
-0.018351652 0.14123544 0.98980594 0.00023452372
-0.016216366 -0.25540528 -0.96669805 0.00019612162
-0.027615268 0.21836427 0.9754765 6.8936759e-05
-0 -0.66690379 0.74514389 0
-0.026232215 0.22062053 -0.97500694 0.00040199157
0.014900045 0.1145441 -0.9933064 0
0.039638814 -0.26115429 0.96448296 0
nan nan nan nan
0.016967326 -0.13600768 0.99056244 0
-0.001535182 -0.019193534 0.99981463 0
nan nan nan nan
0.0029786488 0.033559326 0.99943227 0
nan nan nan nan
-0.0079043861 -0.12333594 -0.99233353 0
nan nan nan nan
-0.012622369 -0.19579877 -0.98056293 5.7986214e-05
-0.017795412 0.14913964 0.98865598 0.00010914578
-0.017055677 -0.25565913 -0.96661651 0
0.027292941 -0.22110429 -0.97486824 4.3804281e-05
0.01699423 0.1428189 -0.98960298 0
nan nan nan nan
0.0076747863 -0.87530434 0.48351151 0
nan nan nan nan
nan nan nan nan
nan nan nan nan
-0.0053803492 -0.029573226 0.99954814 0
nan nan nan nan
0.0055399062 0.018970925 0.99980468 2.6052772e-05
nan nan nan nan
-0.009230949 -0.12472235 -0.99214876 0
nan nan nan nan
-0.013203571 -0.19108851 -0.981484 0
-0.018013969 0.14544345 0.98920256 0.0001490752
-0.018178673 -0.26352441 -0.96448141 0
-0.02684135 0.21623796 0.97597164 3.9845028e-05
0.030652905 0.080387712 -0.99629217 0.00090530229
nan nan nan nan
0.025919123 -0.10691638 -0.9939301 0
nan nan nan nan
nan nan nan nan
nan nan nan nan
-0.0021624637 -0.029674096 0.99955726 0
nan nan nan nan
0.0052172877 0.044584092 0.99899203 0
nan nan nan nan
-0.039540205 -0.25503725 -0.96612239 0
nan nan nan nan
0.0034710071 0.15138115 0.98846936 1.7542989e-05
0.017285278 -0.16936804 -0.98540127 0
-0.019440399 -0.26343653 -0.96448082 0
0.027694298 -0.23293389 -0.97209811 0
0.055022098 0.062882401 -0.99650311 0.00010899141
0.18224072 -0.79550499 0.57789284 0
0.018032748 0.052675117 -0.99844891 0
-0.012142313 -0.20664068 -0.97834158 0
0.019950654 -0.0404795 -0.99898118 0
0.061420768 -0.54591042 0.83558923 0
0.017479602 -0.14453444 0.98934543 0
nan nan nan nan
0.013381477 -0.038984504 0.99915028 0
-0.0013081415 0.0061545409 0.99998015 0
0.0041133864 0.089380376 0.99598908 0.00031147015
nan nan nan nan
-0.015573558 -0.19613606 -0.98045301 0.00023173762
0.016619675 -0.16245554 -0.9865759 0
-0.02031151 -0.26371109 -0.96438783 6.6249682e-05
0.025024734 -0.22112748 -0.97492379 0
-0.017367389 -0.23738763 0.97125971 0
0.024503011 -0.39488208 0.918405 0
nan nan nan nan
-0.020135229 0.18583205 -0.9823752 0.00014591805
nan nan nan nan
-0.010139791 0.069795206 -0.99750978 0.00011321213
0.00635084 0.00084819889 -0.9999795 0
nan nan nan nan
0.0056834975 0.020247459 0.99977887 0
-3.7308808e-05 -0.015870204 0.99987406 0
0.004841065 0.10196193 0.99477649 0.00017783031
nan nan nan nan
0.01239164 0.18001452 0.98358589 0.00046005475
0.01099675 -0.18509927 -0.98265833 5.1113482e-05
-0.020013088 -0.25521502 -0.96667719 0
-0.023191022 0.21798588 0.9756763 5.3471511e-05
nan nan nan nan
-0.03952324 0.081008613 -0.99592954 0
nan nan nan nan
0.19473974 -0.86183953 0.46830454 0
nan nan nan nan
0.013821298 -0.30053812 -0.95366961 0
nan nan nan nan
nan nan nan nan
0.0061919396 0.0095761828 0.99993497 0
0.0012833934 -0.021545626 -0.99976707 0
0.0062547009 0.10955649 0.99396086 3.4043227e-05
nan nan nan nan
0.014956218 0.18196157 0.98319191 0
0.011792802 -0.20410012 -0.97887903 0
0.018950578 0.24622585 0.96902722 0.00014758384
0.024596559 -0.22914752 -0.97308087 0
nan nan nan nan
0 -0.75396228 -0.65691769 0
0.015916057 0.10047741 -0.99481201 0
0.011039719 -0.30695245 0.95166087 0.00011533659
0.0098828319 0.059725083 -0.99816597 0
-0.0064841262 0.090072341 -0.9959141 0
nan nan nan nan
nan nan nan nan
0.0067069209 0.035948418 0.99933118 0
0.0017001629 -0.019200139 -0.99981421 0
-0 -0.0031779499 0.99999487 0
nan nan nan nan
0.0093058571 0.15917993 0.98720574 0
-0.015702616 0.11257198 0.99351954 0
-0.022357915 -0.25612572 -0.96638483 0
0.022937991 -0.22481818 -0.97413069 0
0.0088231508 -0.027572345 -0.99958086 0
-0.0099323401 0.17539854 -0.98444742 0
-0.01393129 -0.16336095 0.98646796 0
0.019824771 -0.32359022 0.94598961 0
-0 -0.94449681 0.3285206 0
-0.011154016 0.0084256697 -0.99990231 0.00010269625
nan nan nan nan
nan nan nan nan
0 -1 0 0
nan nan nan nan
-0 -0.0030487662 0.99999535 0
nan nan nan nan
0.009147428 0.15967175 0.98712778 0
-0.015887272 0.12725726 0.99174249 5.1039566e-05
0.021511637 0.24569976 0.96910727 4.8452872e-05
0.022201451 -0.22736101 -0.97355741 0.00018452283
nan nan nan nan
0.032832764 -0.38897026 0.92066497 0
-0.014405323 -0.24505174 0.96940303 0
0.026749624 -0.27710736 0.96046656 0
nan nan nan nan
-0.011282548 0.11254029 -0.99358308 0
nan nan nan nan
nan nan nan nan
nan nan nan nan
nan nan nan nan
0.00036074876 0.0030212707 0.99999535 0
nan nan nan nan
0.013817497 0.17466648 0.98453069 0
-0.013825068 0.12678273 0.99183416 0.00011549331
-0.024498846 -0.26046792 -0.96517164 0.00012010721
0.021456553 -0.22163065 -0.97489458 0.00018360955
nan nan nan nan
-0.023222761 0.23083259 -0.97271633 0
0.022164794 0.068341479 -0.99741578 0
-0.014536264 0.11851511 -0.99284583 0.00055794447
nan nan nan nan
0.0030117999 0.044273488 -0.99901491 0
nan nan nan nan
nan nan nan nan
nan nan nan nan
nan nan nan nan
-0.0046678614 -0.23447028 -0.97211206 0
nan nan nan nan
-0.021899229 -0.21272472 -0.97686672 0
0.015923675 -0.17914747 -0.98369342 8.5616903e-06
0.018131433 0.21584506 0.97625929 0
-0.021232801 0.21592221 0.97617966 0
-0.0016693946 -0.012062316 -0.99992585 0.00044368353
-0.01450175 0.18890038 -0.98188913 0
nan nan nan nan
-0.0044060983 0.11818092 -0.99298227 0
nan nan nan nan
0.010860292 -0.12335908 0.99230272 0
nan nan nan nan
nan nan nan nan
nan nan nan nan
0.0011991981 0.0055495403 0.99998385 0
0.0091758631 0.092614509 0.99565971 7.8057215e-05
nan nan nan nan
0.018671386 0.17297435 0.98474938 0
-0.012714547 0.14817202 0.98887986 0.00010466421
-0.02880678 -0.26828349 -0.96290928 0
0.017639844 -0.23213157 -0.9725244 2.4975994e-05
nan nan nan nan
-0.016848464 -0.43531731 -0.90011942 0
nan nan nan nan
-0.011510685 0.070502944 -0.99744517 0
nan nan nan nan
0 -0.12933917 -0.99160039 0
nan nan nan nan
nan nan nan nan
nan nan nan nan
0 0 1 0
-0.018975483 -0.13333893 -0.99088883 0
nan nan nan nan
0.018346244 0.17808372 0.98384428 0
0.016702995 -0.18490854 -0.98261374 0
0.025041724 0.24762389 0.96853256 0.00013898074
0.017835537 -0.23236646 -0.9724648 0
nan nan nan nan
0.084588006 -0.99634755 0.011673429 0.0001722773
-0.017830398 -0.97667867 -0.21396478 0
0.0018157992 -0.43738064 0.89927465 0
nan nan nan nan
0.0032885498 0.017268835 -0.99984545 0
nan nan nan nan
0.00034682205 0.036497407 -0.99933374 0
nan nan nan nan
-0.0015435402 0.0094514759 0.9999541 0
-0.022335421 -0.1554057 -0.98759818 0
nan nan nan nan
0.018810244 0.17662987 0.9840976 0
-0.011048503 0.1400919 0.9900769 0
-0.03048672 -0.27155876 -0.96193892 0
0.016969757 -0.23820008 -0.97106785 0
0.099503905 -0.09321852 -0.99066103 0
-0.02396391 0.02396391 -0.99942559 0
nan nan nan nan
-0.019244276 -0.21750641 -0.97586918 0
0.015452707 0.033324588 -0.99932504 0
-0.0012392697 0.053985652 -0.99854094 0
nan nan nan nan
0.028634595 -0.13642648 0.99023628 0
nan nan nan nan
0.0013656176 -0.018012282 -0.99983686 0
-0 -0.0016447345 0.99999863 0
-0.065279126 -0.17746975 0.98195881 0
-0.015189872 0.10204532 0.99466377 0
0.01207275 -0.15544152 -0.98777133 0
-0.030185854 -0.27019683 -0.96233177 0
-0.017328124 0.2126386 0.97697729 9.5566167e-05
0.020178549 0.17580836 -0.98421752 0.00035114778
0.050363779 -0.64547104 0.76212239 0
nan nan nan nan
0.017056758 -0.070040904 -0.99739826 0.00030848617
nan nan nan nan
0.042766988 -0.19287004 -0.98029184 0
nan nan nan nan
0.010866321 -0.14805885 0.98891884 0
nan nan nan nan
0.012090469 -0.051330019 -0.99860859 0
-0.057852626 -0.28096813 -0.95797175 0
-0.014552369 0.068759941 0.99752706 0
-0.063079722 -0.31857002 -0.94579816 0
-0.014785815 0.14283888 0.98963553 0.00018590828
-0.029620718 -0.25586408 -0.96625882 0
-0.016432595 0.22077367 0.97518659 0.00011759363
nan nan nan nan
-0.011719687 0.19337484 -0.98105496 0
nan nan nan nan
0.025901236 -0.3624199 0.93165493 0
nan nan nan nan
-0.0048878244 -0.018329341 -0.99982005 0
nan nan nan nan
-0.0058389222 -0.022118505 -0.99973828 0
nan nan nan nan
nan nan nan nan
-0.016627679 -0.13315549 -0.99095565 0
nan nan nan nan
0.014646199 0.14797297 0.98888296 3.3791428e-05
0.0085558817 -0.16753612 -0.98582876 0
-0.030740688 -0.25393385 -0.96673298 0
0.017069586 -0.23251763 -0.97244233 0
nan nan nan nan
-0.022376789 0.041956477 -0.99886882 0
nan nan nan nan
0.0031925521 0.041021381 -0.99915314 0.00035009015
nan nan nan nan
0.00025665571 -0.24039117 0.97067606 0
nan nan nan nan
-0.0040289913 0.038654841 -0.99924451 0
nan nan nan nan
nan nan nan nan
-0.059412099 -0.25373921 0.96544629 0
nan nan nan nan
0.021984054 0.16454963 0.9861238 0.00022458233
0.011764751 -0.18137433 -0.98334372 0
-0.031535625 -0.25539353 -0.96632272 0
-0.014389669 0.21896179 0.97562736 0
0.040664207 -0.017447142 -0.99902058 0
0.098276608 -0.91182601 0.39864138 0
-0 -0.37244314 -0.92805505 0
-0.0068926332 0.13956915 -0.9901883 0
nan nan nan nan
-0.0050859707 -0.014622166 -0.99988014 0
nan nan nan nan
0.0053136945 -0.061150189 0.99811447 0
nan nan nan nan
nan nan nan nan
-0.01863444 -0.14762618 -0.9888677 0
nan nan nan nan
-0.024702119 -0.22024706 -0.97513127 0.00012637822
0.013562341 -0.20022167 -0.97965682 0
-0.032087713 -0.2551026 -0.96638143 0
-0.015756123 0.17321536 0.9847579 2.781812e-05
-0.025101127 -0.27846563 0.96011811 0
0.049390037 -0.07356184 -0.99606699 0
-0.019587515 -0.24018399 0.97052974 0
-0.015652971 0.052828781 -0.99848098 0
nan nan nan nan
0.0094241183 0.036206409 -0.99929988 0
nan nan nan nan
nan nan nan nan
nan nan nan nan
0.0027996993 -0.03406141 -0.99941587 0
0.024163153 -0.93169093 0.36244732 0
nan nan nan nan
-0.02513513 -0.1955929 -0.98036301 0
-0.0043644444 0.092866629 0.99566901 0.0001018548
-0.033299364 -0.25492138 -0.96638823 0.00033239042
0.0072113466 -0.31997806 -0.94739741 0
nan nan nan nan
nan nan nan nan
nan nan nan nan
0.026449617 -0.44992512 -0.89267457 0
nan nan nan nan
0.010033327 -0.14217566 0.98979056 0
nan nan nan nan
nan nan nan nan
nan nan nan nan
0.0011210383 -0.019860834 -0.99980211 0
0.0091740014 0.1026898 0.99467111 0
nan nan nan nan
0.022267846 0.16766995 0.98559165 2.2384327e-05
-0.0078229327 0.098924667 0.99506426 5.9552247e-05
-0.035327051 -0.26886714 -0.96252924 0
0.012889141 -0.22726409 -0.97374785 7.6514698e-05
nan nan nan nan
nan nan nan nan
nan nan nan nan
0.0028422819 0.096964695 -0.99528372 0
0.021201298 -0.03237731 -0.99925083 0
-0.004162869 0.077661276 -0.99697113 0
nan nan nan nan
nan nan nan nan
nan nan nan nan
-0.0010844909 0.012878577 0.99991649 0
0.0038062672 0.094384916 0.99552858 0
nan nan nan nan
0.022450298 0.17938748 0.98352236 0.00014594695
-0.0095636984 0.14376429 0.98956579 2.0766258e-05
-0.035229832 -0.2601788 -0.96491748 0.00013118185
0.011931649 -0.24375992 -0.96976221 0
0.045368068 0.056756377 -0.99735677 0
-0.0055960715 0.17550249 -0.9844631 0
0.021974824 0.14717029 -0.98886704 0
0.022958515 0.052793417 -0.9983415 0
0.018587926 0.0078852326 -0.99979621 0
0.020193731 -0.065875366 -0.9976235 0
nan nan nan nan
nan nan nan nan
nan nan nan nan
0.004763044 -0.02295428 0.99972516 0
0.00086245593 0.046939194 0.99889743 0
nan nan nan nan
-0.027384797 -0.19296122 -0.98082417 0
0.00055815093 -0.19441013 -0.9809202 0
0.035739888 0.25072744 0.96739781 7.9560217e-05
0.012751463 -0.24268809 -0.97002053 1.9162642e-05
0.031844791 0.19400181 -0.98048425 0
0.015664119 -0.28830317 0.95741111 0
0.020419246 0.015314435 -0.9996742 0
0.009461455 -0.19943316 0.97986573 0
0.025869958 -0.083256491 -0.99619234 0
-0.0054376461 -0.0020391173 -0.99998313 0
nan nan nan nan
-0.0023806987 0.021039454 -0.99977577 1.265615e-05
nan nan nan nan
0.0016878608 -0.027260529 -0.99962693 0
-0.017420078 -0.12016845 -0.99260062 0
nan nan nan nan
-0.028216882 -0.19720696 -0.97995573 0
0.0029268386 -0.17853934 -0.98392844 4.7131267e-05
-0.037263967 -0.2801756 -0.95922518 0
-0.010170159 0.22090368 0.97524261 0.00011839956
nan nan nan nan
0.015568448 -0.27561152 0.96114308 0.0011737335
-0 -0.80000001 -0.60000002 0
-0.0062642121 0.16328034 -0.98655987 5.7060872e-05
0.011458875 0.011458875 -0.99986863 0
-0 -1 -0 0
nan nan nan nan
0.0033247494 -0.060053285 0.99818969 0
nan nan nan nan
-0 -0.034323823 -0.99941081 0
-0.02993308 -0.14189972 -0.98942834 0
nan nan nan nan
-0.028099304 -0.19344702 -0.98070824 0
0.006099585 -0.16057168 -0.98700535 0.00014510918
-0.038182821 -0.25829145 -0.96531218 0
-0.0092731128 0.21854404 0.97578305 4.273314e-05
nan nan nan nan
0.012277275 -0.2766698 0.9608866 0
0.031632017 0.078546546 -0.99640852 0
-0.0069843023 0.17086363 -0.9852699 9.7656979e-05
nan nan nan nan
0.0070005562 0.067957416 -0.99766362 0.0001543515
nan nan nan nan
0 -0.0014204533 -0.99999905 0
nan nan nan nan
0.00064206054 -0.030833848 -0.99952435 0
-0.030496325 -0.15316153 -0.9877305 0
nan nan nan nan
0.029190963 0.17241035 0.98459262 0
-0.0060814209 0.126508 0.99194694 0.0001388508
-0.040657621 -0.26004207 -0.96474093 3.6969432e-05
0.008877431 -0.22813006 -0.9735902 0.00016618511
nan nan nan nan
-0.011511445 0.0050362567 -0.99992102 0
nan nan nan nan
nan nan nan nan
nan nan nan nan
0.015398726 0.002622897 -0.99987793 7.8732963e-05
nan nan nan nan
-0.00038911527 0.033409167 -0.99944168 0
nan nan nan nan
-1.7221486e-05 8.1802071e-05 1 0
-0.018160174 -0.1221872 -0.99234092 0
nan nan nan nan
-0.046040576 -0.27228859 -0.96111351 0
0.0082802661 -0.18585919 -0.9825415 0
0.037162479 0.24843985 0.96793425 2.3672927e-05
0.0085903564 -0.24089552 -0.97051305 1.279441e-05
nan nan nan nan
-0.0090845292 0.2421248 -0.97020262 0
nan nan nan nan
nan nan nan nan
0.020770261 0.013236777 -0.99969667 0
0 0 -1 0
nan nan nan nan
0.00097559515 0.039856125 -0.99920493 0
nan nan nan nan
0.001300547 -0.0067872293 0.99997616 0
-0.019468516 -0.13068333 -0.99123293 0
-0.002983663 0.077310778 0.99700254 3.9221966e-05
-0.038264796 -0.21816611 -0.97516125 0
-0.0044832411 0.15302132 0.98821276 0
0.038067177 0.24921209 0.96770048 0
-0.0068493281 0.21736178 0.97606707 0.00016841484
nan nan nan nan
0.084780417 -0.81741512 0.56977612 0
-0.036470514 -0.75347066 0.65646923 0
-0.001125703 0.12685706 -0.99192029 0
0.015288238 0.072325118 -0.99726391 0
-0.00092328701 0.085986868 -0.99629581 0
nan nan nan nan
0.0038833793 0.0066644275 -0.99997026 0
nan nan nan nan
0.00056951528 -0.018469907 -0.99982923 0
0.015849276 0.10375223 0.99447685 0.00020183875
0.0013793275 -0.094865955 -0.99548912 7.1585655e-06
0.026267754 0.17721766 0.98382109 0
0.0043817079 -0.1550771 -0.98789263 0
0.038654864 0.24442838 0.96889663 0.0001712247
0.006694342 -0.2282463 -0.97358042 0.00019800289
-0.03313816 -0.27453253 0.96100664 0
-0 -0 -1 0.0018954728
0.030418852 0.065735146 -0.99737334 0
-0.010565842 -0.13491128 -0.99080133 0
0.029435569 -0.08151938 -0.99623698 0
0.030493284 -0.34819755 0.93692505 0
nan nan nan nan
nan nan nan nan
nan nan nan nan
nan nan nan nan
-0.020439949 -0.12575698 -0.99185044 0
0.018090639 0.021571998 0.99960363 0
-0.032225784 -0.19200872 -0.98086393 0.000165858
0.002768846 -0.17493455 -0.98457623 0
-0.043071877 -0.26110098 -0.9643501 0
0.0069229663 -0.23539674 -0.97187465 0.00020632042
nan nan nan nan
0.009792272 -0.29994389 0.95390654 0.00082642597
nan nan nan nan
0.024150977 -0.45420974 0.8905673 0
-0.014669308 -0.095215224 0.99534857 0
0.00073572196 0.090565532 -0.99589032 0
nan nan nan nan
nan nan nan nan
nan nan nan nan
nan nan nan nan
-0.081553675 -0.12141299 0.98924613 0
nan nan nan nan
-0.036670212 -0.21808527 -0.97524053 0
-0.0072767842 0.14371441 0.98959243 0
0.041180696 0.23640493 0.97078156 0
-0.0049349349 0.21548249 0.97649527 0
nan nan nan nan
0.033440504 -0.095629923 -0.99485511 0
nan nan nan nan
-0.0039363438 0.18690078 -0.98237091 0
nan nan nan nan
0.0013041144 0.065219626 -0.99787003 0
nan nan nan nan
nan nan nan nan
nan nan nan nan
nan nan nan nan
-0.072214328 -0.70234257 -0.7081666 0
nan nan nan nan
-0.033500396 -0.19107054 -0.98100448 8.981775e-06
0.0027872536 -0.15612045 -0.98773408 0
-0.044179108 -0.25649825 -0.96553451 0
0.0046432558 -0.23093088 -0.9729591 0
0.029431306 0.018236568 -0.99940044 0
0 0.18189579 -0.98331779 0
nan nan nan nan
0.0060979952 -0.35729077 0.93397331 0
nan nan nan nan
-0.005282349 0.0051172758 -0.999973 0
nan nan nan nan
nan nan nan nan
nan nan nan nan
nan nan nan nan
-0.0383978 -0.17176254 -0.98438978 0
nan nan nan nan
0.02910842 0.17861664 0.98348814 0
0.0053612529 -0.19857895 -0.98007029 0
-0.053595226 -0.2808913 -0.95824194 0
-0.0031668101 0.21970017 0.97556233 4.0572813e-05
0.039081987 0.21955705 -0.9748165 0
-0.017183423 -0.21180294 -0.97716135 0
nan nan nan nan
nan nan nan nan
0.020778582 -0.062335745 -0.99783885 0
-0.0015401292 0.12071669 -0.99268579 0
nan nan nan nan
0.0085776737 0.019656913 -0.99977005 0
nan nan nan nan
nan nan nan nan
0.019501792 0.11687719 0.99295485 2.3090422e-05
0.0054463372 0.07737413 0.99698722 0
0.029459424 0.17669836 0.98382413 0.00016879183
-0.0016007473 0.14664233 0.98918831 0.00027402324
0.039228853 0.23877451 0.97028238 0.00042899867
-0.0019503984 0.22052911 0.97537851 3.5026394e-05
0.014958328 -0.96701187 0.25429156 0
-0.003946986 0.23468989 -0.97206223 0
nan nan nan nan
nan nan nan nan
0.015345447 0.084258914 -0.99632579 0
0.0041731619 0.02370131 -0.99971038 6.8264926e-05
nan nan nan nan
0.0051111504 0.022785831 -0.99972725 1.4130392e-05
nan nan nan nan
0.00043379446 0.01276417 0.99991852 5.0041508e-06
0.021439834 0.1077802 0.99394351 0.0001627923
nan nan nan nan
0.033364847 0.18392448 0.98237395 0.00039685069
0.00116367 -0.15666899 -0.98765045 0.00021246177
0.015322858 0.1925645 0.98116457 0.00014889645
-0.0017871558 0.22078283 0.97532135 0
0.046477247 0.068635002 -0.99655861 0
0.01625682 0.071888842 -0.99728012 0
nan nan nan nan
0.013279028 0.039212011 -0.99914271 0.00015596274
nan nan nan nan
0 0.11460695 -0.99341094 0
nan nan nan nan
7.1215072e-06 2.3089262e-06 -1 0
0.014210865 -0.015673747 0.99977612 0
-0 -0.0015980094 0.99999869 0
0.021920301 0.11563461 0.99304992 0
nan nan nan nan
0.034221005 0.18064836 0.98295224 5.2894113e-05
-0.0098953871 0.10282052 0.99465066 0
-0.049437474 -0.26155287 -0.9639222 0
0.00088873674 -0.23126054 -0.97289145 7.4160511e-05
nan nan nan nan
0.016243896 0.074452579 -0.99709225 0.00025706159
nan nan nan nan
0.032520365 -0.53694731 -0.84298879 0
nan nan nan nan
0.0032665653 0.083515123 -0.99650115 7.5372962e-05
nan nan nan nan
0.00097951631 0.029728459 -0.9995575 2.6754817e-05
nan nan nan nan
-2.8621919e-06 -0.031235076 -0.99951208 0
-0.023006747 -0.11878927 -0.99265289 0.00027520632
nan nan nan nan
0.03435681 0.18109354 0.98286557 0
-0.0011224491 0.14855465 0.98890358 9.8917735e-05
0.045544636 0.24132641 0.96937466 3.2142643e-06
-0.00042599891 0.22041816 0.97540534 5.1252355e-05
nan nan nan nan
0.015731489 0.14132224 -0.98983866 0
nan nan nan nan
0.033164844 -0.60367644 -0.79653925 0
nan nan nan nan
0.0048340238 0.014181063 -0.9998877 0
nan nan nan nan
0.0027930876 -0.075164601 0.99716723 0
nan nan nan nan
0.00039359607 -0.019497573 -0.9998098 0
0.021800904 0.11219736 0.99344677 7.1597169e-05
nan nan nan nan
0.035610963 0.18278904 0.98250711 0
-0.0070126327 -0.23461771 -0.97206241 0
-0.049018193 -0.25264862 -0.96631563 0
-0.002405666 -0.23611967 -0.97172105 0
nan nan nan nan
0.011853201 0.19399977 -0.98092997 0
nan nan nan nan
0.0037822053 0.11362597 -0.99351645 0
nan nan nan nan
0.014283778 -0.040954273 -0.99905896 0
nan nan nan nan
0.0011715213 0.029629992 -0.9995603 0
nan nan nan nan
0.0032459989 -0.024105521 -0.99970418 0
-0.026104392 -0.13291042 -0.99078429 0.00020745401
nan nan nan nan
0.033565149 0.1697084 0.98492253 0.00016469132
-0.0028614637 -0.19559604 -0.98068041 0
-0.050265808 -0.25619933 -0.96531612 0
-0.001882363 -0.23293629 -0.97249019 0
nan nan nan nan
0.024451001 -0.39912498 0.91657043 0
nan nan nan nan
0.0091400407 -0.02260018 -0.99970287 0
0.017705092 0.07524664 -0.99700785 0
0.0014950553 0.11593416 -0.99325579 0
nan nan nan nan
0.081563704 -0.60021865 -0.79566634 0
nan nan nan nan
nan nan nan nan
0.022588765 0.11371019 0.99325711 9.2339586e-05
nan nan nan nan
0.016919894 0.12452145 0.99207264 0
0.0031057086 -0.20861258 -0.97799343 0.00012630086
0.050934885 0.24202891 0.96893114 5.4327251e-05
-0.0021190529 -0.22386038 -0.97461885 0
-0.04761406 -0.57346952 -0.81784213 0
0.022681052 -0.44130188 0.89707202 0
nan nan nan nan
0.068262614 -0.3526476 -0.933263 0
nan nan nan nan
0.010585617 0.0035021643 -0.99993789 0
nan nan nan nan
0.001375006 0.043377206 -0.99905777 0
nan nan nan nan
nan nan nan nan
0.022773072 0.11464443 0.99314553 0
nan nan nan nan
0.034912039 0.17777455 0.98345184 2.5005314e-05
0.0012800642 0.14023697 0.99011707 3.7316284e-05
0.051376957 0.24532196 0.96807933 4.2512678e-05
-0.00077135902 -0.34755456 -0.93765938 0
nan nan nan nan
0.0018421137 0.24641617 -0.96916234 0
nan nan nan nan
0.0050129835 0.11392366 -0.99347687 0
nan nan nan nan
0.01000943 0.012220783 -0.99987531 0.00010393363
nan nan nan nan
0.0022165093 0.0045022843 -0.99998736 0
nan nan nan nan
nan nan nan nan
0.023071332 0.10634887 0.99406117 0
nan nan nan nan
0.025723033 0.14031535 0.98977268 0
0.0011385431 0.1146249 0.9934082 0.00012663357
0.04945717 0.24267812 0.96884537 0
-0.00055808766 -0.29478139 -0.9555645 0
nan nan nan nan
nan nan nan nan
nan nan nan nan
-0 -0.31087646 0.9504503 0
nan nan nan nan
-0.0024035408 -0.12706596 0.99189138 0
nan nan nan nan
0.0029501568 0.035022363 -0.9993822 0
nan nan nan nan
0.0015921025 0.015257824 0.99988234 0
-0.0014509658 0.083141468 0.99653673 0
nan nan nan nan
0.033709012 0.16111951 0.98635906 0
-0.024314707 -0.28682715 -0.95767373 0
0.046995953 0.22232115 0.97384018 0.00011846415
-0.003405483 -0.27972168 -0.96007514 0
nan nan nan nan
nan nan nan nan
nan nan nan nan
0.047031458 -0.46919766 -0.88183987 0
nan nan nan nan
0.05529907 -0.61703825 0.78498775 0
nan nan nan nan
nan nan nan nan
nan nan nan nan
nan nan nan nan
0.023741663 0.11213835 0.99340892 1.1325526e-05
nan nan nan nan
0.026244134 0.12102332 0.99230266 0.0002660974
-0.0065497849 -0.16682716 -0.98596436 2.3209999e-05
0.053656764 0.24885598 0.96705312 0.00027369929
-0.0060852738 -0.23054811 -0.97304189 2.3176624e-05
nan nan nan nan
0.063406564 -0.77565879 0.62795949 0
nan nan nan nan
0.011983065 -0.33238268 0.9430685 0.00041191894
nan nan nan nan
0.013447144 0.026119411 -0.99956834 7.4298565e-05
nan nan nan nan
nan nan nan nan
nan nan nan nan
nan nan nan nan
-0.026076758 -0.11925101 -0.99252158 0
nan nan nan nan
0.038061716 0.16551486 0.98547256 0.00017819143
-0.0092159612 -0.17980853 -0.98365843 0
-0.064756595 -0.27120519 -0.96034074 0.00014589351
0.0052779871 0.21867844 0.97578275 7.4766642e-05
nan nan nan nan
0.028316565 -0.4729307 0.8806445 0
nan nan nan nan
0.009432964 0.15178779 -0.98836809 0
nan nan nan nan
0.0057305079 0.085460961 -0.99632502 0
nan nan nan nan
nan nan nan nan
nan nan nan nan
0.0024476962 0.01413392 0.99989712 6.1176829e-06
-0.081724085 -0.26402494 -0.96104741 0
nan nan nan nan
-0.041567016 -0.18892075 -0.98111218 0
-0.012741099 -0.17851603 -0.98385447 0
-0.061676659 -0.26582733 -0.96204561 5.433755e-05
-0.0076267659 -0.22881344 -0.97344041 0
nan nan nan nan
0.018438362 0.071736746 -0.99725318 0
nan nan nan nan
0.0083125392 0.0067539378 -0.9999426 0
nan nan nan nan
0.0089313546 -0.21066591 0.97751737 0
nan nan nan nan
nan nan nan nan
-0.042175855 -0.16188368 -0.98590815 0
0.0020148456 0.013928944 0.99990094 0
-0.018998234 -0.086735986 0.99605018 0
nan nan nan nan
0.040192153 0.17413279 0.98390156 0.00017176896
-0.0080003086 -0.17297085 -0.98489451 0
0.049945578 0.23171985 0.97149956 5.1300754e-05
-0.0084453784 -0.23257846 -0.97254097 0
nan nan nan nan
0.02826591 -0.58987731 0.80699801 0
nan nan nan nan
0.037715625 -0.13567522 -0.99003524 0
nan nan nan nan
0.0097325761 0.098583668 -0.99508119 0
nan nan nan nan
-0.0014134807 -0.057845637 0.99832457 0
nan nan nan nan
0.0012511221 0.015419768 0.99988025 0
0.027324941 0.11644741 0.99282086 9.2601542e-05
-0.00344264 0.069387242 0.99758393 0
-0.043174475 -0.18705873 -0.98139954 0.00011279871
-0.0084247421 -0.18774262 -0.98218209 0
-0.057724461 -0.24998841 -0.96652657 0.00030937468
-0.0083895288 -0.22321838 -0.9747324 5.790151e-05
nan nan nan nan
0.054080386 -0.053410102 -0.99710715 0
0.031142885 0.07664068 -0.99657232 0
0.013315973 0.14924285 -0.98871094 0
nan nan nan nan
0.0044482714 0.10800472 -0.99414039 0.00017930253
nan nan nan nan
nan nan nan nan
nan nan nan nan
0.0024613275 0.012356194 0.99992061 0
-0.041314606 -0.1602001 -0.98621953 0
-0.13314208 -0.48265761 -0.86562973 0
0.040135842 0.18004255 0.98283964 0.00021569418
-0.011538298 -0.20587295 -0.97851068 0
-0.062510945 -0.26270011 -0.96285045 8.1302169e-05
0.010534289 0.2050183 0.97870153 0.00022058513
nan nan nan nan
0.010390259 0.24435568 -0.96963 0
nan nan nan nan
-0 -0.34700882 0.9378618 0
nan nan nan nan
0.00041961914 0.094582021 -0.99551702 0
nan nan nan nan
nan nan nan nan
nan nan nan nan
0.0036103507 0.011092748 0.99993199 0
-0.031611763 -0.12677789 -0.9914273 0.00013618832
-0.0037585283 -0.10271449 -0.99470377 0
-0.053314079 -0.20095198 -0.97814924 0
-0.0072091715 -0.15694788 -0.9875806 8.0052334e-05
0.058353178 0.24695715 0.96726787 4.0371426e-05
-0.0097595695 -0.22962981 -0.97322917 0
nan nan nan nan
nan nan nan nan
nan nan nan nan
nan nan nan nan
nan nan nan nan
nan nan nan nan
nan nan nan nan
nan nan nan nan
nan nan nan nan
0.0034874713 0.0020564273 0.99999177 0
0.026658891 0.11397362 0.99312603 9.286675e-05
nan nan nan nan
-0.12827431 -0.44594854 -0.8858192 0
0.00028763976 0.1322858 0.99121165 0.00015982898
-0.060697544 -0.25011373 -0.96631199 0
0.010536981 0.2191111 0.97564298 0.00011448249
nan nan nan nan
nan nan nan nan
nan nan nan nan
nan nan nan nan
nan nan nan nan
nan nan nan nan
nan nan nan nan
nan nan nan nan
nan nan nan nan
0.0063424897 -0.0023016883 0.99997723 0
-0.032670628 -0.12422381 -0.99171627 0
nan nan nan nan
-0.06703306 -0.2746653 -0.9592005 0
-0.064864442 -0.079853967 0.99469388 0.00020271314
-0.063735947 -0.25791237 -0.9640637 0
0.009261813 0.20824534 0.97803277 3.3389468e-05
nan nan nan nan
-0.0029009171 -0.33477598 0.94229329 0
nan nan nan nan
-0.011526585 -0.4034366 0.91493499 0
nan nan nan nan
nan nan nan nan
nan nan nan nan
nan nan nan nan
nan nan nan nan
nan nan nan nan
-0.29700387 -0.90751171 -0.29700369 0
nan nan nan nan
0.03850583 0.14247157 0.98904961 0
-0.011509771 0.10836303 0.99404472 1.8984836e-05
-0.06373737 -0.25490472 -0.96486324 0
-0.0054231491 0.15411274 0.98803842 0
nan nan nan nan
-0.013205377 -0.2711491 0.96244675 0
nan nan nan nan
0.15728107 -0.87229514 0.46299449 0
nan nan nan nan
nan nan nan nan
nan nan nan nan
nan nan nan nan
nan nan nan nan
nan nan nan nan
0.022731323 0.09136422 0.99555802 0
nan nan nan nan
-0.050313361 -0.20544623 -0.9773742 0
-0.013471695 -0.17332891 -0.98477185 0
-0.064512335 -0.25347131 -0.96518928 0.00012501504
0.0027865744 0.17042027 0.9853676 0.00018863486
-0.059496354 -0.31189466 0.94825208 0
-0.035550427 -0.23663256 -0.97094858 0
nan nan nan nan
-0.0061757197 -0.22146456 0.9751488 0
nan nan nan nan
-0 -0.3068198 -0.95176762 0
nan nan nan nan
0.0012478955 -0.079693705 0.9968186 0
nan nan nan nan
nan nan nan nan
0.026283132 0.10879173 0.99371707 0.00012356881
nan nan nan nan
-0.099079669 -0.72684181 0.67962062 0
-0.012790663 -0.18638244 -0.98239404 0
0.059719611 0.24233985 0.96835166 0.00011887428
0.0087016327 0.20679139 0.97834635 0.00028581789
nan nan nan nan
nan nan nan nan
nan nan nan nan
0.012343176 0.18767956 -0.98215276 0
nan nan nan nan
0.0096111735 0.054335143 -0.99847651 2.0335672e-05
nan nan nan nan
0.072068624 -0.41759381 0.90577132 0
nan nan nan nan
nan nan nan nan
-0.032433741 -0.12063685 -0.99216676 0.00015111938
nan nan nan nan
-0.072284453 -0.24580406 -0.9666205 0
0.0096542872 0.14620979 0.98920643 0.00022332378
-0.066550739 -0.25343588 -0.96506023 0
0.012190127 0.215266 0.97647941 0
nan nan nan nan
nan nan nan nan
nan nan nan nan
0.028494349 -0.067648649 -0.99730223 0
nan nan nan nan
0.020618711 0.070158675 -0.99732274 0
nan nan nan nan
nan nan nan nan
nan nan nan nan
nan nan nan nan
0.024406984 0.10255624 0.99442774 0
0.0057765404 0.070783235 0.99747503 0.0001228366
0.047447439 0.17876166 0.98274767 0.00022049331
0.011084169 0.13065356 0.99136615 9.793252e-05
-0.065043569 -0.24765451 -0.96666265 0
-0.015238116 -0.22286238 -0.97473079 6.2212166e-05
nan nan nan nan
0.016433854 0.19092943 -0.98146623 0
nan nan nan nan
0.010164954 0.053512875 -0.99851537 0
nan nan nan nan
0.035836462 -0.061748128 -0.99744821 0
nan nan nan nan
nan nan nan nan
nan nan nan nan
nan nan nan nan
0.028794231 0.11235735 0.99325061 0.00025688205
-0.020338153 0.05018587 0.99853283 4.1164192e-05
-0.053778205 -0.19416499 -0.97949368 0.00013976749
0.0056170751 0.1128022 0.99360156 8.3815044e-05
-0.066304669 -0.24657138 -0.9668538 0
0.015070891 0.21259677 0.97702384 0
nan nan nan nan
-0.019409359 -0.29915595 0.95400679 0
nan nan nan nan
0.0085754991 -0.016615029 -0.99982518 0
nan nan nan nan
0.0065330979 0.038224481 -0.99924785 4.12228e-05
nan nan nan nan
nan nan nan nan
nan nan nan nan
nan nan nan nan
-0.032971125 -0.12062474 -0.99215043 0
0.0040332801 0.080598019 0.99673855 4.7936064e-06
-0.049910959 -0.18415132 -0.98162985 0
0.0068356344 0.11905118 0.99286461 7.9562378e-05
0.067217588 0.24463023 0.96728379 0.00013143344
-0.017200682 -0.22879989 -0.9733215 0
nan nan nan nan
0.025389502 0.15536657 -0.98753053 0.00033122508
nan nan nan nan
0.014048425 -0.96263647 -0.2704322 0
nan nan nan nan
0.0077630668 -0.29243457 0.95625407 0
nan nan nan nan
nan nan nan nan
nan nan nan nan
nan nan nan nan
-0.034031037 -0.12305123 -0.99181664 9.1625705e-05
0.0066532181 0.07686761 0.99701917 0
-0.0529599 -0.20016535 -0.97832978 0
0.011236718 0.09647572 0.99527192 0.00012020597
-0.069366612 -0.25473288 -0.96452034 7.0659604e-05
0.01810755 0.20852895 0.97784853 7.6733326e-05
nan nan nan nan
0.072625995 -0.32144859 -0.94413787 0
nan nan nan nan
0.038371637 -0.05654284 -0.99766254 0
nan nan nan nan
-0.0085674133 -0.29484737 0.95550597 0
nan nan nan nan
nan nan nan nan
nan nan nan nan
nan nan nan nan
0.026420509 -0.025837716 0.99931699 0
-0.0043014088 0.0036935813 0.99998397 0
0.048492864 0.17562951 0.98326129 2.2879716e-05
0.004855528 0.11145122 0.99375802 0.00012787207
0.068510383 0.24489945 0.96712488 0
-0.016632931 -0.24116836 -0.97034073 7.4964424e-05
nan nan nan nan
nan nan nan nan
nan nan nan nan
0.024725234 0.099715874 -0.99470872 0.00098341017
nan nan nan nan
-0.010554639 -0.12471878 -0.992136 0
nan nan nan nan
nan nan nan nan
nan nan nan nan
nan nan nan nan
-0.063286781 -0.27017745 -0.96072829 0
-0.01000195 0.049902331 0.99870402 8.7798297e-05
0.049743563 0.17776938 0.98281419 5.8844551e-05
-0.022410223 -0.19087029 -0.98135942 0
0.064645849 0.22933383 0.97119874 0.00035899546
-0.02141062 -0.24484242 -0.96932644 0
nan nan nan nan
nan nan nan nan
nan nan nan nan
-0.0049502905 -0.99531776 0.096530661 0
nan nan nan nan
0.025794057 0.0048533487 -0.99965549 0
nan nan nan nan
nan nan nan nan
nan nan nan nan
nan nan nan nan
0.0098046539 0.064292125 0.99788296 5.2972726e-05
0.0029765943 0.071187675 0.99745846 7.0690723e-05
-0.053915966 -0.1889679 -0.98050201 0
0.011712422 0.14157528 0.98985821 4.4363369e-06
-0.078693122 -0.27197978 -0.95907992 0
-0.021037899 -0.23130952 -0.97265267 0
nan nan nan nan
0.022563223 0.10746799 -0.99395251 0
nan nan nan nan
-0.017169522 -0.2475218 0.96873015 0.00011947417
nan nan nan nan
nan nan nan nan
nan nan nan nan
-0.00091250823 0.020842642 -0.99978232 0
nan nan nan nan
0.0015853944 0.0080104144 0.99996668 0
-0.061439276 -0.15837869 -0.98546505 0
0.0026057886 -0.07032527 0.99752069 0
0.051935442 0.16707367 0.98457557 0.00013193881
0.013975504 0.15188965 0.98829865 0
-0.076724939 -0.26102453 -0.96227825 0
-0.023987507 -0.23567078 -0.97153687 7.337908e-05
nan nan nan nan
0.02644797 -0.96402854 0.26447973 0
nan nan nan nan
nan nan nan nan
nan nan nan nan
nan nan nan nan
nan nan nan nan
nan nan nan nan
nan nan nan nan
0.0016653426 0.015935246 0.99987167 0
-0.014996896 0.013747126 0.99979299 0
-0.29139739 -0.86624444 0.40584242 0
-0.054908641 -0.1959727 -0.97907084 0
-0.014485947 -0.29618096 -0.95502204 0
-0.072817095 -0.2463841 -0.96643293 0.00026158331
-0.024592318 -0.23292004 -0.9721849 0
nan nan nan nan
0.02291696 0.015755409 -0.99961323 0
nan nan nan nan
nan nan nan nan
nan nan nan nan
-0 -0.6744377 -0.73833179 0
nan nan nan nan
nan nan nan nan
nan nan nan nan
nan nan nan nan
-0.058960032 -0.05091995 0.99696082 0
-0.01102331 -0.1355509 -0.99070913 0
-0.055469207 -0.19540837 -0.97915208 0
-0.014349997 -0.17779003 -0.98396385 2.6664293e-05
-0.077394396 -0.25846505 -0.9629153 0
-0.023346677 -0.22749476 -0.97349936 0
nan nan nan nan
nan nan nan nan
nan nan nan nan
nan nan nan nan
nan nan nan nan
0.019514779 0.023855371 -0.99952495 8.4640596e-05
nan nan nan nan
nan nan nan nan
nan nan nan nan
nan nan nan nan
0.0032886078 0.069883317 0.99754983 0
0.0094983857 0.079792902 0.99676621 0
-0.057030763 -0.1883371 -0.98044717 0.0002485548
-0.016577203 -0.25904408 -0.96572322 0
-0.078067318 -0.25930196 -0.96263599 0
-0.023882737 -0.22543232 -0.97396606 9.2072245e-05
nan nan nan nan
nan nan nan nan
nan nan nan nan
nan nan nan nan
nan nan nan nan
nan nan nan nan
nan nan nan nan
nan nan nan nan
nan nan nan nan
nan nan nan nan
0.018682154 0.073975317 0.99708503 0
-0.10778441 -0.98953098 -0.09597297 0
-0.061835103 -0.19292733 -0.97926271 0
0.016710795 0.13686147 0.99044925 0
-0.074961379 -0.24487957 -0.96665132 0
0.021998579 0.21393509 0.97660017 0.00028869376
nan nan nan nan
nan nan nan nan
nan nan nan nan
nan nan nan nan
nan nan nan nan
nan nan nan nan
nan nan nan nan
nan nan nan nan
nan nan nan nan
nan nan nan nan
-0.0087160738 -0.026471905 0.99961162 0.00018184955
0.0076371897 0.068883479 0.99759549 0
-0.055998772 -0.18002675 -0.98206645 1.8248295e-05
0.0099240653 0.12062501 0.99264854 7.2624651e-05
-0.075890623 -0.24365878 -0.96688724 8.5539425e-05
-0.026608534 -0.24077681 -0.97021574 0
nan nan nan nan
nan nan nan nan
nan nan nan nan
nan nan nan nan
nan nan nan nan
-0.013414755 -0.13969301 0.99010396 0
nan nan nan nan
nan nan nan nan
nan nan nan nan
nan nan nan nan
-0.033258352 -0.058202129 0.9977507 0
-0.016179429 -0.10882799 -0.99392885 0
0.052698113 0.17046395 0.98395371 0.00022434097
-0.021163838 -0.18013528 -0.98341423 0
0.077385724 0.24130201 0.96735972 0
-0.029587597 -0.25330183 -0.9669348 0
nan nan nan nan
nan nan nan nan
nan nan nan nan
nan nan nan nan
nan nan nan nan
0.017070407 -0.10824372 -0.99397784 0
nan nan nan nan
nan nan nan nan
nan nan nan nan
nan nan nan nan
0.019884096 0.074210249 0.99704438 0
-0.11429935 -0.34816229 0.93044013 0
0.056378987 0.17865391 0.98229533 0
0.017897518 0.15075369 0.98840928 0
0.07481081 0.22014923 0.97259331 0.00018232655
0.023855193 0.20895588 0.97763407 0
nan nan nan nan
nan nan nan nan
nan nan nan nan
nan nan nan nan
nan nan nan nan
0.017950343 0.084708259 -0.99624413 0
nan nan nan nan
nan nan nan nan
nan nan nan nan
nan nan nan nan
-0.037843194 -0.11855043 -0.99222672 0.00016911961
0.029402716 -0.33744213 0.94088691 0
0.053875547 0.16756353 0.98438811 0
0.017463302 0.14207238 0.98970222 0
0.077463217 0.23421113 0.96909469 0
0.024903603 0.20548086 0.9783442 0.00020773589
nan nan nan nan
0.037416887 0.15353364 -0.98743474 0.0010237677
nan nan nan nan
0.019965 0.085964575 -0.9960981 0
nan nan nan nan
-0 -0.40424329 0.91465145 0
nan nan nan nan
nan nan nan nan
nan nan nan nan
nan nan nan nan
0.034363169 0.10730596 0.99363196 2.3196202e-05
0.01064417 0.081188947 0.99664181 0
-0.07038226 -0.19710411 -0.97785288 0.00013758635
-0.022937493 -0.16824068 -0.98547912 0
-0.079618432 -0.24542984 -0.96613932 0
0.027536558 0.21916907 0.97529823 0.00011280429
nan nan nan nan
-0.040374339 -0.36885467 0.92860985 0
nan nan nan nan
nan nan nan nan
nan nan nan nan
-0 -0.42264691 0.90629447 0
nan nan nan nan
nan nan nan nan
nan nan nan nan
nan nan nan nan
-0.093051344 -0.28699124 -0.95340306 0
-0.039269298 -0.020812748 0.99901187 0
-0.060064994 -0.18276325 -0.98132044 7.8473451e-05
-0.03130142 -0.1795489 -0.98325092 0
-0.08019118 -0.24441843 -0.96634829 0
0.025714826 0.19855568 0.97975224 4.7449212e-05
nan nan nan nan
nan nan nan nan
nan nan nan nan
nan nan nan nan
nan nan nan nan
nan nan nan nan
nan nan nan nan
nan nan nan nan
nan nan nan nan
nan nan nan nan
-0.030750524 -0.28380156 0.95838976 0
-0.10983491 -0.13667555 0.98450798 0
-0.064915948 -0.19012801 -0.9796108 0
-0.16304304 -0.22996284 0.9594447 0
-0.090450794 -0.26376539 -0.96033657 0
-0.033350531 -0.25350881 -0.96675801 0
nan nan nan nan
nan nan nan nan
nan nan nan nan
nan nan nan nan
nan nan nan nan
nan nan nan nan
nan nan nan nan
0.0068756333 -0.0017189083 -0.99997491 0
nan nan nan nan
nan nan nan nan
-0.010981994 -0.17790823 0.98398578 0
-0.001481072 0.059181362 0.99824613 0
-0.06309209 -0.1885151 -0.9800415 0
-0.024835015 -0.16650011 -0.98572868 0
0.080692291 0.24131131 0.96708721 0
0.02958433 0.2177027 0.97556657 0
nan nan nan nan
0.028321108 0.092139877 -0.99534321 0.0011260019
nan nan nan nan
-0 -0.3391999 -0.94071436 0
nan nan nan nan
0.023800187 -0.062246639 -0.99777699 0
nan nan nan nan
-0.0043956274 -0.073440872 0.9972899 0
nan nan nan nan
nan nan nan nan
-0.045457255 -0.12955032 -0.99053031 3.2931282e-05
-0.27926284 -0.89451396 -0.34908018 0
-0.061256923 -0.18750313 -0.98035204 0.00015070182
0.018350385 0.13986434 0.99000067 1.3329823e-05
-0.088622585 -0.26235077 -0.96089447 0
-0.032245871 -0.23179252 -0.97223067 0
nan nan nan nan
nan nan nan nan
nan nan nan nan
nan nan nan nan
nan nan nan nan
0.018863359 0.07744389 -0.99681824 0
nan nan nan nan
nan nan nan nan
nan nan nan nan
nan nan nan nan
-0.053237282 -0.14117238 -0.98855257 0.00019804765
-0.012864701 -0.088347919 -0.99600661 0
0.0615252 0.17637542 0.98239827 3.9331739e-05
-0.033636395 -0.24823301 -0.96811616 0
0.07858444 0.23127785 0.96970874 0.00017592567
0.029855646 0.20686485 0.97791392 0
nan nan nan nan
nan nan nan nan
nan nan nan nan
nan nan nan nan
nan nan nan nan
-0 -0.60791057 0.79400557 0
nan nan nan nan
nan nan nan nan
nan nan nan nan
nan nan nan nan
0.019205924 0.036625449 0.99914449 4.9910392e-05
-0.012738592 -0.088466316 -0.99599767 4.2005442e-05
-0.062735893 -0.1831895 -0.9810738 0
0.023238188 0.12998167 0.99124408 5.2863426e-05
0.079621494 0.23110034 0.96966654 9.4187977e-05
-0.033251375 -0.22601709 -0.97355562 0.00010116804
nan nan nan nan
nan nan nan nan
nan nan nan nan
0.024085307 0.14909235 -0.98852992 0
nan nan nan nan
0.01565291 0.0097830696 -0.99982959 0
nan nan nan nan
nan nan nan nan
nan nan nan nan
nan nan nan nan
-0.015095779 -0.040484134 0.99906611 0
-0.013696578 -0.091100834 -0.99574751 6.7077352e-05
-0.065958671 -0.18858141 -0.97983998 0
-0.026107509 -0.1673485 -0.98555207 0
-0.086579904 -0.24546584 -0.96553117 0
0.033313688 0.20851761 0.97745109 0
nan nan nan nan
nan nan nan nan
nan nan nan nan
nan nan nan nan
nan nan nan nan
nan nan nan nan
nan nan nan nan
nan nan nan nan
nan nan nan nan
nan nan nan nan
-0.16703929 -0.34911287 -0.92207271 0
0.011446893 0.077981122 0.99688911 0.00010814139
0.048975106 0.15429673 0.98680991 0
0.018866068 0.13518134 0.99064124 7.1332935e-05
-0.09083391 -0.25240162 -0.9633497 0.00015108872
0.031984236 0.20623662 0.97797918 0.00031059523
nan nan nan nan
nan nan nan nan
nan nan nan nan
nan nan nan nan
nan nan nan nan
nan nan nan nan
nan nan nan nan
nan nan nan nan
nan nan nan nan
nan nan nan nan
0.037898056 0.10591242 0.993653 6.3285392e-05
0.046101205 -0.01283955 0.99885422 3.2160602e-05
-0.079477482 -0.20905577 -0.97466862 0
0.021215538 0.14858115 0.98867261 0
-0.090497963 -0.25280213 -0.96327627 0
-0.035443075 -0.22360168 -0.97403598 0
nan nan nan nan
nan nan nan nan
nan nan nan nan
0.034742225 -0.089678362 -0.99536473 0
nan nan nan nan
nan nan nan nan
nan nan nan nan
nan nan nan nan
nan nan nan nan
nan nan nan nan
0.040859722 0.1130135 0.99275291 0
nan nan nan nan
-0.071278714 -0.19334371 -0.97853851 0.00015383842
-0.025018314 -0.15418956 -0.98772454 0.00018699048
-0.08776468 -0.24086139 -0.96658325 0
-0.041163839 -0.24132223 -0.96957165 0
nan nan nan nan
nan nan nan nan
nan nan nan nan
nan nan nan nan
nan nan nan nan
nan nan nan nan
nan nan nan nan
nan nan nan nan
nan nan nan nan
0.0019247187 -0.011293359 0.99993443 0
0.041110933 0.11151706 0.99291182 0
nan nan nan nan
-0.074661598 -0.21278407 -0.97424257 2.7467342e-05
0.021760302 0.1445958 0.98925143 3.6302426e-05
-0.091735356 -0.25699314 -0.96204948 0
0.035168998 0.2173847 0.97545218 0.00020334816
nan nan nan nan
nan nan nan nan
nan nan nan nan
nan nan nan nan
nan nan nan nan
nan nan nan nan
nan nan nan nan
nan nan nan nan
nan nan nan nan
nan nan nan nan
0.036104325 0.09017083 0.99527168 0.00031501471
nan nan nan nan
0.060322478 0.1597971 0.98530501 0
0.022569826 0.14174141 0.98964643 1.3248483e-05
0.088276349 0.23160973 0.96879524 0.00017452915
-0.036645416 -0.22105324 -0.97457296 0.00027611398
nan nan nan nan
nan nan nan nan
nan nan nan nan
nan nan nan nan
nan nan nan nan
nan nan nan nan
nan nan nan nan
0.0076847947 0.020172583 -0.99976701 0
nan nan nan nan
nan nan nan nan
0.0059249946 0.035550013 0.99935031 0
nan nan nan nan
-0.078371823 -0.21501702 -0.97346056 0
-0.036975581 -0.24756639 -0.9681651 0
0.089330591 0.23732667 0.96731383 6.3913554e-05
-0.037919506 -0.22023055 -0.97471058 0.00013405395
nan nan nan nan
0.030336378 -0.091009133 -0.99538785 0
nan nan nan nan
0.030007794 0.16961057 -0.98505419 0
nan nan nan nan
-0 -0.33919987 -0.94071424 0
nan nan nan nan
nan nan nan nan
nan nan nan nan
nan nan nan nan
-0.19235179 -0.42437619 -0.88481963 0
nan nan nan nan
-0.082310311 -0.21709114 -0.97267491 9.5512216e-05
-0.026980426 -0.16383085 -0.98611945 0
-0.090367697 -0.2384554 -0.96693993 0
-0.038581926 -0.22256163 -0.97415489 0.00010625708
nan nan nan nan
0.050109733 0.11035529 -0.99262816 0
nan nan nan nan
nan nan nan nan
nan nan nan nan
nan nan nan nan
nan nan nan nan
nan nan nan nan
nan nan nan nan
nan nan nan nan
0.033810496 0.092844918 0.9951064 0.00011749792
nan nan nan nan
0.061048958 0.15802889 0.98554546 0.00037008026
0.027528999 0.15168542 0.98804539 0
-0.09451925 -0.24408545 -0.96513647 2.1248887e-05
0.039544895 0.21646097 0.97549003 0.00037150492
nan nan nan nan
-0 -0.87789553 0.47885215 0
nan nan nan nan
nan nan nan nan
nan nan nan nan
nan nan nan nan
nan nan nan nan
nan nan nan nan
nan nan nan nan
nan nan nan nan
0 0 1 0
nan nan nan nan
-0.069674604 -0.18096821 -0.98101777 0.00028939202
-0.028261552 -0.15303904 -0.98781586 6.4743464e-05
0.090249978 0.23576619 0.96761012 0.00018014212
-0.040512614 -0.2214376 -0.97433257 0
nan nan nan nan
0.056924485 -0.11384897 -0.99186599 0
nan nan nan nan
0.031962942 -0.035958309 -0.99884194 0
nan nan nan nan
nan nan nan nan
nan nan nan nan
nan nan nan nan
nan nan nan nan
nan nan nan nan
-0.062308867 -0.16153181 -0.98489851 0
nan nan nan nan
0.050646052 0.12947708 0.99028814 5.1148192e-05
0.025457 0.13999489 0.98982489 9.8841709e-05
-0.10334693 -0.25278544 -0.96198696 0
0.03857946 0.21112724 0.97669691 0.00011218424
nan nan nan nan
0.051598951 0.11370189 -0.99217409 0
nan nan nan nan
nan nan nan nan
nan nan nan nan
nan nan nan nan
nan nan nan nan
nan nan nan nan
nan nan nan nan
nan nan nan nan
-0.054925308 -0.13980988 0.98865384 0
nan nan nan nan
-0.07397382 -0.18323439 -0.98028213 4.984457e-05
-0.0049142051 0.069499828 0.99756992 0
-0.10048403 -0.24726416 -0.96372372 0
0.037372526 0.21165644 0.97662932 3.9228351e-05
nan nan nan nan
0.057531502 -0.22738297 -0.97210443 0
nan nan nan nan
nan nan nan nan
nan nan nan nan
nan nan nan nan
nan nan nan nan
nan nan nan nan
nan nan nan nan
nan nan nan nan
-0.17192262 -0.43686765 -0.88294357 0
nan nan nan nan
0.063925758 0.1657168 0.98409933 0
0.024400622 0.13234417 0.99090344 8.7329878e-05
-0.10310301 -0.25719863 -0.96084273 0
0.037606664 0.21096215 0.97677064 4.5057575e-05
nan nan nan nan
nan nan nan nan
nan nan nan nan
nan nan nan nan
nan nan nan nan
0.0017020516 -0.026717724 -0.9996416 0
nan nan nan nan
nan nan nan nan
nan nan nan nan
nan nan nan nan
-0.058281336 -0.13954531 -0.98849899 5.3037027e-05
nan nan nan nan
0.059860427 0.15756042 0.9856934 7.2669422e-06
-0.20041914 -0.79645115 -0.5705241 0
-0.099837929 -0.24603201 -0.9641062 2.8157907e-05
-0.04887161 -0.22992146 -0.97198135 0
nan nan nan nan
nan nan nan nan
nan nan nan nan
nan nan nan nan
nan nan nan nan
0.017807109 0.031431079 -0.99934727 0
nan nan nan nan
nan nan nan nan
nan nan nan nan
nan nan nan nan
-0.046040721 -0.11382291 -0.99243361 0
nan nan nan nan
0.07127963 0.17267855 0.98239571 0
0.029771412 0.14885704 0.98841053 0
-0.099889308 -0.24277061 -0.9649272 0
-0.043696355 -0.21887338 -0.9747743 0.00021146737
nan nan nan nan
-0.047927715 -0.29063916 0.95563167 0.00047945612
nan nan nan nan
nan nan nan nan
nan nan nan nan
nan nan nan nan
nan nan nan nan
nan nan nan nan
nan nan nan nan
nan nan nan nan
-0.09844996 -0.24008447 -0.96574688 0
nan nan nan nan
0.072403006 0.17376722 0.98212153 0
0.02005031 0.090862364 0.99566162 0.00010962573
-0.10111742 -0.24408415 -0.96446782 1.0699789e-05
-0.046436042 -0.22484985 -0.97328633 2.5239113e-05
nan nan nan nan
nan nan nan nan
nan nan nan nan
nan nan nan nan
nan nan nan nan
nan nan nan nan
nan nan nan nan
nan nan nan nan
nan nan nan nan
nan nan nan nan
-0.22792046 -0.34188107 0.91168499 0
nan nan nan nan
0.070979379 0.16696286 0.98340493 0
-0.058410794 -0.3150548 -0.94727427 0
0.09750028 0.23088291 0.9680841 0.00026576835
0.044810995 0.21566179 0.97543943 0
nan nan nan nan
nan nan nan nan
nan nan nan nan
nan nan nan nan
nan nan nan nan
nan nan nan nan
nan nan nan nan
nan nan nan nan
nan nan nan nan
nan nan nan nan
-0.16977942 -0.31498548 0.93378747 0
nan nan nan nan
-0.075873204 -0.17974494 -0.98078287 0
0.012411708 -0.028152883 0.99952656 3.6371381e-05
-0.10109613 -0.24116197 -0.96520483 8.860587e-05
-0.048054527 -0.22949633 -0.97212261 0
nan nan nan nan
nan nan nan nan
nan nan nan nan
nan nan nan nan
nan nan nan nan
nan nan nan nan
nan nan nan nan
0.001603047 -0.13999966 0.99015027 0
nan nan nan nan
nan nan nan nan
0.047182418 0.10677929 0.99316263 0.00031475775
nan nan nan nan
-0.080355942 -0.18391106 -0.97965282 0.00014105116
-0.036351349 -0.16587281 -0.98547697 9.5405285e-06
0.09817367 0.22925383 0.9684031 0.00012235306
-0.047314636 -0.22012274 -0.97432399 8.7517365e-05
nan nan nan nan
0.039952822 -0.14003243 -0.98934048 0.00024914421
nan nan nan nan
0.037791364 0.11729411 -0.99237788 0.00045373599
nan nan nan nan
nan nan nan nan
nan nan nan nan
0.013884095 0.02230455 -0.99965483 0
nan nan nan nan
nan nan nan nan
0.046776488 0.11018618 0.99280959 6.3182888e-05
nan nan nan nan
-0.081250653 -0.18538553 -0.97930098 0
0.031969041 0.14679022 0.98865092 0
-0.10253449 -0.24164625 -0.96493196 0
0.045655832 0.20936988 0.9767701 8.9484725e-05
nan nan nan nan
nan nan nan nan
nan nan nan nan
nan nan nan nan
nan nan nan nan
nan nan nan nan
nan nan nan nan
0.008760632 0.020271622 -0.99975616 3.1176438e-05
nan nan nan nan
nan nan nan nan
0.034755919 0.094220966 0.99494445 0.00019261181
nan nan nan nan
0.069237031 0.16370301 0.98407698 1.5722049e-05
0.0313931 0.14616708 0.98876172 8.015924e-05
-0.10670097 -0.25343674 -0.96144933 0
0.039779808 0.19219643 0.98054993 0.00020426037
nan nan nan nan
nan nan nan nan
nan nan nan nan
nan nan nan nan
nan nan nan nan
0.016832398 -0.069433644 -0.99744457 0
nan nan nan nan
nan nan nan nan
nan nan nan nan
nan nan nan nan
0.042047843 0.10092003 0.99400556 0.00023794982
nan nan nan nan
0.073349677 0.16994049 0.98272073 0
-0.034847524 -0.15353054 -0.98752922 0.00015823741
-0.10571013 -0.24217506 -0.96445662 0
0.042649355 0.1910141 0.98066032 0.00011886105
nan nan nan nan
nan nan nan nan
nan nan nan nan
nan nan nan nan
nan nan nan nan
nan nan nan nan
nan nan nan nan
nan nan nan nan
nan nan nan nan
nan nan nan nan
-0.058640979 -0.12714976 -0.99014854 0.00011270713
nan nan nan nan
-0.077848814 -0.17562692 -0.98137397 0.0001393265
-0.036636159 -0.15532172 -0.98718435 0
-0.10890637 -0.24501489 -0.96338314 0
0.041839864 0.19339354 0.98022878 0.0001253939
nan nan nan nan
nan nan nan nan
nan nan nan nan
nan nan nan nan
nan nan nan nan
nan nan nan nan
nan nan nan nan
nan nan nan nan
nan nan nan nan
nan nan nan nan
-0.018766986 -0.13851818 0.99018198 0
nan nan nan nan
0.068184212 0.15349938 0.98579347 2.6767031e-05
0.021642843 0.12254788 0.99222654 0.00012437924
-0.10679848 -0.23980941 -0.96492779 0.00013722549
-0.055536713 -0.23312086 -0.9708606 0
nan nan nan nan
nan nan nan nan
nan nan nan nan
nan nan nan nan
nan nan nan nan
nan nan nan nan
nan nan nan nan
nan nan nan nan
nan nan nan nan
nan nan nan nan
0.04833249 0.10764964 0.99301332 0
-0.042738993 -0.16006173 -0.98618132 0
0.068324991 0.15684201 0.98525745 0
0.035147917 0.14448868 0.98888201 0
-0.104927 -0.23307176 -0.96678221 7.5790951e-05
-0.053225126 -0.22210677 -0.97356844 9.5216681e-05
nan nan nan nan
nan nan nan nan
nan nan nan nan
nan nan nan nan
nan nan nan nan
nan nan nan nan
nan nan nan nan
nan nan nan nan
nan nan nan nan
nan nan nan nan
-0.35904866 -0.41995928 0.83349758 0
nan nan nan nan
-0.078872994 -0.17455627 -0.98148316 0
0.036560416 0.14555903 0.98867381 0
0.10090756 0.22342212 0.96948451 2.9701207e-05
0.046324074 0.19561987 0.97958505 0.00016886098
nan nan nan nan
nan nan nan nan
nan nan nan nan
nan nan nan nan
nan nan nan nan
nan nan nan nan
nan nan nan nan
nan nan nan nan
nan nan nan nan
nan nan nan nan
0.047142737 0.10063323 0.99380612 0
nan nan nan nan
-0.21344122 -0.33385167 -0.91814262 0
0.043722317 0.10059426 0.99396634 0.00011133464
-0.10721227 -0.23495029 -0.96607649 0
0.052574508 0.21347791 0.97553223 0.00013923612
nan nan nan nan
nan nan nan nan
nan nan nan nan
nan nan nan nan
nan nan nan nan
nan nan nan nan
nan nan nan nan
0.0029979737 0.0029563338 -0.99999106 0
nan nan nan nan
0.00063128711 0.011952027 0.99992836 0
-0.054520234 -0.12113062 -0.99113816 0
nan nan nan nan
0.059806548 0.1447175 0.98766392 0
-0.038022164 -0.16239884 -0.98599237 0
-0.10663356 -0.23137274 -0.96700364 0
-0.056393776 -0.22841965 -0.97192812 0
nan nan nan nan
nan nan nan nan
nan nan nan nan
nan nan nan nan
nan nan nan nan
nan nan nan nan
nan nan nan nan
nan nan nan nan
nan nan nan nan
-0.0026848947 0.0073088594 0.99996966 0
-0.068708189 -0.13802119 -0.98804319 0
nan nan nan nan
0.074799143 0.1590904 0.98442638 0
0.034213211 0.13725255 0.98994499 0
-0.11077796 -0.23564449 -0.96550494 0.00021181117
-0.054859996 -0.21834405 -0.97432858 0
nan nan nan nan
nan nan nan nan
nan nan nan nan
nan nan nan nan
nan nan nan nan
nan nan nan nan
nan nan nan nan
nan nan nan nan
nan nan nan nan
0.0035903952 0.015324677 0.9998762 0
0.048805557 0.10568205 0.99320161 0
nan nan nan nan
-0.10161711 -0.21088253 -0.97221524 0
-0.057538394 -0.19180369 -0.97974521 0
-0.1103879 -0.23458934 -0.96580666 0.00014785335
0.054862108 0.2121937 0.97568643 2.0306168e-05
nan nan nan nan
nan nan nan nan
nan nan nan nan
nan nan nan nan
nan nan nan nan
nan nan nan nan
nan nan nan nan
nan nan nan nan
nan nan nan nan
0.0026138681 0.012130722 0.99992299 0
0.029954262 0.079615362 0.9963755 0
nan nan nan nan
0.063764885 0.13815726 0.98835552 0
-0.062197417 -0.19027674 -0.97975826 0
-0.11624382 -0.24033532 -0.96370447 0
-0.057992756 -0.22718343 -0.97212374 0
nan nan nan nan
nan nan nan nan
nan nan nan nan
nan nan nan nan
nan nan nan nan
nan nan nan nan
nan nan nan nan
nan nan nan nan
nan nan nan nan
-0.0108932 -0.010678306 0.99988365 0
0.0051742066 0.066693343 0.99776012 0.00030583041
nan nan nan nan
0.045552332 0.12237354 0.99143815 2.1380563e-05
-0.064193897 -0.19903785 -0.97788709 0
-0.11427676 -0.23843871 -0.9644106 0
0.050110698 0.18568723 0.98133034 8.1568105e-05
nan nan nan nan
nan nan nan nan
nan nan nan nan
nan nan nan nan
nan nan nan nan
nan nan nan nan
nan nan nan nan
nan nan nan nan
nan nan nan nan
nan nan nan nan
-0.057069462 -0.11622634 -0.99158186 0
nan nan nan nan
0.076238073 0.16207178 0.98382956 1.6361959e-05
-0.13664636 -0.34414479 -0.92891991 0
-0.11287185 -0.23322394 -0.96585023 0
0.053536996 0.20603722 0.9770785 5.1613195e-05
nan nan nan nan
nan nan nan nan
nan nan nan nan
nan nan nan nan
nan nan nan nan
nan nan nan nan
0.007604416 0.014380628 -0.99986774 0
nan nan nan nan
nan nan nan nan
nan nan nan nan
-0.054690816 -0.1107544 -0.99234188 0
nan nan nan nan
-0.086323135 -0.17570382 -0.98065096 6.6243003e-05
-0.04448567 -0.16663697 -0.98501426 0
-0.11286046 -0.22984277 -0.96666175 0.00020386316
-0.079391837 -0.27428389 -0.95836592 0
nan nan nan nan
nan nan nan nan
nan nan nan nan
nan nan nan nan
nan nan nan nan
nan nan nan nan
0.010765794 -0.0085338699 -0.99990565 0
nan nan nan nan
nan nan nan nan
nan nan nan nan
-0.10737444 -0.15130034 -0.98263878 0
nan nan nan nan
-0.1182796 -0.20967759 -0.97059017 0
-0.055297703 -0.23206395 -0.97112739 0
-0.11816766 -0.24371617 -0.96262085 0
-0.071842805 -0.24374388 -0.96717501 0
nan nan nan nan
nan nan nan nan
nan nan nan nan
nan nan nan nan
nan nan nan nan
nan nan nan nan
nan nan nan nan
nan nan nan nan
nan nan nan nan
nan nan nan nan
-0.12434939 -0.14188586 0.9820416 0
nan nan nan nan
0.08028727 0.16707653 0.98266953 0
0.039137162 0.14167424 0.98913938 0
0.11130439 0.22409759 0.9681899 3.0412071e-05
-0.065679602 -0.23302142 -0.97025114 0
nan nan nan nan
nan nan nan nan
nan nan nan nan
nan nan nan nan
nan nan nan nan
nan nan nan nan
nan nan nan nan
nan nan nan nan
nan nan nan nan
0.0013996506 -0.0023282624 0.99999636 0
-0.13180444 -0.36246222 -0.92263138 0
nan nan nan nan
-0.090443276 -0.17584792 -0.98025382 6.6326716e-06
0.039571621 0.14464991 0.98869133 0
0.10779551 0.21790329 0.96999902 0.00016866016
-0.062235471 -0.2205534 -0.97338736 1.8019677e-05
nan nan nan nan
nan nan nan nan
nan nan nan nan
nan nan nan nan
nan nan nan nan
nan nan nan nan
nan nan nan nan
nan nan nan nan
nan nan nan nan
nan nan nan nan
0.054260958 0.10677654 0.99280131 3.7837919e-05
nan nan nan nan
0.08209087 0.16435716 0.98297906 0.00017684339
0.029755995 0.12615763 0.99156386 0
-0.12982674 -0.24416436 -0.96100402 8.9201945e-05
-0.065308511 -0.23037417 -0.97090816 0
nan nan nan nan
nan nan nan nan
nan nan nan nan
nan nan nan nan
nan nan nan nan
nan nan nan nan
nan nan nan nan
nan nan nan nan
-0.026269168 -0.05335924 -0.9982298 0
nan nan nan nan
0.041038562 0.077879988 0.99611783 0
nan nan nan nan
-0.085847013 -0.16787344 -0.98206353 0.00018079711
0.039171733 0.14067751 0.98928022 7.9565092e-05
-0.12042809 -0.23393311 -0.96476549 0
-0.063347414 -0.21989833 -0.97346377 0
nan nan nan nan
nan nan nan nan
nan nan nan nan
nan nan nan nan
nan nan nan nan
nan nan nan nan
nan nan nan nan
nan nan nan nan
nan nan nan nan
0.0085286452 0.00095295353 0.99996322 0
-0.056975182 -0.10890607 -0.99241793 4.2487492e-05
-0.051636744 -0.11870529 -0.99158591 0
-0.09913376 -0.20755082 -0.9731881 3.8923317e-05
0.043254368 0.14446959 0.98856336 5.5375218e-05
-0.1194974 -0.23248379 -0.96523142 0
-0.065510988 -0.22390448 -0.97240686 0
nan nan nan nan
nan nan nan nan
nan nan nan nan
nan nan nan nan
nan nan nan nan
nan nan nan nan
nan nan nan nan
nan nan nan nan
nan nan nan nan
-0.0041898498 -0.019575231 -0.99979961 0
-0.073330238 -0.12853545 -0.98899007 0
nan nan nan nan
-0.087996319 -0.17154175 -0.98123902 0
0.038511761 0.12697259 0.99115831 0.00027515218
-0.12311131 -0.23553504 -0.96403676 1.5188191e-05
-0.064793095 -0.21761855 -0.97388101 7.1316965e-05
nan nan nan nan
nan nan nan nan
nan nan nan nan
nan nan nan nan
nan nan nan nan
nan nan nan nan
nan nan nan nan
nan nan nan nan
nan nan nan nan
nan nan nan nan
-0.16497265 -0.31366995 -0.93509108 0
nan nan nan nan
-0.095643446 -0.18815549 -0.97747117 0
-0.05046282 -0.16119826 -0.98563105 0
-0.12410924 -0.2361121 -0.96376765 8.0062746e-05
-0.065687858 -0.21706581 -0.97394431 4.4077129e-05
nan nan nan nan
nan nan nan nan
nan nan nan nan
nan nan nan nan
nan nan nan nan
nan nan nan nan
nan nan nan nan
nan nan nan nan
nan nan nan nan
nan nan nan nan
-0.16671075 -0.27705741 -0.94628054 0
nan nan nan nan
0.086272009 0.16485202 0.98253793 0
0.042951643 0.14370331 0.98868823 8.3871077e-05
0.11419504 0.21680516 0.96951276 0.00010310498
0.05904194 0.19869144 0.97828203 0.00015218908
nan nan nan nan
nan nan nan nan
nan nan nan nan
nan nan nan nan
nan nan nan nan
nan nan nan nan
nan nan nan nan
nan nan nan nan
nan nan nan nan
nan nan nan nan
-0.20124918 -0.32896507 -0.92264873 0
nan nan nan nan
0.083884709 0.16254413 0.98312902 0
-0.050592989 -0.15729691 -0.98625457 0
-0.12237505 -0.22908174 -0.96568418 0
-0.069234028 -0.22364333 -0.97220898 0
nan nan nan nan
nan nan nan nan
nan nan nan nan
nan nan nan nan
nan nan nan nan
nan nan nan nan
nan nan nan nan
nan nan nan nan
nan nan nan nan
nan nan nan nan
0.040717073 0.077899672 0.99612933 0.0001016974
nan nan nan nan
-0.1193384 -0.19357802 -0.97379977 0
-0.050540507 -0.16532022 -0.98494405 0
-0.12421155 -0.23373449 -0.96433383 0
0.063987918 0.20230192 0.97723049 0
nan nan nan nan
nan nan nan nan
nan nan nan nan
nan nan nan nan
nan nan nan nan
nan nan nan nan
nan nan nan nan
nan nan nan nan
nan nan nan nan
nan nan nan nan
0.04719739 0.076184772 0.99597603 0
nan nan nan nan
-0.10557718 -0.17998296 -0.97798753 0
-0.050144572 -0.17611367 -0.98309183 8.5213105e-06
-0.12411777 -0.23027112 -0.96517873 0
-0.068966746 -0.21962589 -0.9731434 2.0288735e-05
nan nan nan nan
nan nan nan nan
nan nan nan nan
nan nan nan nan
nan nan nan nan
nan nan nan nan
nan nan nan nan
nan nan nan nan
nan nan nan nan
nan nan nan nan
0.012713541 0.002056485 0.99991709 5.9251324e-05
nan nan nan nan
-0.094023995 -0.16918653 -0.98108882 2.4694253e-05
0.042700745 0.12641838 0.99105746 0.00017148936
-0.12204876 -0.22520375 -0.96663719 0
-0.070405178 -0.22381748 -0.97208476 0
nan nan nan nan
nan nan nan nan
nan nan nan nan
nan nan nan nan
nan nan nan nan
nan nan nan nan
nan nan nan nan
nan nan nan nan
nan nan nan nan
nan nan nan nan
-0.074748397 -0.12530032 -0.98929894 0
nan nan nan nan
0.090631798 0.16443726 0.98221499 0.0003197958
0.045323402 0.13927867 0.98921549 0
0.11922299 0.21873015 0.96847451 3.9442311e-05
-0.068621039 -0.21239962 -0.97477055 0
nan nan nan nan
nan nan nan nan
nan nan nan nan
nan nan nan nan
nan nan nan nan
nan nan nan nan
nan nan nan nan
nan nan nan nan
nan nan nan nan
nan nan nan nan
0.030978309 0.075338811 0.99667668 1.2264798e-05
nan nan nan nan
-0.092268497 -0.16572298 -0.98184645 0.00023657201
-0.050797053 -0.15438387 -0.98670429 1.1136988e-05
-0.13015129 -0.23375711 -0.96354467 0
-0.072647355 -0.22039649 -0.97270131 0
nan nan nan nan
nan nan nan nan
nan nan nan nan
nan nan nan nan
nan nan nan nan
nan nan nan nan
nan nan nan nan
nan nan nan nan
nan nan nan nan
nan nan nan nan
0.038890477 0.076432161 0.99631608 0
nan nan nan nan
0.090637557 0.15985069 0.98297125 0
0.048169341 0.14549163 0.98818618 2.6889082e-05
0.11674975 0.2115678 0.97036517 3.1733347e-05
-0.09751305 -0.26751119 -0.95860791 0
nan nan nan nan
nan nan nan nan
nan nan nan nan
nan nan nan nan
nan nan nan nan
nan nan nan nan
nan nan nan nan
nan nan nan nan
nan nan nan nan
nan nan nan nan
0.050657623 0.08673609 0.99494255 7.0437573e-06
-0.35939336 -0.90783191 0.21605018 0
-0.093208931 -0.16403854 -0.98204052 0
0.040940631 0.10934738 0.99316013 0
-0.16540863 -0.27171412 -0.94805664 0
0.059074204 0.18579529 0.98081118 9.8778073e-05
nan nan nan nan
nan nan nan nan
nan nan nan nan
nan nan nan nan
nan nan nan nan
nan nan nan nan
nan nan nan nan
nan nan nan nan
nan nan nan nan
nan nan nan nan
0.057826787 0.10321656 0.99297649 0
-0.058880266 -0.17365412 -0.98304492 0
0.085193068 0.15518102 0.98420578 0.00035607474
0.049424104 0.14435546 0.98829085 9.8890188e-05
-0.14923222 -0.25188315 -0.9561823 0
-0.089065857 -0.25278363 -0.96341461 0
nan nan nan nan
nan nan nan nan
nan nan nan nan
nan nan nan nan
nan nan nan nan
nan nan nan nan
nan nan nan nan
nan nan nan nan
nan nan nan nan
nan nan nan nan
-0.062286351 -0.10807341 -0.99218976 0.00010678202
0.020826889 0.01359533 0.99969059 0
0.086665563 0.1574522 0.98371643 2.9021483e-05
0.014350815 0.033430867 0.99933803 0
-0.16356348 -0.25772566 -0.95227337 0
0.056607038 0.17725335 0.9825359 0.00034709633
nan nan nan nan
nan nan nan nan
nan nan nan nan
nan nan nan nan
nan nan nan nan
nan nan nan nan
nan nan nan nan
nan nan nan nan
nan nan nan nan
nan nan nan nan
0.058533348 0.10146277 0.99311584 6.3759224e-05
0.011419706 -0.019013207 0.99975401 0
0.091174372 0.16206968 0.98255813 0
0.049775809 0.14407565 0.98831397 0.00011543471
-0.15769777 -0.2531465 -0.95448846 0
-0.076469265 -0.21687654 -0.97319937 3.5847661e-05
nan nan nan nan
nan nan nan nan
nan nan nan nan
nan nan nan nan
nan nan nan nan
nan nan nan nan
nan nan nan nan
nan nan nan nan
nan nan nan nan
nan nan nan nan
-0.18273787 -0.18707561 -0.96519923 0
-0.027080586 -0.10736203 -0.99385107 0
-0.10252228 -0.17201202 -0.97974545 0
-0.058338463 -0.16100203 -0.98522842 0
-0.13746609 -0.233749 -0.96253026 0
-0.0890413 -0.23822221 -0.96712029 0
nan nan nan nan
nan nan nan nan
nan nan nan nan
nan nan nan nan
nan nan nan nan
nan nan nan nan
nan nan nan nan
nan nan nan nan
nan nan nan nan
nan nan nan nan
-0.70296139 -0.6338163 0.32267976 0
nan nan nan nan
-0.096340552 -0.16366367 -0.98180073 2.7574466e-05
-0.05413077 -0.15217273 -0.98687047 8.0088848e-06
-0.13882674 -0.23852797 -0.96116155 0
-0.086884394 -0.23541312 -0.96800405 0
nan nan nan nan
nan nan nan nan
nan nan nan nan
nan nan nan nan
nan nan nan nan
nan nan nan nan
nan nan nan nan
nan nan nan nan
nan nan nan nan
nan nan nan nan
-0.13643266 -0.19300234 -0.97166669 0
nan nan nan nan
-0.10950493 -0.18837909 -0.97597235 0
0.050300162 0.14057297 0.98879176 4.6574944e-05
-0.13805324 -0.23865771 -0.96124077 0
-0.079886913 -0.21919763 -0.97240448 4.7357651e-05
nan nan nan nan
nan nan nan nan
nan nan nan nan
nan nan nan nan
nan nan nan nan
nan nan nan nan
nan nan nan nan
nan nan nan nan
nan nan nan nan
nan nan nan nan
0.033976097 0.064116187 0.99736387 0
nan nan nan nan
-0.12269614 -0.21462364 -0.96895939 0
0.047573995 0.1291343 0.99048525 0.00025348467
0.12609822 0.20468861 0.97067082 0.00030752257
-0.076541215 -0.21092221 -0.97450155 3.2431763e-05
nan nan nan nan
nan nan nan nan
nan nan nan nan
nan nan nan nan
nan nan nan nan
nan nan nan nan
nan nan nan nan
nan nan nan nan
nan nan nan nan
nan nan nan nan
-0.079414621 -0.1609838 -0.9837569 0
nan nan nan nan
-0.10162763 -0.16947703 -0.98028028 0
-0.061391991 -0.1578798 -0.98554802 8.1434002e-05
0.13070247 0.21621372 0.96755791 0
-0.081942394 -0.22611368 -0.97064823 8.9764289e-05
nan nan nan nan
nan nan nan nan
nan nan nan nan
nan nan nan nan
nan nan nan nan
nan nan nan nan
nan nan nan nan
nan nan nan nan
nan nan nan nan
nan nan nan nan
0.06023369 0.099019915 0.99326074 0.00014364014
nan nan nan nan
-0.11678247 -0.20909223 -0.97089767 0
-0.061673548 -0.15962459 -0.9852494 0
0.12583987 0.20719153 0.97017318 0.00021692597
-0.077629842 -0.20892699 -0.97484511 0
nan nan nan nan
nan nan nan nan
nan nan nan nan
nan nan nan nan
nan nan nan nan
nan nan nan nan
nan nan nan nan
nan nan nan nan
nan nan nan nan
nan nan nan nan
-0.43070659 -0.26919219 0.86141008 0
nan nan nan nan
0.082098082 0.124546 0.98881149 6.0182607e-05
-0.063693054 -0.17180651 -0.9830696 0
0.1079179 0.18906413 0.97601658 8.9256086e-05
-0.078679085 -0.21039942 -0.97444427 0
nan nan nan nan
nan nan nan nan
nan nan nan nan
nan nan nan nan
nan nan nan nan
nan nan nan nan
nan nan nan nan
nan nan nan nan
nan nan nan nan
nan nan nan nan
-0.063594185 -0.1050132 -0.9924354 4.0357074e-05
nan nan nan nan
0.096043289 0.15373102 0.98343402 4.316583e-05
0.051134083 0.13345703 0.98973453 0
-0.13406813 -0.21867178 -0.96654463 0.00017156042
-0.081789829 -0.2154645 -0.9730804 5.1379975e-05
nan nan nan nan
nan nan nan nan
nan nan nan nan
nan nan nan nan
nan nan nan nan
nan nan nan nan
nan nan nan nan
nan nan nan nan
nan nan nan nan
nan nan nan nan
-0.075254872 -0.12822816 -0.98888534 0.0002591727
nan nan nan nan
0.085370883 0.13359083 0.98735261 9.8536686e-05
0.054028884 0.14177158 0.98842388 0.00016183007
0.12978783 0.20960921 0.9691332 2.6801103e-05
0.071993381 0.1735438 0.98219121 0.00025034943
nan nan nan nan
nan nan nan nan
nan nan nan nan
nan nan nan nan
nan nan nan nan
nan nan nan nan
nan nan nan nan
nan nan nan nan
nan nan nan nan
nan nan nan nan
0.057839036 0.091331311 0.99413943 0
nan nan nan nan
-0.10639461 -0.17241842 -0.97926098 0
0.051216401 0.13587968 0.98940068 5.2539595e-05
-0.13630266 -0.21744472 -0.96650881 0
0.075460896 0.19566524 0.97776318 0.00030613336
nan nan nan nan
nan nan nan nan
nan nan nan nan
nan nan nan nan
nan nan nan nan
nan nan nan nan
nan nan nan nan
nan nan nan nan
nan nan nan nan
nan nan nan nan
0.064083815 0.10015621 0.9929058 0.00028890275
nan nan nan nan
0.097931042 0.15386054 0.98322761 0
-0.06101428 -0.15195879 -0.98650181 0
0.13143791 0.20668077 0.96953964 2.7708602e-05
-0.082050629 -0.2091347 -0.97443843 0
nan nan nan nan
nan nan nan nan
nan nan nan nan
nan nan nan nan
nan nan nan nan
nan nan nan nan
nan nan nan nan
nan nan nan nan
nan nan nan nan
nan nan nan nan
-0.065345839 -0.022326425 0.99761289 0
nan nan nan nan
-0.10715446 -0.16799575 -0.97994661 0.00010617237
-0.05955667 -0.14937295 -0.98698568 0
0.13560376 0.21180859 0.96785784 0.00016215013
0.077725492 0.19648314 0.97742164 0.00014183714
nan nan nan nan
nan nan nan nan
nan nan nan nan
nan nan nan nan
nan nan nan nan
nan nan nan nan
nan nan nan nan
nan nan nan nan
nan nan nan nan
nan nan nan nan
0.00066835416 0.017042978 0.99985456 0
nan nan nan nan
0.098557077 0.15399177 0.98314452 0.00016022277
-0.058417145 -0.14534014 -0.9876557 6.3125291e-05
0.1307219 0.20373914 0.97025883 7.5799959e-05
0.074868567 0.19465077 0.97801113 0
nan nan nan nan
nan nan nan nan
nan nan nan nan
nan nan nan nan
nan nan nan nan
nan nan nan nan
nan nan nan nan
nan nan nan nan
nan nan nan nan
nan nan nan nan
-0.087379992 -0.12590656 -0.98818636 0
nan nan nan nan
-0.29088002 -0.36051732 -0.88623703 0.00023518516
-0.061811935 -0.14911692 -0.98688567 0.0001263914
-0.14486711 -0.22778223 -0.96287525 4.2585485e-05
0.073783405 0.18702939 0.97957951 3.7018024e-05
nan nan nan nan
nan nan nan nan
nan nan nan nan
nan nan nan nan
nan nan nan nan
nan nan nan nan
nan nan nan nan
nan nan nan nan
nan nan nan nan
nan nan nan nan
0.049451817 0.077401675 0.99577284 6.2615625e-05
nan nan nan nan
0.0073948177 0.055243623 0.99844557 0
0.052855752 0.13540515 0.98937941 4.4288958e-05
-0.16566063 -0.26517001 -0.94986391 0
0.077743471 0.19589381 0.97753853 0
nan nan nan nan
nan nan nan nan
nan nan nan nan
nan nan nan nan
nan nan nan nan
nan nan nan nan
nan nan nan nan
nan nan nan nan
nan nan nan nan
nan nan nan nan
-0.0097912876 -0.069115005 0.99756068 0
nan nan nan nan
-0.658418 -0.74312508 0.11937699 0
-0.067996681 -0.15601452 -0.98541152 0
-0.14885025 -0.23247878 -0.96114367 0
-0.085720822 -0.20910132 -0.97412962 0
nan nan nan nan
nan nan nan nan
nan nan nan nan
nan nan nan nan
nan nan nan nan
nan nan nan nan
nan nan nan nan
nan nan nan nan
-0.028744131 -0.043961614 -0.99861962 0
nan nan nan nan
0.029953932 0.046595003 0.9984647 0
nan nan nan nan
-0.097553566 -0.057781603 0.99355149 0
-0.079758972 -0.18046305 -0.98034257 0
-0.15140991 -0.23034674 -0.96125728 0
-0.089902624 -0.21841606 -0.97170573 0
nan nan nan nan
nan nan nan nan
nan nan nan nan
nan nan nan nan
nan nan nan nan
nan nan nan nan
nan nan nan nan
nan nan nan nan
-0.0088836327 0.010123136 0.9999094 1.1652668e-05
nan nan nan nan
0.051668704 0.058408875 0.99695474 0.00012633791
nan nan nan nan
0.097603917 0.14620857 0.98442698 0.00028640495
-0.083014973 -0.17887716 -0.98036295 0
-0.1422707 -0.2136346 -0.96649849 7.1592418e-05
0.083855294 0.19876826 0.97645253 0
nan nan nan nan
nan nan nan nan
nan nan nan nan
nan nan nan nan
nan nan nan nan
nan nan nan nan
nan nan nan nan
nan nan nan nan
nan nan nan nan
nan nan nan nan
0.034757774 0.007085334 0.99937063 0.00014634184
nan nan nan nan
0.10403494 0.1560584 0.98225379 0
-0.058635741 -0.056399137 0.99668503 0
-0.14460625 -0.21494187 -0.96586186 0
-0.089512765 -0.21405227 -0.97271222 0
nan nan nan nan
nan nan nan nan
nan nan nan nan
nan nan nan nan
nan nan nan nan
nan nan nan nan
-0.0097239111 -0.014473461 0.99984801 1.8976267e-06
nan nan nan nan
nan nan nan nan
nan nan nan nan
-0 -0 1 0
nan nan nan nan
-0.10944753 -0.16261913 -0.98059994 0.00013653569
-0.089963496 -0.19731367 -0.9762038 0
0.13416106 0.2047122 0.96958429 0.0001912711
0.08450938 0.19302906 0.97754681 8.6036867e-05
nan nan nan nan
nan nan nan nan
nan nan nan nan
nan nan nan nan
nan nan nan nan
nan nan nan nan
nan nan nan nan
nan nan nan nan
nan nan nan nan
nan nan nan nan
-0.087685294 -0.1185331 -0.98907089 0
nan nan nan nan
-0.11654057 -0.17028694 -0.97847873 0
0.057191573 0.13085175 0.98975092 7.997502e-05
-0.14936955 -0.21871132 -0.96428937 0
0.084545128 0.19174139 0.97779715 0.00020505219
nan nan nan nan
nan nan nan nan
nan nan nan nan
nan nan nan nan
nan nan nan nan
nan nan nan nan
nan nan nan nan
nan nan nan nan
nan nan nan nan
nan nan nan nan
0.026411021 0.060191303 0.99783742 2.1778058e-05
nan nan nan nan
-0.11075346 -0.16329531 -0.9803409 0
-0.063410223 -0.14414057 -0.9875235 6.2561412e-05
0.14447853 0.20904157 0.96717501 0.00018597402
0.086093873 0.19835596 0.97634155 2.5565269e-05
nan nan nan nan
nan nan nan nan
nan nan nan nan
nan nan nan nan
nan nan nan nan
nan nan nan nan
nan nan nan nan
nan nan nan nan
nan nan nan nan
nan nan nan nan
0.05970376 0.073455736 0.99550986 0
nan nan nan nan
0.10618807 0.15259102 0.98256809 8.2603819e-06
-0.070764281 -0.16617225 -0.98355436 0
-0.14746292 -0.21443811 -0.96554184 0
0.085941933 0.19531886 0.97696704 4.3608852e-06
nan nan nan nan
nan nan nan nan
nan nan nan nan
nan nan nan nan
nan nan nan nan
nan nan nan nan
nan nan nan nan
nan nan nan nan
nan nan nan nan
nan nan nan nan
0.05701565 0.081427895 0.99504709 6.1084262e-05
nan nan nan nan
-0.10808627 -0.15547407 -0.98190892 0.00030869243
-0.06806767 -0.15416899 -0.98569709 0
-0.14877374 -0.21483161 -0.96525317 0.0001470167
-0.093459919 -0.21223657 -0.9727388 0
nan nan nan nan
nan nan nan nan
nan nan nan nan
nan nan nan nan
nan nan nan nan
nan nan nan nan
nan nan nan nan
nan nan nan nan
nan nan nan nan
nan nan nan nan
-0.077240191 -0.1107149 -0.99084616 5.7762268e-06
nan nan nan nan
-0.11185054 -0.16144887 -0.98052216 0.00011722562
-0.064204015 -0.14385329 -0.98751408 4.2913347e-05
-0.14597723 -0.20902085 -0.96695447 0
-0.092642233 -0.2059081 -0.97417623 0
nan nan nan nan
nan nan nan nan
nan nan nan nan
nan nan nan nan
nan nan nan nan
nan nan nan nan
nan nan nan nan
nan nan nan nan
nan nan nan nan
nan nan nan nan
-0.10860792 -0.22139296 -0.96911788 0
nan nan nan nan
0.10270955 0.14972055 0.98337907 0.00015351185
0.059060574 0.12071114 0.99092913 7.0961418e-05
-0.15520424 -0.21628477 -0.96391529 0
0.085905023 0.18909714 0.97819352 6.2317806e-05
nan nan nan nan
nan nan nan nan
nan nan nan nan
nan nan nan nan
nan nan nan nan
nan nan nan nan
nan nan nan nan
nan nan nan nan
nan nan nan nan
nan nan nan nan
-0.098949701 -0.16978878 -0.98050028 0
nan nan nan nan
0.10051387 0.14733645 0.98396593 4.2843421e-05
-0.066484198 -0.14973058 -0.986489 0
-0.15572889 -0.21566169 -0.96397024 0
-0.094399177 -0.20758195 -0.97365212 0
nan nan nan nan
nan nan nan nan
nan nan nan nan
nan nan nan nan
nan nan nan nan
nan nan nan nan
nan nan nan nan
nan nan nan nan
nan nan nan nan
nan nan nan nan
-0.098735631 -0.13227355 -0.98628348 0
nan nan nan nan
0.10829239 0.15252385 0.9823488 0
0.061322156 0.12825125 0.98984402 0.00010942232
-0.1498348 -0.20968002 -0.96622139 2.2829543e-05
0.082774229 0.18552238 0.97914755 0.00017220211
nan nan nan nan
nan nan nan nan
nan nan nan nan
nan nan nan nan
nan nan nan nan
nan nan nan nan
nan nan nan nan
-0.14318763 -0.18657762 -0.97194964 0
nan nan nan nan
nan nan nan nan
0.044069432 0.069878042 0.99658161 0.0001066396
nan nan nan nan
0.11004033 0.1524837 0.98216081 3.5087112e-05
-0.070795052 -0.15349703 -0.98560983 2.8104352e-05
0.14509703 0.20233279 0.9685083 0.00013290996
-0.10308266 -0.21588928 -0.97096127 0
nan nan nan nan
nan nan nan nan
nan nan nan nan
nan nan nan nan
nan nan nan nan
nan nan nan nan
nan nan nan nan
nan nan nan nan
nan nan nan nan
nan nan nan nan
-0.13715827 -0.26121736 -0.95548582 0
nan nan nan nan
-0.11138537 -0.15296084 -0.98193491 1.8669882e-05
0.062629685 0.13591591 0.98873878 0
-0.15681924 -0.21533872 -0.96386564 0
0.084294826 0.18833448 0.97848076 0.00013668418
nan nan nan nan
nan nan nan nan
nan nan nan nan
nan nan nan nan
nan nan nan nan
nan nan nan nan
nan nan nan nan
nan nan nan nan
nan nan nan nan
nan nan nan nan
-0.072727099 -0.098887935 -0.9924373 0
nan nan nan nan
0.10424737 0.1157365 0.98779422 0
-0.076412879 -0.15978645 -0.98418975 0
0.14750592 0.20088324 0.96844614 0.00011697614
-0.11093643 -0.21836467 -0.96954113 0
nan nan nan nan
nan nan nan nan
nan nan nan nan
nan nan nan nan
nan nan nan nan
nan nan nan nan
nan nan nan nan
nan nan nan nan
nan nan nan nan
nan nan nan nan
-0.07832884 -0.10409492 -0.99147815 0
nan nan nan nan
0.10237405 0.12602758 0.98673028 0
-0.078524321 -0.17626074 -0.98120642 0
0.15118058 0.20441678 0.96713924 0
-0.12086917 -0.22945437 -0.96578538 0
nan nan nan nan
nan nan nan nan
nan nan nan nan
nan nan nan nan
nan nan nan nan
nan nan nan nan
nan nan nan nan
nan nan nan nan
nan nan nan nan
nan nan nan nan
-0.079739727 -0.11059055 -0.99066204 0
nan nan nan nan
0.10703883 0.14288191 0.9839347 0
0.058629863 0.11547212 0.99157888 0.00010798975
-0.15891302 -0.21439211 -0.96373373 0
-0.099067375 -0.20352502 -0.97404474 6.6948734e-05
nan nan nan nan
nan nan nan nan
nan nan nan nan
nan nan nan nan
nan nan nan nan
nan nan nan nan
nan nan nan nan
nan nan nan nan
nan nan nan nan
nan nan nan nan
-0.18349932 -0.091749661 0.97872877 0
nan nan nan nan
0.088164099 0.12352931 0.98841667 0.00026024721
0.066806577 0.13662784 0.98836714 0
0.14880665 0.1979256 0.96885598 2.1703196e-05
0.093739003 0.19391906 0.97652876 0
nan nan nan nan
nan nan nan nan
nan nan nan nan
nan nan nan nan
nan nan nan nan
nan nan nan nan
nan nan nan nan
-0.02411367 -0.048539694 0.99853021 0
nan nan nan nan
0.0052032638 0.0089404155 0.99994648 0
-0.077411532 -0.10075277 -0.99189538 0
nan nan nan nan
-0.11652174 -0.15594403 -0.98086911 6.8438341e-05
-0.068301357 -0.13938637 -0.98787969 0
-0.15447399 -0.20517522 -0.9664579 0.00020526239
0.092129275 0.18548405 0.97831893 0.00020068165
nan nan nan nan
nan nan nan nan
nan nan nan nan
nan nan nan nan
nan nan nan nan
nan nan nan nan
nan nan nan nan
-0.035910338 -0.072495051 0.99672216 0
nan nan nan nan
0.0013757799 0.0029480997 0.99999475 0
-0.10056308 -0.14005741 -0.98502332 0.00012568168
nan nan nan nan
0.11094079 0.1455224 0.9831152 0.00010250426
0.039428916 0.10439667 0.99375373 4.4228804e-05
-0.16034953 -0.2121775 -0.96398586 0.00023462692
-0.099895157 -0.2019552 -0.97428691 0
nan nan nan nan
nan nan nan nan
nan nan nan nan
nan nan nan nan
nan nan nan nan
nan nan nan nan
nan nan nan nan
-0.053380653 -0.065242991 -0.99644065 0
nan nan nan nan
-0.12803487 -0.29190043 -0.94784033 0
0 0 1 0
nan nan nan nan
0.10953282 0.14182945 0.98381245 0.00029466368
-0.074105874 -0.14436023 -0.98674643 0
0.1544279 0.19965409 0.96762097 0.0001709449
-0.11225764 -0.23332363 -0.96589774 0
nan nan nan nan
nan nan nan nan
nan nan nan nan
nan nan nan nan
nan nan nan nan
nan nan nan nan
nan nan nan nan
nan nan nan nan
nan nan nan nan
-0.027751256 -0.064626217 0.99752367 0
-0.1030763 -0.16114907 -0.98153257 3.2561231e-05
-0.062447961 -0.10644546 -0.99235559 0
0.11039511 0.14334325 0.98349667 0
-0.075349353 -0.14986515 -0.98583108 0
-0.15993017 -0.21015656 -0.96449804 0
0.098532379 0.19222055 0.97639263 0
nan nan nan nan
nan nan nan nan
nan nan nan nan
nan nan nan nan
nan nan nan nan
nan nan nan nan
nan nan nan nan
nan nan nan nan
nan nan nan nan
nan nan nan nan
-0.079674467 -0.10303925 -0.99148113 3.6564023e-05
-0.044402532 -0.087675221 -0.99515909 0
0.094065569 0.12878305 0.98720139 5.1661722e-05
0.068877771 0.13139889 0.9889338 0.00015551261
-0.15846147 -0.20454715 -0.96594536 4.2621712e-05
0.10013444 0.19699855 0.97527671 0
nan nan nan nan
nan nan nan nan
nan nan nan nan
nan nan nan nan
nan nan nan nan
nan nan nan nan
nan nan nan nan
nan nan nan nan
nan nan nan nan
nan nan nan nan
0.030612323 0.055187546 0.9980067 5.8832728e-05
-0.093409061 -0.19864537 -0.97560996 8.5541666e-05
0.10976197 0.14381392 0.98349875 0.00024464252
-0.070910834 -0.1382606 -0.98785406 0
-0.16212554 -0.21052863 -0.96405041 0
-0.10477695 -0.20572816 -0.9729839 0
nan nan nan nan
nan nan nan nan
nan nan nan nan
nan nan nan nan
nan nan nan nan
nan nan nan nan
nan nan nan nan
nan nan nan nan
nan nan nan nan
0.00344289 0.0038918955 0.99998653 4.4214812e-06
-0.11924362 -0.13414912 -0.9837606 0
-0.019683322 0.016253658 0.99967414 0
-0.14776948 -0.1755994 -0.97330832 0
0.071277544 0.1336325 0.98846442 0
-0.16454382 -0.20899417 -0.96397454 0.00015306607
-0.10437946 -0.20226222 -0.97375304 0
nan nan nan nan
nan nan nan nan
nan nan nan nan
nan nan nan nan
nan nan nan nan
nan nan nan nan
nan nan nan nan
nan nan nan nan
nan nan nan nan
nan nan nan nan
-0.1969572 -0.22540656 -0.95414871 0
-0.084214389 -0.14279832 -0.9861626 0
-0.11819268 -0.14881922 -0.98177558 0
-0.074967071 -0.14670888 -0.98633486 0
-0.16663276 -0.20879282 -0.96365917 0
-0.10874067 -0.20930183 -0.97178614 0
nan nan nan nan
nan nan nan nan
nan nan nan nan
nan nan nan nan
nan nan nan nan
nan nan nan nan
nan nan nan nan
nan nan nan nan
nan nan nan nan
nan nan nan nan
0.046822723 0.064211674 0.9968372 0.00014346441
-0.082562573 -0.10748694 0.99077243 0
-0.13186596 -0.16814055 -0.97690326 0
0.068150133 0.12624922 0.98965484 0
-0.16522615 -0.20573097 -0.96455956 0
-0.10323485 -0.19721223 -0.9749102 7.6233257e-05
nan nan nan nan
nan nan nan nan
nan nan nan nan
nan nan nan nan
nan nan nan nan
nan nan nan nan
nan nan nan nan
nan nan nan nan
nan nan nan nan
nan nan nan nan
0.069813192 0.087171376 0.99374408 0
0.00081815128 0.05434956 0.99852169 0.00014629491
0.11560854 0.14251824 0.98301744 0
0.064981386 0.12060252 0.9905718 0.00010374931
-0.16061912 -0.19976664 -0.96658927 1.3489625e-05
0.095064916 0.18429373 0.97826302 0.00013609724
nan nan nan nan
nan nan nan nan
nan nan nan nan
nan nan nan nan
nan nan nan nan
nan nan nan nan
nan nan nan nan
nan nan nan nan
nan nan nan nan
nan nan nan nan
0.066693015 0.085327826 0.99411827 0
nan nan nan nan
-0.1214283 -0.15069185 -0.9810949 7.0814916e-05
-0.10136288 -0.18096508 -0.97825211 0
-0.16438214 -0.20335355 -0.96520764 0
0.093617082 0.17988165 0.97922337 9.187033e-05
nan nan nan nan
nan nan nan nan
nan nan nan nan
nan nan nan nan
nan nan nan nan
nan nan nan nan
nan nan nan nan
nan nan nan nan
nan nan nan nan
nan nan nan nan
0.072784863 0.090588346 0.9932251 0
nan nan nan nan
-0.14521591 -0.1819585 -0.97252429 0
-0.073931031 -0.13657758 -0.98786676 0.00013061044
-0.16883834 -0.20763737 -0.96352494 0
-0.11137756 -0.20266353 -0.97289395 0
nan nan nan nan
nan nan nan nan
nan nan nan nan
nan nan nan nan
nan nan nan nan
nan nan nan nan
nan nan nan nan
nan nan nan nan
nan nan nan nan
nan nan nan nan
0.073890641 0.090339422 0.99316615 4.2846466e-05
nan nan nan nan
0.11546643 0.13936605 0.98348594 0.00015035369
-0.085050784 -0.15449646 -0.98432577 0
-0.17525978 -0.21829233 -0.96001691 0
0.095522843 0.18328354 0.97840822 7.8453384e-05
nan nan nan nan
nan nan nan nan
nan nan nan nan
nan nan nan nan
nan nan nan nan
nan nan nan nan
nan nan nan nan
nan nan nan nan
nan nan nan nan
nan nan nan nan
0.072325952 0.090084955 0.99330443 0
nan nan nan nan
0.11875178 0.14346313 0.98250514 0
-0.07866659 -0.14176413 -0.98676974 5.3961547e-05
-0.16360138 -0.19756085 -0.96654248 0
-0.11347478 -0.20502897 -0.97215569 0
nan nan nan nan
nan nan nan nan
nan nan nan nan
nan nan nan nan
nan nan nan nan
nan nan nan nan
nan nan nan nan
nan nan nan nan
nan nan nan nan
nan nan nan nan
0.062237993 0.067025527 0.99580824 0
nan nan nan nan
0.11557005 0.14049119 0.98331368 2.618807e-05
-0.090296842 -0.16072205 -0.98286062 0
0.16290553 0.1947999 0.96722013 0.00013372376
-0.10811481 -0.19422786 -0.97498041 0
nan nan nan nan
nan nan nan nan
nan nan nan nan
nan nan nan nan
nan nan nan nan
nan nan nan nan
nan nan nan nan
nan nan nan nan
nan nan nan nan
nan nan nan nan
0.042055253 0.070341602 0.99663603 3.5831607e-05
nan nan nan nan
-0.13994743 -0.16102712 -0.97697753 0
-0.078950599 -0.14032678 -0.98695248 9.8595803e-05
0.16318247 0.19241783 0.96765012 5.3387634e-05
-0.11128829 -0.19992907 -0.97346961 0
nan nan nan nan
nan nan nan nan
nan nan nan nan
nan nan nan nan
nan nan nan nan
nan nan nan nan
nan nan nan nan
nan nan nan nan
nan nan nan nan
nan nan nan nan
0.064634264 0.07810878 0.99484742 0.00016566199
nan nan nan nan
0.12110799 0.14296636 0.98228997 0
-0.088902257 -0.17178085 -0.98111564 0
-0.1644641 -0.19507645 -0.96690059 0
-0.11017398 -0.19681485 -0.97423083 0
nan nan nan nan
nan nan nan nan
nan nan nan nan
nan nan nan nan
nan nan nan nan
nan nan nan nan
nan nan nan nan
nan nan nan nan
nan nan nan nan
nan nan nan nan
0.071501054 0.088273928 0.9935267 0.00015344437
nan nan nan nan
-0.12450037 -0.14673969 -0.98130888 0
-0.083645217 -0.15995373 -0.98357421 0
-0.1754923 -0.20545498 -0.96280354 0
0.10514382 0.17394361 0.97912633 5.5919358e-05
nan nan nan nan
nan nan nan nan
nan nan nan nan
nan nan nan nan
nan nan nan nan
nan nan nan nan
nan nan nan nan
nan nan nan nan
nan nan nan nan
nan nan nan nan
0.072797947 0.086247645 0.9936105 6.7074388e-06
nan nan nan nan
0.1208448 0.140249 0.98271394 0.00022143357
0.037592065 0.02271384 0.99903494 0
-0.16868368 -0.19659767 -0.96586502 0.00016332127
0.10631378 0.18541592 0.97689223 5.7063866e-05
nan nan nan nan
nan nan nan nan
nan nan nan nan
nan nan nan nan
nan nan nan nan
nan nan nan nan
nan nan nan nan
nan nan nan nan
nan nan nan nan
nan nan nan nan
-0.024715729 -0.14829502 0.98863429 0
nan nan nan nan
-0.13401286 -0.15440612 -0.97887653 0
-0.15521644 -0.34064552 -0.92729098 0
-0.16884667 -0.19604024 -0.96594983 0
-0.11318497 -0.19670288 -0.97390813 7.8598314e-05
nan nan nan nan
nan nan nan nan
nan nan nan nan
nan nan nan nan
nan nan nan nan
nan nan nan nan
nan nan nan nan
nan nan nan nan
nan nan nan nan
nan nan nan nan
-0.08043126 -0.092700467 -0.9924401 0
-0.36705902 -0.34546763 -0.86366647 0
0.11928558 0.14049226 0.98286974 0.00010151496
-0.0072125378 -0.019418495 0.99978548 0
0.16539063 0.18984526 0.96778339 0
-0.11138018 -0.19242458 -0.97497034 6.6644584e-06
nan nan nan nan
nan nan nan nan
nan nan nan nan
nan nan nan nan
nan nan nan nan
nan nan nan nan
nan nan nan nan
nan nan nan nan
nan nan nan nan
nan nan nan nan
-0.087896369 -0.096418217 -0.99145228 0
nan nan nan nan
-0.12933594 -0.14703895 -0.98063844 0
-0.085606642 -0.14879249 -0.98515594 0
-0.17285629 -0.19784874 -0.96487129 0.00010109242
-0.12875998 -0.21028584 -0.96912366 0
nan nan nan nan
nan nan nan nan
nan nan nan nan
nan nan nan nan
nan nan nan nan
nan nan nan nan
nan nan nan nan
nan nan nan nan
nan nan nan nan
nan nan nan nan
-0.098662846 -0.057836842 0.99343872 0
nan nan nan nan
0.11720068 0.13548383 0.98382324 0.00014042889
0.065955035 0.11282805 0.99142313 9.917e-05
0.1668888 0.18913282 0.96766567 3.2542648e-05
0.10862724 0.18652128 0.97642714 3.09549e-05
nan nan nan nan
nan nan nan nan
nan nan nan nan
nan nan nan nan
nan nan nan nan
nan nan nan nan
nan nan nan nan
nan nan nan nan
nan nan nan nan
nan nan nan nan
-0.13871384 -0.13972391 -0.98042637 0
nan nan nan nan
-0.13022263 -0.14754881 -0.98044443 0
-0.080813825 -0.1370903 -0.98725641 0
-0.17143221 -0.19373387 -0.96595979 5.7682078e-05
-0.11436273 -0.19206932 -0.97469515 6.4098502e-05
nan nan nan nan
nan nan nan nan
nan nan nan nan
nan nan nan nan
nan nan nan nan
nan nan nan nan
nan nan nan nan
nan nan nan nan
nan nan nan nan
nan nan nan nan
-0.082134336 -0.09310773 -0.9922626 0
nan nan nan nan
-0.13048552 -0.15266088 -0.97962654 3.7131958e-05
0.078273445 0.13100213 0.98828727 0.00012437617
0.16673455 0.18799156 0.96791464 0.00020954727
0.08728788 0.1430191 0.98586327 3.1975098e-05
nan nan nan nan
nan nan nan nan
nan nan nan nan
nan nan nan nan
nan nan nan nan
nan nan nan nan
nan nan nan nan
nan nan nan nan
nan nan nan nan
nan nan nan nan
-0.096730463 -0.12707368 -0.98716539 0
0.041914105 0.069722675 0.9966855 0.0001249144
-0.13299592 -0.15512946 -0.97890091 0
0.065535158 0.1108307 0.99167615 0.00019002425
-0.17473552 -0.19339773 -0.96543515 0.00011919934
-0.12059605 -0.20178252 -0.97197759 0
nan nan nan nan
nan nan nan nan
nan nan nan nan
nan nan nan nan
nan nan nan nan
nan nan nan nan
nan nan nan nan
nan nan nan nan
nan nan nan nan
nan nan nan nan
0.04025019 0.044275209 0.99820822 0
-0.099503554 -0.2786099 -0.9552359 0
-0.13100284 -0.14734747 -0.98037088 0
0.07073319 0.11422578 0.99093354 2.9407796e-05
0.16344577 0.18464087 0.96911985 6.2762832e-05
-0.12413315 -0.21047769 -0.96968561 0
nan nan nan nan
nan nan nan nan
nan nan nan nan
nan nan nan nan
nan nan nan nan
nan nan nan nan
nan nan nan nan
nan nan nan nan
nan nan nan nan
nan nan nan nan
0.047913473 0.06707871 0.99659652 0
-0.20210524 -0.55281764 -0.80842203 0
-0.1479788 -0.15627888 -0.976565 0
-0.083860643 -0.13504188 -0.98728478 0
-0.17626914 -0.19204685 -0.96542591 0
0.11402944 0.18111861 0.97682816 0
nan nan nan nan
nan nan nan nan
nan nan nan nan
nan nan nan nan
nan nan nan nan
nan nan nan nan
nan nan nan nan
nan nan nan nan
nan nan nan nan
nan nan nan nan
-0.1475627 -0.14160523 -0.97886324 0
-0.05694161 -0.12400237 -0.99064672 0
-0.15187976 -0.15735644 -0.97579283 6.9177281e-06
-0.081564501 -0.13194859 -0.98789519 3.1421114e-05
-0.1752103 -0.19052225 -0.96592063 6.8207359e-05
-0.12292088 -0.19959885 -0.97213721 5.7870479e-06
nan nan nan nan
nan nan nan nan
nan nan nan nan
nan nan nan nan
nan nan nan nan
nan nan nan nan
nan nan nan nan
nan nan nan nan
nan nan nan nan
nan nan nan nan
0 0.013887545 0.99990362 0
-0.04843824 -0.07782945 -0.99578929 0
-0.13410282 -0.14318593 -0.98056829 8.7530541e-05
0.077419885 0.12575582 0.98903561 9.0860194e-05
0.16086057 0.18154031 0.9701376 0.00011531234
-0.12078968 -0.19388244 -0.97356021 0
nan nan nan nan
nan nan nan nan
nan nan nan nan
nan nan nan nan
nan nan nan nan
nan nan nan nan
nan nan nan nan
nan nan nan nan
nan nan nan nan
nan nan nan nan
-0.29893258 -0.25693393 -0.91903442 0
-0.047895879 -0.075738706 -0.99597675 4.5067034e-05
0.093596518 0.12212891 0.98809123 0.00013281072
0.0813912 0.12901609 0.98829663 0.00015707685
0.16891731 0.18339834 0.96841723 0.000158735
-0.11972769 -0.19058901 -0.97434133 0.00013874947
nan nan nan nan
nan nan nan nan
nan nan nan nan
nan nan nan nan
nan nan nan nan
nan nan nan nan
nan nan nan nan
nan nan nan nan
-0.047792524 -0.041129448 -0.9980101 0
nan nan nan nan
-0 -0 1 0
-0.052092973 -0.084252417 -0.99508178 0
-0.15970683 -0.15835609 -0.97438037 0
-0.099600777 -0.15115055 -0.98348016 0
-0.17773838 -0.18901041 -0.9657557 0
0.1174365 0.18650389 0.97541016 0
nan nan nan nan
nan nan nan nan
nan nan nan nan
nan nan nan nan
nan nan nan nan
nan nan nan nan
nan nan nan nan
nan nan nan nan
-0.10245863 0.036514521 0.99406683 0
nan nan nan nan
-0.089434981 -0.097694986 -0.99118972 0
-0.032803357 -0.0032570767 0.99945652 0
-0.14342313 -0.14831704 -0.97848451 0
0.052380823 0.10120986 0.99348521 0.00015602761
0.17162019 0.17979908 0.9686169 0
0.11845513 0.18569051 0.97544211 0
nan nan nan nan
nan nan nan nan
nan nan nan nan
nan nan nan nan
nan nan nan nan
nan nan nan nan
nan nan nan nan
nan nan nan nan
-0.12817018 -0.048120074 -0.99058408 0
nan nan nan nan
-0.088072196 -0.092729591 -0.99178857 5.8687961e-05
nan nan nan nan
0.11398333 0.11566214 0.986727 2.3901935e-05
0.083729684 0.13005219 0.98796552 0
0.16335411 0.16490892 0.97268724 0
-0.12659656 -0.1964934 -0.97229815 0
nan nan nan nan
nan nan nan nan
nan nan nan nan
nan nan nan nan
nan nan nan nan
nan nan nan nan
nan nan nan nan
nan nan nan nan
nan nan nan nan
nan nan nan nan
-0.12494066 -0.12338998 -0.98446161 0
nan nan nan nan
0.097574487 0.091668576 0.99099743 0.00027324609
-0.089198619 -0.13725072 -0.98651189 0
0.1696668 0.17389399 0.97003818 0.00014248492
-0.12164507 -0.18744299 -0.97471404 0
nan nan nan nan
nan nan nan nan
nan nan nan nan
nan nan nan nan
nan nan nan nan
nan nan nan nan
nan nan nan nan
nan nan nan nan
nan nan nan nan
nan nan nan nan
0.054246061 0.050360236 0.99725676 0
nan nan nan nan
-0.53364611 -0.55761606 -0.63583493 0
0.082230188 0.12122054 0.98921376 0.00012425106
0.16781531 0.17361587 0.97040993 2.3903807e-05
0.11430286 0.17792867 0.97738236 8.6805749e-06
nan nan nan nan
nan nan nan nan
nan nan nan nan
nan nan nan nan
nan nan nan nan
nan nan nan nan
nan nan nan nan
nan nan nan nan
-0.12722525 -0.040296797 -0.99105495 0
nan nan nan nan
0.00061408855 0.02456259 0.99969804 0
nan nan nan nan
-0.15287375 -0.15833351 -0.97547942 0
0.084454238 0.12861079 0.98809248 0
-0.18323211 -0.18955654 -0.96462131 1.6240016e-06
-0.12413388 -0.18842413 -0.97421098 0
nan nan nan nan
nan nan nan nan
nan nan nan nan
nan nan nan nan
nan nan nan nan
nan nan nan nan
nan nan nan nan
nan nan nan nan
0.034310184 0.036418311 0.99874753 0
nan nan nan nan
0.065167956 0.062157482 0.99593651 0
nan nan nan nan
0.087884918 0.092404872 0.99183542 0.00011293055
-0.086513899 -0.13067627 -0.98764318 0
-0.26157603 -0.2637319 -0.92845219 0
-0.12313765 -0.18471864 -0.97504675 1.6458602e-05
nan nan nan nan
nan nan nan nan
nan nan nan nan
nan nan nan nan
nan nan nan nan
nan nan nan nan
nan nan nan nan
nan nan nan nan
0.034515005 0.03204925 0.9988901 1.1475795e-05
nan nan nan nan
-0.087648623 -0.090245537 -0.99205524 0
nan nan nan nan
0.079082251 0.090537079 0.9927482 0.00016167457
-0.10497253 -0.15413824 -0.98245722 0
-0.20208496 -0.20920914 -0.95676184 0
-0.12568198 -0.18866611 -0.9739657 0.00016619496
nan nan nan nan
nan nan nan nan
nan nan nan nan
nan nan nan nan
nan nan nan nan
nan nan nan nan
nan nan nan nan
nan nan nan nan
-0.040669255 -0.050712526 -0.99788487 0
nan nan nan nan
0.031490803 0.031128837 0.99901915 0
nan nan nan nan
0.10985212 0.12172363 0.98646641 0
0.08289855 0.12463686 0.98873323 2.0453794e-05
-0.18454573 -0.18584058 -0.96509385 0.00019154669
-0.12772205 -0.19294177 -0.97286206 0
nan nan nan nan
nan nan nan nan
nan nan nan nan
nan nan nan nan
nan nan nan nan
nan nan nan nan
nan nan nan nan
nan nan nan nan
-0.0024187062 -0.024186453 0.99970454 0
nan nan nan nan
0.042747796 0.036104579 0.99843329 8.0287769e-05
-0.038539108 -0.26096484 -0.96457875 0
-0.16813762 -0.15424988 -0.97362041 0
-0.087167121 -0.1283294 -0.98789346 0
-0.20179126 -0.20368187 -0.95801562 0.00012280812
-0.13389529 -0.20897229 -0.96871185 0
nan nan nan nan
nan nan nan nan
nan nan nan nan
nan nan nan nan
nan nan nan nan
nan nan nan nan
nan nan nan nan
nan nan nan nan
nan nan nan nan
nan nan nan nan
-0.25777262 -0.23433881 -0.93735719 0
nan nan nan nan
-0.14380218 -0.14240605 -0.97930658 0
-0.11068087 -0.16162764 -0.98062545 0
-0.18572238 -0.1844108 -0.96514243 0
-0.12786807 -0.18733071 -0.97393894 0
nan nan nan nan
nan nan nan nan
nan nan nan nan
nan nan nan nan
nan nan nan nan
nan nan nan nan
nan nan nan nan
nan nan nan nan
nan nan nan nan
nan nan nan nan
-0.17083406 -0.16921988 -0.97065973 0
nan nan nan nan
-0.1559951 -0.15709797 -0.97518504 0
-0.11031418 -0.15307049 -0.9820388 0
-0.18295242 -0.18028963 -0.96644926 0
-0.12797706 -0.18507954 -0.97435486 6.6537286e-05
nan nan nan nan
nan nan nan nan
nan nan nan nan
nan nan nan nan
nan nan nan nan
nan nan nan nan
nan nan nan nan
-0.13863795 -0.1418618 0.98012996 0
nan nan nan nan
nan nan nan nan
-0.089805447 -0.088274106 -0.99203962 0.00023902522
-0.57619554 -0.38821656 0.71922636 0
-0.15739284 -0.15930152 -0.97460276 0
0.071602434 0.11097556 0.99124044 5.6491503e-05
0.1815483 0.17796147 0.96714526 3.5511326e-05
-0.14687173 -0.20245518 -0.96821511 0
nan nan nan nan
nan nan nan nan
nan nan nan nan
nan nan nan nan
nan nan nan nan
nan nan nan nan
nan nan nan nan
-0.021834474 0.0041220048 -0.99975312 1.148926e-05
nan nan nan nan
nan nan nan nan
0.083300442 0.083071031 0.99305594 0.00022397771
nan nan nan nan
0.10654236 0.099145919 0.9893527 8.0443242e-05
0.079171874 0.11933328 0.98969251 6.4219879e-05
-0.19200613 -0.18543693 -0.96371514 0.00015091852
0.10221118 0.16353793 0.98122793 0
nan nan nan nan
nan nan nan nan
nan nan nan nan
nan nan nan nan
nan nan nan nan
nan nan nan nan
nan nan nan nan
nan nan nan nan
-0.03789914 -0.036964066 -0.99859768 1.1694169e-05
nan nan nan nan
0.053735781 0.039804243 0.99776149 0
nan nan nan nan
-0.13771151 -0.13403478 -0.98136145 0
0.069392249 0.10199045 0.9923622 0
-0.20472774 -0.20003563 -0.95816082 0
-0.13851726 -0.19081102 -0.97180462 0
nan nan nan nan
nan nan nan nan
nan nan nan nan
nan nan nan nan
nan nan nan nan
nan nan nan nan
nan nan nan nan
nan nan nan nan
0.037168924 0.036071569 0.99865776 2.3085953e-05
nan nan nan nan
0.058688499 0.063315168 0.99626648 3.2860647e-05
nan nan nan nan
-0.14558542 -0.14166743 -0.9791503 0.00011061422
0.082637563 0.1106964 0.99041271 0.00010279032
-0.19397195 -0.18789801 -0.96284437 0
0.10534646 0.16069719 0.98136562 3.1549152e-05
nan nan nan nan
nan nan nan nan
nan nan nan nan
nan nan nan nan
nan nan nan nan
nan nan nan nan
nan nan nan nan
nan nan nan nan
nan nan nan nan
nan nan nan nan
0.08403904 0.078929111 0.99333155 7.1466224e-05
nan nan nan nan
0.13355808 0.12740748 0.98281711 0.00028452984
-0.090927586 -0.12711021 -0.98771209 0
0.1770197 0.16793652 0.96977383 0.00017053705
0.12721692 0.17803258 0.97576648 5.8934897e-05
nan nan nan nan
nan nan nan nan
nan nan nan nan
nan nan nan nan
nan nan nan nan
nan nan nan nan
nan nan nan nan
nan nan nan nan
nan nan nan nan
nan nan nan nan
0.079578348 0.06465742 0.99472946 0
nan nan nan nan
0.12050514 0.12086595 0.9853273 0
0.089024194 0.12332693 0.98836488 0
0.18312259 0.17282327 0.96778005 0
-0.13373487 -0.18520741 -0.973557 0
nan nan nan nan
nan nan nan nan
nan nan nan nan
nan nan nan nan
nan nan nan nan
nan nan nan nan
nan nan nan nan
nan nan nan nan
nan nan nan nan
nan nan nan nan
-0.15087894 -0.10726202 -0.98271585 0
-0.056244813 -0.1124009 -0.99206978 3.5788242e-05
-0.13912997 -0.13154104 -0.98149878 0
0.082926854 0.11754127 0.98959947 0
0.18424332 0.17428634 0.96730494 0
-0.13252519 -0.18209036 -0.9743101 5.4612388e-05
nan nan nan nan
nan nan nan nan
nan nan nan nan
nan nan nan nan
nan nan nan nan
nan nan nan nan
0.011546637 0.0066765472 -0.99991101 4.2283582e-06
nan nan nan nan
-0.038247835 -0.035637848 -0.99863249 0
nan nan nan nan
0.084902383 0.080553092 0.99312776 7.7315286e-05
-0.052274141 -0.072429404 -0.99600267 0
0.1310005 0.1243299 0.98355526 0
-0.093729846 -0.12699418 -0.98746496 0
-0.19970554 -0.18424891 -0.96237731 0
-0.13617276 -0.18546437 -0.97317004 3.1148247e-05
nan nan nan nan
nan nan nan nan
nan nan nan nan
nan nan nan nan
nan nan nan nan
nan nan nan nan
-0.052417077 -0.87611538 -0.47924349 0
nan nan nan nan
nan nan nan nan
nan nan nan nan
0.08688283 0.080676913 0.99294645 0
-0.062833719 -0.079013743 -0.99489141 0
0.13337645 0.12175258 0.9835583 5.452169e-05
-0.11278996 -0.14328609 -0.98323327 0
-0.21347724 -0.19396272 -0.9574998 0
-0.13595529 -0.18374591 -0.97352636 0
nan nan nan nan
nan nan nan nan
nan nan nan nan
nan nan nan nan
nan nan nan nan
nan nan nan nan
nan nan nan nan
nan nan nan nan
nan nan nan nan
nan nan nan nan
0.086431332 0.079994939 0.99304098 0
-0.054763686 -0.074677728 -0.99570292 0
0.13881755 0.12731525 0.98210001 6.042972e-05
0.090825282 0.1235222 0.98817664 0
-0.19969787 -0.1834276 -0.96253568 0
-0.13365458 -0.18049166 -0.97445327 0
nan nan nan nan
nan nan nan nan
nan nan nan nan
nan nan nan nan
nan nan nan nan
nan nan nan nan
nan nan nan nan
nan nan nan nan
nan nan nan nan
nan nan nan nan
-0.10376166 -0.086000659 -0.99087709 0
-0.062683001 -0.089404002 -0.99402094 0
0.13254713 0.11784389 0.98414636 0.00018954885
-0.10166293 -0.13449959 -0.98568481 0
0.17359547 0.15514752 0.9725194 3.8483035e-05
-0.15418071 -0.23045954 -0.96078968 0
nan nan nan nan
nan nan nan nan
nan nan nan nan
nan nan nan nan
nan nan nan nan
nan nan nan nan
nan nan nan nan
nan nan nan nan
nan nan nan nan
nan nan nan nan
-0.090225384 -0.081136987 -0.99261081 0
-0.067267336 -0.095123447 -0.99319011 0
-0.14089905 -0.12757184 -0.98177034 0.00016170404
0.089931533 0.11759865 0.98898077 0
-0.20617527 -0.19751595 -0.95837325 5.3319491e-05
0.12799646 0.16446197 0.9780435 0.00015230279
nan nan nan nan
nan nan nan nan
nan nan nan nan
nan nan nan nan
nan nan nan nan
nan nan nan nan
nan nan nan nan
nan nan nan nan
-0.036713172 -0.16258693 -0.98601097 0
nan nan nan nan
0.085671075 0.077596359 0.99329716 0.00012222733
0.031200714 0.046800915 0.99841684 0
-0.16138726 -0.13338946 -0.97783506 0.0001011776
-0.096144192 -0.12884794 -0.9869926 0
-0.20073783 -0.19245929 -0.96055382 0
0.13033304 0.16784032 0.97716063 1.2432469e-05
nan nan nan nan
nan nan nan nan
nan nan nan nan
nan nan nan nan
nan nan nan nan
nan nan nan nan
nan nan nan nan
nan nan nan nan
nan nan nan nan
nan nan nan nan
-0.090939015 -0.08194083 -0.99247962 0
0.0050577032 -0.0025149516 0.99998403 6.7069959e-05
-0.14410043 -0.12814383 -0.98123091 0
-0.099355921 -0.13262068 -0.98617452 0
0.18714985 0.16083261 0.96907574 0
0.13344377 0.1733131 0.97578448 0
nan nan nan nan
nan nan nan nan
nan nan nan nan
nan nan nan nan
nan nan nan nan
nan nan nan nan
nan nan nan nan
nan nan nan nan
nan nan nan nan
nan nan nan nan
0.084066428 0.071329094 0.99390388 0
-0.053295374 -0.069768474 -0.99613857 0
0.13944271 0.12474711 0.98234099 0
-0.10066616 -0.13052113 -0.98632181 0
-0.19490576 -0.17421672 -0.96522552 2.3398445e-05
0.13467018 0.17464776 0.97537792 0.00025246409
nan nan nan nan
nan nan nan nan
nan nan nan nan
nan nan nan nan
nan nan nan nan
nan nan nan nan
nan nan nan nan
nan nan nan nan
nan nan nan nan
nan nan nan nan
0.026257226 0.040189661 0.99884701 0
-0.073307276 -0.084506996 -0.99372268 0
0.13731749 0.12318958 0.98283678 0
0.091571249 0.11954507 0.98859686 0
-0.1926322 -0.16951282 -0.96651864 0
-0.14408465 -0.19461794 -0.97023886 0
nan nan nan nan
nan nan nan nan
nan nan nan nan
nan nan nan nan
nan nan nan nan
nan nan nan nan
0.011725889 0.0094552683 -0.99988657 0
nan nan nan nan
nan nan nan nan
nan nan nan nan
0.055695433 0.042707626 0.99753404 0.00017059817
-0.029035367 -0.050513912 0.99830121 5.3072999e-05
0.14090829 0.12280986 0.98237598 0
-0.095048212 -0.12256476 -0.98789865 6.9145703e-05
-0.19603087 -0.17200223 -0.96539479 2.6019614e-05
0.13451602 0.16702931 0.97673267 0
nan nan nan nan
nan nan nan nan
nan nan nan nan
nan nan nan nan
nan nan nan nan
nan nan nan nan
0.01206856 0.0090640364 -0.9998861 2.5986137e-06
nan nan nan nan
nan nan nan nan
nan nan nan nan
0.067289948 0.061982494 0.99580634 5.0414379e-05
0.039444294 0.056801241 0.99760598 0
0.14113884 0.12327896 0.98228413 0
0.094807304 0.12196976 0.98799545 5.1211657e-05
-0.20153831 -0.17270359 -0.96413475 0
0.13338068 0.16401452 0.97739899 0.00014735959
nan nan nan nan
nan nan nan nan
nan nan nan nan
nan nan nan nan
nan nan nan nan
nan nan nan nan
nan nan nan nan
nan nan nan nan
nan nan nan nan
nan nan nan nan
0.019021556 0.048742432 0.99863023 0
0.052009426 0.06393797 0.99659771 0
0.13141696 0.10771094 0.98545831 0
-0.12157824 -0.14213605 -0.98235232 0
-0.20395949 -0.17267953 -0.96362972 0
0.13637821 0.17181626 0.97564346 0.00014834876
nan nan nan nan
nan nan nan nan
nan nan nan nan
nan nan nan nan
nan nan nan nan
nan nan nan nan
nan nan nan nan
nan nan nan nan
0.03102042 0.031881347 0.99901015 4.4272929e-06
nan nan nan nan
-0.10430811 -0.084750354 -0.9909274 0
0.052808214 0.065753646 0.99643755 0.00018092661
-0.15101995 -0.13295913 -0.97954828 7.6843226e-06
0.093189381 0.11704181 0.98874509 8.1043523e-05
-0.19966421 -0.16937789 -0.96511418 8.2710776e-06
0.1358919 0.17116445 0.97582591 5.9774753e-05
nan nan nan nan
nan nan nan nan
nan nan nan nan
nan nan nan nan
nan nan nan nan
nan nan nan nan
nan nan nan nan
nan nan nan nan
0.033168212 0.032653991 0.99891621 1.688245e-05
nan nan nan nan
-0.16059901 -0.094469912 -0.98248833 0
-0.054715835 -0.068253763 -0.99616641 0
0.13998662 0.11825987 0.98306572 2.963437e-05
0.08261627 0.090324305 0.99247968 0
-0.20044701 -0.16888405 -0.96503842 0.00014892076
-0.14162861 -0.17606127 -0.97413743 0
-0.36382023 -0.12863642 0.92254406 0
nan nan nan nan
nan nan nan nan
nan nan nan nan
nan nan nan nan
nan nan nan nan
nan nan nan nan
nan nan nan nan
0.022203352 0.031980127 0.99924183 0
nan nan nan nan
0.092267834 0.077531785 0.99271119 2.1715314e-05
nan nan nan nan
0.13483271 0.11103298 0.98462772 7.6667973e-05
-0.11017545 -0.14090776 -0.98387319 2.423735e-05
-0.20408259 -0.16966595 -0.96413887 0
0.1366569 0.1702372 0.97588128 0
-0.21131492 -0.15365121 0.96526539 0.00018091348
nan nan nan nan
nan nan nan nan
nan nan nan nan
nan nan nan nan
nan nan nan nan
nan nan nan nan
nan nan nan nan
nan nan nan nan
nan nan nan nan
0.086864337 0.073149651 0.99353093 0.00017275002
nan nan nan nan
-0.20767689 -0.15402466 -0.96599525 0
0.094529539 0.11497879 0.98886001 0
-0.20311201 -0.16819257 -0.96460187 3.0504769e-05
-0.14391313 -0.17654145 -0.97371566 0
-0.18910909 -0.14509594 0.9711771 0.00027835713
nan nan nan nan
-0.12224232 -0.10083763 0.98736447 0
nan nan nan nan
-0.042107102 0.018149436 -0.99894828 0
nan nan nan nan
nan nan nan nan
nan nan nan nan
nan nan nan nan
nan nan nan nan
0.091900207 0.077218853 0.99276972 0
nan nan nan nan
-0.18059435 -0.14373836 -0.97299796 0
0.093777932 0.11444859 0.98899305 0.00012942859
-0.2078592 -0.17025577 -0.96322769 0
0.13128051 0.16034169 0.97829241 0.00019857413
0.16392229 0.1418224 -0.97622532 0
nan nan nan nan
0.10465541 0.097464249 -0.98972112 0.00019997072
nan nan nan nan
-0.17640698 0.010554284 -0.98426074 0
nan nan nan nan
nan nan nan nan
nan nan nan nan
-0.086462125 -0.044786163 -0.9952479 0
nan nan nan nan
-0.10247332 -0.087828085 -0.99085087 0.0001084016
nan nan nan nan
-0.15989307 -0.13142952 -0.97834569 5.0398074e-05
-0.10215543 -0.1224445 -0.98720396 1.7614277e-05
0.192388 0.1604947 0.96810549 0
-0.14342161 -0.17281991 -0.97445548 9.1279762e-05
0.17190611 0.14125989 -0.97493279 0
nan nan nan nan
-0.32940596 -0.16452131 0.9297443 0
nan nan nan nan
0.043423433 0.052186605 -0.99769276 0
nan nan nan nan
nan nan nan nan
nan nan nan nan
0.036345776 0.032347813 0.9988156 2.5365955e-05
nan nan nan nan
-0.1166987 -0.096104816 -0.98850662 0
nan nan nan nan
-0.15424374 -0.12776975 -0.97973657 1.7832317e-06
0.09183605 0.11242498 0.9894073 6.0068058e-05
0.19368786 0.15988143 0.96794778 0
-0.15566485 -0.1894578 -0.96947104 0
-0.19926608 -0.14348531 0.96938384 0
nan nan nan nan
-0.33631182 -0.012107226 -0.94167286 0
nan nan nan nan
-0.089963153 -0.060725112 0.99409211 0
nan nan nan nan
nan nan nan nan
nan nan nan nan
-0.12336628 -0.042812061 -0.99143732 0
nan nan nan nan
-0.10328713 -0.082626045 -0.99121374 1.3159332e-05
-0.11161413 -0.096593641 -0.98904598 0
0.14199795 0.11476981 0.98319101 3.5948018e-05
0.087899871 0.10820986 0.99023443 1.5034055e-05
-0.20668924 -0.16851583 -0.96378523 0
-0.1457088 -0.17368533 -0.97396219 0
-0.0080167437 0.10846096 -0.99406838 0
nan nan nan nan
0.04238487 0.085391305 -0.99544555 0.00018856551
nan nan nan nan
-0.070733987 -0.055778798 0.99593449 0
nan nan nan nan
nan nan nan nan
nan nan nan nan
0.013882192 0.027764389 0.99951816 0
nan nan nan nan
0.082791805 0.070012957 0.99410444 0.00021698406
nan nan nan nan
0.09768559 0.077399075 0.99220306 0.00016418958
0.096306764 0.1168583 0.98846805 0
-0.20233321 -0.16394249 -0.96549684 1.0835596e-05
-0.14782269 -0.17421734 -0.97354847 8.947563e-05
0.16374059 0.13201095 -0.97763091 0
nan nan nan nan
0.11366555 0.096816957 -0.98879051 0
nan nan nan nan
-0.075640954 -0.056270439 0.9955461 0
nan nan nan nan
nan nan nan nan
nan nan nan nan
nan nan nan nan
nan nan nan nan
0.079053275 0.06654644 0.99464673 6.1812141e-05
nan nan nan nan
0.10854889 0.076169327 0.99116874 0.00012691649
-0.10103298 -0.11898669 -0.98774213 4.4919329e-06
-0.19963232 -0.15969412 -0.96677029 6.6573506e-05
-0.1512413 -0.17684127 -0.97254986 0
nan nan nan nan
nan nan nan nan
nan nan nan nan
nan nan nan nan
nan nan nan nan
nan nan nan nan
nan nan nan nan
nan nan nan nan
nan nan nan nan
nan nan nan nan
-0.132011 -0.092896633 -0.98688567 0
-0.068654507 -0.10373339 -0.99223286 0
0.13897261 0.11275445 0.98385614 0.00023089464
0.082128897 0.10955928 0.99058145 1.0352307e-05
-0.20124337 -0.16045044 -0.96631092 0.00010631262
-0.14969946 -0.17280628 -0.97351325 0
nan nan nan nan
nan nan nan nan
nan nan nan nan
nan nan nan nan
nan nan nan nan
nan nan nan nan
nan nan nan nan
nan nan nan nan
nan nan nan nan
nan nan nan nan
-0.16295707 -0.12171072 -0.97909725 0
-0.058754981 -0.068242289 -0.99593717 5.0548599e-05
0.14016888 0.11295024 0.98366404 0
-0.10342618 -0.11962231 -0.98741758 4.0289742e-05
-0.20151345 -0.15869212 -0.96654499 0
0.13917264 0.164978 0.97642881 0.00010022892
nan nan nan nan
nan nan nan nan
nan nan nan nan
nan nan nan nan
nan nan nan nan
nan nan nan nan
nan nan nan nan
nan nan nan nan
nan nan nan nan
nan nan nan nan
0.059910405 0.046972584 0.99709797 0.00021744719
nan nan nan nan
0.13424419 0.11067755 0.98474818 0.00014873012
-0.10837422 -0.127735 -0.98586959 3.1726962e-05
0.19796123 0.15333731 0.96814203 0.00018730306
-0.15611066 -0.177056 -0.97174096 2.5362058e-05
nan nan nan nan
nan nan nan nan
nan nan nan nan
nan nan nan nan
-0.092589431 -0.074512437 0.99291241 0
nan nan nan nan
-0.016187234 -0.011674136 0.99980086 0
nan nan nan nan
nan nan nan nan
nan nan nan nan
0.025811823 0.021681927 0.99943161 0
nan nan nan nan
0.13899973 0.11110359 0.9840402 0.00021392119
0.096162595 0.10464461 0.98984963 0.00020708762
-0.20759563 -0.16261582 -0.96460366 0
-0.15115115 -0.17311978 -0.97323316 0
nan nan nan nan
nan nan nan nan
nan nan nan nan
nan nan nan nan
nan nan nan nan
nan nan nan nan
nan nan nan nan
nan nan nan nan
nan nan nan nan
nan nan nan nan
0.080521151 0.069626726 0.99431801 2.8080527e-05
nan nan nan nan
-0.14950138 -0.11602413 -0.98193061 6.9754526e-05
-0.11931305 -0.14542459 -0.98214871 0
-0.2090777 -0.16294964 -0.9642272 0
0.13940403 0.15717599 0.97768205 1.6977863e-05
nan nan nan nan
nan nan nan nan
nan nan nan nan
nan nan nan nan
nan nan nan nan
nan nan nan nan
nan nan nan nan
nan nan nan nan
nan nan nan nan
nan nan nan nan
-0.099068567 -0.077646978 -0.99204654 0
nan nan nan nan
-0.15119769 -0.11601269 -0.98167217 0
0.049795154 0.055633795 0.99720871 0.00018351052
-0.21055493 -0.16360235 -0.96379507 1.5927319e-05
-0.16060784 -0.18473409 -0.96957648 0
nan nan nan nan
nan nan nan nan
nan nan nan nan
nan nan nan nan
nan nan nan nan
nan nan nan nan
nan nan nan nan
nan nan nan nan
nan nan nan nan
nan nan nan nan
-0.10372414 -0.080336101 -0.99135631 0
nan nan nan nan
0.14276069 0.10985038 0.98364234 0.00013169124
0.099223956 0.11006881 0.98895884 8.5641213e-06
-0.20377052 -0.15502058 -0.96666759 0.00018911916
-0.18558729 -0.23744446 -0.95350796 0
nan nan nan nan
nan nan nan nan
nan nan nan nan
nan nan nan nan
nan nan nan nan
nan nan nan nan
nan nan nan nan
nan nan nan nan
nan nan nan nan
nan nan nan nan
0.092039675 0.068686321 0.99338353 0
nan nan nan nan
0.14547521 0.11052006 0.98316956 0
0.095834881 0.10663295 0.9896692 0.00011598304
-0.20366268 -0.15452129 -0.96677023 0
0.13926059 0.15043861 0.97876185 6.3758525e-05
nan nan nan nan
nan nan nan nan
-0.12488499 -0.093592927 0.98774695 0.00010445245
nan nan nan nan
nan nan nan nan
nan nan nan nan
nan nan nan nan
nan nan nan nan
nan nan nan nan
nan nan nan nan
-0.1190405 -0.10499511 -0.98732239 0
nan nan nan nan
0.1433363 0.10914296 0.98363739 0.00026271393
0.1016513 0.11233657 0.98845714 7.6920969e-06
0.19546528 0.14430314 0.97003609 0.00010770649
-0.14979883 -0.1651241 -0.97483039 0
nan nan nan nan
nan nan nan nan
-0.17684889 -0.12573177 0.97617418 0
nan nan nan nan
nan nan nan nan
nan nan nan nan
nan nan nan nan
nan nan nan nan
nan nan nan nan
nan nan nan nan
-0.10794584 -0.075350679 -0.99129707 0
nan nan nan nan
-0.16165784 -0.1261754 -0.97874737 0
0.099087633 0.11003666 0.988976 0
0.20337912 0.1528035 0.96710289 4.3001291e-05
0.14313601 0.1544161 0.97758263 0
nan nan nan nan
nan nan nan nan
nan nan nan nan
nan nan nan nan
nan nan nan nan
nan nan nan nan
nan nan nan nan
nan nan nan nan
nan nan nan nan
nan nan nan nan
0.09543702 0.072506636 0.9927913 6.095539e-05
nan nan nan nan
-0.15548405 -0.1169012 -0.98089689 0.00015070765
0.099618137 0.11044348 0.98887742 5.7815428e-06
0.19953737 0.14932893 0.96844506 0
0.14085044 0.1528171 0.97816569 0
nan nan nan nan
nan nan nan nan
nan nan nan nan
nan nan nan nan
nan nan nan nan
nan nan nan nan
nan nan nan nan
nan nan nan nan
nan nan nan nan
-0.039923716 0.008580626 0.99916589 0
0.083824687 0.06193272 0.99455398 0
nan nan nan nan
-0.1519704 -0.11194882 -0.98202467 0
0.10130773 0.10890995 0.98887575 0
-0.20542216 -0.15168782 -0.9668467 0
-0.15144403 -0.16387986 -0.97478622 8.2580395e-05
nan nan nan nan
nan nan nan nan
nan nan nan nan
nan nan nan nan
nan nan nan nan
nan nan nan nan
nan nan nan nan
nan nan nan nan
nan nan nan nan
-0.82019877 -0.011915721 -0.57195455 0
-0.89058369 -0.30572274 -0.33674091 0
nan nan nan nan
-0.15347601 -0.11227202 -0.98175359 0.000139696
-0.11725157 -0.12392369 -0.98534006 0
-0.20746785 -0.15176514 -0.96639758 0
0.14887805 0.16100907 0.97565949 0.00012919007
nan nan nan nan
nan nan nan nan
nan nan nan nan
nan nan nan nan
nan nan nan nan
nan nan nan nan
nan nan nan nan
nan nan nan nan
nan nan nan nan
-0.038319848 0.01490216 0.99915433 0
-0.14871609 -0.091879167 -0.98460227 0
nan nan nan nan
0.12017838 0.09450312 0.98824412 2.3256142e-05
0.096419148 0.09974613 0.99033022 0
0.1873731 0.14533074 0.9714784 4.745767e-05
-0.15694472 -0.16673966 -0.9734301 2.4159421e-05
nan nan nan nan
nan nan nan nan
nan nan nan nan
nan nan nan nan
nan nan nan nan
nan nan nan nan
nan nan nan nan
nan nan nan nan
nan nan nan nan
0.0080853915 0.012212301 0.99989277 0
0.01521177 -0.00017791537 0.99988431 0
nan nan nan nan
0.14435796 0.10608815 0.98382223 0
-0.11389264 -0.12112501 -0.98608178 0
0.20316052 0.14762436 0.96795291 1.4284302e-06
-0.16225716 -0.16983283 -0.97202331 0
nan nan nan nan
nan nan nan nan
nan nan nan nan
nan nan nan nan
nan nan nan nan
nan nan nan nan
nan nan nan nan
nan nan nan nan
nan nan nan nan
-0.016703406 -0.01359263 -0.99976814 0
-0.70710677 -0.70710677 -0 0
-0.071113907 -0.075225942 -0.99462748 0
0.13970035 0.097784981 0.98535371 0.00023890854
0.099400364 0.10245829 0.98975855 0
0.20441462 0.14729816 0.96773857 0
-0.15627259 -0.16385022 -0.97402877 6.9823829e-05
nan nan nan nan
nan nan nan nan
nan nan nan nan
nan nan nan nan
nan nan nan nan
nan nan nan nan
nan nan nan nan
nan nan nan nan
nan nan nan nan
-0.079461664 -0.014535674 -0.99673194 0
-0.3709591 -0.38793099 0.84374094 0
0.060201537 0.061739475 0.99627513 2.029739e-05
-0.1553843 -0.11050234 -0.98165417 0
-0.10857332 -0.11450404 -0.98747188 0
-0.21152765 -0.15040961 -0.9657293 5.1577645e-06
0.14810853 0.15515147 0.97672504 0.00010109053
nan nan nan nan
nan nan nan nan
nan nan nan nan
nan nan nan nan
nan nan nan nan
nan nan nan nan
nan nan nan nan
nan nan nan nan
nan nan nan nan
-0.0010079816 0.012297451 0.99992383 0
-0.11773384 -0.085059986 -0.9893955 0
nan nan nan nan
0.15207614 0.10882208 0.98235977 6.1024632e-05
-0.13445182 -0.14287388 -0.98056608 0
-0.21283384 -0.15055989 -0.96541882 6.7098947e-05
0.1507764 0.15674773 0.97606182 0.00013682935
nan nan nan nan
nan nan nan nan
nan nan nan nan
nan nan nan nan
nan nan nan nan
nan nan nan nan
nan nan nan nan
nan nan nan nan
-0.051088903 -0.041337039 -0.9978382 0
-0.049228407 -0.015277779 -0.9986707 0
0.039664086 0.03499769 0.99860001 0
nan nan nan nan
-0.15476893 -0.10881309 -0.98194009 0
-0.13648412 -0.13958378 -0.98075908 0
-0.21479122 -0.1508435 -0.96494091 3.7022659e-05
0.15459041 0.15832908 0.97520959 0.00014989484
nan nan nan nan
nan nan nan nan
nan nan nan nan
nan nan nan nan
nan nan nan nan
nan nan nan nan
nan nan nan nan
nan nan nan nan
nan nan nan nan
-0.22631648 -0.055979364 -0.97244388 0
0.014247228 -0.001295243 0.99989772 0
nan nan nan nan
-0.15476753 -0.10813373 -0.98201537 9.0711161e-05
-0.317038 -0.25741413 -0.91281152 0
-0.21137753 -0.14664747 -0.96634048 0
0.15502183 0.15837894 0.975133 0
nan nan nan nan
nan nan nan nan
nan nan nan nan
nan nan nan nan
nan nan nan nan
nan nan nan nan
nan nan nan nan
nan nan nan nan
nan nan nan nan
-0.03732096 -0.0055854209 0.99928772 0
-0.27959645 -0.19484375 -0.94013923 0
nan nan nan nan
-0.15909538 -0.10883853 -0.98124564 0
-0.15602618 -0.13732894 -0.97815979 0
0.20525315 0.1406451 0.9685505 0.00010974985
-0.15753788 -0.15951923 -0.97454363 4.2801345e-05
nan nan nan nan
nan nan nan nan
nan nan nan nan
nan nan nan nan
nan nan nan nan
nan nan nan nan
nan nan nan nan
nan nan nan nan
-0.05910746 -0.02955373 -0.99781406 0
0.0018336239 0.010912636 0.99993879 0
-0.082254842 -0.055170931 0.99508309 0
nan nan nan nan
0.12251233 0.077071749 0.98946989 0.0002148443
-0.11074716 -0.11144555 -0.98758042 7.8283119e-05
0.20769566 0.14099693 0.96797848 8.0282378e-05
0.15247308 0.15396883 0.97624052 7.2129455e-06
nan nan nan nan
nan nan nan nan
nan nan nan nan
nan nan nan nan
nan nan nan nan
nan nan nan nan
nan nan nan nan
nan nan nan nan
nan nan nan nan
0.011273924 0.012185675 0.99986213 0
-0.15788464 -0.10881239 0.98144394 0
nan nan nan nan
-0.18171009 -0.12207914 -0.97574484 0
-0.11384182 -0.11310178 -0.98704004 0
0.20111682 0.13574146 0.97011662 7.7923563e-05
-0.16637553 -0.16437221 -0.9722659 0
nan nan nan nan
nan nan nan nan
nan nan nan nan
nan nan nan nan
nan nan nan nan
nan nan nan nan
nan nan nan nan
nan nan nan nan
nan nan nan nan
-0.017522836 -0.012673578 -0.99976605 0
-0.51450551 -0.25128642 -0.81984097 0
nan nan nan nan
0.15399364 0.1026221 0.98272818 0
-0.14174171 -0.13707806 -0.98036677 0
-0.22138996 -0.14939974 -0.96367323 0
-0.1620515 -0.16027321 -0.97367954 3.6968759e-05
nan nan nan nan
nan nan nan nan
nan nan nan nan
nan nan nan nan
nan nan nan nan
nan nan nan nan
nan nan nan nan
nan nan nan nan
nan nan nan nan
-0.015246205 -0.01234728 -0.99980754 0
0.088131383 0.057866931 0.99442655 1.3128471e-05
0.061150257 0.060289022 0.99630618 6.879992e-05
0.15580958 0.1038173 0.98231626 9.0116773e-05
0.10768479 0.10493924 0.98863131 2.8874594e-05
-0.23076873 -0.15356793 -0.96081346 0
-0.1611993 -0.15867284 -0.97408307 0.00014308278
nan nan nan nan
nan nan nan nan
nan nan nan nan
nan nan nan nan
nan nan nan nan
nan nan nan nan
nan nan nan nan
nan nan nan nan
nan nan nan nan
-0.014506251 -0.012274566 -0.9998194 0
0.081397079 0.043560155 0.99572945 2.0606387e-05
-0.066187814 -0.062150419 -0.99586964 0
0.14801803 0.097969905 0.98412019 5.7955582e-05
-0.11430126 -0.11176126 -0.98713964 2.5487243e-05
0.20411478 0.13671489 0.96935356 0
-0.16453132 -0.15983714 -0.97333521 0
nan nan nan nan
nan nan nan nan
nan nan nan nan
nan nan nan nan
nan nan nan nan
nan nan nan nan
nan nan nan nan
nan nan nan nan
nan nan nan nan
-0.41075498 0.0047486117 0.91173351 0
0.074651651 0.047229722 0.99609059 0
-0.064673826 -0.065894537 -0.99572843 0
-0.15972194 -0.10512347 -0.98154879 0.00010867813
-0.11968586 -0.11572547 -0.98604405 0
0.2114528 0.14021723 0.96727806 0
-0.16245008 -0.15747322 -0.97406995 2.5848802e-05
nan nan nan nan
nan nan nan nan
nan nan nan nan
nan nan nan nan
nan nan nan nan
nan nan nan nan
nan nan nan nan
nan nan nan nan
nan nan nan nan
-0.081389703 -0.01517878 0.99656677 0
0.080491625 0.051672168 0.99541503 0
nan nan nan nan
0.1536393 0.10168853 0.98288065 0
-0.11398527 -0.11003318 -0.98737031 1.9429319e-05
-0.21772498 -0.14217547 -0.9655993 0
-0.17206581 -0.16320583 -0.97147155 0.00014542589
nan nan nan nan
nan nan nan nan
nan nan nan nan
nan nan nan nan
nan nan nan nan
nan nan nan nan
nan nan nan nan
nan nan nan nan
nan nan nan nan
-0.0020135292 4.0270374e-05 0.99999791 0
-0.12144978 -0.076891392 -0.98961496 0
nan nan nan nan
-0.18910265 -0.11559482 -0.97512972 0
0.11178444 0.1070355 0.98795128 0.00019461673
-0.24000719 -0.15218289 -0.95876843 0
0.15370436 0.14951776 0.97673923 0
nan nan nan nan
nan nan nan nan
nan nan nan nan
nan nan nan nan
nan nan nan nan
nan nan nan nan
nan nan nan nan
nan nan nan nan
nan nan nan nan
nan nan nan nan
-0.10483333 -0.06885644 -0.99210322 0
nan nan nan nan
0.14034604 0.090838313 0.98592669 0
-0.13453762 -0.13950372 -0.98103946 0
-0.21735096 -0.14090107 -0.96587032 0.00011644047
-0.16379541 -0.15628707 -0.97403562 1.1456636e-05
nan nan nan nan
nan nan nan nan
nan nan nan nan
nan nan nan nan
nan nan nan nan
nan nan nan nan
nan nan nan nan
nan nan nan nan
nan nan nan nan
nan nan nan nan
0.058116518 0.026416602 0.99796021 0
nan nan nan nan
-0.1598756 -0.10269232 -0.98178107 0
-0.3571074 -0.40783617 -0.84032375 0
0.19847426 0.12889844 0.97159308 0.00015256352
-0.16671541 -0.15876915 -0.97313839 0
nan nan nan nan
nan nan nan nan
nan nan nan nan
nan nan nan nan
nan nan nan nan
nan nan nan nan
nan nan nan nan
nan nan nan nan
nan nan nan nan
nan nan nan nan
0.089356773 0.060784087 0.99414319 6.6123859e-05
nan nan nan nan
-0.16172177 -0.10280156 -0.98146719 0.00023809362
-0.12742172 -0.11886993 -0.98469979 0
-0.22677544 -0.14434639 -0.96319103 2.3880617e-05
0.16023308 0.15051259 0.97553641 0
nan nan nan nan
nan nan nan nan
nan nan nan nan
nan nan nan nan
-0.076630883 -0.048873473 0.99586099 0
nan nan nan nan
nan nan nan nan
nan nan nan nan
nan nan nan nan
0.011612508 0.010105838 0.99988157 4.2174547e-06
0.084502161 0.057596855 0.99475729 0.00024250145
nan nan nan nan
0.14921762 0.093019359 0.98441935 8.0314574e-05
0.10434511 0.10041901 0.9894585 0.00011311462
-0.21735834 -0.13628197 -0.96653122 8.9150481e-06
0.15807027 0.14472024 0.97676504 0.000171227
nan nan nan nan
nan nan nan nan
nan nan nan nan
nan nan nan nan
nan nan nan nan
nan nan nan nan
nan nan nan nan
nan nan nan nan
nan nan nan nan
0.0040692315 0.006398926 0.99997127 0
-0.11175688 -0.070455424 -0.99123478 0
nan nan nan nan
0.15335663 0.097118422 0.98338693 0.00027303683
-0.13165101 -0.11513113 -0.98458767 0
-0.21768513 -0.13582917 -0.96652144 0.00014430021
0.15897723 0.1450178 0.97657365 0.00014655122
nan nan nan nan
nan nan nan nan
nan nan nan nan
nan nan nan nan
nan nan nan nan
nan nan nan nan
nan nan nan nan
nan nan nan nan
nan nan nan nan
0.011406524 0.0085438825 0.99989843 0
0.085182779 0.054163132 0.99489206 0.00016086521
nan nan nan nan
-0.16229457 -0.10083721 -0.98157644 0.00017639516
0.10337602 0.098197602 0.98978311 0
-0.22247018 -0.13871183 -0.96502125 0
0.16250539 0.14844945 0.97547674 0
nan nan nan nan
nan nan nan nan
nan nan nan nan
-0.15247862 -0.13792384 0.97863543 0
nan nan nan nan
nan nan nan nan
nan nan nan nan
-0.040431283 -0.037361532 0.99848354 0
nan nan nan nan
nan nan nan nan
-0.14628813 -0.076683305 -0.98626542 0
nan nan nan nan
-0.16873682 -0.10228547 -0.98033947 8.4817999e-05
-0.13923731 -0.12749344 -0.98201752 8.2660872e-06
-0.21771996 -0.13424659 -0.96673465 0.00018198306
0.16085668 0.14694662 0.97597736 0
nan nan nan nan
nan nan nan nan
nan nan nan nan
-0.14140812 -0.13083281 0.98126781 0.00028005833
nan nan nan nan
nan nan nan nan
nan nan nan nan
-0.038974483 -0.037494395 0.99853653 0
nan nan nan nan
nan nan nan nan
-0.17929423 -0.081136301 -0.98044401 0
nan nan nan nan
-0.31824604 -0.18973431 -0.92882746 0
-0.13602604 -0.12328643 -0.98300427 0
-0.21725094 -0.13282338 -0.96703678 9.1264475e-05
-0.17367192 -0.15562263 -0.97242975 1.5753738e-05
nan nan nan nan
nan nan nan nan
nan nan nan nan
0.098588474 0.11826073 -0.98807627 0.00040924951
nan nan nan nan
nan nan nan nan
nan nan nan nan
-0.050110888 -0.058426742 0.99703318 0
nan nan nan nan
-0.014164615 -0.011881772 -0.99982911 0
-0.10203341 -0.063426174 0.99275684 0
0.054133985 0.051943924 0.99718165 5.1673069e-05
0.063282602 0.03840987 0.99725616 9.6154865e-05
-0.1219048 -0.11045689 -0.9863764 0
-0.22479844 -0.1363803 -0.96481401 1.4822601e-06
-0.16885541 -0.15199919 -0.97385013 0
nan nan nan nan
nan nan nan nan
nan nan nan nan
nan nan nan nan
nan nan nan nan
nan nan nan nan
nan nan nan nan
-0.073853552 -0.06607949 0.99507749 0
nan nan nan nan
-0.013043957 -0.01167453 -0.99984676 0
0.090425365 0.047468469 0.9947713 0.00012515667
-0.28721553 -0.10088909 -0.95253795 0
0.15218282 0.092600361 0.9840048 3.6386318e-05
0.10947938 0.097642891 0.98918152 5.8286492e-05
-0.22828054 -0.13531417 -0.96414638 0
-0.17056525 -0.15234643 -0.97349787 0
nan nan nan nan
nan nan nan nan
nan nan nan nan
nan nan nan nan
nan nan nan nan
nan nan nan nan
nan nan nan nan
-0.046296801 -0.044785611 0.99792331 0
nan nan nan nan
nan nan nan nan
-0.12389553 -0.080626152 -0.98901433 0
nan nan nan nan
-0.16887036 -0.10094894 -0.98045504 0.0002006116
-0.13025551 -0.12008177 -0.98418182 0
0.20857424 0.12798923 0.96959555 8.4040148e-06
-0.16536358 -0.14784223 -0.97508848 0
nan nan nan nan
nan nan nan nan
nan nan nan nan
0.13312349 0.12449058 -0.98324984 0.00019645471
nan nan nan nan
nan nan nan nan
nan nan nan nan
-0.041005243 -0.03640233 0.99849564 0
nan nan nan nan
nan nan nan nan
0.080077007 0.044245977 0.99580622 0.00018452972
nan nan nan nan
-0.16881785 -0.099019632 -0.98066086 0
0.10377485 0.08906287 0.99060512 4.3569347e-05
-0.22148834 -0.13160303 -0.96624196 0.00016668451
-0.17867011 -0.15725216 -0.97126144 0
nan nan nan nan
nan nan nan nan
nan nan nan nan
0.12976214 0.12424764 -0.98372978 6.297457e-05
-0.55719024 -0.071320347 -0.82731646 0
nan nan nan nan
nan nan nan nan
nan nan nan nan
nan nan nan nan
nan nan nan nan
-0.13881512 -0.089884557 -0.98623079 0
nan nan nan nan
0.16127145 0.095819391 0.98224753 0.0002629646
0.10709718 0.093960568 0.98979878 4.6526297e-05
0.21463244 0.12699276 0.96840376 0.00035957733
-0.17701942 -0.15555397 -0.97183692 0
nan nan nan nan
nan nan nan nan
nan nan nan nan
nan nan nan nan
nan nan nan nan
nan nan nan nan
nan nan nan nan
nan nan nan nan
nan nan nan nan
nan nan nan nan
0.034197714 0.041037358 0.99857223 0
nan nan nan nan
-0.17376058 -0.10345471 -0.97933877 0
-0.12090168 -0.10508686 -0.98708642 9.4790412e-06
-0.22184116 -0.1296223 -0.96642876 0
-0.17629057 -0.15339877 -0.97231197 0
nan nan nan nan
nan nan nan nan
nan nan nan nan
nan nan nan nan
nan nan nan nan
nan nan nan nan
nan nan nan nan
nan nan nan nan
nan nan nan nan
nan nan nan nan
-0.16063681 -0.086692885 -0.983199 0
nan nan nan nan
0.15653372 0.089801759 0.9835816 0.00029920385
-0.12391153 -0.10562404 -0.98665571 2.9253331e-05
-0.22505647 -0.1299368 -0.96564281 0
-0.18875365 -0.16188037 -0.96859008 0
nan nan nan nan
nan nan nan nan
nan nan nan nan
-0.29370075 -0.14814986 0.94434714 0
nan nan nan nan
nan nan nan nan
nan nan nan nan
nan nan nan nan
nan nan nan nan
nan nan nan nan
0.07129243 0.044120591 0.99647921 0
nan nan nan nan
0.15560193 0.087037459 0.98397791 0.00030172971
0.11045232 0.095131367 0.98931813 0.00013715123
0.21799777 0.12430522 0.96800059 0.00027440811
0.16703621 0.14339608 0.97546732 0
nan nan nan nan
nan nan nan nan
-0.30498195 -0.069710128 -0.94980335 0
nan nan nan nan
nan nan nan nan
nan nan nan nan
nan nan nan nan
nan nan nan nan
nan nan nan nan
nan nan nan nan
-0.11733367 -0.070443012 -0.99059099 0.00012145522
0.0013258221 0.041101091 0.99915409 0
-0.23983511 -0.14460887 -0.95998299 0
-0.1191196 -0.10132767 -0.98769593 7.1651317e-05
-0.2240544 -0.12722197 -0.96623707 0.00011550559
-0.17300543 -0.14753239 -0.97380865 0
nan nan nan nan
nan nan nan nan
nan nan nan nan
nan nan nan nan
nan nan nan nan
0.059089329 0.046150059 -0.99718535 0
nan nan nan nan
nan nan nan nan
nan nan nan nan
nan nan nan nan
0.10363929 0.058732502 0.99287927 0
nan nan nan nan
0.14243406 0.074325003 0.98700976 0.00024179132
-0.12259249 -0.10366473 -0.98702818 0
-0.22794941 -0.12929648 -0.96505004 0
-0.18351085 -0.15545444 -0.97064805 0
nan nan nan nan
nan nan nan nan
nan nan nan nan
nan nan nan nan
nan nan nan nan
nan nan nan nan
nan nan nan nan
nan nan nan nan
nan nan nan nan
nan nan nan nan
-0.29774556 -0.059549026 0.95278615 0
nan nan nan nan
-0.16774204 -0.09394528 -0.9813444 0
-0.12411956 -0.10392188 -0.98681033 3.8593254e-05
0.21370725 0.11695237 0.96987188 0.00018647715
0.16469115 0.13858692 0.97656059 0
nan nan nan nan
nan nan nan nan
nan nan nan nan
nan nan nan nan
nan nan nan nan
nan nan nan nan
nan nan nan nan
nan nan nan nan
nan nan nan nan
nan nan nan nan
-0.20370324 -0.13256878 -0.9700157 0
0.029464832 0.024011435 0.99927735 7.4350617e-05
-0.17265025 -0.09470626 -0.98041958 1.2882452e-05
0.11353166 0.095367201 0.98894674 0
0.18240784 0.097576469 0.97836912 0.00014311673
-0.18444401 -0.15146638 -0.97110164 0
nan nan nan nan
nan nan nan nan
0.11498021 0.042360958 -0.99246418 0
0.083484791 0.11551508 -0.9897911 0.00018417896
nan nan nan nan
nan nan nan nan
nan nan nan nan
nan nan nan nan
nan nan nan nan
nan nan nan nan
-0.12019568 -0.069481939 -0.99031574 0
0.036896989 0.04292006 0.99839693 7.6689554e-05
-0.16692993 -0.091908783 -0.98167568 9.0400754e-06
-0.12118664 -0.1001731 -0.9875623 0
-0.23316254 -0.12929961 -0.96380329 0
-0.17719541 -0.14592542 -0.9732973 7.3670322e-05
nan nan nan nan
nan nan nan nan
nan nan nan nan
-0.27866679 0.10923739 -0.95415515 0
nan nan nan nan
nan nan nan nan
nan nan nan nan
nan nan nan nan
nan nan nan nan
nan nan nan nan
-0.1954646 -0.0814436 -0.97732311 0
0.062656455 0.05146423 0.99670744 0
-0.16905732 -0.092009902 -0.98130208 0.00014169699
-0.13098402 -0.10428858 -0.98588389 0
-0.23653865 -0.13113542 -0.96273202 0
-0.17183489 -0.14198652 -0.97483975 0
nan nan nan nan
nan nan nan nan
nan nan nan nan
-0.056365281 0.11273018 -0.99202567 0
nan nan nan nan
nan nan nan nan
nan nan nan nan
nan nan nan nan
nan nan nan nan
nan nan nan nan
0.068909772 0.048528004 0.9964419 0
0.055446845 0.045150854 0.99744022 8.3697458e-05
0.14681637 0.075276725 0.98629528 0.00021816738
-0.14252424 -0.11017773 -0.98363996 0
-0.23198891 -0.12761751 -0.96431065 0.00027426399
0.16290836 0.13672332 0.97712207 5.5032192e-06
nan nan nan nan
nan nan nan nan
nan nan nan nan
-0.10163637 0.077103354 -0.99182922 0
nan nan nan nan
nan nan nan nan
nan nan nan nan
0.036903918 0.031384792 -0.99882585 4.2724218e-06
nan nan nan nan
nan nan nan nan
0.10070659 0.054477848 0.99342364 0.00013329837
0.011861602 0.048632536 0.99874634 0
0.16230409 0.08442831 0.98312217 7.9796228e-05
-0.14846602 -0.10943584 -0.9828437 0
-0.22645126 -0.12086214 -0.9664948 0.00025699881
0.17145504 0.13907067 0.97532684 9.7160431e-05
nan nan nan nan
nan nan nan nan
nan nan nan nan
nan nan nan nan
nan nan nan nan
nan nan nan nan
nan nan nan nan
-0.049953111 -0.03629487 0.99809188 0
nan nan nan nan
nan nan nan nan
0.075443067 0.013264862 0.99706185 0
nan nan nan nan
-0.16835816 -0.090058804 -0.98160326 0
0.10889566 0.089947328 0.98997527 3.9486353e-05
-0.23707126 -0.12875184 -0.96292275 0
-0.18107021 -0.14760026 -0.97233111 0
nan nan nan nan
nan nan nan nan
nan nan nan nan
nan nan nan nan
nan nan nan nan
nan nan nan nan
nan nan nan nan
nan nan nan nan
nan nan nan nan
nan nan nan nan
0.1046498 0.055010986 0.9929865 3.9523929e-05
nan nan nan nan
-0.17269309 -0.092009097 -0.98066884 3.5025918e-05
-0.46819478 -0.39194599 0.79194188 0
-0.22826745 -0.12032348 -0.96613467 0
-0.18009651 -0.14631039 -0.97270679 3.706092e-05
nan nan nan nan
nan nan nan nan
nan nan nan nan
nan nan nan nan
nan nan nan nan
nan nan nan nan
nan nan nan nan
nan nan nan nan
nan nan nan nan
nan nan nan nan
nan nan nan nan
nan nan nan nan
0.15860391 0.083178945 0.9838323 0
-0.28655496 -0.25629771 -0.92314553 0
-0.22807766 -0.11932009 -0.96630394 3.9302835e-05
-0.17676185 -0.13999549 -0.97424662 0
nan nan nan nan
nan nan nan nan
nan nan nan nan
nan nan nan nan
nan nan nan nan
nan nan nan nan
nan nan nan nan
-0.045691486 -0.035349574 0.99833 0
nan nan nan nan
nan nan nan nan
nan nan nan nan
nan nan nan nan
-0.18058363 -0.091820382 -0.97926438 4.1732096e-06
0.094001338 0.064220801 0.99349856 0
0.21635288 0.11542721 0.96946788 0.00025752248
0.17240232 0.13526103 0.97569567 1.7800136e-05
nan nan nan nan
nan nan nan nan
nan nan nan nan
nan nan nan nan
nan nan nan nan
nan nan nan nan
nan nan nan nan
-0.043188475 -0.043188475 0.99813306 0
nan nan nan nan
nan nan nan nan
nan nan nan nan
nan nan nan nan
-0.17090742 -0.087754354 -0.9813714 1.0660387e-05
0.091034614 0.055114172 0.99432141 0.00010663772
0.21855021 0.11542739 0.96897483 5.7882851e-05
0.16731454 0.13186565 0.97704518 7.0308219e-05
nan nan nan nan
nan nan nan nan
nan nan nan nan
nan nan nan nan
nan nan nan nan
nan nan nan nan
nan nan nan nan
nan nan nan nan
nan nan nan nan
nan nan nan nan
nan nan nan nan
nan nan nan nan
0.16086332 0.082845986 0.98349357 0
0.11889369 0.091360413 0.98869491 0
-0.24099562 -0.12064946 -0.96299779 0
-0.18269126 -0.14042957 -0.97308964 0
nan nan nan nan
nan nan nan nan
nan nan nan nan
nan nan nan nan
nan nan nan nan
nan nan nan nan
nan nan nan nan
nan nan nan nan
nan nan nan nan
nan nan nan nan
nan nan nan nan
nan nan nan nan
0.1315058 0.073399767 0.98859435 0.00023847354
-0.12267706 -0.094372384 -0.98794943 0
0.22382452 0.1140539 0.967933 0.00012619463
-0.17618707 -0.1362236 -0.97488534 0
nan nan nan nan
nan nan nan nan
nan nan nan nan
nan nan nan nan
nan nan nan nan
nan nan nan nan
nan nan nan nan
nan nan nan nan
nan nan nan nan
nan nan nan nan
nan nan nan nan
nan nan nan nan
0.16503365 0.083462931 0.98275012 6.7696019e-06
-0.12538825 -0.095866859 -0.98746508 6.3777072e-05
-0.22972617 -0.1146767 -0.96647561 3.5030444e-05
0.17645526 0.13422549 0.97511387 0
nan nan nan nan
nan nan nan nan
nan nan nan nan
nan nan nan nan
0.077043056 0.039150748 -0.9962588 2.2757218e-05
nan nan nan nan
nan nan nan nan
nan nan nan nan
nan nan nan nan
nan nan nan nan
nan nan nan nan
0.063694164 0.047976032 0.99681568 0
0.16337411 0.081726 0.98317331 0
-0.12520199 -0.094848588 -0.98758709 0.00012043215
-0.24623041 -0.11984593 -0.9617731 0
-0.1798484 -0.13645184 -0.97418451 0
nan nan nan nan
nan nan nan nan
nan nan nan nan
nan nan nan nan
0.075258821 0.037256453 -0.99646777 1.9817546e-05
nan nan nan nan
nan nan nan nan
nan nan nan nan
nan nan nan nan
nan nan nan nan
0.096894175 0.042949546 0.9943676 0
-0.16636814 -0.018485092 0.98589045 0
0.09152656 0.047611654 0.99466377 0.00010877611
0.12090023 0.091432117 0.98844486 0
-0.22867286 -0.1131624 -0.96690381 4.7952784e-05
-0.18482465 -0.14071406 -0.97264558 0
nan nan nan nan
nan nan nan nan
nan nan nan nan
nan nan nan nan
nan nan nan nan
nan nan nan nan
nan nan nan nan
nan nan nan nan
nan nan nan nan
0.0099426191 0.0038693021 0.99994308 0
-0.11031163 0.0064259632 0.99387622 0
-0.01610261 0.015418304 0.99975145 7.8159857e-05
-0.24035299 -0.12376034 -0.96276367 0
0.10998756 0.089586578 0.98988736 0
-0.23837109 -0.1153952 -0.96429414 0
-0.18426634 -0.13979654 -0.97288376 0
-0.21940276 -0.12074334 0.96813405 0
nan nan nan nan
nan nan nan nan
nan nan nan nan
nan nan nan nan
nan nan nan nan
nan nan nan nan
nan nan nan nan
nan nan nan nan
-0.016549647 -0.016042996 -0.9997344 0
0.083095036 0.047115743 0.99542725 0
-0.12823179 -0.080971524 -0.98843324 0
0.15569593 0.074005492 0.98502898 9.7236498e-06
-0.13999081 -0.09611129 -0.98547721 0
-0.24013278 -0.11536995 -0.96385992 0
0.17180577 0.12843755 0.9767223 0.00015900667
-0.21964863 -0.095199183 0.97092307 0
nan nan nan nan
nan nan nan nan
nan nan nan nan
nan nan nan nan
nan nan nan nan
0.015255416 0.0074332338 -0.99985605 0
nan nan nan nan
nan nan nan nan
-0.014343408 -0.010963144 -0.99983698 0
-0.11731385 -0.059219968 -0.99132764 0
0.041620091 0.022410808 0.99888217 0
0.14460118 0.065535665 0.98731744 0.00012713378
-0.13588136 -0.096845768 -0.98598033 0
0.22591463 0.1088175 0.9680503 8.4417698e-05
0.16558403 0.12326655 0.97846168 0.00016413865
-0.22796725 -0.092520468 0.96926308 0.00046135683
nan nan nan nan
nan nan nan nan
nan nan nan nan
nan nan nan nan
nan nan nan nan
-0.0037605301 -0.0036016402 -0.99998647 0
nan nan nan nan
nan nan nan nan
nan nan nan nan
-0.11039308 -0.052316044 -0.9925102 0
-0.0069386605 -0.040030926 0.99917436 0
0.15878598 0.072742842 0.98462963 8.9972564e-05
-0.13930075 -0.099042013 -0.98528469 0
-0.23546739 -0.11187651 -0.9654215 0
0.17269383 0.12742615 0.97669822 5.1226863e-05
-0.25120842 -0.11291429 0.96132445 0
nan nan nan nan
nan nan nan nan
nan nan nan nan
nan nan nan nan
nan nan nan nan
nan nan nan nan
nan nan nan nan
-0.047281411 -0.022205882 -0.99863476 3.0105588e-05
nan nan nan nan
-0.12944214 -0.07070177 -0.98906326 0
-0.078934871 -0.054685023 -0.99537879 5.5398024e-05
-0.20188545 -0.10058685 -0.97423023 0
0.088565856 0.057601061 0.99440342 0.00019966223
-0.25803992 -0.13397248 -0.95680028 0
-0.1947663 -0.13929093 -0.97090882 3.003022e-05
-0.34775525 -0.10723731 0.93143249 0
nan nan nan nan
nan nan nan nan
nan nan nan nan
nan nan nan nan
nan nan nan nan
nan nan nan nan
nan nan nan nan
nan nan nan nan
nan nan nan nan
0.098276556 0.043127798 0.99422425 0
-0.075193122 -0.056155346 -0.99558657 9.5244031e-06
-0.17390342 -0.081236467 -0.98140627 9.1482158e-05
0.11655082 0.082771428 0.98972964 0.00010800366
0.22387139 0.099549033 0.9695214 0
-0.18518211 -0.13348842 -0.97359562 1.5814885e-05
-0.99399441 -0 0.10943057 0
nan nan nan nan
0.011204836 0.015514392 -0.99981683 0
nan nan nan nan
nan nan nan nan
nan nan nan nan
nan nan nan nan
nan nan nan nan
nan nan nan nan
nan nan nan nan
-0.11184045 -0.052280027 -0.99235004 0
-0.071577489 -0.051735543 -0.99609238 0
-0.20148127 -0.089358747 -0.97540778 0.0001460585
-0.15015019 -0.11295771 -0.98218906 0
-0.24804449 -0.11985402 -0.96130586 0
-0.18366136 -0.1318391 -0.97410834 0
0.19072737 0.090709537 -0.97744304 0.00011359822
nan nan nan nan
nan nan nan nan
nan nan nan nan
nan nan nan nan
nan nan nan nan
nan nan nan nan
nan nan nan nan
0.045436036 0.021195663 0.9987424 3.5171834e-05
nan nan nan nan
-0.12077999 -0.055696473 -0.99111557 0
-0.10930911 -0.06929417 -0.99158955 0
-0.20328563 -0.087877043 -0.97516799 0
0.11414848 0.079238161 0.99029869 0.00015101951
-0.23765644 -0.10908926 -0.96520412 0
-0.18829514 -0.13401513 -0.9729259 0.0002194074
-0.27117747 -0.11944237 0.95508969 0.00021444194
nan nan nan nan
nan nan nan nan
nan nan nan nan
nan nan nan nan
nan nan nan nan
nan nan nan nan
nan nan nan nan
-0.010035417 0.026343133 0.99960262 1.4156324e-05
nan nan nan nan
0.064886861 0.038051601 0.99716687 9.2130416e-05
-0.09056931 -0.064255252 -0.99381512 0
-0.19304302 -0.086052939 -0.97740948 0.0002382753
-0.13327162 -0.093537346 -0.98665565 1.2283036e-05
-0.23526779 -0.10670463 -0.96605545 0.00010191579
-0.18317199 -0.12948769 -0.97451574 0.00014531183
-0.016657954 0.027763207 -0.99947572 0
nan nan nan nan
nan nan nan nan
nan nan nan nan
nan nan nan nan
nan nan nan nan
nan nan nan nan
nan nan nan nan
-0.34967786 -0.090657212 -0.93247342 0
nan nan nan nan
0.10651781 0.050567478 0.99302411 7.2891751e-05
-0.13051993 -0.096797042 -0.98670918 0
0.11993285 0.053976845 0.99131358 0.00012937879
-0.1281025 -0.089567468 -0.98770815 0.00023734874
0.22463651 0.10209015 0.96907997 0.00020403121
-0.18508607 -0.12957144 -0.97414285 0
-0.23417804 -0.089806139 0.96803701 0
nan nan nan nan
nan nan nan nan
nan nan nan nan
nan nan nan nan
nan nan nan nan
nan nan nan nan
nan nan nan nan
0.027739968 0.020795172 0.99939889 1.0058066e-05
nan nan nan nan
-0.11849307 -0.050115351 -0.99168938 0
-0.077379853 -0.054578263 -0.99550676 0
-0.22585735 -0.10408894 -0.96858346 0.00019453546
0.1094238 0.078092329 0.99092281 5.6891233e-05
-0.23333755 -0.10449973 -0.96676439 0
0.17812015 0.12534671 0.97599256 2.2345088e-05
-0.23065683 -0.084858872 0.96932781 0
nan nan nan nan
nan nan nan nan
nan nan nan nan
nan nan nan nan
nan nan nan nan
nan nan nan nan
nan nan nan nan
0.0070197163 0.027142884 0.99960691 0
nan nan nan nan
-0.2158756 -0.12852131 -0.96792561 0
-0.011362165 0.011362165 0.9998709 0
0.058085587 0.0155594 0.99819034 0.00034831202
-0.13523577 -0.094511569 -0.98629558 3.1175982e-06
-0.2462337 -0.10662217 -0.96332794 3.2639332e-06
-0.18215379 -0.12677689 -0.97506291 0
0.03301347 0.078031644 -0.99640411 0
nan nan nan nan
nan nan nan nan
nan nan nan nan
nan nan nan nan
nan nan nan nan
nan nan nan nan
nan nan nan nan
-0.051716305 -0.021797782 -0.99842393 0
nan nan nan nan
-0.18120635 -0.086052336 -0.97967309 0
0.049761716 0.030068381 0.99830842 0
-0.18931906 -0.082350716 -0.97845626 0
-0.131256 -0.092254393 -0.98704666 0
-0.24175434 -0.10471651 -0.96467054 0
-0.18340032 -0.12658545 -0.97485405 0
0.14552113 0.08557488 -0.98564726 0.00076301198
nan nan nan nan
nan nan nan nan
nan nan nan nan
nan nan nan nan
nan nan nan nan
nan nan nan nan
nan nan nan nan
0.046531182 0.021025186 0.99869555 2.9582479e-05
nan nan nan nan
-0.35360593 -0.23026802 -0.90660882 0
0.064592898 0.046310391 0.99683654 6.9401003e-06
-0.20601779 -0.084161371 -0.9749223 0
-0.14121276 -0.10192594 -0.98471826 0
-0.23565657 -0.10225151 -0.96644223 5.7365094e-05
-0.18453828 -0.12605198 -0.97470844 7.539845e-05
0.10130671 0.079050206 -0.99170965 0.0012141844
nan nan nan nan
nan nan nan nan
nan nan nan nan
nan nan nan nan
nan nan nan nan
nan nan nan nan
nan nan nan nan
0.045595013 0.020557603 0.99874842 1.6712067e-05
nan nan nan nan
-0.11573803 -0.049602009 -0.99204051 0
0.049686488 0.04452109 0.99777204 9.8903529e-06
-0.17576563 -0.075844288 -0.98150599 4.410874e-05
0.11011939 0.073926933 0.99116522 5.8095717e-05
-0.25049257 -0.10352847 -0.96256697 4.4420503e-05
-0.18685688 -0.12609842 -0.97426057 2.7433238e-05
-0.50352716 -0.11619858 0.85612988 0
nan nan nan nan
nan nan nan nan
nan nan nan nan
nan nan nan nan
nan nan nan nan
nan nan nan nan
nan nan nan nan
-0.050041743 -0.020476228 -0.99853718 0
nan nan nan nan
-0.4661251 -0.10401367 -0.87858325 0
-0.15689103 -0.085752778 -0.983886 0.00014377234
0.16766056 0.070846036 0.98329586 0.00018532728
-0.14091115 -0.092312925 -0.98570907 0
-0.25739038 -0.10641222 -0.96043044 0
-0.19109701 -0.12923892 -0.97302586 0.00014106162
-0.24977565 -0.099087268 0.96322054 0
nan nan nan nan
nan nan nan nan
nan nan nan nan
nan nan nan nan
nan nan nan nan
nan nan nan nan
nan nan nan nan
0.046923175 0.020464934 0.99868882 0
nan nan nan nan
-0.26925457 -0.12951484 -0.95432067 0
0.034995597 0.020001628 0.99918735 2.3400733e-05
0.17133617 0.071173899 0.98263842 0.00025558422
0.12622407 0.084403992 0.98840451 0
0.23043822 0.096761778 0.9682641 0
0.18022837 0.11783616 0.97654098 8.7348955e-05
-0.2426918 -0.095236614 0.96541739 3.7792441e-05
nan nan nan nan
nan nan nan nan
nan nan nan nan
nan nan nan nan
nan nan nan nan
nan nan nan nan
nan nan nan nan
0.04433671 0.017858921 0.99885696 0
nan nan nan nan
-0.44721231 -0.34400901 -0.82562643 0
0.036511697 0.021421297 0.99910361 1.4145176e-05
0.16105159 0.067378223 0.98464334 0.00010598047
-0.13012482 -0.086379945 -0.9877277 0
-0.25243959 -0.10725382 -0.96165001 0
0.17522721 0.11142265 0.9782027 4.1872314e-05
-0.67180508 -0.02815951 0.74019247 0
nan nan nan nan
0.089441419 0.023707343 -0.99570996 0
nan nan nan nan
nan nan nan nan
nan nan nan nan
nan nan nan nan
nan nan nan nan
nan nan nan nan
nan nan nan nan
-0.11364898 -0.046741299 -0.99242091 0
-0.091006905 -0.060154717 -0.99403179 0
-0.20389013 -0.07890635 -0.97580868 0
0.12276595 0.078426644 0.98933196 3.0342117e-05
-0.25126156 -0.10431521 -0.96228164 0
-0.192323 -0.12673937 -0.973113 0
-0.4726491 -0.14828207 0.8686859 0
nan nan nan nan
-0.21407843 -0.11259971 -0.97030497 0
nan nan nan nan
nan nan nan nan
nan nan nan nan
nan nan nan nan
nan nan nan nan
nan nan nan nan
nan nan nan nan
-0.12389602 -0.048355982 -0.99111623 0
0.041750148 0.026682859 0.99877179 2.1341462e-05
-0.18168718 -0.072549343 -0.98067653 8.8367306e-05
0.095546119 0.051167488 0.99410909 0.00025783828
-0.23836105 -0.096499726 -0.9663704 0
0.17799935 0.11749054 0.97699142 2.9422928e-05
-0.32224399 -0.10361362 0.94096929 0
nan nan nan nan
-0.97294956 -0.21133168 -0.093317166 0
nan nan nan nan
nan nan nan nan
nan nan nan nan
nan nan nan nan
nan nan nan nan
nan nan nan nan
nan nan nan nan
-0.021046456 -0.098218545 0.99494225 0
0.055984858 0.037811633 0.99771541 1.6594342e-05
0.17058456 0.069855168 0.98286378 0
0.1153417 0.071068384 0.99078029 5.2239311e-06
0.22077943 0.085766688 0.9715454 2.196733e-06
-0.20239124 -0.12781347 -0.97092819 0
-0.25821477 -0.072829656 0.96333838 0
nan nan nan nan
-0.024855001 0.041617684 -0.99882436 0
nan nan nan nan
nan nan nan nan
nan nan nan nan
nan nan nan nan
nan nan nan nan
nan nan nan nan
nan nan nan nan
-0.084252998 -0.1443058 0.9859398 0
-0.052902773 -0.033162933 0.99804884 0
-0.19175588 -0.076219015 -0.97847861 0
-0.13607961 -0.086785041 -0.98688942 0
-0.25428212 -0.10274578 -0.96165681 0
-0.19391383 -0.12337632 -0.97322947 0
nan nan nan nan
nan nan nan nan
nan nan nan nan
nan nan nan nan
nan nan nan nan
nan nan nan nan
nan nan nan nan
nan nan nan nan
nan nan nan nan
nan nan nan nan
nan nan nan nan
0.042258415 0.031856351 0.99859875 0
0.17017564 0.066513114 0.98316646 7.3763229e-05
0.12675078 0.080933385 0.98862737 0
-0.25610897 -0.10163523 -0.96129 0.00012390892
-0.18963137 -0.12034207 -0.9744525 4.917847e-05
nan nan nan nan
nan nan nan nan
nan nan nan nan
nan nan nan nan
nan nan nan nan
nan nan nan nan
nan nan nan nan
nan nan nan nan
nan nan nan nan
nan nan nan nan
nan nan nan nan
-0.078468159 -0.0509855 -0.99561197 3.7839371e-05
0.1721182 0.06767723 0.98274875 0.00023656749
-0.1340072 -0.083974816 -0.98741591 3.9824718e-05
0.22434747 0.087918416 0.97053516 8.4017316e-05
-0.18981768 -0.11983489 -0.97447878 0.00014388929
nan nan nan nan
nan nan nan nan
nan nan nan nan
nan nan nan nan
-0.097532146 -0.037305158 0.99453294 0
nan nan nan nan
0.015981207 0.0063195638 -0.99985236 0
nan nan nan nan
-0.06183435 -0.10461138 0.992589 0
nan nan nan nan
nan nan nan nan
-0.085961193 -0.056539956 -0.99469286 0
-0.20446824 -0.075091578 -0.97598869 0
-0.15140896 -0.092236787 -0.9841584 0
-0.25977856 -0.10314801 -0.96014351 0
0.18458651 0.11406028 0.97617525 9.2091839e-05
nan nan nan nan
nan nan nan nan
nan nan nan nan
nan nan nan nan
nan nan nan nan
nan nan nan nan
nan nan nan nan
nan nan nan nan
nan nan nan nan
nan nan nan nan
nan nan nan nan
0.060788855 0.03783796 0.99743325 0
-0.18232051 -0.069797583 -0.98075873 0
0.12240078 0.072840594 0.98980421 8.5293041e-06
-0.24657691 -0.094351575 -0.96451932 0
-0.1990045 -0.12704599 -0.97172868 0
nan nan nan nan
nan nan nan nan
nan nan nan nan
nan nan nan nan
nan nan nan nan
nan nan nan nan
nan nan nan nan
nan nan nan nan
nan nan nan nan
nan nan nan nan
nan nan nan nan
0.047389284 0.037243359 0.99818194 7.6344331e-05
-0.18699028 -0.071385711 -0.97976458 0.00011040592
0.11229412 0.059737716 0.99187773 1.4001977e-05
0.22507343 0.086511157 0.97049367 5.7607875e-05
0.18819794 0.11511172 0.97536182 9.3238759e-06
nan nan nan nan
nan nan nan nan
nan nan nan nan
nan nan nan nan
nan nan nan nan
nan nan nan nan
nan nan nan nan
nan nan nan nan
nan nan nan nan
nan nan nan nan
nan nan nan nan
-0.076172546 -0.046723716 -0.99599928 1.8262377e-05
0.11453076 0.020937411 0.99319899 0
-0.14441565 -0.092262186 -0.98520648 0
-0.24100929 -0.090565391 -0.96628797 6.5018248e-05
-0.19320184 -0.11865884 -0.97395742 0.00011003378
nan nan nan nan
nan nan nan nan
0.015222443 0.0064938259 -0.99986297 0.00018720342
nan nan nan nan
nan nan nan nan
nan nan nan nan
nan nan nan nan
nan nan nan nan
0.03533598 -0.0059450883 0.99935776 4.376331e-05
nan nan nan nan
nan nan nan nan
0.073113754 0.043819573 0.99636054 5.4168286e-05
-0.28032774 -0.13360038 -0.95056152 0
0.12798975 0.076104067 0.98885131 0
-0.25449672 -0.092403211 -0.96264893 0
-0.19894309 -0.12165642 -0.97243059 0
nan nan nan nan
nan nan nan nan
0.088153802 0.029589577 -0.99566734 0.00037281832
nan nan nan nan
0.026447648 0.036491036 -0.99898398 0
nan nan nan nan
nan nan nan nan
nan nan nan nan
nan nan nan nan
-0.023323815 -0.0019501512 0.99972612 0
-0.13583416 -0.058200724 -0.98902065 0
0.047946848 0.029291796 0.99842036 0.00012962481
-0.19422381 -0.073234223 -0.97821975 0
0.11475048 0.071855947 0.99079216 0
-0.25998935 -0.092988461 -0.96112365 0
0.18784626 0.11254936 0.97572869 0
nan nan nan nan
nan nan nan nan
-0.41741601 -0.1886048 0.88892752 0
nan nan nan nan
-0.12947975 -0.033723515 0.99100846 3.4891564e-05
nan nan nan nan
nan nan nan nan
nan nan nan nan
nan nan nan nan
nan nan nan nan
0.10832575 0.042009167 0.99322742 0
-0.10887855 -0.065202929 -0.99191427 0
-0.20622061 -0.071992323 -0.97585356 0
0.12059058 0.074130215 0.98993069 1.5987081e-05
-0.24362591 -0.088891074 -0.96578711 0
-0.19828258 -0.11883271 -0.97291458 0
nan nan nan nan
nan nan nan nan
-0.24187176 -0.093383543 0.9658041 0
nan nan nan nan
-0.0195309 0.017435882 -0.99965727 0
nan nan nan nan
nan nan nan nan
nan nan nan nan
nan nan nan nan
nan nan nan nan
0.10933504 0.040787026 0.99316776 0
0.015880832 0.029644236 0.99943435 0
-0.012936776 0.049232479 0.99870354 4.642018e-05
0.12459791 0.0754783 0.98933226 0.00012416075
0.22593245 0.081677943 0.97071278 1.0168834e-05
0.1861068 0.11230879 0.97608966 0.00015491975
nan nan nan nan
nan nan nan nan
-0.23452806 -0.095277019 0.96742898 0
nan nan nan nan
0.080877192 0.028504966 -0.99631637 0
nan nan nan nan
nan nan nan nan
nan nan nan nan
nan nan nan nan
nan nan nan nan
-0.19852938 -0.069897875 -0.9775992 0
0.040839002 0.026837058 0.99880528 0
0.17675343 0.063569658 0.98220015 0
0.10392665 0.060578104 0.99273843 0.00011440528
-0.25174618 -0.089592233 -0.96363741 0
0.19072519 0.11314427 0.97510111 0.00021218664
nan nan nan nan
nan nan nan nan
0.10176149 0.0394977 -0.99402434 0
nan nan nan nan
-0.10181475 -0.028155105 0.99440491 0.00010782472
nan nan nan nan
nan nan nan nan
nan nan nan nan
nan nan nan nan
nan nan nan nan
-0.12639703 -0.042675991 -0.99106133 0
-0.089157633 -0.050368801 -0.99474317 0
-0.18367988 -0.064051859 -0.98089713 0
0.13133444 0.076491214 0.98838264 0
0.23590203 0.084218785 0.96812057 3.9043483e-05
-0.20243551 -0.11542939 -0.97246897 0
nan nan nan nan
nan nan nan nan
-0.1827243 -0.070845142 0.9806084 0
nan nan nan nan
-0.087779 -0.028116716 0.99574316 0
nan nan nan nan
nan nan nan nan
nan nan nan nan
nan nan nan nan
nan nan nan nan
-0.17841196 -0.081990018 -0.98053396 0
0.073122911 0.043148607 0.99638903 4.8004917e-05
0.176569 0.061385933 0.98237228 0.00015797057
-0.14403155 -0.082122959 -0.98615962 0
0.23902161 0.082504474 0.96750277 0.00011302133
-0.19671984 -0.11301258 -0.97392476 0
nan nan nan nan
nan nan nan nan
0.094672963 0.021841224 -0.99526882 0.00018069125
nan nan nan nan
nan nan nan nan
nan nan nan nan
nan nan nan nan
nan nan nan nan
nan nan nan nan
nan nan nan nan
0.082522191 0.026219195 0.99624431 0.00017962903
nan nan nan nan
-0.18194984 -0.062772036 -0.98130214 0
-0.15509018 -0.083219126 -0.98438895 0
-0.25027096 -0.087731421 -0.96419269 0
0.18312266 0.10687403 0.97726357 0.00020366795
nan nan nan nan
nan nan nan nan
0.051703501 -0.0010957244 -0.99866182 0.00037780433
nan nan nan nan
nan nan nan nan
nan nan nan nan
nan nan nan nan
nan nan nan nan
nan nan nan nan
nan nan nan nan
0.045347832 0.01628424 0.9988386 0
nan nan nan nan
-0.18200895 -0.062286939 -0.98132211 3.9521994e-05
-0.13733414 -0.078095391 -0.98744142 2.4662171e-05
-0.24356359 -0.082735009 -0.96634972 0.00013718083
-0.20285949 -0.11500073 -0.97243142 0
nan nan nan nan
nan nan nan nan
-0.30398148 -0.21421868 0.92828107 0
nan nan nan nan
nan nan nan nan
nan nan nan nan
nan nan nan nan
nan nan nan nan
nan nan nan nan
nan nan nan nan
-0.0669083 -0.055757001 0.99620003 0
nan nan nan nan
-0.18607983 -0.06384743 -0.98045796 0
-0.13991353 -0.078788564 -0.98702413 0
-0.25544277 -0.089495905 -0.96267307 0
-0.19740856 -0.11154632 -0.97395444 9.1568887e-05
nan nan nan nan
nan nan nan nan
-0.1744267 -0.060243051 0.98282552 0
nan nan nan nan
0.0070442073 0.0072080232 -0.99994922 0
nan nan nan nan
nan nan nan nan
nan nan nan nan
nan nan nan nan
nan nan nan nan
-0.0098746894 -0.0041577639 0.9999426 0
nan nan nan nan
0.17497878 0.057296991 0.9829036 0.00024222214
-0.14785337 -0.082339615 -0.98557574 0
-0.24716571 -0.082640588 -0.96544278 0
-0.20358883 -0.11520766 -0.97225451 0
nan nan nan nan
nan nan nan nan
nan nan nan nan
nan nan nan nan
nan nan nan nan
-0.02303217 -0.038849283 -0.99897963 0
nan nan nan nan
nan nan nan nan
nan nan nan nan
nan nan nan nan
0.041571312 0.019952221 0.99893636 5.3511831e-05
-0.077571064 -0.043720372 -0.99602777 6.6288441e-05
0.15623245 0.037677892 0.98700142 0
0.12883714 0.072586052 0.98900574 0
-0.2444426 -0.080157712 -0.96634495 0.00011224643
0.19364148 0.10688365 0.97523272 5.7492412e-05
nan nan nan nan
nan nan nan nan
nan nan nan nan
nan nan nan nan
nan nan nan nan
0.085803382 0.045944732 -0.99525213 1.0936665e-05
nan nan nan nan
nan nan nan nan
0.023668874 0.010729212 0.99966234 6.4781889e-05
nan nan nan nan
-0.24598761 -0.058950324 -0.96747863 0
-0.094214901 -0.065437995 0.9933989 0
-0.2104058 -0.077643149 -0.97452599 2.7323946e-05
-0.13817301 -0.075494923 -0.9875266 0
0.24192128 0.07899639 0.96707487 0.00021503436
-0.19935934 -0.10994645 -0.97373903 0
nan nan nan nan
nan nan nan nan
nan nan nan nan
nan nan nan nan
nan nan nan nan
nan nan nan nan
nan nan nan nan
nan nan nan nan
0.029765666 0.015058593 0.99944353 4.0950574e-05
nan nan nan nan
-0.064777762 -0.0040346007 0.99789155 0
-0.077510104 -0.041879565 -0.99611157 0.00013025595
0.15877403 0.046987262 0.98619622 0
-0.14282152 -0.076442614 -0.98679209 0
0.23947452 0.077650212 0.96779257 0
0.1866035 0.10236917 0.97708738 6.9849175e-06
nan nan nan nan
nan nan nan nan
nan nan nan nan
nan nan nan nan
0.047560155 0.0028035447 -0.99886447 0
nan nan nan nan
nan nan nan nan
nan nan nan nan
0.041607335 0.015595933 0.99901229 0
nan nan nan nan
0.034647834 -0.013725658 0.99930537 0
nan nan nan nan
0.14546809 0.053154085 0.98793405 4.335319e-05
0.12642036 0.071420893 0.98940235 0
-0.25492233 -0.079153821 -0.96371639 9.940577e-05
-0.1979593 -0.10709417 -0.97434235 0
nan nan nan nan
nan nan nan nan
nan nan nan nan
nan nan nan nan
-0.088343628 -0.028892238 0.99567097 0
nan nan nan nan
nan nan nan nan
nan nan nan nan
-0.066330656 -0.016507629 -0.99766105 0
nan nan nan nan
0.043214902 -0.021335231 0.99883801 0
nan nan nan nan
0.14871083 0.053150989 0.98745137 0.00023746064
-0.14617492 -0.07867682 -0.98612517 0
-0.26002967 -0.075762004 -0.96262378 5.6135286e-05
-0.22022565 -0.11400694 -0.96876365 0
nan nan nan nan
nan nan nan nan
nan nan nan nan
nan nan nan nan
nan nan nan nan
nan nan nan nan
nan nan nan nan
nan nan nan nan
0.012761667 0.022157159 0.99967313 1.6848095e-05
nan nan nan nan
0.11423889 0.036305763 0.99278975 0
nan nan nan nan
-0.18571989 -0.057814356 -0.98090047 0
0.13218801 0.071126394 0.98866951 0.00022771471
-0.24619035 -0.076276451 -0.96621537 8.2386679e-05
0.188921 0.10069497 0.97681594 1.9979676e-05
nan nan nan nan
nan nan nan nan
nan nan nan nan
nan nan nan nan
nan nan nan nan
nan nan nan nan
nan nan nan nan
nan nan nan nan
0.019630695 0.01427687 0.99970537 0
nan nan nan nan
0.099581383 0.034111835 0.99444455 0.00010692117
nan nan nan nan
-0.20353329 -0.06699232 -0.97677338 0
0.13396367 0.069823712 0.98852336 0
-0.24747741 -0.075751454 -0.96592784 0.00011162037
-0.22102949 -0.11906979 -0.96797132 0
nan nan nan nan
nan nan nan nan
nan nan nan nan
nan nan nan nan
nan nan nan nan
0.097639248 0.056227192 -0.99363226 0.00011365145
nan nan nan nan
nan nan nan nan
nan nan nan nan
nan nan nan nan
-0.038175803 -0.04066062 0.99844348 0
nan nan nan nan
-0.20947625 -0.072352044 -0.97513324 6.6310029e-05
-0.13834225 -0.07246279 -0.98772997 0
0.23738225 0.071863957 0.96875447 0.00058135809
-0.20261954 -0.10632172 -0.97346854 0.00013654273
nan nan nan nan
-0.24700166 -0.14326096 0.95836663 0
nan nan nan nan
nan nan nan nan
nan nan nan nan
nan nan nan nan
nan nan nan nan
nan nan nan nan
nan nan nan nan
nan nan nan nan
0.099437281 0.024964431 0.99473059 0.00015870147
nan nan nan nan
-0.18895255 -0.056131065 -0.98038065 5.2906795e-05
0.13573661 0.069454737 0.98830742 0.0001239324
-0.25095683 -0.075458214 -0.96505272 0
0.19017132 0.096790485 0.97696799 0.00012688748
nan nan nan nan
nan nan nan nan
nan nan nan nan
nan nan nan nan
nan nan nan nan
nan nan nan nan
nan nan nan nan
nan nan nan nan
0.034384824 0.010232309 0.99935627 0
nan nan nan nan
0.063726336 0.004075062 0.99795908 0
nan nan nan nan
0.14624313 0.050431315 0.98796237 0
0.13041501 0.064439058 0.98936313 0
-0.25549325 -0.078603171 -0.96361029 0
0.1971287 0.10148139 0.97511113 0
nan nan nan nan
nan nan nan nan
nan nan nan nan
nan nan nan nan
nan nan nan nan
nan nan nan nan
nan nan nan nan
nan nan nan nan
0.01021119 0.013614919 0.99985522 0
nan nan nan nan
0.11390373 0.0335165 0.99292636 0
-0.1088143 -0.14432167 -0.98352975 0
-0.19471543 -0.053573258 -0.97939569 0
-0.14847441 -0.075279333 -0.98604685 1.3612469e-05
0.23964781 0.06910599 0.96839726 8.0989725e-05
-0.19832587 -0.10126007 -0.97489136 0
nan nan nan nan
nan nan nan nan
nan nan nan nan
nan nan nan nan
nan nan nan nan
nan nan nan nan
nan nan nan nan
nan nan nan nan
0.03897085 0.01325835 0.99915242 2.456557e-05
nan nan nan nan
0.08893428 0.025322277 0.99571556 9.3437215e-05
0.072285868 0.032611385 0.99685067 0.00017132109
-0.22870407 -0.053600829 -0.97201926 0
0.1345527 0.070076555 0.98842543 4.0482362e-05
-0.25352365 -0.072818182 -0.96458453 0
-0.2018382 -0.10193538 -0.97409987 0
nan nan nan nan
nan nan nan nan
nan nan nan nan
nan nan nan nan
nan nan nan nan
nan nan nan nan
nan nan nan nan
nan nan nan nan
nan nan nan nan
nan nan nan nan
-0.17039113 -0.048490755 -0.98418272 0
-0.036722407 -0.029378334 0.99889356 0
-0.18398717 -0.052005898 -0.98155189 0
-0.15681304 -0.071611196 -0.98502874 6.6737739e-05
0.24112611 0.068593353 0.96806669 6.1494648e-05
-0.19898042 -0.099702798 -0.97491848 0
nan nan nan nan
nan nan nan nan
nan nan nan nan
nan nan nan nan
nan nan nan nan
nan nan nan nan
nan nan nan nan
nan nan nan nan
nan nan nan nan
nan nan nan nan
-0.5538488 0.055384878 0.83077317 0
-0.24077289 -0.12038644 -0.96308637 0
-0.22390682 -0.057269759 -0.97292644 3.2166827e-05
-0.14160152 -0.069960274 -0.98744857 0
-0.26047415 -0.071328104 -0.9628424 0.00023192004
-0.21401498 -0.10591098 -0.97107184 0
nan nan nan nan
nan nan nan nan
nan nan nan nan
nan nan nan nan
nan nan nan nan
nan nan nan nan
nan nan nan nan
nan nan nan nan
nan nan nan nan
nan nan nan nan
0.070019357 0.020176919 0.99734151 0.00029857803
-0.089926071 -0.040239293 -0.99513525 0
-0.19699241 -0.056698002 -0.97876418 0
0.13448974 0.066304833 0.98869413 3.8711449e-05
-0.25891641 -0.070507117 -0.96332294 0
0.19003291 0.092380621 0.97742182 4.0210285e-05
nan nan nan nan
nan nan nan nan
nan nan nan nan
nan nan nan nan
nan nan nan nan
nan nan nan nan
nan nan nan nan
nan nan nan nan
0.042256743 0.0096508842 0.99906015 2.6764497e-05
0.0086474996 0.00157229 0.99996138 0
0.11608948 0.031578407 0.99273664 0.00016498409
0.058769532 0.035195436 0.99765086 0.0001681693
0.16440149 0.039483707 0.98560292 0.0001115753
-0.25074288 -0.14724645 -0.95678967 0
-0.25084117 -0.068064019 -0.96563244 0
-0.20042868 -0.09764266 -0.97483033 0
nan nan nan nan
nan nan nan nan
nan nan nan nan
nan nan nan nan
nan nan nan nan
nan nan nan nan
nan nan nan nan
nan nan nan nan
0.043393787 0.013848245 0.99896199 0
0.013620175 0.007229757 0.99988109 0
-0.11773589 -0.031743143 -0.99253744 0
nan nan nan nan
-0.21995276 -0.069231845 -0.97305065 0
-0.15464413 -0.076705776 -0.98498803 0
-0.24781421 -0.065986097 -0.9665578 0
-0.24601911 -0.12537001 -0.96112269 0
nan nan nan nan
nan nan nan nan
nan nan nan nan
0.16497645 0.083904088 -0.98272216 0.00020132701
nan nan nan nan
nan nan nan nan
nan nan nan nan
nan nan nan nan
nan nan nan nan
-0.016024787 -0.0076303724 -0.99984252 4.6108507e-06
-0.12223595 -0.032885443 -0.99195611 0
nan nan nan nan
-0.20105758 -0.05970718 -0.97775811 0
-0.15752339 -0.077641882 -0.98445833 0
-0.24693662 -0.064895853 -0.96685618 0
0.19240974 0.09040533 0.97714144 0
nan nan nan nan
nan nan nan nan
nan nan nan nan
-0.20337628 -0.076642439 0.97609633 0
nan nan nan nan
nan nan nan nan
nan nan nan nan
0.018204048 -0.019916695 -0.99963593 0
nan nan nan nan
0.005750475 0.0044403793 0.9999736 3.7846166e-06
0.10551254 0.028690862 0.99400395 0.00018268198
nan nan nan nan
-0.18284276 -0.047762677 -0.98198134 8.3537634e-05
-0.19710141 -0.099462517 -0.97532463 0
-0.25672773 -0.067445427 -0.9641276 0
-0.21615963 -0.10609404 -0.97057664 0
nan nan nan nan
nan nan nan nan
nan nan nan nan
-0.184444 -0.082699083 0.97935754 0
nan nan nan nan
nan nan nan nan
nan nan nan nan
0.041307129 0.018605549 -0.99897331 6.3472753e-06
0.041666765 0.01305665 0.99904627 3.5266392e-05
-0.99615431 -0.0027366874 0.087573998 0
-0.05614059 -0.076905027 0.99545658 0
-0.29360464 -0.01080751 -0.95586586 0
0.17800809 0.044841539 0.98300672 4.1396135e-05
-0.15857126 -0.073064886 -0.98464036 2.4617004e-05
0.24660213 0.063062742 0.96706277 0
0.18906899 0.088717744 0.97794789 0.00027414024
nan nan nan nan
nan nan nan nan
nan nan nan nan
-0.19147143 -0.08615227 0.97770977 0
nan nan nan nan
nan nan nan nan
nan nan nan nan
nan nan nan nan
-0.23131666 -0.046140913 -0.97178376 0
0.00091683614 0.0090919174 0.99995822 0
0 0 1 0
nan nan nan nan
-0.19547711 -0.048019748 -0.97953194 0
-0.1624784 -0.073609143 -0.98396266 0
-0.26451322 -0.064956501 -0.96219194 2.1298652e-05
-0.20985378 -0.09825559 -0.97278321 6.3971544e-05
nan nan nan nan
nan nan nan nan
nan nan nan nan
-0.021971859 0.097304024 -0.9950121 0
nan nan nan nan
nan nan nan nan
nan nan nan nan
nan nan nan nan
0.040569752 0.0093573863 0.99913287 0
0.014421201 0.0072106007 0.99987 0
0.096591935 0.020354807 0.99511588 4.8874244e-05
nan nan nan nan
-0.1899367 -0.04648206 -0.98069537 0
-0.17665055 -0.076334774 -0.98130912 4.8723636e-05
0.23391739 0.062099218 0.97027129 0.00026044133
-0.22871834 -0.103049 -0.96802318 0
nan nan nan nan
nan nan nan nan
nan nan nan nan
-0.20375299 -0.086565569 0.97518766 0
nan nan nan nan
nan nan nan nan
nan nan nan nan
-0.19029023 -0.051779661 -0.98036146 0
-0.066651732 -0.017637307 -0.9976204 5.8007322e-06
0.014961155 0.0063829785 0.99986774 2.611034e-06
0.074145824 -0.0025902088 0.997244 0
nan nan nan nan
-0.18399869 -0.045142997 -0.98188937 0.00011802677
-0.16194183 -0.070480347 -0.98428011 0
0.18841909 0.050293859 0.98080009 0.00016988021
-0.20408294 -0.093784355 -0.97445101 0
nan nan nan nan
nan nan nan nan
nan nan nan nan
0.14815342 0.076915883 -0.98596883 0
nan nan nan nan
nan nan nan nan
nan nan nan nan
nan nan nan nan
-0.053380612 -0.013924804 -0.99847722 2.2388049e-05
-0.01805 -0.01265076 -0.99975699 0
0.090951011 0.022639921 0.99559796 0.00044137388
0.07363525 0.030109584 0.99683064 0.0001185095
0.18251391 0.044080947 0.98221463 6.5121414e-05
-0.15630913 -0.068292923 -0.98534435 0
0.24440819 0.060038269 0.967812 0
0.19809063 0.090737559 0.9759748 3.6574998e-05
nan nan nan nan
nan nan nan nan
nan nan nan nan
-0.50547791 -0.02070217 0.86259121 0
nan nan nan nan
nan nan nan nan
nan nan nan nan
nan nan nan nan
nan nan nan nan
nan nan nan nan
0.11465775 0.028034667 0.99300945 5.5412926e-05
0.065896198 0.027776288 0.9974398 5.9839651e-05
-0.19754054 -0.0481335 -0.97911227 0
-0.2166525 -0.082126945 -0.97278821 0
0.24305652 0.057430331 0.96831048 0.00012907574
-0.2108964 -0.094281293 -0.97295099 0
nan nan nan nan
nan nan nan nan
nan nan nan nan
-0.3347508 -0.067304388 0.93989998 0
nan nan nan nan
nan nan nan nan
nan nan nan nan
nan nan nan nan
nan nan nan nan
nan nan nan nan
0.050325956 0.017821366 0.99857384 0.00019452543
nan nan nan nan
0.17815566 0.042993173 0.98306262 0
-0.16608165 -0.072421111 -0.9834491 0
-0.26091561 -0.062868536 -0.96331233 0.00035071842
0.19858973 0.089153774 0.97601932 3.1360294e-05
nan nan nan nan
nan nan nan nan
nan nan nan nan
-0.86799186 0.073662676 -0.49108449 0
nan nan nan nan
nan nan nan nan
nan nan nan nan
nan nan nan nan
nan nan nan nan
nan nan nan nan
-0.11815194 -0.027116114 -0.99262524 0
nan nan nan nan
0.17741777 0.043109432 0.98319095 0.00022281994
-0.44855657 -0.21008347 0.86871284 0
0.23379256 0.047608532 0.97112018 0.00012163012
-0.20558387 -0.090761185 -0.97442168 0
nan nan nan nan
nan nan nan nan
nan nan nan nan
0.11945023 0.08742772 -0.98898333 4.3183467e-05
nan nan nan nan
nan nan nan nan
nan nan nan nan
nan nan nan nan
nan nan nan nan
-0.03331532 -0.014511211 -0.99933952 0
0.11043204 0.022437446 0.99363041 0
nan nan nan nan
0.16232564 0.041180082 0.98587763 0.00020014812
-0.16577977 -0.075444899 -0.98327267 0
-0.26322177 -0.063222356 -0.9626615 0.00020031973
-0.21626127 -0.093645081 -0.97183418 8.8363537e-05
nan nan nan nan
nan nan nan nan
nan nan nan nan
-0.20910394 -0.071728744 0.97525918 0
nan nan nan nan
nan nan nan nan
nan nan nan nan
nan nan nan nan
nan nan nan nan
-0.019604323 -0.012537642 -0.99972922 0
0.075948961 0.020713354 0.99689656 0
nan nan nan nan
0.16350459 0.036498427 0.98586714 9.749084e-05
-0.15968908 -0.071496099 -0.98457485 0
-0.2703619 -0.063452005 -0.96066552 0
0.20224489 0.087792329 0.97539198 0
nan nan nan nan
nan nan nan nan
nan nan nan nan
-0.037822537 0.0026638845 -0.99928093 8.2202852e-05
nan nan nan nan
nan nan nan nan
nan nan nan nan
nan nan nan nan
0.02118266 0.012104376 0.99970239 0
0.011580749 -0.0020216 0.99993098 0
-0.17242947 -0.052275632 -0.9836337 0
nan nan nan nan
-0.19826263 -0.042367443 -0.97923285 0
0.1281025 0.053320155 0.99032658 0
-0.25164035 -0.055230036 -0.96624368 2.2713224e-05
-0.20721655 -0.089052059 -0.97423357 0
nan nan nan nan
nan nan nan nan
nan nan nan nan
0.013321581 0.031610269 -0.99941146 0.00011425798
nan nan nan nan
nan nan nan nan
nan nan nan nan
-0.055537313 -0.02711826 0.9980883 0
-0.10156596 -0.016043538 -0.99469942 0
0.015174503 0.0063841413 0.99986446 1.699275e-06
0.078374371 0.010131173 0.99687248 0.00026301134
nan nan nan nan
0.17406914 0.037791904 0.98400801 6.5610686e-05
-0.18485917 -0.0797389 -0.97952479 0
0.24118416 0.054953165 0.96892226 1.2520955e-05
-0.21003328 -0.089570858 -0.97358263 0
nan nan nan nan
nan nan nan nan
nan nan nan nan
-0.20939858 -0.08292833 0.97430754 0.00033975817
nan nan nan nan
nan nan nan nan
nan nan nan nan
0.0087695541 0.0065507502 -0.99994004 0
nan nan nan nan
-0.027957425 -0.0046519982 -0.99959826 0
-0.13741246 -0.030904012 -0.99003172 0
nan nan nan nan
-0.18426971 -0.039532609 -0.9820804 0
-0.20212924 -0.079592265 -0.97611928 3.7024398e-05
0.23722959 0.055973642 0.96983975 5.3258842e-05
0.1997879 0.081953682 0.9764058 0.00011815003
nan nan nan nan
nan nan nan nan
nan nan nan nan
-0.48895794 -0.083657324 0.86828655 0
nan nan nan nan
nan nan nan nan
nan nan nan nan
-0.066321753 -0.025412643 0.99747467 1.3243606e-05
nan nan nan nan
nan nan nan nan
0.10029532 0.02213097 0.99471152 0
nan nan nan nan
0.17664383 0.038273804 0.9835304 0.00016847024
-0.45836243 -0.16101117 -0.87405914 0
0.2462364 0.053587917 0.96772718 3.8856339e-05
-0.20844686 -0.086823717 -0.97417217 0
nan nan nan nan
0.22797768 0.099596128 -0.96855921 0
nan nan nan nan
-0.27195355 -0.06251806 0.96027744 0
nan nan nan nan
nan nan nan nan
nan nan nan nan
-0.12917171 -0.035615601 0.99098247 0
nan nan nan nan
nan nan nan nan
-0.17449747 -0.026496544 -0.98430109 0
nan nan nan nan
0.18041065 0.036307126 0.98292106 0.00016937511
-0.15851304 -0.063861363 -0.98528945 0
-0.2584669 -0.052618295 -0.96458602 0
-0.21588407 -0.090181239 -0.97224557 0
nan nan nan nan
0.19395663 0.10297896 -0.97559017 0
nan nan nan nan
0.16641474 0.072994381 -0.9833504 0
nan nan nan nan
nan nan nan nan
-0.10718831 -0.063430183 -0.99221331 0
0.041401118 0.017685905 -0.99898607 0
nan nan nan nan
0.015640838 0.0065534674 0.99985617 5.3454391e-06
-0.13034485 -0.023655679 -0.9911865 0
0.048856258 0.035106286 0.99818873 0
-0.19310415 -0.038812131 -0.98041034 3.4643053e-05
-0.19318119 -0.074551925 -0.97832662 0
-0.2539618 -0.051472474 -0.96584368 0.0001255402
-0.20942441 -0.085486062 -0.97408092 0
nan nan nan nan
-0.57751751 0.015400352 0.81623304 0
nan nan nan nan
0.14373234 0.070734367 -0.98708546 0.00036803356
nan nan nan nan
nan nan nan nan
-0.017330684 -0.0033899124 0.99984407 0
nan nan nan nan
nan nan nan nan
nan nan nan nan
-0.13274565 -0.02589367 -0.99081188 0
nan nan nan nan
-0.18910159 -0.038591631 -0.98119885 0.00011792035
0.13246398 0.052880414 0.98977619 0.00023746438
-0.27916208 -0.062312726 -0.95822001 0
-0.21645378 -0.086336374 -0.97246784 0
nan nan nan nan
0.22587264 0.094360024 -0.969576 0.00019068188
nan nan nan nan
nan nan nan nan
nan nan nan nan
nan nan nan nan
0.01236512 0.0042208261 -0.99991465 0
nan nan nan nan
nan nan nan nan
nan nan nan nan
0.11832018 0.023095019 0.99270689 0
nan nan nan nan
0.18446407 0.035757452 0.98218858 8.0608424e-06
-0.16124122 -0.066551737 -0.98466861 1.9836692e-05
0.23429668 0.038548585 0.97140062 0.00022693227
0.1797207 0.076406911 0.98074591 2.6046129e-05
nan nan nan nan
0.21563527 0.092922747 -0.97204256 5.2246614e-05
nan nan nan nan
nan nan nan nan
nan nan nan nan
nan nan nan nan
-0.017195966 -0.001162431 -0.99985147 0
nan nan nan nan
nan nan nan nan
nan nan nan nan
-0.14188464 -0.021846347 -0.98964208 0
nan nan nan nan
-0.18541065 -0.035427645 -0.98202229 7.696575e-07
0.14174871 0.05480497 0.98838443 0
-0.2528019 -0.047907423 -0.96633124 0.00013701596
-0.2235873 -0.085636415 -0.97091454 0
nan nan nan nan
0.06988883 0.13499321 -0.98837864 9.2406059e-05
nan nan nan nan
nan nan nan nan
nan nan nan nan
-0.11654182 -0.046736632 0.99208552 0
-0.135217 -0.045141999 -0.98978716 0
nan nan nan nan
nan nan nan nan
nan nan nan nan
-0.20616104 -0.046557181 -0.97740984 0
nan nan nan nan
-0.19463073 -0.037069485 -0.98017585 0
0.14062329 0.053818379 0.9885993 3.0656818e-05
0.2304392 0.04121691 0.97221351 0.00044576664
-0.2203577 -0.085787356 -0.97163934 6.176727e-05
nan nan nan nan
0.23010713 0.086417675 -0.96932071 0
nan nan nan nan
nan nan nan nan
nan nan nan nan
nan nan nan nan
0.010946976 0.0016460796 -0.99993873 4.7693366e-06
nan nan nan nan
nan nan nan nan
nan nan nan nan
0.098450251 0.016662963 0.99500239 4.4905952e-05
nan nan nan nan
0.18128364 0.033188339 0.9828707 0
-0.17696415 -0.074377902 -0.98140287 4.3013304e-05
-0.28219059 -0.052567761 -0.95791709 8.276952e-06
-0.21075608 -0.082133994 -0.97408205 0
nan nan nan nan
nan nan nan nan
nan nan nan nan
nan nan nan nan
-0.12133703 -0.0097300299 0.99256366 0
nan nan nan nan
0.0099106291 0.0048327055 -0.9999392 0
nan nan nan nan
0.043772481 0.0055081854 0.9990263 1.2101118e-05
nan nan nan nan
-0.20126201 -0.042768955 -0.97860336 0
nan nan nan nan
-0.18735351 -0.033490155 -0.98172152 0
-0.032027397 -0.067093909 0.9972325 0
0.23383227 0.041662406 0.97138387 1.5447593e-05
-0.22155128 -0.084838837 -0.97145116 0
nan nan nan nan
nan nan nan nan
nan nan nan nan
nan nan nan nan
0.053302452 0.01330396 -0.99848986 0
nan nan nan nan
0.013472726 0.003916793 -0.99990153 0
nan nan nan nan
nan nan nan nan
nan nan nan nan
-0.18411978 -0.042792358 -0.98197192 0
0.020107705 -0.008258272 0.99976385 8.9340465e-05
-0.19349042 -0.032719374 -0.98055643 0
-0.1617566 -0.062449224 -0.98485267 4.7071593e-05
-0.2535477 -0.044720925 -0.96628863 0.00011634392
0.1858661 0.067987345 0.9802202 0.00021004168
nan nan nan nan
nan nan nan nan
nan nan nan nan
nan nan nan nan
-0.11009166 0.026146775 -0.99357742 0
nan nan nan nan
0.0097209904 0.0017519977 -0.99995124 5.0526169e-06
nan nan nan nan
nan nan nan nan
-0.08803875 0.027322467 -0.99574226 0
-0.36347541 -0.15353209 -0.91886538 0
nan nan nan nan
-0.19275139 -0.03212706 -0.98072153 0
-0.16664329 -0.058815282 -0.98426151 0
-0.253831 -0.044070367 -0.9662441 0.00024843661
-0.21086887 -0.079195596 -0.97430104 0
nan nan nan nan
nan nan nan nan
nan nan nan nan
nan nan nan nan
0.041384477 0.022637663 -0.99888682 0
nan nan nan nan
-0.00035988554 -0.0011996151 -0.99999917 0
nan nan nan nan
nan nan nan nan
-0.088822648 0.028101003 -0.99565101 0
-0.21743579 -0.091351755 -0.97179037 0
nan nan nan nan
-0.19466875 -0.031280134 -0.9803701 0
-0.14970893 -0.055035457 -0.98719722 0
-0.2640073 -0.044332474 -0.96350127 0
-0.22026402 -0.082350872 -0.9719578 0
nan nan nan nan
nan nan nan nan
nan nan nan nan
nan nan nan nan
-0.088068359 -0.014154488 0.99601388 0
nan nan nan nan
0 0 -1 0
nan nan nan nan
nan nan nan nan
nan nan nan nan
-0.13940269 -0.029830661 -0.98978639 5.2482214e-05
nan nan nan nan
-0.18765214 -0.031244155 -0.98173851 0.00025637163
-0.15295203 -0.056241952 -0.98663187 0
-0.25712371 -0.041869421 -0.96547109 0
-0.2278768 -0.083590977 -0.97009522 0
nan nan nan nan
nan nan nan nan
nan nan nan nan
nan nan nan nan
0.013490188 -0.0064568399 -0.99988818 0
nan nan nan nan
-0.02116012 -0.0027963577 0.99977219 0
nan nan nan nan
nan nan nan nan
nan nan nan nan
0.11657962 0.01793112 0.99301952 8.667924e-05
0.078360111 0.027368795 0.99654931 0
0.1842747 0.028471187 0.98246229 0
0.13794345 0.048725247 0.98924088 0.00013152696
-0.2548441 -0.040968731 -0.96611392 3.3025757e-05
-0.21414152 -0.077397816 -0.97373146 9.3910036e-05
nan nan nan nan
nan nan nan nan
nan nan nan nan
nan nan nan nan
-0.075945228 -0.02196596 -0.99687004 0.00014974919
nan nan nan nan
0.012117135 0.0029548584 -0.99992222 5.1288544e-06
nan nan nan nan
nan nan nan nan
nan nan nan nan
-0.13633245 -0.021223864 -0.99043578 0
-0.018604351 -0.12871766 0.99150676 0
-0.29069471 -0.10071631 -0.9515003 0
-0.16147208 -0.060087066 -0.98504639 0
0.25054568 0.040391125 0.96726185 0
-0.21620642 -0.077095337 -0.97329909 0
nan nan nan nan
nan nan nan nan
nan nan nan nan
nan nan nan nan
0.079757184 0.014412004 -0.99671012 4.0096926e-05
nan nan nan nan
-0.019812908 -0.0021338433 0.99980146 0
nan nan nan nan
nan nan nan nan
nan nan nan nan
0.11898649 0.018640226 0.9927209 2.0039643e-05
nan nan nan nan
-0.18864779 -0.02934326 -0.9816063 4.8636844e-05
0.12956603 0.049293134 0.99034482 3.4949189e-05
-0.26163325 -0.040968772 -0.96429747 0
-0.21780966 -0.077105954 -0.97294068 5.0379389e-05
nan nan nan nan
nan nan nan nan
nan nan nan nan
nan nan nan nan
-0.087937348 -0.013205967 0.9960385 5.0251263e-05
nan nan nan nan
0.016153799 0.0025887727 -0.99986619 2.1747665e-06
nan nan nan nan
0.012514181 0.024460983 0.9996224 0
0.011526879 0.001161875 0.99993294 0
0.11663023 0.017535793 0.99302053 2.2009326e-05
nan nan nan nan
0.18424976 0.027912484 0.98248303 0.00016556808
-0.15144166 -0.053299159 -0.98702818 8.0728954e-05
-0.25256413 -0.038304895 -0.96682167 7.2565941e-05
-0.20909563 -0.074190728 -0.97507674 0.00010264365
nan nan nan nan
nan nan nan nan
nan nan nan nan
nan nan nan nan
-0.1432593 -0.021473022 0.98945218 0
nan nan nan nan
0.015118365 0.0019854428 -0.99988371 4.3222794e-06
nan nan nan nan
nan nan nan nan
nan nan nan nan
0.11294062 0.018331999 0.99343258 0
nan nan nan nan
0.18172652 0.027483605 0.98296499 0.00031617394
-0.17348741 -0.059773598 -0.98302042 0
-0.26038045 -0.039873566 -0.96468234 0
-0.21458721 -0.075176835 -0.97380739 0
nan nan nan nan
nan nan nan nan
nan nan nan nan
nan nan nan nan
-0.50184679 0.0254289 -0.86458272 0
nan nan nan nan
-0.023951549 -0.0011044656 0.99971247 0
nan nan nan nan
nan nan nan nan
nan nan nan nan
0.018351246 0.026247514 0.99948698 5.2217696e-05
nan nan nan nan
0.18339837 0.026907371 0.98267037 0
-0.15855381 -0.053906985 -0.98587763 0
-0.25470468 -0.03644301 -0.96633202 8.739702e-05
0.20734823 0.070484832 0.97572464 0.00015015855
nan nan nan nan
nan nan nan nan
nan nan nan nan
nan nan nan nan
-0.11233234 -0.024007883 0.99338073 0
nan nan nan nan
-0.019520706 -0.0035042206 0.9998033 0
nan nan nan nan
nan nan nan nan
nan nan nan nan
-0.14079592 -0.021186667 -0.9898119 0
0.06181464 0.015258198 0.99797106 0.0001499426
-0.18691972 -0.026505966 -0.98201752 0.00015122126
-0.15791611 -0.053913448 -0.98597968 1.860874e-05
-0.2546576 -0.035665039 -0.96637332 2.03748e-05
0.20592181 0.069459774 0.97610021 0
nan nan nan nan
nan nan nan nan
nan nan nan nan
-0.22924009 -0.10528087 0.96765947 0.00030180783
-0.10052925 -0.018114086 0.99476922 0
nan nan nan nan
nan nan nan nan
nan nan nan nan
nan nan nan nan
nan nan nan nan
-0.13630436 -0.020297261 -0.99045908 0
nan nan nan nan
0.049238302 0.044071529 0.9978143 0
-0.19174847 -0.062196452 -0.97947127 0
0.25173166 0.03395414 0.96720123 0
-0.22253746 -0.074568547 -0.97206819 0
nan nan nan nan
nan nan nan nan
nan nan nan nan
0.0013048779 -0.11653773 -0.99318534 0
nan nan nan nan
nan nan nan nan
nan nan nan nan
nan nan nan nan
0.034629773 0.0067984834 0.99937707 0
nan nan nan nan
-0.95122802 0.25565267 0.1726469 0
nan nan nan nan
-0.19620548 -0.025861152 -0.98022175 0
-0.23466229 -0.073730759 -0.96927667 0
0.22482514 0.030851729 0.97391057 0.00014405629
-0.22605045 -0.074989855 -0.97122478 0
nan nan nan nan
nan nan nan nan
nan nan nan nan
nan nan nan nan
nan nan nan nan
nan nan nan nan
nan nan nan nan
nan nan nan nan
-0.062703349 -0.013032313 -0.99794716 0
nan nan nan nan
0.11731993 0.015152692 0.99297857 0.0001998748
nan nan nan nan
-0.21217522 -0.029262891 -0.97679341 0
-0.16208433 -0.055633981 -0.98520732 0
0.22782508 0.026268223 0.97334772 0
-0.22823821 -0.07401631 -0.97078782 0
nan nan nan nan
nan nan nan nan
nan nan nan nan
nan nan nan nan
nan nan nan nan
nan nan nan nan
nan nan nan nan
nan nan nan nan
-0.055155728 -0.0079897307 -0.99844581 0
0.0057801614 0.0013316323 0.99998236 0
0.11664869 0.014583217 0.99306613 0.00022517254
-0.086436607 -0.027346592 -0.99588197 2.8665147e-05
-0.19793844 -0.025512125 -0.97988242 0
-0.14988735 -0.04839287 -0.98751801 0
-0.26185021 -0.032715783 -0.96455383 0
0.2037572 0.065945454 0.97679794 0
nan nan nan nan
nan nan nan nan
nan nan nan nan
nan nan nan nan
nan nan nan nan
nan nan nan nan
nan nan nan nan
nan nan nan nan
-0.34299746 0.14609124 -0.92790627 0
-0.049877949 -0.01600362 0.99862713 0
-0.18094642 -0.0073240562 -0.98346573 0
-0.094152793 -0.030659808 -0.9950856 0
-0.21503183 -0.023170099 -0.97633213 0
0.14606211 0.046911798 0.98816252 4.0976684e-05
0.25000072 0.030473758 0.96776599 0
0.21050219 0.067319438 0.97527283 3.5038302e-05
nan nan nan nan
nan nan nan nan
nan nan nan nan
nan nan nan nan
nan nan nan nan
nan nan nan nan
nan nan nan nan
nan nan nan nan
nan nan nan nan
0.014549239 0.0046160016 0.99988347 0
0.081220113 0.0030574515 0.99669152 0.00031869346
-0.090961933 -0.030080767 -0.99539995 0
-0.2010711 -0.023255311 -0.97930056 0
-0.15727092 -0.049573153 -0.98631048 3.340741e-05
-0.27665031 -0.0328907 -0.96040767 0
0.20769271 0.065804623 0.97597826 0
nan nan nan nan
nan nan nan nan
nan nan nan nan
nan nan nan nan
nan nan nan nan
0.10344392 0.032529555 -0.99410319 0
nan nan nan nan
nan nan nan nan
nan nan nan nan
-0.071453221 0.016723089 0.99730372 0
-0.15486613 -0.018171826 -0.98776835 0
0.071838237 0.024288118 0.9971205 0.00015205379
0.18546425 0.020904191 0.98242861 0
0.14216797 0.044841558 0.98882633 6.7973961e-05
-0.26146561 -0.030681018 -0.96472502 0
-0.23890349 -0.073752612 -0.96823847 0
nan nan nan nan
nan nan nan nan
-0.37494305 -0.032297865 0.92648506 0
nan nan nan nan
nan nan nan nan
-0.2928656 -0.11903998 0.94871449 0
nan nan nan nan
nan nan nan nan
nan nan nan nan
-0.016616672 -0.0052177035 -0.99984837 2.074928e-06
0.064969368 0.015933504 0.99776006 0
-0.030483063 0.053075556 0.99812508 2.3445447e-05
-0.19944997 -0.023938363 -0.97961557 0
-0.14820522 -0.045725122 -0.98789895 0
-0.25985667 -0.029166106 -0.96520668 5.9449067e-06
-0.25446579 -0.06922324 -0.9646011 0
nan nan nan nan
nan nan nan nan
-0.52381039 -0.15238114 -0.83809465 0
nan nan nan nan
nan nan nan nan
0.0062790099 -0.0032573862 -0.99997497 8.2701263e-05
nan nan nan nan
nan nan nan nan
nan nan nan nan
nan nan nan nan
-0.034338571 0.046094831 0.99834669 9.2536167e-05
nan nan nan nan
-0.19145812 -0.021129891 -0.98127329 0
0.14225602 0.044363026 0.98883522 8.8037967e-05
-0.2603347 -0.028382856 -0.96510112 0
-0.22623333 -0.067535944 -0.9717291 3.3900003e-05
nan nan nan nan
nan nan nan nan
-0.40815452 -0.082307123 0.90919489 0
nan nan nan nan
nan nan nan nan
-0.14081998 -0.039025225 0.98926574 0
nan nan nan nan
nan nan nan nan
-0.12934424 0.096851557 0.98685855 0
nan nan nan nan
-0.14139692 -0.01499017 -0.98983943 0
nan nan nan nan
0.18718125 0.020308595 0.98211545 0
-0.15419225 -0.04715272 -0.98691511 0
0.24570909 0.025941797 0.96899641 0.00018947115
0.21098135 0.064294487 0.97537327 0.00013728045
nan nan nan nan
nan nan nan nan
-0.026400622 -0.037863065 -0.99893415 0
nan nan nan nan
nan nan nan nan
nan nan nan nan
nan nan nan nan
nan nan nan nan
-0.057725795 -0.0045323698 -0.99832213 1.1528636e-05
nan nan nan nan
-0.13865456 -0.017045684 -0.99019408 0.00035285161
nan nan nan nan
-0.19803101 -0.018160474 -0.9800275 0.00017663083
-0.17234345 -0.050843816 -0.98372382 0
-0.26654866 -0.025913861 -0.96347302 9.2870279e-05
0.20225114 0.059927545 0.97749841 9.2952985e-05
nan nan nan nan
nan nan nan nan
-0.088183142 -0.04379243 -0.99514115 0
nan nan nan nan
nan nan nan nan
nan nan nan nan
nan nan nan nan
nan nan nan nan
0.047975212 0.0045974478 0.99883795 0
nan nan nan nan
-0.1215901 -0.01227809 -0.99250442 0.00034527108
nan nan nan nan
0.17644688 0.018066857 0.98414439 1.9413477e-05
-0.17964779 -0.062151086 -0.98176569 6.0913353e-05
-0.26660216 -0.024224266 -0.96350223 0
-0.22195777 -0.065513156 -0.97285283 0
nan nan nan nan
nan nan nan nan
-0.27891165 -0.047474328 -0.95914257 0
-0.24297445 -0.067806818 0.96765989 0
nan nan nan nan
nan nan nan nan
nan nan nan nan
nan nan nan nan
-0.085309021 -0.0081007807 -0.99632162 0
nan nan nan nan
-0.12057372 -0.011571321 -0.99263692 0.00017207133
nan nan nan nan
0.18389337 0.018163007 0.98277837 1.1996088e-05
-0.17312555 -0.056515761 -0.9832769 9.9451921e-05
-0.26713654 -0.02341448 -0.9633742 0
-0.2204854 -0.064184435 -0.9732762 0
nan nan nan nan
nan nan nan nan
-0.21955752 -0.020320581 0.97538787 0
nan nan nan nan
nan nan nan nan
nan nan nan nan
-0.20668861 -0.058249641 0.97667134 0
nan nan nan nan
nan nan nan nan
nan nan nan nan
-0.3999145 -0.035679035 0.91585773 0
nan nan nan nan
-0.20726548 -0.019052755 -0.97809917 3.6389622e-06
0.13995323 0.039111972 0.98938537 0.00015737288
-0.26211673 -0.023709733 -0.96474487 0
0.21010433 0.06019178 0.9758243 0.00017625596
nan nan nan nan
nan nan nan nan
-0 -0 -1 0
nan nan nan nan
nan nan nan nan
nan nan nan nan
nan nan nan nan
nan nan nan nan
nan nan nan nan
nan nan nan nan
0.056093212 -0.0059957621 0.99840748 0
nan nan nan nan
-0.19362941 -0.016979374 -0.98092777 0
-0.16984066 -0.050527591 -0.98417532 0
-0.28326797 -0.022852972 -0.95876849 0
-0.25911266 -0.072856732 -0.96309531 0
nan nan nan nan
nan nan nan nan
-0.35369632 -0.050229065 0.93401062 0
nan nan nan nan
nan nan nan nan
nan nan nan nan
nan nan nan nan
nan nan nan nan
nan nan nan nan
0.0019765277 0.0065787919 0.9999764 0
-0.16377595 -0.010106736 -0.98644578 0
-0.034735892 0.019215612 0.99921179 0
-0.21283203 -0.018506985 -0.97691357 0
-0.19688579 -0.04993378 -0.97915399 0
-0.28066856 -0.021757679 -0.95955807 0
0.20353451 0.055759985 0.97747868 0.00017222947
nan nan nan nan
nan nan nan nan
0.038114622 -0.030944716 -0.99879414 6.2627987e-05
nan nan nan nan
nan nan nan nan
0.10668941 0.028076142 -0.99389595 0
nan nan nan nan
nan nan nan nan
nan nan nan nan
0.016101921 0.0045580026 0.99985999 0
-0.1252352 -0.0098029776 -0.9920786 0
0.076686673 0.019140907 0.99687147 0.00015807626
0.13664381 0.0016450132 0.99061888 0.00019438793
0.11750528 0.0373859 0.99236828 0.00010331014
0.2431493 0.021478921 0.969751 1.8085506e-05
-0.23723127 -0.069124736 -0.96899074 0.00011134687
nan nan nan nan
nan nan nan nan
-0.80526865 -0.22818999 0.5472402 0
nan nan nan nan
nan nan nan nan
0.10986207 0.028659677 -0.99353355 0
nan nan nan nan
nan nan nan nan
nan nan nan nan
0.015701046 0.0043744198 0.9998672 0
-0.21647514 -0.01727673 0.97613525 0
-0.08886525 -0.027747486 -0.99565715 4.4677094e-05
-0.25029007 -0.036114104 -0.96749711 0
-0.16069257 -0.043721877 -0.9860357 0
-0.26227507 -0.019879999 -0.96478832 9.3087663e-05
-0.22053073 -0.060532227 -0.97349989 0
nan nan nan nan
nan nan nan nan
0.085593894 -0.0099756923 -0.99628019 9.3617491e-05
nan nan nan nan
nan nan nan nan
0.014077394 -0.010987264 -0.9998405 0
nan nan nan nan
nan nan nan nan
nan nan nan nan
nan nan nan nan
0.055370335 0.02502708 0.99815214 0
0.079377331 0.023223136 0.99657404 5.1857292e-05
0.16665481 0.0099957455 0.9859646 0.00010315069
-0.15925828 -0.042145051 -0.98633695 0
-0.26040459 -0.019052271 -0.96531165 2.682268e-05
-0.22042508 -0.060042623 -0.97355413 4.6756493e-05
nan nan nan nan
nan nan nan nan
nan nan nan nan
nan nan nan nan
nan nan nan nan
nan nan nan nan
nan nan nan nan
nan nan nan nan
nan nan nan nan
nan nan nan nan
-0.14595215 -0.008121958 -0.98925829 0
nan nan nan nan
-0.21082962 -0.016961515 -0.97737563 0
0.14027911 0.036113523 0.9894532 0
-0.27935129 -0.019714279 -0.95998657 0
0.16804661 0.038336765 0.98503333 0.00012676252
nan nan nan nan
nan nan nan nan
nan nan nan nan
nan nan nan nan
nan nan nan nan
nan nan nan nan
nan nan nan nan
nan nan nan nan
nan nan nan nan
0.0097530633 0.0069123828 0.99992847 0
0.077942982 -0.0016547823 0.99695653 0
nan nan nan nan
-0.20059025 -0.016068542 -0.97954345 0
0.14115377 0.035279747 0.9893589 9.0549067e-05
-0.26542464 -0.019185556 -0.96394074 5.9276375e-05
0.20896909 0.054709975 0.97639066 0.00013549748
nan nan nan nan
nan nan nan nan
nan nan nan nan
nan nan nan nan
nan nan nan nan
nan nan nan nan
nan nan nan nan
nan nan nan nan
-0.088761598 -0.009906332 -0.99600363 0
-0.0089677228 0.014914681 0.99984854 0
0.11817348 0.0062323702 0.99297345 0
0.068488762 0.023250645 0.99738091 1.9569614e-05
-0.20676623 -0.01525153 -0.97827142 0
-0.15408154 -0.039394159 -0.9872725 0
0.20287372 -0.0030230975 0.97920024 0.00019306508
-0.22709148 -0.057557978 -0.97217107 0
nan nan nan nan
nan nan nan nan
nan nan nan nan
nan nan nan nan
nan nan nan nan
nan nan nan nan
-0.030982723 -0.010916138 -0.99946028 0
nan nan nan nan
-0.054337364 -0.0026860901 -0.998519 2.1937969e-05
0.01504585 0.0047715725 0.99987537 0
-0.14548329 -0.016938223 -0.98921567 0
-0.089088537 -0.020539859 -0.99581188 0
0.17014277 0.0051611867 0.98540598 0
-0.1712473 -0.046719398 -0.98411971 0
-0.30054972 -0.027421005 -0.95337188 0
0.2095768 0.053222261 0.97634268 0.00013876049
nan nan nan nan
nan nan nan nan
nan nan nan nan
nan nan nan nan
nan nan nan nan
nan nan nan nan
nan nan nan nan
nan nan nan nan
nan nan nan nan
0.007991368 0.00024769889 0.99996805 2.100978e-06
0.07127247 0.00391535 0.99744916 0
-0.088090651 -0.021095803 -0.99588907 0
0.13174388 0.0016601841 0.9912824 0.00027412362
-0.16701342 -0.042890184 -0.98502129 0
0.23387407 0.0092225475 0.97222322 0.00011632615
0.2126822 0.0536054 0.97564995 0
nan nan nan nan
nan nan nan nan
nan nan nan nan
nan nan nan nan
nan nan nan nan
nan nan nan nan
nan nan nan nan
nan nan nan nan
nan nan nan nan
-0.024208698 -0.011628632 -0.99963927 0
-0.12340453 -0.0067967731 -0.99233323 0
0.016447503 -0.019357018 0.99967736 0
-0.21448596 -0.008950335 -0.97668606 4.8986632e-05
-0.15862139 -0.039923735 -0.98653203 0
0.25173545 0.01342001 0.9677031 5.6159264e-05
-0.24254233 -0.055948619 -0.96852612 0
nan nan nan nan
nan nan nan nan
nan nan nan nan
nan nan nan nan
nan nan nan nan
nan nan nan nan
nan nan nan nan
nan nan nan nan
nan nan nan nan
nan nan nan nan
0.064996958 0.012391232 0.99780846 0.00053262652
nan nan nan nan
-0.19296947 -0.0090967119 -0.98116267 0
-0.15138559 -0.036195073 -0.9878118 0
-0.27274686 -0.011345103 -0.96201891 0
-0.22263962 -0.053460307 -0.97343391 0.0001419578
nan nan nan nan
nan nan nan nan
nan nan nan nan
nan nan nan nan
nan nan nan nan
nan nan nan nan
nan nan nan nan
nan nan nan nan
nan nan nan nan
nan nan nan nan
-0.020848602 0.042752717 0.99886811 0.00027273069
nan nan nan nan
-0.20866026 -0.0077628531 -0.97795737 0.00013501901
0.11830169 0.027439727 0.99259847 0
-0.27221605 -0.010563919 -0.96217823 0
-0.22608748 -0.053987682 -0.97260982 6.8971975e-05
nan nan nan nan
nan nan nan nan
nan nan nan nan
nan nan nan nan
nan nan nan nan
nan nan nan nan
nan nan nan nan
nan nan nan nan
0.031830847 0.00022345122 0.9994933 3.6571546e-05
nan nan nan nan
0.056191061 -0.0025300609 0.99841678 0.00033004466
nan nan nan nan
-0.20313314 -0.0063978876 -0.97913021 0
-0.15789185 -0.036528517 -0.98678058 0
-0.25926766 -0.01076291 -0.96574557 0
-0.23512743 -0.0554717 -0.97038037 0
nan nan nan nan
nan nan nan nan
nan nan nan nan
nan nan nan nan
nan nan nan nan
nan nan nan nan
nan nan nan nan
nan nan nan nan
-0.27156708 -0.025016651 -0.96209437 0
nan nan nan nan
-0.090797916 -0.07364139 0.99314278 0
-0.089192897 -0.020678129 -0.99579966 0
-0.18893582 -0.0073391404 -0.98196197 1.602595e-05
-0.16325761 -0.036750801 -0.98589867 0
-0.26238319 -0.010072109 -0.96491122 4.1015364e-06
0.20449917 0.047663603 0.9777056 0.00021360083
nan nan nan nan
nan nan nan nan
nan nan nan nan
nan nan nan nan
nan nan nan nan
nan nan nan nan
nan nan nan nan
nan nan nan nan
-0.021809179 0.012964078 0.99967808 0
nan nan nan nan
-0.12988006 -0.0045803683 -0.99151915 0
-0.28302005 -0.32359031 0.90287811 0
0.18752016 0.0066463891 0.98223823 0.00031082437
-0.17364277 -0.03858589 -0.98405254 0
-0.2630446 -0.0092031257 -0.96473974 0
-0.22096802 -0.050283466 -0.97398394 0
nan nan nan nan
nan nan nan nan
nan nan nan nan
nan nan nan nan
nan nan nan nan
nan nan nan nan
-0.023665879 0.0012631069 0.99971908 0
nan nan nan nan
0.027399538 0.0068165427 0.99960136 0
nan nan nan nan
0.085728802 0.0026746911 0.996315 0
nan nan nan nan
-0.20791942 -0.0057442114 -0.97812909 0
0.13657679 0.032950848 0.99008137 6.1885366e-05
0.24963599 0.0080363601 0.96830636 4.9784885e-05
-0.21701205 -0.048681546 -0.97495431 0
nan nan nan nan
nan nan nan nan
nan nan nan nan
nan nan nan nan
nan nan nan nan
nan nan nan nan
-0.026965979 -0.0018525198 0.99963468 0
nan nan nan nan
-0.057799052 -0.0023361857 -0.99832547 0
nan nan nan nan
0.010739187 -0.0085505107 0.99990577 0
nan nan nan nan
-0.203483 -0.0084011769 -0.97904247 0
-0.15231581 -0.033448435 -0.98776573 0
0.24851546 0.0092898374 0.96858341 5.764879e-06
-0.22937697 -0.049950503 -0.97205514 6.6194116e-05
nan nan nan nan
nan nan nan nan
nan nan nan nan
nan nan nan nan
nan nan nan nan
nan nan nan nan
0.0080205118 0.00019041204 -0.99996787 0
nan nan nan nan
0.050167453 0.00075073278 0.99874049 2.7174989e-05
nan nan nan nan
-0.017734464 0.022275086 0.99959457 0
nan nan nan nan
0.17183641 0.0042699631 0.98511624 0
-0.15722115 -0.03270641 -0.98702174 0.00016846211
0.22652252 0.015510045 0.97388238 0
-0.23118356 -0.049211904 -0.97166473 0
nan nan nan nan
nan nan nan nan
nan nan nan nan
nan nan nan nan
nan nan nan nan
nan nan nan nan
-0.03430387 0.0070993048 0.99938619 0
nan nan nan nan
-0.19526514 0.010957422 0.98068929 0
nan nan nan nan
-0.35572189 -0.047743004 -0.93337166 0
-0.39029288 -0 0.92069083 0
0.17925727 0.0035914157 0.98379564 0
-0.19599353 -0.032649949 -0.98006147 0
0.23673914 0.0088839335 0.97153258 5.3901647e-05
0.21490107 0.04573904 0.97556418 0.0002884772
nan nan nan nan
nan nan nan nan
-0.012656335 0.0076415604 -0.99989074 0
nan nan nan nan
nan nan nan nan
nan nan nan nan
nan nan nan nan
nan nan nan nan
-0.45470753 -0.081929401 -0.88686454 0
nan nan nan nan
0.10920382 0.0020746361 0.99401724 0.00013417879
nan nan nan nan
-0.24047048 -0.00055270875 -0.97065622 0
0.15099189 0.031527609 0.9880321 0.00010030759
-0.263347 -0.0044393446 -0.96469092 0
0.18753 0.032593504 0.98171794 0.0002091034
-0.95991153 -0.14846653 -0.23775537 0
nan nan nan nan
-0.46937338 0.0073755714 0.88296902 0
nan nan nan nan
nan nan nan nan
nan nan nan nan
nan nan nan nan
nan nan nan nan
0.051162556 0.00085467333 0.99868989 4.3663673e-05
nan nan nan nan
0.088962406 0.0090408027 0.99599397 0.00015230304
nan nan nan nan
0.17500901 0.002560501 0.98456353 0.00014276222
0.15105452 0.03078012 0.98804611 1.2548112e-05
-0.29201877 -0.0061445613 -0.95639288 0
0.19203398 0.033478972 0.98081702 0.00021678041
nan nan nan nan
nan nan nan nan
nan nan nan nan
nan nan nan nan
nan nan nan nan
nan nan nan nan
0.016925266 0.00020837276 -0.99985665 0
nan nan nan nan
-0.12471271 0.025704801 -0.99185985 0
nan nan nan nan
0.0010593215 0 0.99999946 0
nan nan nan nan
0.1165923 -0.011572092 0.99311244 0.00016964847
0.14009009 0.023593184 0.98985767 9.2443843e-05
0.24424514 0.00079632062 0.96971321 0
-0.2365987 -0.051290493 -0.97025275 0
nan nan nan nan
nan nan nan nan
nan nan nan nan
nan nan nan nan
nan nan nan nan
nan nan nan nan
nan nan nan nan
nan nan nan nan
0.050201111 0.00013903217 0.99873912 0
nan nan nan nan
-0.16838989 -0.013043309 -0.98563421 0.00015663958
nan nan nan nan
0.18495452 0.0015284347 0.98274589 0.00032494537
-0.15929192 -0.033788521 -0.98665309 0
0.24795708 -0.0012873801 0.96877021 0.00020962622
0.2111093 0.04105958 0.97659969 8.8117318e-05
nan nan nan nan
nan nan nan nan
nan nan nan nan
nan nan nan nan
nan nan nan nan
nan nan nan nan
nan nan nan nan
nan nan nan nan
-0.079656683 -0.0037228563 -0.99681544 1.9117177e-05
nan nan nan nan
-0.14145219 -0.00062728033 -0.98994488 0
nan nan nan nan
-0.19252588 -0.00072192185 -0.98129159 0
-0.15577543 -0.030276736 -0.98732841 0
-0.26302412 -0.0021721022 -0.96478683 0
-0.2383295 -0.04755934 -0.97001916 0
0.052879896 -0.047511656 -0.9974699 0
nan nan nan nan
nan nan nan nan
nan nan nan nan
nan nan nan nan
nan nan nan nan
nan nan nan nan
nan nan nan nan
-0.066310562 0.0071174218 0.99777371 0
nan nan nan nan
-0.12403632 -0.00012292633 -0.99227768 0
nan nan nan nan
0.17683828 0.0035310641 0.9842335 0
0.14444157 0.026693583 0.98915321 0
-0.2593722 -0.0002261566 -0.96577746 0.00018364625
-0.23120229 -0.044265199 -0.9718982 3.7778951e-05
0.025180349 -0.027583631 -0.99930227 0
nan nan nan nan
0.074340597 0.021900933 -0.99699241 0
nan nan nan nan
nan nan nan nan
nan nan nan nan
0.010927266 -0.00036528154 -0.99994016 6.2113054e-06
nan nan nan nan
-0.13242431 -0.021553362 0.99095875 0
-0.020538988 -0.0054694451 -0.99977404 2.1463766e-06
-0.18487123 -0.0093127647 -0.98271859 0
nan nan nan nan
-0.19352055 0.0006518063 -0.98109603 0
-0.15739335 -0.028788881 -0.98711622 0
-0.26243761 0.00011722749 -0.96494895 0
0.2086262 0.038701829 0.97722942 0.00011466433
-0.26164618 0.0047901655 0.96515197 0
nan nan nan nan
nan nan nan nan
nan nan nan nan
nan nan nan nan
nan nan nan nan
-0.034323182 0.0020924513 0.9994086 0
nan nan nan nan
-0.058943786 0.001880522 -0.9982596 0
-0.017935894 -0.0039802361 -0.99983126 0
-0.12264047 0.00067835831 -0.99245095 0
nan nan nan nan
-0.1947774 0.00024926718 -0.98084736 0
-0.15229666 -0.02811544 -0.98793477 0
-0.27793318 -0.0051085153 -0.96058679 0
0.21309817 0.038527414 0.97627091 0.00011566505
-0.24324895 0.0021340298 0.96996152 0
nan nan nan nan
nan nan nan nan
nan nan nan nan
nan nan nan nan
nan nan nan nan
0.0021727332 -0.0017667777 -0.99999613 0
-0.11495891 -0.038040519 0.99264157 0
-0.055025406 0.00066185853 -0.99848473 0
nan nan nan nan
0.12026316 -0.0012831796 0.99274117 0
nan nan nan nan
0.18351059 -0.0037704043 0.98301047 0.00015448182
0.14247644 0.025774071 0.98946261 0.00011004876
-0.26757702 0.00092794618 -0.96353596 0
0.21543887 0.03863189 0.97575283 2.6986991e-05
-0.47330782 -0.0073823966 0.88086617 0
-0.26062405 0.13731839 -0.95562476 0
nan nan nan nan
nan nan nan nan
nan nan nan nan
nan nan nan nan
0.0016111521 -0.0018674078 -0.99999696 0
nan nan nan nan
-0.07929904 -0.0024485004 -0.99684787 0
nan nan nan nan
-0.12593095 0.0016659509 -0.99203759 0
nan nan nan nan
-0.21234946 -0.0032116354 -0.97718853 0
0.13595426 0.023974376 0.99042499 0.00010728519
0.24435875 -0.0049859285 0.96967208 8.9867586e-05
0.19927636 0.030284427 0.97947526 0.00014530093
-0.23678125 0.0030541429 0.97155815 0
-0.75946546 0.077509657 -0.64591378 0
nan nan nan nan
nan nan nan nan
nan nan nan nan
nan nan nan nan
nan nan nan nan
nan nan nan nan
-0.43450767 0.22370601 -0.87244409 0
nan nan nan nan
-0.1545725 0.0080938097 -0.9879483 0
nan nan nan nan
0.16076639 -0.0057576704 0.98697567 4.8673672e-05
0.15227219 0.02622737 0.98799056 0
0.23180228 -0.0066659725 0.97274005 0
0.21171123 0.036267743 0.97665906 0
-0.24338438 0.0038141829 0.96992236 0.00041052894
-0.56181026 -0.096379176 -0.82163268 0
nan nan nan nan
nan nan nan nan
nan nan nan nan
nan nan nan nan
nan nan nan nan
0.051312543 0.00840188 -0.99864733 0
-0.052220564 0.00098585582 -0.99863505 0
-0.0010717548 0.013045062 0.99991435 0
-0.14427611 0.0064967521 -0.9895162 0
nan nan nan nan
-0.26018879 -0.0034601223 -0.96555161 0
0.14065522 0.024277305 0.98976099 0
-0.268967 0.0060133622 -0.96313059 0
0.21738929 0.037300628 0.97537202 0.00021508562
-0.30842358 0.031689715 -0.95072114 0.00060057669
-0.061721291 -0.057858512 -0.99641502 0
nan nan nan nan
nan nan nan nan
nan nan nan nan
nan nan nan nan
nan nan nan nan
-0.059557121 -0.012765922 0.99814332 0
-0.059420466 -0.0021284926 -0.99823081 0
-0.58389807 0.15187876 0.79749352 0
-0.177439 -0.018582242 -0.98395634 0.00012019176
nan nan nan nan
-0.19129989 0.0046854238 -0.98152047 0.00010998351
-0.15289937 -0.025384532 -0.98791569 0
-0.25707772 0.0063111978 -0.96637011 6.4164735e-05
-0.23122869 -0.037335869 -0.97218275 0
0.11900968 -0.0031392809 -0.99288815 0
-0.16161978 0.033942275 -0.98626924 0.00042999143
nan nan nan nan
nan nan nan nan
nan nan nan nan
nan nan nan nan
nan nan nan nan
0.041596517 0.0039442056 -0.99912673 0
-0.052105527 0.0014065994 -0.9986406 0
-0.021138364 -0.0034195147 -0.99977076 0
-0.21909398 -0.01789229 -0.97553974 0
0.078180045 0.014113414 0.99683934 0
-0.20079447 0.0062374775 -0.9796136 0
-0.16423574 -0.026732655 -0.98605883 0
-0.25825304 0.0071852021 -0.96605057 7.686438e-05
-0.22854273 -0.036560666 -0.97284716 0
-0.24293983 0.0062322351 0.97002131 0.00041096468
0.25221518 0.04126054 -0.96679115 0
nan nan nan nan
nan nan nan nan
nan nan nan nan
nan nan nan nan
0.0061643878 0.00049284875 -0.99998093 0
nan nan nan nan
nan nan nan nan
0.0069613708 -0.00091625348 0.99997538 0
-0.15656395 -0.0008079909 -0.98766744 0
0.075724319 0.012167552 0.99705458 7.0539449e-05
0.18129979 -0.0049041235 0.98341566 0
-0.18532544 -0.028058022 -0.98227656 0
-0.25741139 0.0079353042 -0.96626931 0
0.21833953 0.034698818 0.97525585 9.5295341e-05
-0.62566549 -0.078763671 0.77610493 0
0.22778061 0.034941562 -0.9730854 0.0014638295
nan nan nan nan
nan nan nan nan
nan nan nan nan
nan nan nan nan
-0.030719005 0.002626335 0.99952465 0
nan nan nan nan
nan nan nan nan
0.014733779 0.0010125291 0.99989098 0
-0.25071853 -0.022581654 -0.96779662 0
-0.016135328 -0.027445324 0.99949312 0
-0.19279347 0.0062874747 -0.98121923 0
-0.23730564 -0.027985005 -0.97103179 0
0.25132653 -0.0075827884 0.96787268 0
-0.22593074 -0.034789361 -0.97352195 0
nan nan nan nan
-0.37354088 -0.039927173 0.92675406 0
nan nan nan nan
nan nan nan nan
nan nan nan nan
nan nan nan nan
nan nan nan nan
nan nan nan nan
nan nan nan nan
nan nan nan nan
0.028001908 -0.015843807 0.99948227 0
nan nan nan nan
-0.20480089 0.0041351221 -0.97879493 0
0.14497225 0.021496078 0.98920214 0.00012326149
-0.25600392 0.0097666774 -0.96662635 0.00012802517
0.21858393 0.033244509 0.97525167 0
nan nan nan nan
0.23415765 0.037364628 -0.97148037 0
-0.23760167 0.02501701 0.97104043 3.5024303e-05
nan nan nan nan
nan nan nan nan
nan nan nan nan
nan nan nan nan
-0.23907444 -0.1469714 0.95981401 0
nan nan nan nan
nan nan nan nan
0.092168324 0.00095520861 0.99574292 0.00019903912
nan nan nan nan
-0.25998387 0.00382438 -0.96560538 0
-0.16548541 -0.024742832 -0.98590177 0
-0.26064956 0.011079364 -0.96536994 0
-0.23507856 -0.035316557 -0.97133458 0
-0.031524763 -0.079325043 -0.99635023 0
-0.26553497 -0.03706304 0.96338856 0
-0.30791748 0.01319286 0.9513216 0
nan nan nan nan
nan nan nan nan
nan nan nan nan
nan nan nan nan
-0.22116087 -0.085921697 0.97144496 0
0.044604611 -0.0010819577 0.99900413 5.5556007e-05
nan nan nan nan
0.11593442 -0.0052173971 0.99324316 0
-0.19132344 -0.032845229 -0.9809773 0
-0.19176891 0.0087156231 -0.98140144 0
-0.1669798 -0.024952497 -0.98564452 0
0.25214633 -0.010516895 0.96763194 0.00023900025
-0.23141159 -0.033499286 -0.97227901 0
nan nan nan nan
-0.4016583 -0.044657663 0.91470009 0
0.14323431 -0.010283911 -0.98963535 0
nan nan nan nan
nan nan nan nan
nan nan nan nan
nan nan nan nan
nan nan nan nan
0.040024742 0.0025511035 0.99919546 8.9282503e-06
0.0097549632 -0.00083431008 0.99995202 6.903123e-06
-0.13726373 0.0051923827 -0.99052089 0
0.061194759 0.0072769308 0.99809939 0
0.18075211 -0.0068146903 0.98350507 2.5240292e-05
-0.16645089 -0.024700485 -0.98574024 0
-0.26472619 0.012430971 -0.96424347 0
-0.23053333 -0.031952761 -0.97253966 0
nan nan nan nan
-0.2662448 -0.038186498 0.96314871 0
-0.063202135 -0.067117862 -0.99574125 0
nan nan nan nan
nan nan nan nan
nan nan nan nan
nan nan nan nan
nan nan nan nan
-0.078512177 0.0039890716 -0.99690515 0
nan nan nan nan
0.1102609 -0.0058031762 0.9938857 0.00026332206
0.07096944 0.0096464586 0.99743187 4.173554e-05
0.18266641 -0.011304338 0.98311001 0.00036881876
-0.16055003 -0.021400297 -0.98679566 0
-0.26109365 0.013855418 -0.96521395 0
-0.22035828 -0.029226307 -0.97498101 0
nan nan nan nan
-0.98090482 0.073905446 0.17989954 0.00018659918
nan nan nan nan
nan nan nan nan
nan nan nan nan
nan nan nan nan
nan nan nan nan
nan nan nan nan
nan nan nan nan
nan nan nan nan
-0.16760598 0.0036535952 -0.98584723 0
-0.098031193 -0.0086299218 -0.99514598 0
-0.19588967 0.010697129 -0.98056763 9.9319936e-05
-0.21591668 -0.050809532 -0.97508889 0
-0.2621547 0.014949104 -0.96491009 0
0.20996773 0.025702706 0.97737044 3.8826871e-05
